customer_id,first_name,last_name,email,phone,gender,date_of_birth,city,state,country,signup_date,customer_segment,is_subscribed_newsletter
100000,Chaman,Khurana,chaman.khurana913@outlook.com,07701436349,Female,1978-04-29,Indore,Madhya Pradesh,India,2024-09-19,,1
100001,Orinder,Sandal,orinder.sandal670@yahoo.com,04431351823,Male,1970-12-31,Chandigarh,Chandigarh,India,2023-12-29,,0
100002,Warhi,Malhotra,warhi.malhotra775@gmail.com,+91-3524082400,Female,1987-03-05,Pune,Maharashtra,India,2024-09-21,,0
100003,Edhitha,Swaminathan,edhitha.swaminathan472@yahoo.com,07752047116,Female,1984-03-20,Pune,Maharashtra,India,2023-02-07,,0
100004,Avni,Doshi,avni.doshi247@gmail.com,8699938677,Female,1974-11-20,Indore,Madhya Pradesh,India,2024-02-24,,1
100005,Upadhriti,Mody,upadhriti.mody759@yahoo.com,+91-3412328120,Female,1980-03-22,Delhi,Delhi,India,2025-07-09,,0
100006,Vrinda,Manne,vrinda.manne240@outlook.com,3493618324,Female,2000-04-16,Ahmedabad,Gujarat,India,2025-01-11,,1
100007,Bimala,Bhasin,bimala.bhasin310@yahoo.com,+91-7174648877,Female,1964-06-22,Surat,Gujarat,India,2024-03-01,,1
100008,Anusha,Sankaran,anusha.sankaran642@yahoo.com,9904902787,Female,2004-08-01,Chandigarh,Chandigarh,India,2024-09-25,,1
100009,Hemangini,Sarin,hemangini.sarin714@outlook.com,6551256746,Female,1999-08-31,Faridabad,Haryana,India,2023-08-20,,1
100010,Andrew,Sha,andrew.sha879@outlook.com,08087603859,Male,1996-12-02,Pune,Maharashtra,India,2025-01-30,,0
100011,Timothy,Behl,timothy.behl398@yahoo.com,+91-1093248086,Male,1965-02-01,Chandigarh,Chandigarh,India,2025-03-09,,0
100012,Deepa,Shenoy,deepa.shenoy53@yahoo.com,+91-4677378263,Female,2004-11-11,Bengaluru,Karnataka,India,2024-12-11,,0
100013,Yashoda,Deshpande,yashoda.deshpande491@yahoo.com,4044997278,Female,1983-11-11,Coimbatore,Tamil Nadu,India,2024-11-11,,1
100014,Osha,Purohit,osha.purohit765@gmail.com,6360576627,Female,2006-12-04,Kolkata,West Bengal,India,2025-06-01,,1
100015,Dev,Thakkar,dev.thakkar795@outlook.com,+91-8702621745,Male,1990-07-12,Pune,Maharashtra,India,2024-12-18,,0
100016,Rushil,Buch,rushil.buch101@hotmail.com,00913431611,Male,1981-11-28,Bhopal,Madhya Pradesh,India,2025-10-11,,0
100017,Mason,Balakrishnan,mason.balakrishnan47@hotmail.com,6238692221,Male,1989-11-13,Surat,Gujarat,India,2024-01-17,,0
100018,Rayaan,Khosla,rayaan.khosla303@hotmail.com,7407482175,Male,2008-01-08,Coimbatore,Tamil Nadu,India,2025-06-15,,0
100019,Mason,Samra,mason.samra782@outlook.com,+91-7136959440,Male,2007-07-22,Surat,Gujarat,India,2025-08-18,,0
100020,Siya,Maharaj,siya.maharaj144@yahoo.com,03953394210,Female,1975-06-11,Patna,Bihar,India,2023-01-03,,0
100021,Urvi,Bandi,urvi.bandi860@gmail.com,+91-6232858842,Female,1972-12-12,Delhi,Delhi,India,2025-07-12,,0
100022,Wridesh,Merchant,wridesh.merchant725@gmail.com,+91-2368516048,Male,1966-07-18,Pune,Maharashtra,India,2024-09-29,,0
100023,RAKSHA  ,Lala,raksha.lala676@hotmail.com,+91-0985931746,Female,1966-03-19,Guwahati,Assam,India,2024-08-01,,1
100024,Arin,Barad,arin.barad18@outlook.com,+91-8267586926,Male,1992-01-19,Jaipur,Rajasthan,India,2024-04-21,,1
100025,Wishi,Reddy,wishi.reddy247@yahoo.com,07735158506,Female,1973-11-08,Hyderabad,Telangana,India,2023-12-08,,1
100026,Divya,Sha,divya.sha471@hotmail.com,5329318393,Female,1999-08-22,Patna,Bihar,India,2025-01-31,,0
100027,Kamala  ,Narasimhan,kamala.narasimhan416@gmail.com,8421020539,Female,1976-02-26,Delhi,Delhi,India,2024-10-09,,0
100028,Harita,Lanka,harita.lanka661@hotmail.com,07758917839,Female,1962-09-11,Bhopal,Madhya Pradesh,India,2023-01-20,,0
100029,Yoshita,Mitra,yoshita.mitra217@yahoo.com,+91-6177115921,Female,1966-09-02,Delhi,Delhi,India,2024-06-16,,1
100030,Nicholas,Raj,nicholas.raj184@gmail.com,06118367365,Male,2000-04-30,Jaipur,Rajasthan,India,2023-12-29,,0
100031,Sudiksha,Sagar,sudiksha.sagar307@gmail.com,05271111615,Female,1999-07-30,Faridabad,Haryana,India,2023-09-23,,0
100032,Bhanumati,Narayan,bhanumati.narayan774@hotmail.com,+91-4945198327,Female,1971-05-18,Surat,Gujarat,India,2025-08-12,,0
100033,Chatura,Palla,chatura.palla101@gmail.com,3689980940,Male,1969-04-10,Patna,Bihar,India,2024-11-04,,0
100034,Nilima,Nori,nilima.nori31@outlook.com,+91-1201836675,Female,1968-03-02,Faridabad,Haryana,India,2025-04-27,,1
100035,Nimrat,Nair,nimrat.nair191@hotmail.com,9014767976,Female,1973-09-22,Faridabad,Haryana,India,2023-10-10,,0
100036,Yashvi,Comar,yashvi.comar275@gmail.com,+91-8403690034,Female,2005-12-27,Bengaluru,Karnataka,India,2023-05-06,,0
100037,Ekapad,Kumer,ekapad.kumer6@gmail.com,02268388516,Male,2001-12-23,Hyderabad,Telangana,India,2024-04-15,,0
100038,Anvi,Sarin,anvi.sarin571@hotmail.com,9664160529,Female,1982-09-12,Indore,Madhya Pradesh,India,2025-01-07,,0
100039,Pratyush,Chakrabarti,pratyush.chakrabarti885@outlook.com,6816453521,Male,1985-02-11,Guwahati,Assam,India,2025-05-26,,0
100040,Dakshesh,Wali,dakshesh.wali702@yahoo.com,1243292127,Male,,Pune,Maharashtra,India,2025-06-19,,1
100041,Vedika,Sen,vedika.sen432@outlook.com,1774490581,Female,1975-07-07,Indore,Madhya Pradesh,India,2024-09-05,,1
100042,Upkaar,Barad,upkaar.barad469@yahoo.com,09867980793,Male,1976-01-18,Bhopal,Madhya Pradesh,India,2025-01-19,,0
100043,Wazir,Thaker,wazir.thaker343@hotmail.com,+91-1820377889,Male,1968-03-26,Surat,Gujarat,India,2025-02-20,,0
100044,Quincy,Mandal,quincy.mandal491@yahoo.com,01518644925,Male,1964-07-10,Guwahati,Assam,India,2023-05-22,,0
100045,Ekavir,Palla,ekavir.palla334@yahoo.com,4865281685,Male,1961-06-27,Bhopal,Madhya Pradesh,India,2025-04-14,,0
100046,NILIMA,Gole,nilima.gole699@yahoo.com,02214188805,Female,2002-09-05,Coimbatore,Tamil Nadu,India,2024-12-13,,0
100047,Ekaja,Puri,ekaja.puri839@gmail.com,+91-0653794738,Female,1972-02-04,Lucknow,Uttar Pradesh,India,2025-02-21,,0
100048,Vrinda,Hari,vrinda.hari733@yahoo.com,+91-8862392407,Female,2002-07-28,Jaipur,Rajasthan,India,2025-05-03,,0
100049,Dalaja,Varty,dalaja.varty557@hotmail.com,07826137506,Female,1963-03-03,Chandigarh,Chandigarh,India,2024-11-06,,0
100050,Zayan,Prakash,zayan.prakash788@gmail.com,5152204727,Male,1982-02-22,Bengaluru,Karnataka,India,2025-03-20,,0
100051,Aarnav,Buch,aarnav.buch989@outlook.com,8614341036,Male,1991-04-14,Faridabad,Haryana,India,2023-01-07,,0
100052,Vasudha,Bhatnagar,vasudha.bhatnagar457@yahoo.com,+91-8932460953,Female,1988-01-02,Chandigarh,Chandigarh,India,2024-02-10,,1
100053,Idika,Chada,idika.chada108@hotmail.com,8880670654,Female,1996-06-25,Mumbai,Maharashtra,India,2023-07-10,,0
100054,Pranav,Bir,pranav.bir352@outlook.com,+91-0585277221,Male,1994-12-25,Patna,Bihar,India,2023-05-06,,1
100055,Veer,Bansal,veer.bansal69@outlook.com,4868740345,Male,2001-12-30,Nagpur,Maharashtra,India,2023-04-17,,0
100056,Arjun,Narula,arjun.narula529@yahoo.com,+91-6527758416,Male,1964-05-26,Chennai,Tamil Nadu,India,2024-04-09,,0
100057,Hemangini,Memon,hemangini.memon191@yahoo.com,7962757059,Female,2008-07-10,Faridabad,Haryana,India,2023-04-27,,0
100058,Laksh,Bhandari,,0297021355,Male,1978-12-28,Coimbatore,Tamil Nadu,India,2023-01-28,,0
100059,Anamika,Dube,anamika.dube819@gmail.com,9285654310,Female,1995-12-04,Coimbatore,Tamil Nadu,India,2025-08-15,,0
100060,Yahvi,Vasa,yahvi.vasa612@outlook.com,3947312172,Female,2003-10-01,Bhopal,Madhya Pradesh,India,2023-05-21,,1
100061,tristan,Chahal,tristan.chahal941@outlook.com,8442258313,Male,1998-08-19,Chennai,Tamil Nadu,India,2023-10-23,,0
100062,Kashish,Tak,kashish.tak711@outlook.com,+91-9114678669,Female,1964-02-25,Chennai,Tamil Nadu,India,2023-01-10,,0
100063,Nitara,Borah,nitara.borah569@yahoo.com,2268018242,Female,1968-05-21,Bhopal,Madhya Pradesh,India,2024-06-13,,1
100064,Isaiah,Pal,isaiah.pal497@gmail.com,08424981829,Male,2005-10-23,Patna,Bihar,India,2023-12-11,,1
100065,Faraj,Garg,faraj.garg728@hotmail.com,1094396907,Male,2003-04-14,Bhopal,Madhya Pradesh,India,2024-08-28,,1
100066,Bimala,Mittal,bimala.mittal282@gmail.com,00276773592,Other,1975-08-14,Lucknow,Uttar Pradesh,India,2025-06-10,,0
100067,Nathaniel,Pai,nathaniel.pai587@gmail.com,01537147321,Male,1963-01-16,Bhopal,Madhya Pradesh,India,2024-12-22,,0
100068,Rehaan,Sahota,rehaan.sahota560@hotmail.com,03278774701,Male,2005-12-25,Delhi,Delhi,India,2023-04-01,,0
100069,Yashawini,Shankar,yashawini.shankar270@hotmail.com,+91-0479748016,Female,1967-01-16,Delhi,Delhi,India,2024-12-18,,0
100070,Kevin,Pau,kevin.pau831@yahoo.com,09835841687,Male,1997-04-21,Pune,Maharashtra,India,2023-10-06,,1
100071,Logan,Dani,logan.dani804@yahoo.com,8523986800,Male,1962-06-25,Guwahati,Assam,India,2023-02-16,,0
100072,Osha,Som,osha.som332@yahoo.com,+91-5952694958,Female,2000-05-15,Chandigarh,Chandigarh,India,2025-06-22,,1
100073,Yash,Mistry,yash.mistry986@yahoo.com,6940974993,Male,1995-03-29,Hyderabad,Telangana,India,2024-06-22,,1
100074,Wriddhish,Garde,wriddhish.garde150@yahoo.com,09130756263,Male,1980-04-23,Ahmedabad,Gujarat,India,2025-06-24,,0
100075,Vrishti,Bhatia,vrishti.bhatia643@outlook.com,+91-8652785854,Female,1989-11-23,Coimbatore,Tamil Nadu,India,2024-09-14,,0
100076,Gopal,Koshy,gopal.koshy712@outlook.com,03757584419,Male,,Kochi,Kerala,India,2024-04-11,,1
100077,Sachi,Rana,sachi.rana651@hotmail.com,1574733848,Female,1994-01-11,Bengaluru,Karnataka,India,2025-09-30,,1
100078,Ekantika,Chopra,ekantika.chopra507@yahoo.com,3301657120,Female,2006-11-28,Indore,Madhya Pradesh,India,2025-07-25,,1
100079,FARHAN,Ray,farhan.ray916@outlook.com,5401938026,Male,2002-12-17,Bhopal,Madhya Pradesh,India,2024-08-26,,0
100080,Gaurang,Bansal,gaurang.bansal452@yahoo.com,+91-0049915478,Male,1985-10-12,Hyderabad,Telangana,India,2025-11-29,,1
100081,Ekani,Thaman,ekani.thaman896@yahoo.com,+91-7420549329,Female,2001-09-15,Lucknow,Uttar Pradesh,India,2024-06-19,,0
100082,Tanmayi,Sane,tanmayi.sane406@gmail.com,02753046374,Female,2006-05-29,Chennai,Tamil Nadu,India,2025-06-21,,0
100083,Matthew,Apte,matthew.apte219@gmail.com,7426841459,Male,,Hyderabad,Telangana,India,2025-03-29,,1
100084,Indrajit,Kanda,indrajit.kanda881@gmail.com,5687833918,Male,1982-01-21,Surat,Gujarat,India,2024-12-15,,0
100085,Pratyush,Brahmbhatt,pratyush.brahmbhatt321@gmail.com,3982258713,Male,1995-01-10,Hyderabad,Telangana,India,2025-11-02,,1
100086,Wishi,Chand,wishi.chand544@gmail.com,8679087406,Female,1972-10-29,Ahmedabad,Gujarat,India,2024-11-24,,1
100087,Aarav,Kamdar,aarav.kamdar631@hotmail.com,8017046226,Male,1978-08-03,Ahmedabad,Gujarat,India,2025-07-12,,0
100088,Sai,Sen,sai.sen360@hotmail.com,2512868230,Female,1996-11-28,Coimbatore,Tamil Nadu,India,2025-10-17,,1
100089,MANTHAN,Sheth,manthan.sheth798@outlook.com,03752431069,Male,1997-05-20,Chandigarh,Chandigarh,India,2025-08-13,,0
100090,Abhiram,Khosla,abhiram.khosla766@yahoo.com,09030673830,Male,1967-05-04,Guwahati,Assam,India,2024-03-16,,0
100091,Mohini,Kaur,mohini.kaur247@gmail.com,+91-3428364408,Female,2006-02-21,Faridabad,Haryana,India,2023-10-24,,0
100092,Harita,Sane,harita.sane397@yahoo.com,5662462873,Female,2001-05-19,Surat,Gujarat,India,2025-07-05,,1
100093,Netra,Dhawan,netra.dhawan602@gmail.com,8826343517,Female,2001-04-10,Bengaluru,Karnataka,India,2023-10-21,,1
100094,Charita,Wason,charita.wason644@outlook.com,+91-9901398373,Female,2002-05-07,Kochi,Kerala,India,2024-09-21,,1
100095,osha,Mitter,osha.mitter285@yahoo.com,07393638546,Female,1982-12-29,Chandigarh,Chandigarh,India,2024-12-15,,0
100096,Rachita,Morar,rachita.morar601@hotmail.com,+91-5355609320,Female,1973-02-16,Surat,Gujarat,India,2025-03-29,,0
100097,Sathvik,Merchant,sathvik.merchant251@gmail.com,+91-3785477725,Male,1968-09-26,Pune,Maharashtra,India,2024-02-25,,0
100098,Wishi,Gour,wishi.gour13@gmail.com,0062312038,Female,1982-07-02,Chennai,Tamil Nadu,India,2024-11-30,,1
100099,Ayushman,Subramanian,ayushman.subramanian381@yahoo.com,6008484086,Male,1999-04-23,Jaipur,Rajasthan,India,2024-08-28,,1
100100,Hemal,Chhabra,hemal.chhabra827@outlook.com,8454615679,Female,1972-04-14,Mumbai,Maharashtra,India,2023-12-01,,0
100101,Jeevika,Mital,jeevika.mital524@hotmail.com,+91-6687002176,Female,1991-07-27,Bhopal,Madhya Pradesh,India,2023-09-06,,0
100102,NOAH  ,Chandran,noah.chandran234@gmail.com,07401489025,Male,,Hyderabad,Telangana,India,2025-10-25,,0
100103,Abhiram,Johal,abhiram.johal943@hotmail.com,09396856218,Male,1996-05-24,Patna,Bihar,India,2024-08-02,,0
100104,Oscar,Bera,oscar.bera330@yahoo.com,9965047735,Male,1987-02-27,Indore,Madhya Pradesh,India,2023-02-05,,0
100105,Riya,Sankaran,riya.sankaran184@gmail.com,3114262655,Female,1965-09-23,Hyderabad,Telangana,India,2025-03-03,,0
100106,Aahana,Morar,aahana.morar336@outlook.com,2678886101,Female,1977-08-07,Lucknow,Uttar Pradesh,India,2024-06-11,,0
100107,Charita,Nair,charita.nair476@yahoo.com,01839826224,Female,1975-01-25,Guwahati,Assam,India,2025-10-15,,1
100108,Yatin,Dhingra,,7154379937,Male,1965-09-30,Chandigarh,Chandigarh,India,2023-01-24,,1
100109,Max,Ahuja,max.ahuja2@outlook.com,07569245937,Male,1975-09-11,Mumbai,Maharashtra,India,2024-12-12,,0
100110,Rushil,Nagar,rushil.nagar504@hotmail.com,6465193982,Male,,Pune,Maharashtra,India,2025-04-08,,1
100111,Agastya,Shenoy,agastya.shenoy718@hotmail.com,06724342661,Male,1982-03-03,Pune,Maharashtra,India,2023-12-10,,0
100112,Wriddhish,Rattan,wriddhish.rattan607@gmail.com,08911352909,Male,2007-10-29,Faridabad,Haryana,India,2024-07-14,,0
100113,Sudiksha,Narula,sudiksha.narula718@hotmail.com,+91-4388899375,Female,1979-05-22,Surat,Gujarat,India,2023-12-18,,0
100114,Yamini,Dora,yamini.dora160@gmail.com,6112545738,Female,1983-10-17,Ahmedabad,Gujarat,India,2025-04-25,,0
100115,Wazir,Chatterjee,wazir.chatterjee316@hotmail.com,0105123828,Male,1968-04-19,Kolkata,West Bengal,India,2023-06-09,,0
100116,Tanay,Shere,tanay.shere221@gmail.com,6093796603,Male,1970-06-28,Guwahati,Assam,India,2024-03-25,,0
100117,Bhavika,Chaudry,bhavika.chaudry694@gmail.com,7147859696,Female,1988-10-15,Kochi,Kerala,India,2025-09-24,,0
100118,Priya  ,Pandey,priya.pandey97@yahoo.com,1251341252,Female,1985-02-17,Chandigarh,Chandigarh,India,2024-11-04,,0
100119,Shaurya,Devi,shaurya.devi203@yahoo.com,+91-2827422579,Male,1963-03-09,Pune,Maharashtra,India,2024-07-28,,0
100120,Praneel,Andra,praneel.andra23@gmail.com,+91-7676772190,Male,1998-10-25,Jaipur,Rajasthan,India,2024-06-25,,1
100121,januja,Master,januja.master44@gmail.com,07978819148,Female,2000-02-17,Surat,Gujarat,India,2024-01-12,,0
100122,Qadim,Barman,qadim.barman392@gmail.com,1340745171,Male,1997-11-04,Bhopal,Madhya Pradesh,India,2025-09-11,,0
100123,Jagat,Kadakia,jagat.kadakia629@gmail.com,9233095849,Male,1986-06-22,Ahmedabad,Gujarat,India,2024-10-22,,1
100124,Ojasvi,Master,ojasvi.master287@gmail.com,+91-6042232536,Female,1984-02-09,Delhi,Delhi,India,2025-04-07,,0
100125,Krish,Sachdeva,krish.sachdeva392@gmail.com,+91-4577590175,Male,2001-06-02,Chandigarh,Chandigarh,India,2025-05-05,,0
100126,SNEHA  ,Kamdar,sneha.kamdar398@outlook.com,+91-4589297500,Female,1965-05-23,Kochi,Kerala,India,2025-11-19,,0
100127,Victor,Babu,victor.babu829@gmail.com,06324241541,Male,1978-06-18,Jaipur,Rajasthan,India,2025-02-11,,0
100128,Gayathri,Ben,gayathri.ben673@yahoo.com,01037129387,Female,1961-01-21,Hyderabad,Telangana,India,2023-05-25,,0
100129,Onveer,Dara,onveer.dara364@hotmail.com,3611155426,Male,1997-09-27,Pune,Maharashtra,India,2024-12-26,,0
100130,Ekani,Dhar,ekani.dhar721@gmail.com,+91-5326973112,Female,1996-09-23,Patna,Bihar,India,2024-01-25,,0
100131,rehaan,Panchal,rehaan.panchal180@outlook.com,1389994043,Male,1985-06-19,Bhopal,Madhya Pradesh,India,2023-12-17,,0
100132,Yashoda,Gulati,yashoda.gulati940@outlook.com,6137918055,Female,1966-12-12,Mumbai,Maharashtra,India,2024-09-29,,0
100133,Ucchal,Pau,ucchal.pau23@gmail.com,9104300684,Female,1990-10-14,Surat,Gujarat,India,2025-07-01,,1
100134,Yamini,Sagar,yamini.sagar383@gmail.com,+91-9241418328,Female,1976-04-18,Patna,Bihar,India,2024-06-03,,1
100135,Bachittar,Mukherjee,bachittar.mukherjee811@hotmail.com,6179904210,Male,1994-08-04,Chennai,Tamil Nadu,India,2024-09-12,,1
100136,Abdul,Gade,abdul.gade229@outlook.com,2524105648,Male,1963-09-05,Guwahati,Assam,India,2024-06-30,,0
100137,Brinda,Taneja,brinda.taneja972@gmail.com,02524191380,Female,1962-09-23,Chennai,Tamil Nadu,India,2024-06-15,,0
100138,Abha,Konda,abha.konda944@outlook.com,+91-0863536541,Female,1988-01-18,Chennai,Tamil Nadu,India,2025-01-16,,1
100139,Dipta,Thakkar,dipta.thakkar244@gmail.com,+91-0617445187,Female,1960-12-29,Surat,Gujarat,India,2025-08-13,,0
100140,Harish,Manne,harish.manne12@hotmail.com,5973832060,Male,1971-10-18,Surat,Gujarat,India,2024-07-24,,0
100141,Oscar,Andra,oscar.andra396@gmail.com,3836702410,Male,2004-10-31,Mumbai,Maharashtra,India,2023-12-13,,1
100142,Yoshita,Sachar,yoshita.sachar104@hotmail.com,+91-1826199062,Female,1971-12-24,Patna,Bihar,India,2025-08-22,,1
100143,Leena,Murty,leena.murty819@gmail.com,4313291212,Female,,Nagpur,Maharashtra,India,2024-12-04,,0
100144,Varenya,Shukla,varenya.shukla165@hotmail.com,07474112490,Female,1970-12-07,Chennai,Tamil Nadu,India,2025-04-15,,0
100145,Nihal,Divan,nihal.divan722@hotmail.com,0442067883,Male,1965-02-27,Guwahati,Assam,India,2025-01-31,,1
100146,Dalaja,Dey,dalaja.dey211@outlook.com,+91-6519941013,Female,2003-12-07,Hyderabad,Telangana,India,2025-02-10,,0
100147,Tristan,Dave,tristan.dave244@outlook.com,+91-0296670662,Male,,Lucknow,Uttar Pradesh,India,2025-01-31,,1
100148,Peter,Kala,peter.kala90@hotmail.com,+91-0999347687,Male,,Mumbai,Maharashtra,India,2025-10-30,,0
100149,Bhavani,Chahal,bhavani.chahal84@outlook.com,03806578759,Female,1984-09-22,Chennai,Tamil Nadu,India,2024-04-12,,1
100150,Sara,Madan,sara.madan658@gmail.com,04078593213,Female,1992-02-22,Jaipur,Rajasthan,India,2024-03-06,,1
100151,Lila,Walla,lila.walla477@hotmail.com,+91-5223955905,Female,2006-02-04,Jaipur,Rajasthan,India,2024-10-24,,0
100152,Ekavir,Guha,ekavir.guha685@gmail.com,07010393087,Male,1960-08-23,Hyderabad,Telangana,India,2025-10-06,,0
100153,Isha,De,isha.de989@hotmail.com,+91-2921851569,Female,1965-06-18,Faridabad,Haryana,India,2023-05-05,,0
100154,NIDHI,Naidu,nidhi.naidu925@hotmail.com,+91-2895392644,Female,1966-09-22,Bengaluru,Karnataka,India,2025-02-15,,1
100155,Aachal,Raman,aachal.raman124@yahoo.com,09391725135,Female,2007-10-08,Guwahati,Assam,India,2025-10-11,,1
100156,Fiyaz,Chakrabarti,fiyaz.chakrabarti44@yahoo.com,+91-3315410067,Male,1995-10-11,Kolkata,West Bengal,India,2025-10-01,,1
100157,Geetika,Sachdev,geetika.sachdev328@outlook.com,1793271040,Female,1975-11-29,Guwahati,Assam,India,2025-06-14,,0
100158,Charles,Borah,charles.borah533@outlook.com,01599706296,Male,1968-02-26,Surat,Gujarat,India,2024-05-04,,0
100159,Chandresh,Narula,chandresh.narula425@gmail.com,+91-4443106987,Male,1967-12-26,Indore,Madhya Pradesh,India,2025-03-10,,0
100160,Pranit,Aggarwal,pranit.aggarwal805@gmail.com,1032417146,Male,1983-03-21,Hyderabad,Telangana,India,2023-06-05,,0
100161,Libni,Chand,libni.chand39@hotmail.com,+91-5270477434,Female,1987-09-12,Bhopal,Madhya Pradesh,India,2024-08-22,,1
100162,Faqid,Chatterjee,faqid.chatterjee708@outlook.com,03806868793,Male,,Faridabad,Haryana,India,2024-02-01,,0
100163,Vyanjana,Mistry,vyanjana.mistry288@outlook.com,+91-9921722332,Female,1962-08-30,Lucknow,Uttar Pradesh,India,2024-01-29,,0
100164,Balveer,Saran,balveer.saran793@hotmail.com,+91-1168685487,Male,2004-08-20,Lucknow,Uttar Pradesh,India,2025-03-09,,1
100165,Abeer,Virk,abeer.virk759@hotmail.com,9991191485,Male,2002-10-02,Kolkata,West Bengal,India,2025-09-18,,0
100166,Kevin,Rajagopal,kevin.rajagopal727@outlook.com,06299606530,Male,,Bengaluru,Karnataka,India,2024-08-26,,0
100167,WAZIR,Luthra,wazir.luthra858@yahoo.com,4713247546,Male,1989-08-26,Kolkata,West Bengal,India,2025-10-26,,0
100168,Chaitanya,Guha,chaitanya.guha518@hotmail.com,+91-0821486289,Male,1962-01-01,Patna,Bihar,India,2024-06-10,,1
100169,Inaya,Iyer,inaya.iyer984@yahoo.com,5345786103,Female,1978-06-29,Nagpur,Maharashtra,India,2024-11-01,,1
100170,Vansha,Goel,vansha.goel29@outlook.com,+91-5241406029,Female,1998-01-16,Bengaluru,Karnataka,India,2025-11-16,,0
100171,Jalsa,Kant,jalsa.kant276@yahoo.com,00072290349,Female,1999-04-04,Pune,Maharashtra,India,2024-08-24,,1
100172,Michael,Maharaj,michael.maharaj663@yahoo.com,3748969108,Male,2008-08-01,Bhopal,Madhya Pradesh,India,2024-06-03,,1
100173,Rachit,Mandal,rachit.mandal917@hotmail.com,4544432830,Male,1999-04-10,Jaipur,Rajasthan,India,2025-04-10,,0
100174,Tamanna,Nagarajan,tamanna.nagarajan599@hotmail.com,+91-6660993538,Female,1991-04-02,Guwahati,Assam,India,2023-09-05,,1
100175,Wazir,Parmer,wazir.parmer306@outlook.com,1724825135,Male,1971-05-02,Guwahati,Assam,India,2025-06-18,,0
100176,Mitesh,Salvi,mitesh.salvi672@outlook.com,4717099917,Male,2003-04-22,Jaipur,Rajasthan,India,2023-10-14,,0
100177,Zashil,Dar,zashil.dar677@hotmail.com,0223569725,Male,2002-01-03,Delhi,Delhi,India,2024-11-12,,0
100178,Hemangini,Buch,hemangini.buch398@hotmail.com,07432927129,Female,1981-06-06,Indore,Madhya Pradesh,India,2023-06-27,,1
100179,Pushti,Raval,pushti.raval929@hotmail.com,8350583003,Other,1971-06-22,Pune,Maharashtra,India,2024-06-05,,1
100180,Orinder,Muni,orinder.muni301@yahoo.com,2104478985,Male,1981-06-06,Chandigarh,Chandigarh,India,2023-02-16,,0
100181,Ekani,Oommen,ekani.oommen671@outlook.com,06033230982,Female,1966-07-11,Chennai,Tamil Nadu,India,2024-12-29,,0
100182,Anjali,Prashad,anjali.prashad267@outlook.com,9010016761,Female,1986-11-18,Surat,Gujarat,India,2024-11-15,,0
100183,Vritti,Dua,vritti.dua484@gmail.com,08499261891,Female,1974-03-08,Coimbatore,Tamil Nadu,India,2023-03-16,,0
100184,Chatresh,Tank,chatresh.tank141@yahoo.com,05642087375,Male,1971-11-14,Delhi,Delhi,India,2025-03-08,,0
100185,Agastya,Chakraborty,agastya.chakraborty884@outlook.com,+91-1143744701,Other,1999-08-24,Ahmedabad,Gujarat,India,2025-10-29,,1
100186,Anusha,Mannan,anusha.mannan463@gmail.com,0022557941,Female,1978-07-01,Delhi,Delhi,India,2025-04-30,,0
100187,Onveer,Goswami,onveer.goswami630@yahoo.com,+91-7621202169,Male,,Bengaluru,Karnataka,India,2025-02-07,,1
100188,WYATT,Sarma,wyatt.sarma749@yahoo.com,2771670145,Male,1961-03-16,Chandigarh,Chandigarh,India,2024-03-07,,1
100189,Zaitra,Kapur,zaitra.kapur232@yahoo.com,1637562890,Female,1961-03-04,Mumbai,Maharashtra,India,2024-12-22,,0
100190,Farhan,Tiwari,farhan.tiwari844@gmail.com,+91-5354083866,Male,1999-11-01,Chennai,Tamil Nadu,India,2024-11-05,,1
100191,Balveer,Sharaf,balveer.sharaf351@yahoo.com,05170166088,Male,1960-08-14,Indore,Madhya Pradesh,India,2023-06-11,,1
100192,Chandani  ,Modi,chandani.modi234@gmail.com,0375899757,Female,1966-02-01,Faridabad,Haryana,India,2024-11-20,,0
100193,INDRAJIT,Agate,indrajit.agate729@outlook.com,01027261493,Male,1969-08-13,Hyderabad,Telangana,India,2025-04-24,,0
100194,Ronith,Kale,ronith.kale678@gmail.com,0917798270,Male,1986-01-26,Delhi,Delhi,India,2024-06-15,,1
100195,Arunima  ,Sant,arunima.sant486@outlook.com,+91-2216995866,Female,2007-08-18,Hyderabad,Telangana,India,2023-11-02,,1
100196,Jeet,Mahal,jeet.mahal638@outlook.com,02698485833,Male,1970-09-05,Hyderabad,Telangana,India,2024-05-25,,1
100197,Mohini,Pai,mohini.pai117@outlook.com,+91-5158799684,Female,2002-09-24,Hyderabad,Telangana,India,2023-12-02,,0
100198,Siddharth,Arya,siddharth.arya721@outlook.com,+91-0342442043,Male,1996-10-14,Kolkata,West Bengal,India,2023-07-10,,0
100199,Amol,Parmer,,08638406665,Male,2006-12-21,Bhopal,Madhya Pradesh,India,2025-09-29,,0
100200,Avi,Arya,avi.arya799@gmail.com,5989334721,Male,1969-08-03,Ahmedabad,Gujarat,India,2025-09-05,,1
100201,Harini,Varkey,harini.varkey476@outlook.com,04229405720,Female,1967-12-28,Lucknow,Uttar Pradesh,India,2023-02-13,,0
100202,Neel  ,Behl,neel.behl757@hotmail.com,05158328182,Male,1980-07-30,Surat,Gujarat,India,2024-10-09,,0
100203,Tamanna,Chanda,tamanna.chanda367@outlook.com,4398780157,Female,1972-02-24,Chennai,Tamil Nadu,India,2025-04-27,,0
100204,Keya,Baral,keya.baral117@yahoo.com,4840858877,Female,1962-09-19,Surat,Gujarat,India,2023-09-06,,1
100205,Gopal,Nagi,gopal.nagi116@yahoo.com,00133613861,Male,1996-06-18,Indore,Madhya Pradesh,India,2024-07-06,,0
100206,Ganga,Bajwa,ganga.bajwa822@hotmail.com,+91-0248193466,Female,1982-04-08,Coimbatore,Tamil Nadu,India,2023-06-17,,0
100207,Samaksh,Sant,samaksh.sant943@hotmail.com,+91-9190158144,Male,1989-09-23,Ahmedabad,Gujarat,India,2024-04-25,,0
100208,Megha,Sarma,megha.sarma979@yahoo.com,+91-3268424508,Female,2002-08-08,Mumbai,Maharashtra,India,2025-05-08,,0
100209,Ekavir,Dasgupta,ekavir.dasgupta355@hotmail.com,4353682223,Male,1990-03-23,Pune,Maharashtra,India,2024-01-16,,1
100210,Jonathan,Hari,jonathan.hari12@gmail.com,01414139755,Male,1966-10-07,Guwahati,Assam,India,2024-02-11,,1
100211,Jacob,Chaudhry,jacob.chaudhry329@hotmail.com,7594929955,Male,2006-08-18,Bengaluru,Karnataka,India,2025-04-05,,0
100212,Frado,Agrawal,frado.agrawal81@yahoo.com,+91-2577754781,Male,1969-01-18,Faridabad,Haryana,India,2023-04-25,,1
100213,Banjeet,Mand,banjeet.mand764@hotmail.com,+91-1108099693,Male,,Hyderabad,Telangana,India,2025-10-13,,1
100214,Anita,Lad,anita.lad912@outlook.com,+91-3942788165,Female,1984-09-18,Bengaluru,Karnataka,India,2023-07-17,,0
100215,Jagdish,Gandhi,jagdish.gandhi865@yahoo.com,+91-9927503731,Male,1973-04-20,Delhi,Delhi,India,2025-09-10,,1
100216,Kamala,Basak,kamala.basak100@gmail.com,0051844989,Female,1968-12-15,Nagpur,Maharashtra,India,2023-09-01,,1
100217,Saanvi,Pau,saanvi.pau719@outlook.com,+91-3865577908,Female,2002-12-13,Lucknow,Uttar Pradesh,India,2025-07-15,,0
100218,Urvi,Gandhi,urvi.gandhi261@gmail.com,02591365177,Female,1983-08-10,Indore,Madhya Pradesh,India,2025-03-18,,1
100219,FARIS,Roy,faris.roy111@outlook.com,+91-2280920242,Male,1985-05-30,Kolkata,West Bengal,India,2024-01-09,,0
100220,Samaksh  ,Bahl,samaksh.bahl675@hotmail.com,09772369292,Male,1990-07-12,Nagpur,Maharashtra,India,2023-11-16,,0
100221,Yashodhara,Lalla,yashodhara.lalla859@hotmail.com,01366210388,Female,1993-06-18,Chandigarh,Chandigarh,India,2024-03-02,,1
100222,Falan,Char,falan.char107@yahoo.com,01729806865,Male,2002-08-09,Chennai,Tamil Nadu,India,2024-03-05,,1
100223,Zilmil,Sanghvi,zilmil.sanghvi281@yahoo.com,9162473149,Female,2002-09-12,Guwahati,Assam,India,2025-03-18,,0
100224,Samarth,Kurian,samarth.kurian864@outlook.com,08063565126,Male,1991-11-21,Guwahati,Assam,India,2025-03-04,,1
100225,Jonathan,Lal,jonathan.lal640@yahoo.com,04636887258,Male,1987-04-01,Kolkata,West Bengal,India,2025-10-12,,1
100226,Jonathan,Mohanty,jonathan.mohanty728@outlook.com,+91-7213865890,Male,1968-04-30,Chennai,Tamil Nadu,India,2025-07-12,,1
100227,Aahana  ,Chand,aahana.chand899@outlook.com,+91-1435190669,Female,1992-02-10,Indore,Madhya Pradesh,India,2023-10-27,,0
100228,Luke,Bhandari,luke.bhandari274@yahoo.com,3843098839,Male,1968-09-30,Delhi,Delhi,India,2023-12-11,,0
100229,Andrew,Parsa,andrew.parsa772@yahoo.com,+91-6566938011,Male,1986-12-29,Lucknow,Uttar Pradesh,India,2024-03-28,,1
100230,Owen,Palan,owen.palan761@yahoo.com,+91-7690426818,Male,1964-02-02,Chandigarh,Chandigarh,India,2024-12-17,,1
100231,Nandini,Oak,nandini.oak397@hotmail.com,+91-7697357790,Female,,Delhi,Delhi,India,2023-12-11,,0
100232,Wridesh,Dada,wridesh.dada636@yahoo.com,+91-6588043416,Male,1992-12-13,Jaipur,Rajasthan,India,2024-04-04,,0
100233,Onveer,Borra,onveer.borra795@yahoo.com,+91-3942373334,Male,,Patna,Bihar,India,2025-07-04,,1
100234,Ishanvi,Karnik,ishanvi.karnik387@gmail.com,1117908075,Female,1990-05-28,Chennai,Tamil Nadu,India,2024-03-15,,0
100235,Xiti,Maharaj,xiti.maharaj478@outlook.com,2086780856,Female,,Mumbai,Maharashtra,India,2024-06-28,,1
100236,Gagan,Shankar,gagan.shankar503@outlook.com,3691559428,Male,1973-03-25,Guwahati,Assam,India,2025-11-22,,1
100237,Krish,Sinha,krish.sinha806@gmail.com,+91-6365564729,Male,1966-11-28,Chennai,Tamil Nadu,India,2025-11-16,,1
100238,Jyoti,Chaudhry,jyoti.chaudhry340@outlook.com,03227026728,Female,1986-03-30,Kolkata,West Bengal,India,2025-08-29,,0
100239,Nisha,Sur,nisha.sur685@gmail.com,+91-0347175455,Female,1987-07-06,Mumbai,Maharashtra,India,2023-04-20,,1
100240,Kabir,Padmanabhan,kabir.padmanabhan391@outlook.com,9982455877,Male,2003-04-26,Delhi,Delhi,India,2024-01-08,,0
100241,Sai,Mangat,sai.mangat527@outlook.com,9961125355,Female,1991-12-16,Kochi,Kerala,India,2024-06-18,,1
100242,Lila,Rana,lila.rana971@gmail.com,07622023413,Female,1968-08-16,Kochi,Kerala,India,2024-04-09,,0
100243,Charan,Chandran,charan.chandran886@yahoo.com,6811492164,Male,1971-08-16,Kolkata,West Bengal,India,2025-01-22,,0
100244,MEGHANA,Savant,meghana.savant765@gmail.com,00557784872,Female,,Indore,Madhya Pradesh,India,2025-07-28,,1
100245,Gaurang,Shan,gaurang.shan572@outlook.com,05783174564,Male,1968-02-02,Chennai,Tamil Nadu,India,2025-07-30,,1
100246,Aashi,Acharya,,+91-8077406493,Female,1998-11-09,Faridabad,Haryana,India,2025-06-24,,0
100247,Ridhi,Gulati,ridhi.gulati718@gmail.com,+91-6634163894,Female,1974-04-11,Coimbatore,Tamil Nadu,India,2025-05-18,,0
100248,Krish,Sachar,krish.sachar289@gmail.com,1797497350,Male,1967-12-01,Guwahati,Assam,India,2023-03-10,,0
100249,Alka,Grewal,alka.grewal140@yahoo.com,00312073564,Female,1998-04-30,Chandigarh,Chandigarh,India,2024-12-20,,0
100250,Zaid,Prabhu,zaid.prabhu981@outlook.com,+91-0461872346,Male,,Lucknow,Uttar Pradesh,India,2025-06-04,,1
100251,abha,Dara,abha.dara551@hotmail.com,0371837645,Female,1968-03-23,Guwahati,Assam,India,2024-12-21,,1
100252,Ansh,Verma,ansh.verma928@hotmail.com,0313650249,Male,1966-05-10,Kolkata,West Bengal,India,2025-02-10,,0
100253,Jairaj,Andra,jairaj.andra186@gmail.com,1327195005,Male,1991-07-21,Kolkata,West Bengal,India,2025-11-19,,0
100254,Damyanti,Dass,damyanti.dass661@hotmail.com,3065240778,Female,1974-10-04,Chandigarh,Chandigarh,India,2024-06-27,,0
100255,Wishi,Gupta,wishi.gupta366@outlook.com,9821827448,Female,1978-03-27,Bhopal,Madhya Pradesh,India,2024-07-25,,0
100256,Aadi,Toor,aadi.toor462@hotmail.com,+91-9351863878,Male,1968-01-05,Surat,Gujarat,India,2024-05-18,,1
100257,Lohit,Naidu,,1022031731,Male,1962-02-20,Surat,Gujarat,India,2023-05-30,,1
100258,Sara,Suri,sara.suri696@yahoo.com,+91-9103717058,Female,1996-04-19,Patna,Bihar,India,2024-07-10,,0
100259,triya,Pillay,triya.pillay180@gmail.com,0141381138,Female,1979-02-09,Chandigarh,Chandigarh,India,2024-10-16,,1
100260,inaya  ,Vora,inaya.vora752@outlook.com,1957612286,Female,1984-11-02,Kolkata,West Bengal,India,2025-08-07,,0
100261,Gaurangi,Walla,gaurangi.walla788@hotmail.com,+91-5566593983,Female,1978-08-13,Mumbai,Maharashtra,India,2025-11-29,,0
100262,Joshua,Parsa,joshua.parsa375@yahoo.com,+91-4908240433,Male,2001-09-08,Bhopal,Madhya Pradesh,India,2025-11-17,,1
100263,ALKA,Majumdar,alka.majumdar407@gmail.com,5224593344,Female,1965-01-09,Kochi,Kerala,India,2023-12-01,,1
100264,Sudiksha,Kalla,sudiksha.kalla457@yahoo.com,+91-9194096105,Female,1977-04-24,Chennai,Tamil Nadu,India,2025-09-02,,0
100265,Teerth,Saha,teerth.saha42@outlook.com,6048058925,Male,,Bhopal,Madhya Pradesh,India,2025-11-06,,1
100266,Yashasvi,Kant,yashasvi.kant398@outlook.com,8136462251,Female,1983-06-15,Kolkata,West Bengal,India,2023-02-25,,0
100267,Arya,Rastogi,arya.rastogi855@outlook.com,+91-2783769389,Female,2008-06-21,Kochi,Kerala,India,2023-04-06,,0
100268,Jatin,Kibe,jatin.kibe530@gmail.com,1665535590,Male,1997-07-23,Coimbatore,Tamil Nadu,India,2025-01-24,,0
100269,Hamsini,Palla,hamsini.palla812@hotmail.com,+91-0335211039,Female,2005-02-04,Patna,Bihar,India,2023-08-13,,1
100270,Maanas,Atwal,maanas.atwal217@outlook.com,+91-0538338848,Male,1983-10-19,Bengaluru,Karnataka,India,2024-05-05,,0
100271,Ekta,Badami,ekta.badami738@outlook.com,+91-4394070164,Female,1992-06-08,Indore,Madhya Pradesh,India,2025-05-06,,0
100272,Radha,Chokshi,radha.chokshi250@gmail.com,1579812387,Female,,Indore,Madhya Pradesh,India,2025-01-07,,0
100273,Alka,Baral,alka.baral58@yahoo.com,+91-2055543840,Female,1990-08-26,Coimbatore,Tamil Nadu,India,2024-03-31,,1
100274,Sara,Balan,sara.balan970@outlook.com,06216893639,Female,1967-12-11,Mumbai,Maharashtra,India,2023-12-10,,1
100275,Nimrat,Narayan,nimrat.narayan814@yahoo.com,+91-8324826292,Female,1975-11-08,Indore,Madhya Pradesh,India,2024-06-12,,0
100276,Daniel,Gour,daniel.gour611@hotmail.com,6474231220,Male,1997-03-18,Surat,Gujarat,India,2024-04-25,,0
100277,lila,Kashyap,lila.kashyap847@hotmail.com,+91-7289752677,Female,,Kochi,Kerala,India,2025-07-18,,0
100278,Ekantika,Gade,ekantika.gade96@gmail.com,+91-6333127975,Female,2002-03-21,Chandigarh,Chandigarh,India,2025-03-06,,1
100279,Krishna,Sane,krishna.sane380@hotmail.com,+91-6999880817,Female,1982-07-18,Indore,Madhya Pradesh,India,2025-05-15,,0
100280,Ansh,Korpal,ansh.korpal604@outlook.com,08034764472,Male,1980-11-21,Faridabad,Haryana,India,2024-07-08,,1
100281,Avi,Varughese,avi.varughese785@hotmail.com,1298266570,Male,1969-03-14,Jaipur,Rajasthan,India,2023-11-25,,0
100282,HARRISON,Sha,harrison.sha727@gmail.com,+91-1751868926,Male,1987-01-11,Kolkata,West Bengal,India,2023-02-02,,0
100283,Anya,Garde,anya.garde419@outlook.com,+91-0644742123,Female,1960-10-12,Kolkata,West Bengal,India,2024-11-28,,1
100284,Lajita,Arora,lajita.arora627@outlook.com,07339776719,Female,1989-06-01,Indore,Madhya Pradesh,India,2024-06-16,,0
100285,Krisha,Mall,krisha.mall380@yahoo.com,00502099451,Female,1962-12-19,Bhopal,Madhya Pradesh,India,2024-08-14,,1
100286,Turvi,Gokhale,turvi.gokhale876@yahoo.com,8279501455,Female,2003-09-11,Faridabad,Haryana,India,2023-02-28,,0
100287,Bahadurjit,Sane,bahadurjit.sane521@yahoo.com,+91-1458683390,Male,1965-11-10,Hyderabad,Telangana,India,2025-10-08,,1
100288,Zarna,Chahal,zarna.chahal988@hotmail.com,04899529978,Female,1995-08-13,Chennai,Tamil Nadu,India,2025-06-11,,0
100289,yuvraj,Tailor,yuvraj.tailor270@gmail.com,1071396605,Male,1977-05-25,Bengaluru,Karnataka,India,2025-09-27,,0
100290,jagvi,Apte,jagvi.apte729@outlook.com,04885015569,Female,1990-03-07,Guwahati,Assam,India,2024-08-21,,0
100291,Akshay,Gill,akshay.gill871@yahoo.com,2727857608,Male,1974-12-25,Mumbai,Maharashtra,India,2023-03-12,,1
100292,NISHA  ,Wason,nisha.wason630@yahoo.com,4056829962,Female,1989-03-07,Kochi,Kerala,India,2024-01-07,,1
100293,Mitesh  ,Murty,mitesh.murty362@hotmail.com,3574384215,Male,1998-04-16,Jaipur,Rajasthan,India,2025-08-25,,1
100294,Isha,Chanda,isha.chanda744@outlook.com,3578452182,Female,1970-06-18,Bengaluru,Karnataka,India,2023-06-11,,1
100295,Andrew,Sharaf,andrew.sharaf466@yahoo.com,9157018409,Male,1997-01-07,Guwahati,Assam,India,2025-05-10,,1
100296,Henry,Nagi,henry.nagi349@outlook.com,07142241098,Male,1985-04-15,Bengaluru,Karnataka,India,2024-03-14,,0
100297,Harshil,Palla,harshil.palla711@outlook.com,+91-3214958702,Male,1962-01-02,Coimbatore,Tamil Nadu,India,2024-07-19,,1
100298,ARYAN,Cherian,aryan.cherian919@hotmail.com,9979545381,Male,2007-05-08,Nagpur,Maharashtra,India,2025-05-08,,0
100299,Viraj  ,Deep,viraj.deep820@yahoo.com,+91-7733294562,Male,1994-03-12,Pune,Maharashtra,India,2024-02-03,,1
100300,Noah,Nair,noah.nair96@outlook.com,5772459928,Male,1965-07-21,Pune,Maharashtra,India,2023-06-14,,0
100301,Damyanti,Nanda,damyanti.nanda224@outlook.com,06963938276,Female,1963-10-14,Surat,Gujarat,India,2025-07-05,,0
100302,Ishita,Sankar,ishita.sankar241@yahoo.com,3219719975,Female,1987-04-04,Bhopal,Madhya Pradesh,India,2025-09-19,,1
100303,Vamakshi,Goda,vamakshi.goda160@outlook.com,9657013290,Female,1996-12-14,Guwahati,Assam,India,2024-04-22,,0
100304,Falguni,Sethi,falguni.sethi869@gmail.com,+91-3354946519,Female,1961-01-01,Mumbai,Maharashtra,India,2024-07-12,,1
100305,Yashodhara,Raval,yashodhara.raval188@hotmail.com,0085140369,Female,1979-07-16,Jaipur,Rajasthan,India,2023-11-05,,0
100306,NITARA,Raja,nitara.raja490@hotmail.com,7238656242,Female,1967-01-22,Delhi,Delhi,India,2025-05-16,,0
100307,Balendra,Babu,balendra.babu716@gmail.com,2679692786,Male,1987-02-10,Nagpur,Maharashtra,India,2024-02-22,,0
100308,Varenya,Rajagopalan,varenya.rajagopalan371@outlook.com,+91-9738468950,Female,2007-07-27,Hyderabad,Telangana,India,2024-05-09,,1
100309,Wyatt,Pillay,wyatt.pillay375@outlook.com,+91-4781891371,Male,1993-06-13,Guwahati,Assam,India,2025-02-07,,1
100310,Nimrat,Bera,nimrat.bera462@outlook.com,+91-7956544209,Female,1996-08-01,Faridabad,Haryana,India,2023-11-25,,0
100311,Leena,Bhat,leena.bhat569@yahoo.com,9047128144,Female,1966-12-22,Jaipur,Rajasthan,India,2025-07-29,,1
100312,Meera,Maharaj,meera.maharaj432@yahoo.com,09275243728,Female,2001-12-27,Mumbai,Maharashtra,India,2025-10-13,,0
100313,Pavani,Chad,pavani.chad257@outlook.com,3723950410,Female,,Bhopal,Madhya Pradesh,India,2025-11-19,,0
100314,Geetika,Shetty,geetika.shetty860@hotmail.com,6674286047,Female,1978-12-13,Jaipur,Rajasthan,India,2023-05-26,,1
100315,Nakul,Wagle,nakul.wagle21@outlook.com,+91-6945441496,Male,1982-09-30,Jaipur,Rajasthan,India,2025-08-16,,0
100316,Kavya,Hayer,kavya.hayer800@yahoo.com,+91-0106181753,Female,1995-06-05,Chandigarh,Chandigarh,India,2024-07-08,,1
100317,Ladli,Hans,ladli.hans629@hotmail.com,9111926921,Female,1994-01-02,Bengaluru,Karnataka,India,2024-01-13,,1
100318,Lajita,Menon,lajita.menon647@hotmail.com,05421406650,Female,1973-01-03,Surat,Gujarat,India,2023-06-19,,1
100319,Kevin,Gokhale,kevin.gokhale669@outlook.com,+91-2712863917,Male,1994-12-14,Surat,Gujarat,India,2023-06-10,,0
100320,Charan,Banerjee,charan.banerjee424@hotmail.com,2006425690,Male,1985-05-08,Patna,Bihar,India,2023-01-27,,1
100321,xalak,Sridhar,xalak.sridhar171@yahoo.com,06719855460,Female,,Bengaluru,Karnataka,India,2024-06-08,,0
100322,Chakradev,Pau,chakradev.pau107@gmail.com,+91-3280634615,Male,1983-12-19,Faridabad,Haryana,India,2023-07-14,,0
100323,Urvashi  ,Gupta,urvashi.gupta454@outlook.com,07618478700,Female,1976-11-24,Pune,Maharashtra,India,2025-02-16,,1
100324,Pahal,Basak,pahal.basak479@hotmail.com,2931027079,Female,1962-10-23,Surat,Gujarat,India,2025-05-16,,0
100325,Eiravati,Atwal,eiravati.atwal606@yahoo.com,+91-9291117993,Female,1963-08-23,Chandigarh,Chandigarh,India,2023-03-04,,0
100326,Isha,Sandhu,isha.sandhu931@outlook.com,08253092511,Female,1973-10-04,Chandigarh,Chandigarh,India,2025-04-23,,0
100327,Sarthak,Ganguly,,00219620710,Male,1960-12-16,Jaipur,Rajasthan,India,2025-08-20,,1
100328,Chaitanya  ,Mander,chaitanya.mander705@gmail.com,+91-4876329092,Male,1995-01-14,Chandigarh,Chandigarh,India,2025-05-19,,0
100329,Chanchal,Mitra,,+91-1819588373,Female,1973-11-18,Lucknow,Uttar Pradesh,India,2023-05-07,,0
100330,Indali,Chowdhury,indali.chowdhury849@hotmail.com,+91-0054364597,Female,1962-09-10,Chennai,Tamil Nadu,India,2023-10-17,,0
100331,Atharv,Yogi,atharv.yogi292@outlook.com,1379956353,Male,,Guwahati,Assam,India,2024-03-05,,0
100332,Dayamai,Nanda,dayamai.nanda114@outlook.com,3179706239,Female,1982-06-14,Ahmedabad,Gujarat,India,2025-03-17,,0
100333,RISHI,Prakash,rishi.prakash51@yahoo.com,05209042177,Male,1980-09-08,Mumbai,Maharashtra,India,2025-02-15,,0
100334,PAVANI,Kannan,pavani.kannan239@gmail.com,8316873977,Female,1974-01-05,Nagpur,Maharashtra,India,2023-11-19,,0
100335,TANISH,Koshy,tanish.koshy475@outlook.com,2906007806,Male,1986-02-08,Bhopal,Madhya Pradesh,India,2024-03-31,,0
100336,Wriddhish,Chaudhari,wriddhish.chaudhari74@hotmail.com,06325431074,Male,1968-05-18,Jaipur,Rajasthan,India,2025-05-31,,0
100337,Veda,Bajwa,veda.bajwa998@gmail.com,05701658046,Female,1996-10-01,Mumbai,Maharashtra,India,2024-12-22,,1
100338,hemang,Buch,hemang.buch472@yahoo.com,+91-0165790552,Male,1991-09-22,Delhi,Delhi,India,2024-08-14,,1
100339,BAHADURJIT,Jayaraman,bahadurjit.jayaraman163@outlook.com,07933554864,Male,1963-03-24,Lucknow,Uttar Pradesh,India,2024-02-20,,1
100340,Ria,Pai,ria.pai370@yahoo.com,4795137116,Female,2003-09-18,Lucknow,Uttar Pradesh,India,2025-05-31,,1
100341,Mitali,Bose,mitali.bose172@gmail.com,2380468275,Female,1980-10-11,Surat,Gujarat,India,2025-02-06,,0
100342,Aishani,Manne,aishani.manne705@hotmail.com,6955798877,Female,1975-03-18,Coimbatore,Tamil Nadu,India,2024-03-10,,0
100343,Dominic,Mohan,dominic.mohan954@outlook.com,4025472928,Male,1974-04-21,Guwahati,Assam,India,2025-02-27,,0
100344,Gagan,Dube,gagan.dube129@gmail.com,+91-2745238055,Male,1967-09-18,Chandigarh,Chandigarh,India,2024-02-28,,0
100345,Udarsh,Zacharia,udarsh.zacharia22@yahoo.com,7275208854,Male,1983-05-12,Nagpur,Maharashtra,India,2024-12-22,,0
100346,Mohini,Din,mohini.din556@outlook.com,0281406937,Female,1977-10-07,Nagpur,Maharashtra,India,2025-09-24,,0
100347,Omisha,Bhakta,omisha.bhakta71@yahoo.com,04301871863,Female,1984-02-26,Jaipur,Rajasthan,India,2024-08-09,,0
100348,AYAAN,Patel,ayaan.patel752@hotmail.com,00455478137,Male,1996-03-16,Kochi,Kerala,India,2025-05-13,,0
100349,Sarthak,Savant,sarthak.savant195@hotmail.com,+91-9123478519,Male,1996-11-27,Bengaluru,Karnataka,India,2025-04-07,,0
100350,chaitanya,Ahuja,chaitanya.ahuja99@gmail.com,07923264870,Male,2000-02-09,Surat,Gujarat,India,2024-05-29,,0
100351,NIDHI,Modi,nidhi.modi498@gmail.com,+91-2447146273,Female,1961-12-23,Kolkata,West Bengal,India,2023-06-29,,0
100352,Manya,Tailor,manya.tailor51@outlook.com,7964715890,Female,2001-03-09,Guwahati,Assam,India,2023-12-28,,0
100353,finn,Bhardwaj,finn.bhardwaj480@gmail.com,+91-0456504481,Male,1985-04-12,Bhopal,Madhya Pradesh,India,2024-02-23,,0
100354,Hemani,Chandra,hemani.chandra844@gmail.com,04451895202,Female,,Patna,Bihar,India,2024-08-06,,1
100355,Lohit,Pradhan,lohit.pradhan104@gmail.com,3283389888,Male,1994-04-28,Kolkata,West Bengal,India,2024-10-11,,0
100356,Dakshesh,Sahni,dakshesh.sahni765@hotmail.com,7545279852,Male,1994-09-08,Chennai,Tamil Nadu,India,2024-06-17,,1
100357,Akshay,Dani,akshay.dani812@yahoo.com,3216110760,Male,1970-01-14,Hyderabad,Telangana,India,2025-03-16,,1
100358,Bachittar,Varghese,bachittar.varghese925@outlook.com,1401193932,Other,1992-10-19,Nagpur,Maharashtra,India,2024-08-04,,1
100359,Amrita,Chana,amrita.chana624@outlook.com,2893891190,Female,1985-12-30,Indore,Madhya Pradesh,India,2024-02-23,,0
100360,REHAAN,Manda,rehaan.manda459@hotmail.com,7592712566,Other,,Patna,Bihar,India,2023-03-04,,1
100361,Jalsa  ,Varkey,jalsa.varkey7@outlook.com,01827548015,Female,1984-04-23,Ahmedabad,Gujarat,India,2024-03-24,,1
100362,Reyansh,Mander,reyansh.mander97@yahoo.com,6463175207,Male,1992-11-15,Jaipur,Rajasthan,India,2023-06-16,,0
100363,Rudra,Sarma,rudra.sarma831@outlook.com,+91-6912153539,Male,,Pune,Maharashtra,India,2024-07-09,,0
100364,Saksham,Das,saksham.das178@hotmail.com,09465796784,Male,1967-09-08,Surat,Gujarat,India,2023-03-26,,0
100365,Utkarsh,Chokshi,utkarsh.chokshi749@gmail.com,00101702695,Male,1967-12-11,Lucknow,Uttar Pradesh,India,2025-02-10,,0
100366,Chanakya,Bose,chanakya.bose953@hotmail.com,7784858800,Male,2008-03-02,Indore,Madhya Pradesh,India,2024-08-29,,0
100367,DANIEL,Rajagopal,daniel.rajagopal56@hotmail.com,+91-0284276246,Male,1984-01-05,Mumbai,Maharashtra,India,2025-05-30,,0
100368,Christopher,Swaminathan,christopher.swaminathan52@yahoo.com,08064796954,Male,1975-12-30,Pune,Maharashtra,India,2025-08-08,,0
100369,Amrita,Bath,amrita.bath443@yahoo.com,5616556503,Female,1972-07-01,Bengaluru,Karnataka,India,2024-02-16,,0
100370,Nachiket,Chad,nachiket.chad269@hotmail.com,02085076986,Male,1973-05-30,Delhi,Delhi,India,2025-10-31,,1
100371,Vrinda,Bains,vrinda.bains500@yahoo.com,+91-9171357852,Female,1990-02-15,Chandigarh,Chandigarh,India,2024-12-25,,1
100372,Qabil,Sarin,qabil.sarin273@gmail.com,04049639191,Male,1989-01-08,Pune,Maharashtra,India,2025-03-09,,1
100373,Madhavi,Bhavsar,madhavi.bhavsar357@outlook.com,+91-1484685366,Female,1972-09-03,Indore,Madhya Pradesh,India,2023-07-26,,1
100374,UTKARSH,Gole,utkarsh.gole639@hotmail.com,07489690835,Male,1982-10-24,Patna,Bihar,India,2024-11-17,,1
100375,Jai,Dora,jai.dora758@gmail.com,01364424936,Male,1972-01-23,Bengaluru,Karnataka,India,2023-09-29,,1
100376,Falguni,Handa,falguni.handa711@outlook.com,+91-6603242044,Female,1992-03-24,Mumbai,Maharashtra,India,2025-01-10,,1
100377,Hema,Basak,hema.basak560@yahoo.com,+91-5941651623,Female,1965-12-26,Kolkata,West Bengal,India,2025-11-17,,1
100378,Yamini,Dara,yamini.dara597@hotmail.com,9155963632,Female,1965-09-27,Mumbai,Maharashtra,India,2025-06-23,,1
100379,Hredhaan,Maharaj,hredhaan.maharaj55@outlook.com,8515867342,Male,1978-01-14,Guwahati,Assam,India,2025-05-27,,0
100380,Qarin,Morar,qarin.morar20@gmail.com,8645183760,Male,2004-04-13,Patna,Bihar,India,2024-01-08,,0
100381,Shravya,Kumer,shravya.kumer497@outlook.com,7560417765,Female,1995-01-18,Hyderabad,Telangana,India,2025-04-11,,0
100382,Chandresh,Dyal,chandresh.dyal254@gmail.com,+91-8570027206,Male,,Mumbai,Maharashtra,India,2024-09-11,,0
100383,Harish,Mody,harish.mody641@outlook.com,08296577242,Male,,Patna,Bihar,India,2023-04-25,,0
100384,Omisha,Manda,omisha.manda912@hotmail.com,06930089317,Female,1970-02-17,Jaipur,Rajasthan,India,2024-03-13,,0
100385,Frado,Bawa,frado.bawa673@hotmail.com,+91-1529108677,Male,1966-04-20,Surat,Gujarat,India,2024-05-26,,0
100386,Harsh,Halder,harsh.halder247@hotmail.com,2639343626,Male,1998-08-26,Pune,Maharashtra,India,2025-11-12,,0
100387,Akshay,Mannan,akshay.mannan669@yahoo.com,05971072563,Male,1994-11-08,Ahmedabad,Gujarat,India,2025-11-22,,1
100388,Siddharth,Kunda,siddharth.kunda441@yahoo.com,7599004896,Male,1975-02-18,Kochi,Kerala,India,2024-01-27,,0
100389,Siya,Prabhakar,siya.prabhakar571@gmail.com,2875721586,Female,1967-06-02,Surat,Gujarat,India,2024-02-18,,0
100390,Devika,Munshi,devika.munshi902@outlook.com,6449485625,Female,1995-12-25,Mumbai,Maharashtra,India,2024-01-17,,0
100391,Yatan,Dora,yatan.dora798@yahoo.com,0320742761,Male,2008-05-19,Jaipur,Rajasthan,India,2024-07-21,,0
100392,Yug,Baria,yug.baria611@yahoo.com,2151342284,Male,1987-08-25,Guwahati,Assam,India,2023-06-10,,0
100393,Hitesh,Agrawal,hitesh.agrawal730@hotmail.com,7150416591,Male,2000-10-14,Kochi,Kerala,India,2024-07-10,,0
100394,GANGA,Balakrishnan,ganga.balakrishnan419@gmail.com,0509759230,Female,1999-02-01,Pune,Maharashtra,India,2025-01-27,,1
100395,Megha,Naidu,megha.naidu68@yahoo.com,+91-1642361032,Female,1979-04-06,Kolkata,West Bengal,India,2025-09-23,,0
100396,TAMANNA,Mane,tamanna.mane438@yahoo.com,06492515837,Female,1981-12-29,Nagpur,Maharashtra,India,2024-08-24,,1
100397,Rishi,Soni,rishi.soni534@gmail.com,09266108573,Male,1991-09-12,Guwahati,Assam,India,2024-04-07,,0
100398,Faras,Tandon,faras.tandon753@hotmail.com,01742243864,Male,1987-11-26,Chandigarh,Chandigarh,India,2025-06-25,,0
100399,Balvan,Bath,balvan.bath906@hotmail.com,+91-9454918017,Male,1969-03-25,Nagpur,Maharashtra,India,2024-07-06,,0
100400,Hemani,Ramaswamy,hemani.ramaswamy475@yahoo.com,07794523219,Female,1973-01-22,Delhi,Delhi,India,2024-01-17,,1
100401,Damyanti,Saraf,damyanti.saraf403@yahoo.com,2776974995,Female,1993-10-06,Chandigarh,Chandigarh,India,2025-06-27,,1
100402,Siya,Mittal,siya.mittal93@hotmail.com,00303723683,Female,1964-09-29,Kolkata,West Bengal,India,2023-02-01,,1
100403,Vincent,Divan,vincent.divan117@gmail.com,7770793349,Male,2000-06-04,Hyderabad,Telangana,India,2024-06-22,,1
100404,ROHAN,Behl,rohan.behl388@yahoo.com,9984076789,Male,1995-05-24,Kochi,Kerala,India,2024-05-01,,1
100405,Yagnesh,Kata,yagnesh.kata890@yahoo.com,8146717957,Male,1994-02-03,Ahmedabad,Gujarat,India,2025-08-26,,0
100406,Advaith  ,Edwin,advaith.edwin642@outlook.com,03839597246,Male,2006-09-07,Nagpur,Maharashtra,India,2025-04-06,,0
100407,Pranit,Sodhi,pranit.sodhi510@hotmail.com,1722329716,Male,2005-11-17,Mumbai,Maharashtra,India,2025-09-24,,0
100408,xiti,Mitter,xiti.mitter465@hotmail.com,+91-5228015619,Female,1971-06-30,Coimbatore,Tamil Nadu,India,2023-03-27,,0
100409,isaac,Sur,isaac.sur51@yahoo.com,4289107711,Male,,Guwahati,Assam,India,2025-03-27,,0
100410,CHARAN,Barman,charan.barman340@outlook.com,+91-2478712552,Male,1966-07-08,Coimbatore,Tamil Nadu,India,2025-06-18,,1
100411,Isha,Sarna,isha.sarna990@yahoo.com,04821456532,Female,1996-10-07,Guwahati,Assam,India,2024-12-19,,1
100412,Shivansh,Kari,shivansh.kari840@hotmail.com,+91-8507208115,Male,1975-09-22,Patna,Bihar,India,2025-02-15,,1
100413,Fitan,Saraf,fitan.saraf540@outlook.com,8466845504,Male,2003-10-28,Jaipur,Rajasthan,India,2024-01-23,,0
100414,Falak,Raval,falak.raval496@gmail.com,07563410856,Female,1995-06-02,Kochi,Kerala,India,2023-06-12,,1
100415,Dev,Venkatesh,dev.venkatesh539@outlook.com,08485200894,Male,1972-03-13,Surat,Gujarat,India,2023-12-28,,0
100416,Nidra,Sami,nidra.sami828@hotmail.com,08510174907,Female,,Bhopal,Madhya Pradesh,India,2023-12-26,,1
100417,Omkaar,Keer,omkaar.keer641@hotmail.com,9268315893,Male,2000-02-10,Mumbai,Maharashtra,India,2025-09-26,,0
100418,Radha,Sha,radha.sha359@outlook.com,0627371586,Female,1988-11-06,Delhi,Delhi,India,2024-02-05,,1
100419,Rudra,Lalla,rudra.lalla308@outlook.com,2282772881,Male,1993-12-12,Bengaluru,Karnataka,India,2024-08-01,,0
100420,Vasatika,Solanki,vasatika.solanki853@gmail.com,9611594082,Female,1966-04-07,Coimbatore,Tamil Nadu,India,2025-01-11,,0
100421,Michael,Prasad,michael.prasad494@yahoo.com,09604432701,Male,1986-11-23,Delhi,Delhi,India,2025-04-11,,1
100422,Bahadurjit,Basu,bahadurjit.basu856@gmail.com,+91-6792287772,Male,,Indore,Madhya Pradesh,India,2025-05-20,,1
100423,Nicholas,Chakraborty,nicholas.chakraborty819@outlook.com,5807412094,Male,1987-07-18,Coimbatore,Tamil Nadu,India,2024-10-18,,0
100424,Diya,Chada,diya.chada642@hotmail.com,+91-7801820433,Female,2000-06-09,Surat,Gujarat,India,2024-03-11,,0
100425,Tristan,Chad,tristan.chad727@outlook.com,+91-7056260856,Male,1972-12-15,Lucknow,Uttar Pradesh,India,2024-10-21,,0
100426,Deepa,Chaudhary,deepa.chaudhary538@yahoo.com,01246209520,Female,1994-11-07,Lucknow,Uttar Pradesh,India,2025-06-30,,1
100427,Neha,Ramakrishnan,neha.ramakrishnan819@gmail.com,6103399378,Female,1996-09-22,Nagpur,Maharashtra,India,2025-02-02,,0
100428,Reyansh,Contractor,reyansh.contractor795@outlook.com,1706304891,Male,1972-06-08,Kochi,Kerala,India,2025-03-31,,0
100429,Dev,Modi,dev.modi742@yahoo.com,02582386870,Male,1960-08-29,Ahmedabad,Gujarat,India,2024-07-26,,1
100430,VEDIKA,Mann,vedika.mann342@gmail.com,+91-4946539840,Female,1968-05-11,Delhi,Delhi,India,2025-08-06,,0
100431,Bhavya,Mital,bhavya.mital655@outlook.com,6398554743,Female,1992-05-27,Coimbatore,Tamil Nadu,India,2024-02-02,,1
100432,Naveen,Om,naveen.om280@gmail.com,9700268768,Male,1964-07-04,Nagpur,Maharashtra,India,2024-03-17,,1
100433,Balvan,Yohannan,balvan.yohannan563@outlook.com,09562017537,Male,1961-01-23,Kolkata,West Bengal,India,2024-01-12,,1
100434,Advaith  ,Mand,advaith.mand628@outlook.com,4337504793,Male,1960-12-15,Bengaluru,Karnataka,India,2024-09-05,,1
100435,Siya,Choudhry,siya.choudhry393@gmail.com,9992192124,Female,2005-06-04,Delhi,Delhi,India,2025-10-17,,0
100436,Ishaan,Virk,ishaan.virk320@outlook.com,09487060566,Male,,Nagpur,Maharashtra,India,2025-08-31,,0
100437,Mahika,Dara,mahika.dara96@yahoo.com,+91-0304687506,Female,1969-12-14,Nagpur,Maharashtra,India,2023-09-05,,0
100438,Chaitaly,Bakshi,chaitaly.bakshi238@hotmail.com,03254110760,Female,1989-01-20,Nagpur,Maharashtra,India,2025-11-26,,0
100439,Oliver,Krishna,oliver.krishna808@outlook.com,+91-5831997179,Male,1966-08-09,Chennai,Tamil Nadu,India,2024-03-31,,1
100440,Bhavani,Bandi,bhavani.bandi867@hotmail.com,+91-0496110804,Female,2001-05-29,Bhopal,Madhya Pradesh,India,2023-05-18,,0
100441,Sai,Char,sai.char570@outlook.com,+91-0767699150,Male,1982-05-29,Hyderabad,Telangana,India,2024-08-13,,1
100442,Omya,Hans,omya.hans562@yahoo.com,3928456797,Female,1969-07-15,Guwahati,Assam,India,2025-02-05,,1
100443,Ekapad,Basu,ekapad.basu581@hotmail.com,5498227495,Male,,Indore,Madhya Pradesh,India,2023-01-23,,0
100444,Mugdha,Pillay,mugdha.pillay118@hotmail.com,+91-8065333153,Female,1992-09-01,Coimbatore,Tamil Nadu,India,2024-12-20,,1
100445,Vinaya,Narula,vinaya.narula613@gmail.com,05217073033,Female,1983-01-03,Faridabad,Haryana,India,2025-10-11,,0
100446,Jalsa,Khare,jalsa.khare223@gmail.com,02050150812,Female,,Delhi,Delhi,India,2023-06-24,,1
100447,Maanav,Sarraf,maanav.sarraf464@yahoo.com,+91-3423425832,Male,1970-01-08,Ahmedabad,Gujarat,India,2024-03-11,,1
100448,Gaurang,Lala,gaurang.lala584@outlook.com,05347355289,Male,2002-12-07,Surat,Gujarat,India,2024-11-28,,0
100449,Bhavini,Dani,,+91-6559630993,Female,2001-08-16,Patna,Bihar,India,2025-02-18,,0
100450,Manan,Dixit,manan.dixit1@gmail.com,9731791286,Male,1996-09-03,Patna,Bihar,India,2025-04-20,,1
100451,Yashoda,Prasad,yashoda.prasad720@hotmail.com,08777496903,Female,1971-02-24,Pune,Maharashtra,India,2024-06-30,,0
100452,Harrison,Seth,harrison.seth487@yahoo.com,06925481214,Male,1981-12-13,Kolkata,West Bengal,India,2024-11-11,,0
100453,Patrick,Karpe,,6776657546,Male,1961-10-19,Lucknow,Uttar Pradesh,India,2025-07-14,,0
100454,Vaishnavi,Kaur,vaishnavi.kaur141@gmail.com,+91-8881431115,Female,1962-06-14,Ahmedabad,Gujarat,India,2025-03-30,,0
100455,Harish,Nath,harish.nath466@yahoo.com,+91-3928404456,Male,2006-01-05,Indore,Madhya Pradesh,India,2025-03-07,,0
100456,Abha,Sodhi,abha.sodhi592@gmail.com,03738987751,Female,1975-08-22,Guwahati,Assam,India,2023-08-27,,0
100457,Raghav,Sanghvi,raghav.sanghvi35@outlook.com,08052924075,Other,1976-12-03,Coimbatore,Tamil Nadu,India,2025-09-14,,0
100458,Shaurya,Sandal,shaurya.sandal748@yahoo.com,09090225999,Male,1988-02-28,Bengaluru,Karnataka,India,2024-09-07,,0
100459,Shivani,Raj,shivani.raj252@gmail.com,03715974121,Female,1993-01-03,Bengaluru,Karnataka,India,2024-03-15,,1
100460,Gaurang,Balay,gaurang.balay628@outlook.com,01643348170,Male,1978-04-23,Coimbatore,Tamil Nadu,India,2024-10-28,,0
100461,Aashi,Garg,aashi.garg432@outlook.com,2867163234,Female,1981-05-11,Bhopal,Madhya Pradesh,India,2024-04-29,,0
100462,Wazir,Dutt,wazir.dutt745@outlook.com,+91-7430271693,Male,1985-11-08,Guwahati,Assam,India,2025-07-21,,1
100463,Yatan,Sharma,yatan.sharma294@gmail.com,5469263296,Male,1982-08-03,Lucknow,Uttar Pradesh,India,2024-06-17,,0
100464,HEMANI,Chandran,hemani.chandran282@outlook.com,8413768151,Female,1996-11-14,Guwahati,Assam,India,2025-05-12,,1
100465,Zayyan,Nanda,zayyan.nanda379@hotmail.com,00701765636,Male,1962-06-05,Ahmedabad,Gujarat,India,2023-05-30,,0
100466,Jeremiah,Contractor,jeremiah.contractor87@outlook.com,07118372742,Male,1968-10-19,Delhi,Delhi,India,2025-08-25,,0
100467,Adya,Chaudhry,adya.chaudhry244@hotmail.com,1042752308,Female,1970-12-27,Indore,Madhya Pradesh,India,2024-03-05,,0
100468,arjun,Virk,arjun.virk774@outlook.com,+91-0900633533,Male,1964-12-31,Delhi,Delhi,India,2025-08-02,,0
100469,Shivansh,Bala,shivansh.bala389@yahoo.com,1220681558,Male,1990-09-12,Chandigarh,Chandigarh,India,2024-12-27,,0
100470,Ishita,Rana,ishita.rana392@hotmail.com,+91-5520650637,Female,1971-03-06,Lucknow,Uttar Pradesh,India,2024-12-08,,0
100471,Liam,Pillay,liam.pillay626@hotmail.com,7189241956,Male,1993-02-24,Patna,Bihar,India,2023-01-16,,0
100472,Ekani,Natarajan,ekani.natarajan473@hotmail.com,00997683890,Female,1971-10-12,Coimbatore,Tamil Nadu,India,2025-02-28,,1
100473,Diya  ,More,diya.more321@yahoo.com,00257432630,Female,1972-01-15,Surat,Gujarat,India,2024-03-27,,1
100474,Vamakshi  ,Narasimhan,vamakshi.narasimhan360@hotmail.com,4035533803,Female,1999-01-31,Hyderabad,Telangana,India,2023-02-18,,0
100475,Janya,Raj,janya.raj974@yahoo.com,07130232129,Female,1986-12-16,Guwahati,Assam,India,2023-07-09,,1
100476,Harsh,Keer,harsh.keer918@yahoo.com,3362934497,Male,,Faridabad,Haryana,India,2023-07-04,,0
100477,Isha,Magar,isha.magar788@outlook.com,06277689627,Female,1961-07-25,Nagpur,Maharashtra,India,2023-11-10,,1
100478,Sai,Sane,sai.sane796@outlook.com,08246747468,Female,1989-09-13,Bengaluru,Karnataka,India,2025-10-12,,1
100479,Balendra,Nath,balendra.nath72@hotmail.com,+91-0085766656,Male,1984-02-10,Chennai,Tamil Nadu,India,2025-02-15,,1
100480,Balendra,Rege,balendra.rege224@hotmail.com,+91-3645875066,Male,,Ahmedabad,Gujarat,India,2025-10-22,,0
100481,Krishna,Kibe,krishna.kibe796@outlook.com,9724399201,Female,1997-08-14,Bengaluru,Karnataka,India,2025-06-09,,0
100482,Rehaan,Rao,rehaan.rao156@outlook.com,+91-2644886946,Male,1996-09-24,Faridabad,Haryana,India,2024-09-14,,1
100483,Chaitanya,Chopra,chaitanya.chopra447@hotmail.com,06402701168,Male,1980-08-15,Bhopal,Madhya Pradesh,India,2025-07-31,,0
100484,Mitali,Sankar,mitali.sankar125@hotmail.com,7281793230,Female,1996-08-10,Faridabad,Haryana,India,2025-02-26,,1
100485,Gopal,Lad,gopal.lad548@outlook.com,02141614150,Male,1988-09-21,Bengaluru,Karnataka,India,2025-11-24,,0
100486,Waida,Sundaram,waida.sundaram568@yahoo.com,0901380698,Female,2007-12-26,Kolkata,West Bengal,India,2025-08-13,,0
100487,Lila,Sunder,lila.sunder87@hotmail.com,5553566905,Female,,Patna,Bihar,India,2023-06-22,,0
100488,Oni,Chaudhry,oni.chaudhry501@yahoo.com,+91-1843579786,Female,1992-04-21,Coimbatore,Tamil Nadu,India,2024-01-02,,0
100489,Aarav,Nagy,aarav.nagy38@gmail.com,03976915671,Male,1995-11-10,Nagpur,Maharashtra,India,2025-01-06,,1
100490,Nandini,Hayer,nandini.hayer963@hotmail.com,4872717833,Female,1970-10-09,Kochi,Kerala,India,2023-09-17,,0
100491,Chaitanya,Cherian,chaitanya.cherian501@yahoo.com,04347128715,Male,2002-06-19,Delhi,Delhi,India,2024-06-07,,0
100492,Bhavini,Oza,bhavini.oza177@gmail.com,03414111593,Female,1996-05-09,Ahmedabad,Gujarat,India,2023-05-18,,1
100493,Devika,Pillai,devika.pillai838@gmail.com,+91-4098366552,Female,,Coimbatore,Tamil Nadu,India,2024-02-16,,0
100494,Indrajit,Chhabra,indrajit.chhabra346@hotmail.com,+91-3772942095,Male,1975-06-10,Kolkata,West Bengal,India,2025-05-12,,1
100495,David,Mahal,david.mahal330@yahoo.com,06052330276,Male,1974-12-20,Coimbatore,Tamil Nadu,India,2025-11-28,,0
100496,Gauri,Bains,gauri.bains145@outlook.com,6618443861,Female,1966-11-23,Hyderabad,Telangana,India,2024-07-18,,0
100497,Avi,Modi,avi.modi137@gmail.com,+91-7423330591,Male,,Coimbatore,Tamil Nadu,India,2025-06-02,,1
100498,Ethan,Puri,,05720185962,Male,1990-09-16,Bhopal,Madhya Pradesh,India,2024-12-12,,0
100499,Saksham,Konda,saksham.konda212@yahoo.com,+91-9261764750,Male,1966-05-16,Bhopal,Madhya Pradesh,India,2025-01-12,,1
100500,Chakrika,Dara,chakrika.dara735@yahoo.com,+91-9741926764,Female,1988-01-16,Delhi,Delhi,India,2023-06-28,,0
100501,Chavvi,Nanda,chavvi.nanda197@yahoo.com,8887189813,Female,2006-12-19,Mumbai,Maharashtra,India,2023-01-24,,0
100502,Daniel,Golla,daniel.golla476@yahoo.com,5102932184,Male,2001-06-25,Chandigarh,Chandigarh,India,2025-10-15,,0
100503,Anay,Chad,anay.chad181@hotmail.com,6034084872,Male,1988-04-24,Bhopal,Madhya Pradesh,India,2023-12-23,,1
100504,Naksh,Virk,naksh.virk632@outlook.com,3103032432,Male,1989-07-07,Jaipur,Rajasthan,India,2023-11-28,,1
100505,Hritik,Parmer,hritik.parmer805@yahoo.com,4626714628,Male,1970-05-24,Chennai,Tamil Nadu,India,2025-04-03,,1
100506,Krish,Hans,krish.hans430@outlook.com,6609314181,Male,1993-06-11,Coimbatore,Tamil Nadu,India,2025-08-26,,1
100507,Samar,Bhatti,samar.bhatti756@yahoo.com,02340163611,Male,1969-01-17,Hyderabad,Telangana,India,2023-04-30,,0
100508,Niharika,Suri,niharika.suri149@hotmail.com,4910256258,Female,1987-02-03,Delhi,Delhi,India,2024-02-04,,0
100509,Tamanna,Sood,tamanna.sood999@outlook.com,2269405396,Female,1994-07-16,Kolkata,West Bengal,India,2025-07-17,,0
100510,Hemani,Sarna,hemani.sarna470@hotmail.com,6834146511,Female,1964-04-17,Hyderabad,Telangana,India,2024-12-25,,1
100511,Jagdish,Chander,jagdish.chander592@yahoo.com,7068277881,Male,1980-01-28,Guwahati,Assam,India,2025-02-24,,0
100512,IKSHITA,Amble,ikshita.amble858@hotmail.com,+91-0972832152,Female,1985-04-08,Kolkata,West Bengal,India,2025-08-26,,1
100513,Ati,Sami,ati.sami914@yahoo.com,03814474430,Female,1996-01-15,Indore,Madhya Pradesh,India,2025-06-15,,0
100514,Meera,Kalla,meera.kalla482@gmail.com,+91-0509754510,Other,1977-05-26,Delhi,Delhi,India,2025-11-04,,1
100515,Idika,Ratti,idika.ratti508@hotmail.com,1882617024,Female,1971-06-19,Hyderabad,Telangana,India,2023-05-10,,0
100516,Siya,Prasad,siya.prasad303@outlook.com,1772256053,Female,1965-12-04,Ahmedabad,Gujarat,India,2024-04-19,,0
100517,Lucky,Baria,lucky.baria466@gmail.com,03741678725,Male,1996-08-31,Nagpur,Maharashtra,India,2024-02-18,,1
100518,Sudiksha,Thaker,sudiksha.thaker882@gmail.com,+91-0225803056,Female,2007-06-25,Nagpur,Maharashtra,India,2025-08-30,,0
100519,Aayush,Saraf,aayush.saraf807@yahoo.com,3928234143,Male,1992-08-06,Jaipur,Rajasthan,India,2025-06-09,,0
100520,Tanish,Issac,tanish.issac114@gmail.com,3923126043,Male,2005-03-17,Patna,Bihar,India,2023-06-22,,1
100521,Unni,Badami,unni.badami142@yahoo.com,8433567086,Female,1991-07-09,Bengaluru,Karnataka,India,2025-07-25,,0
100522,Max,Choudhary,max.choudhary772@yahoo.com,5020005347,Male,1974-01-22,Coimbatore,Tamil Nadu,India,2025-03-31,,1
100523,Chandresh,Sankar,chandresh.sankar65@gmail.com,+91-1108255598,Male,1989-08-21,Jaipur,Rajasthan,India,2025-03-03,,1
100524,Kashish,Majumdar,kashish.majumdar463@outlook.com,09109337118,Female,1990-04-29,Chandigarh,Chandigarh,India,2024-03-17,,0
100525,matthew,Som,matthew.som914@yahoo.com,2368485571,Male,2004-05-02,Bengaluru,Karnataka,India,2025-11-26,,1
100526,Bahadurjit,Subramanian,bahadurjit.subramanian169@gmail.com,+91-2409036788,Male,2007-04-01,Bengaluru,Karnataka,India,2025-05-20,,1
100527,Gayathri,Sarma,gayathri.sarma427@outlook.com,9432029390,Female,2002-10-24,Mumbai,Maharashtra,India,2025-09-07,,1
100528,Vedant,Thakur,vedant.thakur194@outlook.com,4812308340,Male,1991-04-25,Mumbai,Maharashtra,India,2025-08-24,,0
100529,Maya,Deol,maya.deol672@outlook.com,+91-1059551842,Female,1980-03-19,Indore,Madhya Pradesh,India,2024-04-08,,0
100530,Manan,Nair,manan.nair312@hotmail.com,2408916498,Male,1970-07-05,Nagpur,Maharashtra,India,2025-11-25,,0
100531,Timothy,Kannan,timothy.kannan789@outlook.com,7365271727,Male,1969-06-29,Patna,Bihar,India,2024-04-28,,1
100532,Gaurang,Gulati,gaurang.gulati187@outlook.com,+91-2269312163,Male,1982-06-15,Chennai,Tamil Nadu,India,2025-07-09,,1
100533,Saksham,Chaudhry,saksham.chaudhry43@gmail.com,+91-6601002314,Male,1967-06-17,Pune,Maharashtra,India,2024-09-21,,0
100534,Abha,Andra,abha.andra353@outlook.com,03279724572,Female,1972-04-25,Delhi,Delhi,India,2024-12-15,,1
100535,Amara,Dasgupta,amara.dasgupta954@hotmail.com,+91-1862030366,Other,,Mumbai,Maharashtra,India,2025-01-08,,1
100536,Ethan,Pandit,ethan.pandit663@outlook.com,2131451951,Male,1977-12-01,Chandigarh,Chandigarh,India,2023-08-27,,1
100537,Chaman,Bassi,chaman.bassi819@yahoo.com,+91-9262494514,Female,2004-08-04,Coimbatore,Tamil Nadu,India,2025-07-21,,0
100538,Raksha,Lanka,raksha.lanka695@yahoo.com,+91-5267711964,Female,1967-07-23,Delhi,Delhi,India,2024-10-22,,0
100539,Ojasvi,Datta,ojasvi.datta57@outlook.com,+91-6769523668,Female,1984-06-22,Bengaluru,Karnataka,India,2023-03-08,,1
100540,Xiti,Walia,xiti.walia86@gmail.com,+91-6893135030,Female,1978-01-03,Kolkata,West Bengal,India,2023-07-15,,1
100541,Vritti,Deol,vritti.deol326@hotmail.com,4728633302,Female,1966-03-29,Kolkata,West Bengal,India,2025-11-03,,0
100542,Eshana,Purohit,eshana.purohit396@outlook.com,9179202521,Female,1972-05-17,Indore,Madhya Pradesh,India,2024-09-24,,0
100543,Abha,Saha,abha.saha746@yahoo.com,+91-4765704120,Female,2002-11-28,Bengaluru,Karnataka,India,2025-02-19,,0
100544,Anamika,Ghose,anamika.ghose143@hotmail.com,8498436241,Female,1985-08-23,Indore,Madhya Pradesh,India,2025-06-17,,0
100545,Dev  ,Kakar,dev.kakar68@outlook.com,8917756620,Male,1999-03-05,Kochi,Kerala,India,2023-05-26,,1
100546,Unnati,Hayer,unnati.hayer180@hotmail.com,05034281139,Female,1961-02-20,Jaipur,Rajasthan,India,2024-04-08,,1
100547,Nilima,Guha,nilima.guha568@outlook.com,9909700514,Female,1961-01-07,Faridabad,Haryana,India,2024-07-20,,0
100548,Pranav,Mandal,pranav.mandal28@yahoo.com,2156818209,Male,1998-10-28,Nagpur,Maharashtra,India,2025-11-16,,0
100549,Waida  ,Barad,waida.barad428@outlook.com,+91-3322889857,Female,1998-04-23,Hyderabad,Telangana,India,2024-04-15,,0
100550,Omkaar,Mannan,omkaar.mannan614@gmail.com,+91-3991297102,Male,1997-05-25,Bhopal,Madhya Pradesh,India,2023-05-12,,1
100551,Nilima,Chahal,nilima.chahal383@gmail.com,02149551127,Female,,Bhopal,Madhya Pradesh,India,2024-07-01,,0
100552,Kai,Solanki,kai.solanki900@hotmail.com,7054669275,Male,1985-03-18,Surat,Gujarat,India,2024-12-23,,0
100553,Naksh,Prakash,naksh.prakash297@gmail.com,0903802146,Male,1968-03-16,Patna,Bihar,India,2025-01-28,,1
100554,Sudiksha,Bora,sudiksha.bora557@yahoo.com,07871121663,Female,1979-11-20,Hyderabad,Telangana,India,2025-03-16,,1
100555,Bachittar,Nadig,bachittar.nadig548@gmail.com,4708272359,Male,1962-02-12,Patna,Bihar,India,2025-04-25,,0
100556,Ranveer,Bhatia,ranveer.bhatia349@hotmail.com,0306442121,Male,1973-10-05,Bhopal,Madhya Pradesh,India,2024-12-07,,0
100557,chaitaly,Misra,chaitaly.misra428@gmail.com,04201654235,Female,2005-10-29,Chandigarh,Chandigarh,India,2024-11-14,,0
100558,Wridesh,Soman,wridesh.soman143@outlook.com,+91-6089319925,Male,1992-06-27,Lucknow,Uttar Pradesh,India,2025-06-28,,1
100559,Edhitha,Atwal,edhitha.atwal763@gmail.com,01648072791,Other,1962-05-13,Lucknow,Uttar Pradesh,India,2024-02-24,,0
100560,Ijaya,Salvi,ijaya.salvi134@yahoo.com,05339055044,Female,,Ahmedabad,Gujarat,India,2025-08-20,,0
100561,ZAYAN,Dash,zayan.dash44@hotmail.com,+91-5868512765,Male,1969-02-07,Bhopal,Madhya Pradesh,India,2025-08-21,,0
100562,FINN,Sarin,finn.sarin68@gmail.com,1110961798,Male,1965-05-25,Jaipur,Rajasthan,India,2023-05-19,,0
100563,TRISTAN,Thakur,tristan.thakur190@yahoo.com,3786137157,Male,1980-06-07,Coimbatore,Tamil Nadu,India,2025-07-13,,1
100564,Siya,Amble,siya.amble361@outlook.com,04463060002,Female,1998-07-23,Coimbatore,Tamil Nadu,India,2024-12-08,,0
100565,Yochana,Nadkarni,yochana.nadkarni542@gmail.com,3960962626,Female,2004-01-05,Hyderabad,Telangana,India,2023-05-02,,1
100566,Fariq,Sarkar,fariq.sarkar943@yahoo.com,6482531106,Male,1961-03-02,Hyderabad,Telangana,India,2025-03-18,,0
100567,Ganga,Bala,ganga.bala855@yahoo.com,2752334383,Female,1995-06-23,Hyderabad,Telangana,India,2024-08-13,,1
100568,Ranbir,Lad,ranbir.lad478@gmail.com,09117911244,Male,2003-07-22,Surat,Gujarat,India,2025-08-08,,0
100569,Chakradhar,Brahmbhatt,chakradhar.brahmbhatt336@gmail.com,+91-7061713665,Male,1991-01-09,Delhi,Delhi,India,2024-06-29,,1
100570,Shravya,Dyal,shravya.dyal568@yahoo.com,+91-0155799802,Other,1985-08-28,Nagpur,Maharashtra,India,2025-03-01,,1
100571,Lakshmi,Dara,,+91-8235130523,Female,1964-08-13,Bhopal,Madhya Pradesh,India,2023-03-12,,0
100572,Dev,Loyal,dev.loyal147@gmail.com,04776863423,Male,1993-08-04,Bengaluru,Karnataka,India,2025-04-02,,1
100573,Meera,Ramaswamy,meera.ramaswamy373@gmail.com,+91-6769459196,Female,1981-03-21,Chennai,Tamil Nadu,India,2025-02-04,,0
100574,Qushi,Prakash,qushi.prakash286@hotmail.com,+91-8496498560,Female,1966-02-12,Indore,Madhya Pradesh,India,2025-10-26,,1
100575,Neel,Sanghvi,neel.sanghvi488@outlook.com,05525105053,Male,1982-12-13,Faridabad,Haryana,India,2024-10-15,,0
100576,Naveen,Kaul,naveen.kaul126@gmail.com,+91-8318491966,Male,1975-11-13,Nagpur,Maharashtra,India,2025-07-07,,0
100577,Nathaniel,Hora,nathaniel.hora511@gmail.com,6117295963,Male,1988-04-12,Delhi,Delhi,India,2024-03-12,,1
100578,Lucky,Badami,lucky.badami779@gmail.com,06088050171,Male,2000-06-11,Guwahati,Assam,India,2024-08-22,,1
100579,Triya,Mitra,triya.mitra517@hotmail.com,05790647715,Female,2005-08-15,Bhopal,Madhya Pradesh,India,2025-04-02,,1
100580,Charan,Balakrishnan,charan.balakrishnan902@hotmail.com,6321358004,Male,2003-01-05,Delhi,Delhi,India,2023-03-23,,0
100581,Anya,Choudhry,anya.choudhry571@yahoo.com,09642297125,Female,2001-12-25,Delhi,Delhi,India,2023-01-18,,1
100582,Triveni,Sekhon,triveni.sekhon500@hotmail.com,+91-4573144158,Female,2000-09-19,Lucknow,Uttar Pradesh,India,2025-08-11,,1
100583,Keya,Jha,keya.jha576@hotmail.com,0376371539,Female,1997-03-03,Bhopal,Madhya Pradesh,India,2024-09-10,,1
100584,Yasti,Munshi,yasti.munshi785@outlook.com,1235679836,Female,1969-08-20,Guwahati,Assam,India,2025-09-11,,0
100585,Maya,Sampath,maya.sampath784@gmail.com,7113072407,Female,1992-05-20,Patna,Bihar,India,2024-02-29,,0
100586,Upkaar,Pandey,upkaar.pandey678@gmail.com,2686850745,Male,1965-04-22,Patna,Bihar,India,2025-03-30,,0
100587,Rayaan,Sami,rayaan.sami346@gmail.com,4897861031,Male,1971-02-25,Lucknow,Uttar Pradesh,India,2025-03-06,,0
100588,Avni,Banik,avni.banik274@hotmail.com,4396661347,Female,1970-06-27,Kochi,Kerala,India,2023-07-29,,0
100589,Ishani,Palan,ishani.palan828@gmail.com,8974325122,Female,1976-07-22,Surat,Gujarat,India,2024-08-20,,0
100590,Vedant,Dhar,vedant.dhar630@yahoo.com,2412095790,Male,1984-01-20,Surat,Gujarat,India,2023-12-17,,0
100591,Krishna,Sodhi,krishna.sodhi295@yahoo.com,+91-8822114577,Female,1995-11-19,Bengaluru,Karnataka,India,2025-02-06,,1
100592,lavanya,Sur,lavanya.sur607@gmail.com,05897148026,Female,2001-09-18,Bengaluru,Karnataka,India,2023-04-03,,1
100593,Ekavir,Parikh,ekavir.parikh517@outlook.com,+91-3136148782,Male,1973-05-07,Bengaluru,Karnataka,India,2024-06-30,,0
100594,Priya,Narula,priya.narula688@hotmail.com,0985916795,Female,1974-06-16,Guwahati,Assam,India,2025-05-11,,1
100595,Aarna,Tara,aarna.tara219@hotmail.com,04982474140,Female,1982-05-26,Coimbatore,Tamil Nadu,India,2024-12-04,,0
100596,Ikbal,Mandal,ikbal.mandal958@hotmail.com,+91-0650042548,Male,1992-07-19,Guwahati,Assam,India,2025-10-02,,0
100597,Garima,Chadha,garima.chadha865@outlook.com,01430753666,Female,2007-01-09,Ahmedabad,Gujarat,India,2024-09-17,,1
100598,Chavvi,Lal,chavvi.lal844@outlook.com,+91-5923426834,Female,1975-04-03,Indore,Madhya Pradesh,India,2023-12-01,,0
100599,Neha,Shenoy,neha.shenoy29@yahoo.com,+91-8758575676,Female,2006-10-06,Ahmedabad,Gujarat,India,2023-07-18,,0
100600,VIHAAN,Bala,vihaan.bala164@yahoo.com,09439852989,Male,2002-09-30,Delhi,Delhi,India,2023-11-29,,0
100601,Avi,Ramaswamy,,0104159149,Male,1983-09-22,Delhi,Delhi,India,2025-02-11,,0
100602,oni,Bhat,oni.bhat688@outlook.com,08723244079,Female,1993-08-17,Indore,Madhya Pradesh,India,2024-02-14,,0
100603,Deepa,Bhavsar,deepa.bhavsar535@gmail.com,03170876014,Female,1980-01-12,Hyderabad,Telangana,India,2023-01-01,,0
100604,Hiral,Keer,hiral.keer615@yahoo.com,1620223288,Female,1970-03-25,Bengaluru,Karnataka,India,2023-11-03,,0
100605,Wakeeta,Mann,wakeeta.mann224@hotmail.com,04661766204,Female,1982-07-21,Pune,Maharashtra,India,2025-04-07,,1
100606,Robert,Apte,robert.apte503@gmail.com,5277402588,Male,1970-09-24,Coimbatore,Tamil Nadu,India,2024-07-30,,0
100607,Robert,Varghese,robert.varghese901@outlook.com,+91-7244617679,Male,1992-03-30,Pune,Maharashtra,India,2025-01-21,,1
100608,Yashica,Vora,yashica.vora862@gmail.com,9961002311,Female,1984-08-02,Guwahati,Assam,India,2024-04-04,,0
100609,Wazir,Naik,wazir.naik317@hotmail.com,06109410175,Male,1989-09-22,Jaipur,Rajasthan,India,2025-09-11,,1
100610,Amruta,Ghosh,,08334774332,Female,1981-06-12,Pune,Maharashtra,India,2025-04-17,,1
100611,Zarna,Handa,zarna.handa216@outlook.com,+91-2056981528,Female,1984-06-05,Pune,Maharashtra,India,2025-01-29,,1
100612,Hemang,Som,hemang.som281@gmail.com,01766191284,Male,1965-06-16,Indore,Madhya Pradesh,India,2023-07-02,,0
100613,Yahvi,Kashyap,yahvi.kashyap898@hotmail.com,4651241893,Female,,Surat,Gujarat,India,2023-01-19,,0
100614,Yochana,Tella,yochana.tella465@outlook.com,+91-7400564350,Female,1967-04-20,Indore,Madhya Pradesh,India,2025-04-14,,0
100615,Omya,Bhatia,omya.bhatia411@gmail.com,+91-5169918724,Female,1995-05-02,Ahmedabad,Gujarat,India,2024-03-27,,0
100616,Damini,Banik,damini.banik812@hotmail.com,04300038960,Female,1987-02-18,Ahmedabad,Gujarat,India,2024-06-30,,0
100617,atharv,Ram,atharv.ram819@outlook.com,2171955356,Male,2004-09-05,Coimbatore,Tamil Nadu,India,2025-09-12,,0
100618,Jagat,Kata,jagat.kata22@yahoo.com,+91-9003010272,Male,1974-03-06,Coimbatore,Tamil Nadu,India,2024-02-03,,0
100619,Nirja,Palla,nirja.palla269@yahoo.com,+91-6711148375,Female,2003-09-13,Nagpur,Maharashtra,India,2024-08-07,,0
100620,Imaran,Sawhney,imaran.sawhney175@outlook.com,08458810569,Male,1983-12-14,Bengaluru,Karnataka,India,2024-09-17,,1
100621,Balveer,Jani,balveer.jani122@hotmail.com,01520377107,Male,2000-10-03,Nagpur,Maharashtra,India,2025-10-31,,1
100622,Krishna,Mall,krishna.mall134@hotmail.com,9670667033,Male,1978-10-27,Bhopal,Madhya Pradesh,India,2024-08-02,,1
100623,Tanveer,Walia,tanveer.walia185@hotmail.com,0954930596,Male,2002-03-03,Kolkata,West Bengal,India,2024-01-20,,0
100624,Barkha,Chopra,barkha.chopra597@outlook.com,9984267320,Female,1974-02-01,Pune,Maharashtra,India,2024-07-20,,0
100625,Mahika,Chada,mahika.chada731@yahoo.com,+91-0945449014,Female,1987-11-24,Faridabad,Haryana,India,2024-12-30,,1
100626,Naveen,Lalla,naveen.lalla954@outlook.com,00705783609,Male,2005-09-04,Delhi,Delhi,India,2024-11-05,,0
100627,Lakshit,Murthy,lakshit.murthy6@gmail.com,4723229031,Male,1992-01-13,Guwahati,Assam,India,2025-11-14,,1
100628,George,Toor,george.toor595@gmail.com,+91-0440580935,Male,1965-11-07,Chandigarh,Chandigarh,India,2025-10-14,,1
100629,Yashica,Sawhney,yashica.sawhney728@outlook.com,9561642059,Female,1998-06-12,Bengaluru,Karnataka,India,2023-02-11,,0
100630,Oliver,Reddy,oliver.reddy949@outlook.com,0250429019,Male,1970-10-06,Jaipur,Rajasthan,India,2025-10-26,,1
100631,Nirja,Vaidya,nirja.vaidya447@outlook.com,00261139898,Female,1995-11-04,Kochi,Kerala,India,2024-09-18,,0
100632,Darsh,Wable,darsh.wable194@gmail.com,5439435353,Male,1982-06-29,Nagpur,Maharashtra,India,2025-09-23,,1
100633,DALBIR,Khosla,dalbir.khosla917@gmail.com,8815793763,Male,1987-12-10,Indore,Madhya Pradesh,India,2024-06-11,,1
100634,Dev,Yogi,dev.yogi867@gmail.com,4455116682,Male,1988-04-05,Bhopal,Madhya Pradesh,India,2025-03-23,,0
100635,Hardik,Gole,hardik.gole577@outlook.com,+91-4871206021,Male,1966-12-19,Chennai,Tamil Nadu,India,2025-10-19,,0
100636,Rishi,Sami,rishi.sami427@yahoo.com,+91-1559991015,Male,2006-03-17,Coimbatore,Tamil Nadu,India,2025-04-29,,0
100637,Nilima,Sengupta,nilima.sengupta404@gmail.com,2981209957,Other,,Lucknow,Uttar Pradesh,India,2024-09-27,,0
100638,Ranveer,Nagi,ranveer.nagi465@hotmail.com,+91-7509889864,Male,,Nagpur,Maharashtra,India,2023-06-09,,1
100639,Ekantika,Rajagopalan,ekantika.rajagopalan333@hotmail.com,06849951542,Other,1966-04-21,Guwahati,Assam,India,2025-04-17,,0
100640,Laksh,Sur,laksh.sur331@outlook.com,+91-1342138820,Male,1989-05-03,Delhi,Delhi,India,2024-06-09,,1
100641,Anmol,Zacharia,anmol.zacharia246@yahoo.com,5349678274,Male,2004-09-04,Jaipur,Rajasthan,India,2024-07-15,,0
100642,Dipta,Saxena,dipta.saxena663@outlook.com,4151315285,Female,1973-11-12,Faridabad,Haryana,India,2023-11-20,,1
100643,Balhaar,Murty,balhaar.murty368@yahoo.com,+91-5380032963,Male,1992-12-07,Lucknow,Uttar Pradesh,India,2024-11-21,,0
100644,libni,Singhal,libni.singhal577@outlook.com,+91-3183061789,Female,1970-08-16,Bhopal,Madhya Pradesh,India,2025-02-20,,0
100645,Gaurav,Barad,gaurav.barad42@gmail.com,+91-3578243477,Male,1998-11-09,Indore,Madhya Pradesh,India,2023-06-02,,0
100646,shivani,Parikh,shivani.parikh298@gmail.com,04675361275,Female,1992-04-27,Bhopal,Madhya Pradesh,India,2023-07-17,,0
100647,Oscar,Rao,oscar.rao536@yahoo.com,+91-3044836085,Male,1973-03-03,Lucknow,Uttar Pradesh,India,2025-08-23,,0
100648,Nitara,Sabharwal,nitara.sabharwal423@hotmail.com,+91-0473504763,Female,1988-02-04,Kochi,Kerala,India,2024-05-22,,1
100649,Fiyaz,Wason,fiyaz.wason117@gmail.com,02980061558,Male,,Bengaluru,Karnataka,India,2023-03-17,,1
100650,Bhavika,Bawa,bhavika.bawa322@outlook.com,+91-8634255638,Female,1995-10-24,Indore,Madhya Pradesh,India,2025-06-22,,1
100651,Abha,Banik,abha.banik190@yahoo.com,0244033041,Female,1999-08-21,Chennai,Tamil Nadu,India,2023-11-04,,1
100652,Ranbir,Rattan,ranbir.rattan405@gmail.com,+91-8600892196,Male,1969-12-09,Mumbai,Maharashtra,India,2024-02-17,,1
100653,Nachiket,Naik,nachiket.naik311@hotmail.com,3149764613,Male,2007-01-09,Guwahati,Assam,India,2024-06-04,,0
100654,LIAM  ,Subramanian,liam.subramanian90@outlook.com,6581739063,Male,1982-01-27,Faridabad,Haryana,India,2023-04-14,,1
100655,Waida,Chopra,waida.chopra493@yahoo.com,+91-8237931269,Female,2000-11-03,Mumbai,Maharashtra,India,2023-08-22,,0
100656,Jackson,Bhargava,jackson.bhargava309@gmail.com,+91-2059960438,Male,1998-10-04,Kolkata,West Bengal,India,2024-10-07,,0
100657,Zaid,Munshi,,8811616202,Male,1985-07-27,Nagpur,Maharashtra,India,2023-12-16,,1
100658,Divya,Ganesan,,02872866041,Female,1981-07-07,Faridabad,Haryana,India,2023-03-13,,1
100659,Nandini,Madan,nandini.madan38@outlook.com,+91-4839589477,Female,1970-09-21,Coimbatore,Tamil Nadu,India,2023-07-10,,0
100660,ONI,Deshmukh,oni.deshmukh732@yahoo.com,+91-2271043318,Female,1982-08-17,Bhopal,Madhya Pradesh,India,2024-02-29,,1
100661,Champak,Bhat,champak.bhat120@hotmail.com,3503446945,Male,,Indore,Madhya Pradesh,India,2025-07-28,,0
100662,Tamanna,Kumar,tamanna.kumar481@yahoo.com,1342491289,Female,1991-07-26,Lucknow,Uttar Pradesh,India,2025-07-06,,0
100663,Rehaan,Narayanan,rehaan.narayanan135@hotmail.com,2033192227,Male,2002-08-05,Guwahati,Assam,India,2024-07-29,,0
100664,Neel,Brahmbhatt,neel.brahmbhatt819@hotmail.com,6754813866,Male,1997-10-05,Patna,Bihar,India,2023-11-23,,0
100665,Warjas,Pant,warjas.pant178@yahoo.com,3242687741,Male,1987-05-24,Bhopal,Madhya Pradesh,India,2025-04-14,,0
100666,Teerth,Pall,teerth.pall215@yahoo.com,3983652037,Male,1977-12-09,Lucknow,Uttar Pradesh,India,2025-03-01,,1
100667,Gunbir,Ahluwalia,gunbir.ahluwalia827@gmail.com,+91-8094047604,Male,1973-10-09,Chennai,Tamil Nadu,India,2024-08-01,,1
100668,AYUSH,Balasubramanian,ayush.balasubramanian804@outlook.com,02781050922,Male,2002-06-01,Jaipur,Rajasthan,India,2023-11-11,,0
100669,Dominic,Butala,dominic.butala724@gmail.com,05184390552,Male,2004-02-02,Kochi,Kerala,India,2025-05-20,,0
100670,Qadim,Varty,qadim.varty844@gmail.com,3824127049,Male,1970-02-24,Hyderabad,Telangana,India,2024-01-06,,1
100671,Zayyan,Rout,zayyan.rout746@yahoo.com,+91-5157919711,Male,2004-09-04,Patna,Bihar,India,2025-02-27,,0
100672,Gavin,Chadha,gavin.chadha839@outlook.com,+91-5713432406,Male,1994-07-01,Patna,Bihar,India,2024-03-08,,1
100673,Hemal,Mallick,hemal.mallick350@hotmail.com,4324474175,Female,1988-05-22,Pune,Maharashtra,India,2023-02-21,,0
100674,Priya,Virk,priya.virk772@yahoo.com,2893654358,Female,1987-02-02,Pune,Maharashtra,India,2024-06-13,,0
100675,Lipika  ,Chana,lipika.chana975@hotmail.com,4018272795,Female,1978-06-25,Indore,Madhya Pradesh,India,2024-07-06,,1
100676,Ranbir,Bandi,ranbir.bandi87@gmail.com,06755125427,Male,1986-11-10,Mumbai,Maharashtra,India,2025-04-18,,0
100677,Alka,Sarna,alka.sarna925@yahoo.com,06734595764,Female,1962-07-16,Delhi,Delhi,India,2025-09-27,,0
100678,Kamala,Tripathi,kamala.tripathi412@hotmail.com,09028249839,Female,1996-09-13,Lucknow,Uttar Pradesh,India,2023-02-09,,0
100679,Eiravati,Nath,eiravati.nath847@gmail.com,05762702324,Female,1975-05-17,Patna,Bihar,India,2025-09-20,,0
100680,George,Keer,george.keer715@hotmail.com,+91-8507251786,Male,1994-02-26,Kolkata,West Bengal,India,2025-10-13,,0
100681,Warinder,Puri,warinder.puri551@gmail.com,05265469681,Male,1977-04-06,Bengaluru,Karnataka,India,2024-10-30,,1
100682,Agastya,Kapadia,agastya.kapadia96@yahoo.com,5809961327,Male,,Lucknow,Uttar Pradesh,India,2023-11-19,,0
100683,Ijaya,Basu,ijaya.basu248@outlook.com,+91-2624467046,Female,1969-03-25,Chandigarh,Chandigarh,India,2025-03-12,,0
100684,Sneha,Varughese,sneha.varughese643@outlook.com,06025298670,Female,1983-12-12,Patna,Bihar,India,2023-10-31,,1
100685,Suhani,Sami,suhani.sami465@gmail.com,09785758512,Female,2007-09-09,Coimbatore,Tamil Nadu,India,2023-10-08,,0
100686,Zinal,Rajagopal,zinal.rajagopal359@yahoo.com,09438976074,Female,1962-07-11,Chandigarh,Chandigarh,India,2024-11-13,,0
100687,Yash,Sharma,yash.sharma108@yahoo.com,04084245607,Male,1976-03-12,Faridabad,Haryana,India,2024-05-13,,0
100688,Andrew,Choudhury,andrew.choudhury84@hotmail.com,2181227645,Male,,Indore,Madhya Pradesh,India,2025-04-29,,1
100689,Vasudha,Kohli,vasudha.kohli603@hotmail.com,05029168154,Female,1980-11-22,Kochi,Kerala,India,2025-11-02,,0
100690,Advay,Gour,advay.gour750@hotmail.com,3944988305,Male,1988-02-18,Nagpur,Maharashtra,India,2024-12-12,,0
100691,Hritik,Sarkar,hritik.sarkar712@gmail.com,09624406306,Male,1992-02-28,Ahmedabad,Gujarat,India,2025-04-02,,0
100692,Mahika,Loke,mahika.loke113@hotmail.com,0531949796,Female,1991-01-30,Hyderabad,Telangana,India,2025-06-03,,1
100693,Omya,Ramachandran,omya.ramachandran302@outlook.com,5727738264,Female,,Patna,Bihar,India,2025-06-08,,0
100694,Tamanna,Bali,tamanna.bali221@outlook.com,1385445770,Female,,Lucknow,Uttar Pradesh,India,2024-08-29,,1
100695,Faras,Ganesan,faras.ganesan493@hotmail.com,08736826911,Male,1979-08-11,Delhi,Delhi,India,2025-07-27,,1
100696,Jagvi,Choudhry,jagvi.choudhry781@yahoo.com,06536945515,Female,1984-09-21,Guwahati,Assam,India,2025-07-10,,1
100697,Rohan,Kar,rohan.kar820@gmail.com,2264085721,Male,1979-01-05,Surat,Gujarat,India,2025-10-14,,1
100698,ubika  ,Sahota,ubika.sahota754@hotmail.com,9981996059,Female,1972-08-10,Delhi,Delhi,India,2024-05-29,,0
100699,Vrishti,Chand,vrishti.chand660@gmail.com,+91-8327532735,Female,,Lucknow,Uttar Pradesh,India,2024-12-13,,0
100700,Dominic,Memon,dominic.memon769@yahoo.com,7397327819,Male,2000-10-30,Coimbatore,Tamil Nadu,India,2024-01-24,,0
100701,Gauri,Konda,gauri.konda806@outlook.com,08761648198,Female,1994-12-03,Mumbai,Maharashtra,India,2024-06-17,,0
100702,Urvashi,Srivastava,urvashi.srivastava412@outlook.com,05687611249,Female,1996-10-13,Chandigarh,Chandigarh,India,2024-10-29,,1
100703,Dayita,Gara,dayita.gara392@outlook.com,3415177345,Female,1974-10-15,Mumbai,Maharashtra,India,2025-05-03,,0
100704,Vamakshi,Narayanan,vamakshi.narayanan158@gmail.com,0228403595,Female,1994-11-16,Jaipur,Rajasthan,India,2023-10-14,,0
100705,Mitesh,Dutt,mitesh.dutt306@gmail.com,+91-2229464303,Male,1988-08-10,Mumbai,Maharashtra,India,2024-07-26,,1
100706,Ethan,Arora,ethan.arora208@gmail.com,5298585672,Male,2002-05-30,Hyderabad,Telangana,India,2023-04-05,,0
100707,Wridesh  ,Gill,wridesh.gill63@outlook.com,3433249135,Male,1984-07-21,Hyderabad,Telangana,India,2024-06-25,,1
100708,Abeer,Viswanathan,abeer.viswanathan568@outlook.com,1581488810,Male,1982-01-19,Mumbai,Maharashtra,India,2025-10-27,,0
100709,Jatin,Konda,jatin.konda457@hotmail.com,2094841312,Male,1985-09-11,Lucknow,Uttar Pradesh,India,2024-04-03,,0
100710,Azaan,Johal,azaan.johal551@yahoo.com,+91-0513717173,Male,1965-05-29,Chennai,Tamil Nadu,India,2023-03-24,,0
100711,HRITIK,Sur,hritik.sur669@outlook.com,07399704694,Male,1984-04-04,Guwahati,Assam,India,2024-04-19,,0
100712,Hema,Narasimhan,hema.narasimhan863@outlook.com,+91-3548847127,Female,1960-12-04,Faridabad,Haryana,India,2025-06-18,,0
100713,Wahab,Tandon,wahab.tandon308@gmail.com,07582313348,Male,1975-04-09,Coimbatore,Tamil Nadu,India,2024-02-29,,0
100714,Zilmil,Sodhi,zilmil.sodhi626@yahoo.com,02523622925,Female,2006-07-14,Indore,Madhya Pradesh,India,2025-02-04,,1
100715,Warjas,Saha,warjas.saha252@outlook.com,4524555746,Male,1987-08-26,Nagpur,Maharashtra,India,2023-10-11,,0
100716,Turvi,Ahluwalia,turvi.ahluwalia624@gmail.com,+91-2740334450,Female,1976-01-23,Ahmedabad,Gujarat,India,2025-09-11,,0
100717,Rayaan,Nanda,rayaan.nanda552@hotmail.com,+91-7411325797,Male,2006-04-24,Bhopal,Madhya Pradesh,India,2025-07-05,,0
100718,Arin,Ramakrishnan,arin.ramakrishnan362@gmail.com,+91-9601054857,Male,2004-12-11,Nagpur,Maharashtra,India,2024-09-08,,1
100719,Christopher,Sodhi,christopher.sodhi474@gmail.com,2949381735,Male,1988-02-08,Mumbai,Maharashtra,India,2024-02-19,,0
100720,Kalpit,Wali,kalpit.wali93@yahoo.com,05732573755,Male,1970-03-01,Patna,Bihar,India,2023-10-25,,0
100721,Leela  ,Kumer,leela.kumer288@gmail.com,+91-6670808509,Female,1981-08-07,Patna,Bihar,India,2025-07-21,,1
100722,Anamika,Thaman,anamika.thaman891@gmail.com,9511918182,Female,1998-12-11,Faridabad,Haryana,India,2025-10-18,,1
100723,Caleb,Sidhu,caleb.sidhu67@yahoo.com,7725129578,Male,1998-02-08,Guwahati,Assam,India,2025-07-23,,0
100724,UPMA,Bail,upma.bail197@outlook.com,00035624395,Female,1986-03-02,Kochi,Kerala,India,2025-05-14,,0
100725,Irya,Pant,irya.pant3@hotmail.com,04210890285,Female,2006-06-09,Chandigarh,Chandigarh,India,2023-11-22,,1
100726,Nihal,Murty,nihal.murty281@hotmail.com,+91-6433502716,Male,,Indore,Madhya Pradesh,India,2025-11-06,,0
100727,Amara,Sawhney,amara.sawhney285@gmail.com,7633691128,Female,2004-06-13,Pune,Maharashtra,India,2024-11-12,,0
100728,Darsh,Gaba,darsh.gaba756@gmail.com,05633185748,Male,1965-12-27,Coimbatore,Tamil Nadu,India,2024-10-03,,0
100729,vasatika,Babu,vasatika.babu65@outlook.com,+91-5416431670,Female,2006-04-11,Surat,Gujarat,India,2025-01-03,,1
100730,Laksh,Naik,laksh.naik254@outlook.com,2822700934,Male,1978-06-15,Surat,Gujarat,India,2024-01-17,,0
100731,Triya,Dugar,triya.dugar795@gmail.com,5120734654,Female,1990-06-19,Pune,Maharashtra,India,2025-05-20,,0
100732,Akshay,Bal,akshay.bal387@gmail.com,0869822105,Male,2003-09-05,Delhi,Delhi,India,2025-04-21,,1
100733,Charita,Saini,charita.saini309@gmail.com,8729047742,Female,,Nagpur,Maharashtra,India,2024-12-26,,1
100734,Neel,Zacharia,neel.zacharia99@hotmail.com,03238223116,Male,1974-03-01,Faridabad,Haryana,India,2025-05-02,,1
100735,Charles,Krish,charles.krish476@hotmail.com,+91-9889425652,Male,1988-06-03,Nagpur,Maharashtra,India,2025-03-17,,0
100736,Anay,Rajan,anay.rajan530@hotmail.com,0326509775,Male,,Mumbai,Maharashtra,India,2024-08-18,,0
100737,Ijaya,Ravi,ijaya.ravi653@yahoo.com,+91-8714855245,Female,1999-05-08,Kolkata,West Bengal,India,2025-05-31,,0
100738,Vinaya,Shan,vinaya.shan62@gmail.com,+91-5608213711,Other,1987-01-13,Ahmedabad,Gujarat,India,2024-08-30,,1
100739,Manbir,Date,manbir.date151@yahoo.com,1826832303,Male,1995-10-26,Coimbatore,Tamil Nadu,India,2024-11-14,,1
100740,Raagini,Vora,raagini.vora244@gmail.com,00858382521,Female,1993-04-09,Ahmedabad,Gujarat,India,2025-07-20,,1
100741,Jeevika,Doshi,jeevika.doshi805@yahoo.com,+91-6468677524,Female,1960-08-18,Kolkata,West Bengal,India,2025-06-30,,0
100742,Ladli,Muni,ladli.muni631@outlook.com,2723626693,Female,1972-07-17,Surat,Gujarat,India,2024-03-17,,0
100743,Pushti,Bobal,,9237245018,Female,1975-07-20,Bhopal,Madhya Pradesh,India,2024-03-23,,1
100744,Charan  ,Sinha,charan.sinha211@hotmail.com,9721540641,Male,1990-09-14,Surat,Gujarat,India,2024-03-25,,1
100745,Tanay,Ganguly,tanay.ganguly146@gmail.com,+91-1199537660,Male,,Chandigarh,Chandigarh,India,2025-10-19,,1
100746,Damini,Mammen,damini.mammen203@yahoo.com,6451017397,Female,1971-03-29,Mumbai,Maharashtra,India,2024-11-03,,0
100747,Teerth  ,Lata,teerth.lata201@yahoo.com,06986091919,Male,1965-03-03,Pune,Maharashtra,India,2023-02-07,,0
100748,Kashvi,Patel,kashvi.patel347@gmail.com,7798066039,Female,1969-04-15,Faridabad,Haryana,India,2025-07-13,,0
100749,Nitesh,Chaudhary,nitesh.chaudhary900@hotmail.com,05553470574,Male,1997-07-04,Kochi,Kerala,India,2025-04-08,,1
100750,Gaurika,Kadakia,gaurika.kadakia712@hotmail.com,07155983541,Female,,Chandigarh,Chandigarh,India,2024-07-22,,1
100751,Chakradev,Ravi,chakradev.ravi875@yahoo.com,4755752250,Male,1965-12-18,Guwahati,Assam,India,2024-04-24,,0
100752,Nilima,Toor,nilima.toor215@hotmail.com,06913119642,Female,1994-12-22,Ahmedabad,Gujarat,India,2024-09-12,,0
100753,Peter,Ranganathan,peter.ranganathan511@outlook.com,09153703824,Male,1961-11-17,Faridabad,Haryana,India,2024-02-18,,1
100754,Jasmit,Kanda,jasmit.kanda275@hotmail.com,00430977688,Female,2008-07-14,Bhopal,Madhya Pradesh,India,2025-03-23,,0
100755,Inaya,Sachar,inaya.sachar884@hotmail.com,+91-5465535851,Female,2006-08-08,Kolkata,West Bengal,India,2025-03-03,,0
100756,Ekani,Nagy,ekani.nagy564@outlook.com,1878519358,Female,2000-01-10,Patna,Bihar,India,2025-10-14,,0
100757,Isaac,Shroff,isaac.shroff525@hotmail.com,+91-7961208780,Male,2003-08-12,Delhi,Delhi,India,2024-04-08,,1
100758,Waida,Divan,waida.divan392@outlook.com,4097626374,Female,1986-06-16,Surat,Gujarat,India,2024-01-24,,0
100759,Max,Narayanan,max.narayanan805@gmail.com,5090591191,Male,1986-01-15,Lucknow,Uttar Pradesh,India,2023-03-26,,0
100760,Gaurika,Hayer,gaurika.hayer692@yahoo.com,01511696667,Female,1967-04-06,Surat,Gujarat,India,2024-03-31,,0
100761,Pavani  ,Goswami,pavani.goswami876@yahoo.com,07124633515,Female,1982-04-18,Guwahati,Assam,India,2025-02-01,,1
100762,Champak,Viswanathan,champak.viswanathan969@hotmail.com,+91-1208005640,Male,1999-01-06,Patna,Bihar,India,2023-04-04,,0
100763,Rachit,Boase,rachit.boase234@hotmail.com,+91-8351295927,Male,1994-07-09,Ahmedabad,Gujarat,India,2024-12-14,,1
100764,Gaurang,Tripathi,gaurang.tripathi349@hotmail.com,8144152982,Male,2003-10-28,Nagpur,Maharashtra,India,2025-02-19,,1
100765,YUVRAJ,Hans,yuvraj.hans461@hotmail.com,7181535237,Male,1969-08-26,Kolkata,West Bengal,India,2024-08-08,,1
100766,Saksham,Barman,saksham.barman830@hotmail.com,1589988683,Male,1974-03-05,Mumbai,Maharashtra,India,2025-04-30,,0
100767,Ekanta,Sem,ekanta.sem334@outlook.com,6170715879,Female,1979-04-11,Chandigarh,Chandigarh,India,2025-09-12,,0
100768,Yuvraj,Mani,yuvraj.mani391@hotmail.com,+91-1499825080,Male,1962-11-17,Surat,Gujarat,India,2025-09-14,,0
100769,nidra,Rajan,nidra.rajan655@hotmail.com,2850317235,Female,,Coimbatore,Tamil Nadu,India,2024-03-09,,1
100770,bina,Jani,bina.jani28@hotmail.com,01403526356,Female,1962-10-05,Guwahati,Assam,India,2025-06-14,,0
100771,Ekavir,Koshy,ekavir.koshy466@gmail.com,3460666437,Male,1972-10-11,Kochi,Kerala,India,2024-08-14,,1
100772,Aashi,Rana,aashi.rana133@gmail.com,1127128524,Female,2006-06-20,Chennai,Tamil Nadu,India,2023-01-16,,1
100773,Mitali,Mane,mitali.mane318@yahoo.com,+91-1631873280,Other,1983-02-14,Ahmedabad,Gujarat,India,2023-07-15,,0
100774,Chatura,Choudhury,chatura.choudhury515@yahoo.com,3695727908,Male,1997-06-02,Coimbatore,Tamil Nadu,India,2025-03-18,,0
100775,Ijaya,Kade,ijaya.kade539@yahoo.com,+91-5425730662,Female,,Faridabad,Haryana,India,2025-08-30,,1
100776,Madhav,Tiwari,madhav.tiwari662@outlook.com,00713984822,Male,1986-11-16,Bengaluru,Karnataka,India,2024-01-24,,0
100777,Nitara,Bhandari,nitara.bhandari426@yahoo.com,00925502130,Female,1978-11-29,Guwahati,Assam,India,2024-02-10,,0
100778,AYUSH,Ram,ayush.ram403@gmail.com,08107964967,Male,2004-04-21,Chennai,Tamil Nadu,India,2025-09-13,,0
100779,Jagat,Swaminathan,jagat.swaminathan683@outlook.com,07853242642,Male,1978-04-13,Chandigarh,Chandigarh,India,2024-08-11,,1
100780,Aishani,Sankaran,aishani.sankaran378@gmail.com,08362536667,Female,1995-10-26,Chandigarh,Chandigarh,India,2024-10-20,,1
100781,TRISTAN,Rama,tristan.rama519@yahoo.com,+91-8333393957,Male,1986-12-05,Jaipur,Rajasthan,India,2024-06-18,,0
100782,TARA,Prasad,tara.prasad877@hotmail.com,1874960335,Female,1987-02-04,Surat,Gujarat,India,2023-08-23,,0
100783,Gaurangi,Rajagopalan,gaurangi.rajagopalan473@hotmail.com,3692492693,Female,1967-11-05,Nagpur,Maharashtra,India,2024-12-08,,1
100784,Nitara,Sidhu,nitara.sidhu175@yahoo.com,9801110005,Female,2001-07-15,Jaipur,Rajasthan,India,2025-03-23,,1
100785,Naksh,Parikh,naksh.parikh688@gmail.com,5959775244,Male,1965-06-26,Chennai,Tamil Nadu,India,2023-03-15,,0
100786,Fariq,Doshi,fariq.doshi453@yahoo.com,02887431271,Male,1996-11-19,Delhi,Delhi,India,2024-02-29,,0
100787,ekanta,Raj,ekanta.raj707@hotmail.com,5799270795,Female,2003-02-14,Hyderabad,Telangana,India,2024-06-21,,0
100788,chaman,Pingle,chaman.pingle931@outlook.com,+91-2135415970,Female,1990-06-18,Pune,Maharashtra,India,2023-01-26,,1
100789,turvi,Gara,turvi.gara226@gmail.com,08075203447,Female,2008-06-05,Kolkata,West Bengal,India,2023-05-13,,0
100790,Pahal,Baria,pahal.baria525@hotmail.com,+91-0290904637,Female,1978-11-08,Delhi,Delhi,India,2024-04-09,,1
100791,Anita,Madan,anita.madan962@hotmail.com,6525483744,Female,,Chandigarh,Chandigarh,India,2025-08-21,,0
100792,Chakrika,Sengupta,chakrika.sengupta399@gmail.com,+91-0213125129,Female,1999-01-31,Surat,Gujarat,India,2023-12-01,,0
100793,Caleb,Borra,caleb.borra907@gmail.com,+91-2975191023,Male,2004-09-04,Delhi,Delhi,India,2024-01-04,,1
100794,Banjeet,Grewal,banjeet.grewal258@yahoo.com,03016583737,Male,1989-09-03,Chandigarh,Chandigarh,India,2025-01-31,,0
100795,Girik,Singh,girik.singh180@outlook.com,0123428931,Male,1994-05-08,Ahmedabad,Gujarat,India,2024-04-15,,0
100796,Bishakha,Guha,bishakha.guha624@gmail.com,+91-9496843645,Female,1995-11-30,Surat,Gujarat,India,2024-03-09,,1
100797,Aarush,Krishnamurthy,aarush.krishnamurthy22@yahoo.com,7509617015,Male,1988-11-04,Mumbai,Maharashtra,India,2025-04-04,,0
100798,Radhika,Bhatti,radhika.bhatti62@gmail.com,5747583392,Female,1962-08-30,Guwahati,Assam,India,2025-07-09,,1
100799,Qushi,Rout,qushi.rout757@hotmail.com,7722660256,Female,,Pune,Maharashtra,India,2024-06-18,,1
100800,Falan,Ratta,falan.ratta769@outlook.com,2310672453,Male,1961-08-27,Indore,Madhya Pradesh,India,2024-05-13,,0
100801,Rohan,Dutt,rohan.dutt623@yahoo.com,9766270511,Male,,Pune,Maharashtra,India,2025-04-12,,0
100802,Neel,Sood,neel.sood977@gmail.com,3670425496,Male,1989-12-21,Bhopal,Madhya Pradesh,India,2023-08-10,,1
100803,Eiravati,Wagle,eiravati.wagle242@yahoo.com,+91-7107563353,Female,2004-04-19,Coimbatore,Tamil Nadu,India,2023-04-13,,1
100804,Naksh,Soni,naksh.soni621@yahoo.com,+91-2593993379,Male,1983-02-28,Indore,Madhya Pradesh,India,2025-09-20,,1
100805,Aditya,Munshi,aditya.munshi974@gmail.com,5187794176,Male,1997-12-05,Bhopal,Madhya Pradesh,India,2024-07-05,,0
100806,Manya,Dhar,manya.dhar840@yahoo.com,00559782457,Female,2007-11-28,Indore,Madhya Pradesh,India,2023-05-13,,0
100807,Irya,Guha,irya.guha567@yahoo.com,+91-8843660443,Female,1967-07-12,Lucknow,Uttar Pradesh,India,2024-12-15,,0
100808,Advik,Balakrishnan,advik.balakrishnan74@hotmail.com,2768297514,Male,,Guwahati,Assam,India,2023-08-26,,0
100809,Vasatika,Majumdar,vasatika.majumdar504@outlook.com,2501058752,Female,1975-09-30,Kochi,Kerala,India,2025-03-07,,1
100810,Riya,Bal,riya.bal419@gmail.com,9045990802,Female,1984-06-14,Lucknow,Uttar Pradesh,India,2025-07-29,,1
100811,Bahadurjit,Dey,bahadurjit.dey790@outlook.com,+91-5516517680,Male,1985-10-18,Indore,Madhya Pradesh,India,2025-02-20,,0
100812,Rudra,Dubey,rudra.dubey949@hotmail.com,+91-1433080037,Male,1962-08-25,Delhi,Delhi,India,2025-07-02,,1
100813,Imaran,Kaul,imaran.kaul268@yahoo.com,6608470681,Male,1962-07-16,Mumbai,Maharashtra,India,2025-11-13,,0
100814,Anita,Joshi,anita.joshi120@gmail.com,09582632809,Female,1974-02-13,Chennai,Tamil Nadu,India,2025-03-18,,1
100815,Ridhi,Vaidya,ridhi.vaidya898@yahoo.com,3546147079,Female,2007-01-24,Bengaluru,Karnataka,India,2024-05-21,,1
100816,Samaksh,Jayaraman,samaksh.jayaraman752@outlook.com,03943945703,Male,1987-10-27,Faridabad,Haryana,India,2024-03-08,,1
100817,Jonathan,Kalla,jonathan.kalla276@yahoo.com,5376576927,Male,1983-08-30,Patna,Bihar,India,2023-07-06,,1
100818,Mekhala,Kothari,mekhala.kothari100@gmail.com,+91-0040476921,Female,1963-03-08,Bhopal,Madhya Pradesh,India,2024-01-29,,1
100819,Janaki,Halder,janaki.halder384@yahoo.com,+91-0401424731,Female,2004-09-29,Chennai,Tamil Nadu,India,2025-11-20,,0
100820,Alexander,Soni,alexander.soni191@yahoo.com,09844097123,Male,1963-09-28,Coimbatore,Tamil Nadu,India,2025-02-28,,1
100821,Ranbir,Balan,ranbir.balan642@hotmail.com,+91-0901447340,Male,1992-10-31,Indore,Madhya Pradesh,India,2024-01-14,,0
100822,Girindra,Keer,girindra.keer66@outlook.com,+91-8730451957,Male,2000-01-03,Hyderabad,Telangana,India,2023-09-09,,1
100823,Gautami,Prakash,gautami.prakash770@outlook.com,05562965754,Female,1967-09-13,Delhi,Delhi,India,2025-08-08,,1
100824,Yachana,Reddy,yachana.reddy618@hotmail.com,2557782058,Female,2004-09-09,Mumbai,Maharashtra,India,2024-05-11,,0
100825,Elijah,Om,elijah.om345@hotmail.com,06161880819,Male,1960-10-21,Guwahati,Assam,India,2025-06-29,,1
100826,Gayathri,Karan,gayathri.karan626@hotmail.com,5868639561,Female,1971-06-14,Faridabad,Haryana,India,2023-09-06,,1
100827,Utkarsh,Dugal,utkarsh.dugal27@yahoo.com,7214364381,Male,2006-04-15,Faridabad,Haryana,India,2024-10-31,,1
100828,Ikshita,Bajwa,ikshita.bajwa634@hotmail.com,+91-1147165609,Female,,Patna,Bihar,India,2023-01-06,,0
100829,NETRA,Oza,netra.oza649@gmail.com,09799070755,Female,1962-02-07,Surat,Gujarat,India,2024-05-21,,0
100830,Vritti,Rajagopal,vritti.rajagopal410@hotmail.com,5706071748,Female,1965-01-11,Guwahati,Assam,India,2024-10-01,,0
100831,Jason,Chandra,jason.chandra752@gmail.com,00548739610,Male,1993-06-08,Bhopal,Madhya Pradesh,India,2025-06-01,,0
100832,akshay,Toor,akshay.toor131@gmail.com,06804918727,Male,1974-09-11,Kochi,Kerala,India,2024-06-11,,0
100833,Gautami,Baral,gautami.baral918@yahoo.com,+91-1377306260,Female,1975-02-14,Nagpur,Maharashtra,India,2025-04-07,,0
100834,JASMIT,Oak,jasmit.oak446@gmail.com,01222990775,Female,1998-09-28,Bengaluru,Karnataka,India,2025-10-16,,1
100835,Tanveer,Bail,tanveer.bail737@yahoo.com,07046861114,Male,2002-09-30,Jaipur,Rajasthan,India,2025-08-24,,0
100836,Rachita,Soman,rachita.soman93@hotmail.com,2192378584,Female,1983-07-21,Chandigarh,Chandigarh,India,2024-05-26,,1
100837,George,Sachdev,george.sachdev387@outlook.com,04260508018,Male,1992-07-29,Bengaluru,Karnataka,India,2024-02-12,,1
100838,Zilmil,Andra,zilmil.andra229@yahoo.com,3377731268,Female,1991-01-06,Indore,Madhya Pradesh,India,2023-04-21,,0
100839,Balendra,Dhingra,balendra.dhingra587@gmail.com,01923653460,Male,,Kolkata,West Bengal,India,2025-08-11,,1
100840,Tarak,Basak,tarak.basak868@yahoo.com,06793279862,Male,1972-03-13,Delhi,Delhi,India,2023-11-13,,0
100841,Yoshita,Mani,yoshita.mani110@yahoo.com,+91-6181205464,Female,1982-11-28,Ahmedabad,Gujarat,India,2024-06-30,,1
100842,Panini,Mitter,panini.mitter697@hotmail.com,7698999275,Female,1964-12-24,Pune,Maharashtra,India,2024-11-01,,1
100843,Wishi,Oommen,wishi.oommen317@outlook.com,4983553935,Female,2007-04-15,Delhi,Delhi,India,2025-06-27,,1
100844,Gopal,Nayak,gopal.nayak299@hotmail.com,06392435885,Male,1970-06-05,Kolkata,West Bengal,India,2025-06-22,,1
100845,Vihaan,Venkatesh,vihaan.venkatesh718@yahoo.com,05275367497,Male,1986-05-29,Kolkata,West Bengal,India,2025-02-27,,0
100846,Elijah,Kumar,elijah.kumar23@yahoo.com,+91-6013477894,Male,1985-02-22,Lucknow,Uttar Pradesh,India,2025-07-21,,0
100847,Shivansh,Issac,shivansh.issac541@gmail.com,07665122150,Male,1962-08-01,Faridabad,Haryana,India,2025-03-30,,0
100848,Bakhshi,Mall,bakhshi.mall332@yahoo.com,03090015944,Male,1981-03-30,Hyderabad,Telangana,India,2024-02-09,,1
100849,Jack,Kannan,jack.kannan592@yahoo.com,2089532638,Male,1990-03-12,Nagpur,Maharashtra,India,2023-08-14,,0
100850,Gaurika,Chand,gaurika.chand371@gmail.com,+91-3633792234,Female,1965-10-07,Kolkata,West Bengal,India,2025-07-10,,0
100851,Jagdish,Morar,jagdish.morar949@yahoo.com,+91-1167726960,Male,1986-08-05,Indore,Madhya Pradesh,India,2024-06-07,,1
100852,Laban,Jha,laban.jha608@outlook.com,05078967935,Male,1967-07-20,Kochi,Kerala,India,2024-11-17,,0
100853,Brinda,Purohit,brinda.purohit310@hotmail.com,+91-5643436970,Female,1993-07-25,Faridabad,Haryana,India,2025-02-26,,1
100854,Keya,Bhattacharyya,keya.bhattacharyya886@hotmail.com,+91-5607676164,Female,,Bengaluru,Karnataka,India,2024-06-14,,1
100855,Priya  ,Karnik,priya.karnik125@gmail.com,+91-3989830650,Female,1997-02-15,Hyderabad,Telangana,India,2025-03-31,,1
100856,chakradev,Dutt,chakradev.dutt281@hotmail.com,+91-4724264236,Male,1975-07-27,Coimbatore,Tamil Nadu,India,2024-02-03,,0
100857,Bahadurjit,Kata,bahadurjit.kata586@outlook.com,08762303911,Male,1997-09-16,Indore,Madhya Pradesh,India,2025-10-18,,1
100858,Krish,Gola,krish.gola404@gmail.com,02823052480,Male,1984-08-28,Faridabad,Haryana,India,2024-07-13,,0
100859,Ayush,Ramesh,ayush.ramesh772@gmail.com,03959473721,Male,1994-11-09,Coimbatore,Tamil Nadu,India,2025-02-14,,0
100860,Gaurika,Basak,gaurika.basak569@gmail.com,7876886878,Female,1977-08-08,Chennai,Tamil Nadu,India,2025-01-23,,0
100861,tanmayi,Krishnamurthy,tanmayi.krishnamurthy872@outlook.com,2031954196,Female,1978-12-23,Bengaluru,Karnataka,India,2025-06-24,,1
100862,Mason,Prakash,mason.prakash968@hotmail.com,6279246320,Male,2003-11-02,Chennai,Tamil Nadu,India,2024-01-09,,0
100863,Theodore,Krishnan,theodore.krishnan144@hotmail.com,+91-7260321450,Male,1977-06-09,Lucknow,Uttar Pradesh,India,2025-06-12,,1
100864,Reyansh,Sant,reyansh.sant705@yahoo.com,7071553482,Male,1961-02-21,Chandigarh,Chandigarh,India,2024-01-29,,1
100865,Chandresh,Dhingra,chandresh.dhingra617@yahoo.com,3850765975,Male,1990-06-16,Kolkata,West Bengal,India,2023-09-28,,0
100866,Lucky,Pillai,lucky.pillai267@outlook.com,+91-8089812657,Male,1995-09-21,Chandigarh,Chandigarh,India,2025-01-17,,0
100867,Kiaan,Dhawan,kiaan.dhawan549@yahoo.com,4630040236,Male,1987-12-09,Indore,Madhya Pradesh,India,2024-02-21,,1
100868,Turvi,Doshi,turvi.doshi430@yahoo.com,02047137271,Female,1964-06-14,Patna,Bihar,India,2023-06-05,,1
100869,Veda,Oommen,veda.oommen277@gmail.com,+91-8855829849,Female,1997-12-21,Pune,Maharashtra,India,2024-08-13,,1
100870,Jason  ,Kara,jason.kara797@outlook.com,8476094412,Male,1987-04-03,Patna,Bihar,India,2025-09-29,,0
100871,Januja,Kothari,januja.kothari975@hotmail.com,5666954132,Female,1990-07-09,Pune,Maharashtra,India,2024-06-18,,0
100872,Bhavini,Murthy,bhavini.murthy542@gmail.com,2670551437,Female,2002-10-23,Bhopal,Madhya Pradesh,India,2025-11-05,,1
100873,Xalak,Randhawa,xalak.randhawa326@yahoo.com,3925295961,Female,1965-06-11,Delhi,Delhi,India,2023-08-03,,1
100874,Chakrika,Anand,chakrika.anand489@hotmail.com,+91-0072024559,Female,1964-10-24,Chandigarh,Chandigarh,India,2024-02-24,,0
100875,fitan,Mukherjee,fitan.mukherjee582@hotmail.com,09032671494,Male,1990-02-25,Ahmedabad,Gujarat,India,2024-04-30,,0
100876,Zansi,Bora,zansi.bora724@hotmail.com,9428179340,Female,1979-06-30,Pune,Maharashtra,India,2023-10-30,,1
100877,pallavi,Gaba,pallavi.gaba313@yahoo.com,4663453372,Female,1994-05-15,Indore,Madhya Pradesh,India,2023-09-10,,0
100878,anita,Buch,anita.buch748@gmail.com,+91-2214559376,Female,1980-04-15,Bengaluru,Karnataka,India,2023-01-22,,1
100879,Matthew,Kadakia,matthew.kadakia986@gmail.com,03510046277,Male,1992-03-18,Bhopal,Madhya Pradesh,India,2025-10-26,,1
100880,Rushil  ,Naik,,02024617520,Male,2003-01-21,Chandigarh,Chandigarh,India,2024-06-13,,0
100881,Jagdish,Varghese,jagdish.varghese251@outlook.com,00055955017,Male,1997-08-25,Chandigarh,Chandigarh,India,2024-08-08,,0
100882,Yamini,Jaggi,yamini.jaggi622@gmail.com,06899936079,Female,1986-11-16,Guwahati,Assam,India,2025-03-12,,1
100883,Vedant,Basu,vedant.basu376@gmail.com,07679935937,Male,1973-04-26,Chennai,Tamil Nadu,India,2025-04-05,,1
100884,Anjali,Karnik,anjali.karnik347@gmail.com,+91-8303736060,Female,2006-08-17,Patna,Bihar,India,2025-08-11,,1
100885,MAHIKA,Wason,mahika.wason301@hotmail.com,+91-9079388413,Female,2005-01-16,Lucknow,Uttar Pradesh,India,2025-09-29,,1
100886,Saumya,Narasimhan,saumya.narasimhan958@gmail.com,+91-5370124244,Female,1980-07-23,Kochi,Kerala,India,2024-03-05,,0
100887,Tanay,Jani,tanay.jani363@outlook.com,08811210314,Male,,Surat,Gujarat,India,2025-08-31,,0
100888,Gaurav,Comar,gaurav.comar203@hotmail.com,7817941515,Male,1969-01-29,Indore,Madhya Pradesh,India,2023-10-06,,0
100889,Girindra,Krishna,girindra.krishna232@outlook.com,5288375056,Male,1998-08-30,Ahmedabad,Gujarat,India,2025-08-30,,0
100890,Tarak,Chawla,tarak.chawla450@gmail.com,9791378765,Male,,Jaipur,Rajasthan,India,2023-10-21,,0
100891,Qarin,Issac,qarin.issac195@gmail.com,+91-9505560571,Male,,Kolkata,West Bengal,India,2025-10-27,,1
100892,Ekalinga,Char,ekalinga.char983@hotmail.com,+91-7885190534,Male,1986-05-24,Kolkata,West Bengal,India,2024-08-05,,0
100893,Unnati,Memon,unnati.memon770@outlook.com,+91-4624561851,Female,1984-07-12,Ahmedabad,Gujarat,India,2023-01-15,,1
100894,Mason,Ray,mason.ray113@yahoo.com,2899151145,Male,,Faridabad,Haryana,India,2024-01-09,,0
100895,Nitara  ,Dasgupta,nitara.dasgupta695@gmail.com,+91-0448818984,Female,2004-02-12,Pune,Maharashtra,India,2025-03-02,,0
100896,Manthan,Chaudhry,manthan.chaudhry85@hotmail.com,5402119017,Male,1962-08-27,Lucknow,Uttar Pradesh,India,2025-10-26,,0
100897,Pranit,Ravi,pranit.ravi718@outlook.com,3152291073,Male,1995-08-05,Hyderabad,Telangana,India,2024-07-16,,0
100898,Dev,Gara,dev.gara194@yahoo.com,+91-4937830639,Male,1992-08-15,Kochi,Kerala,India,2023-09-26,,1
100899,Inaya,Wable,inaya.wable197@outlook.com,+91-9443916497,Female,,Delhi,Delhi,India,2024-04-16,,1
100900,Aadi,Contractor,aadi.contractor717@outlook.com,2913203301,Male,1993-06-13,Indore,Madhya Pradesh,India,2025-05-16,,0
100901,Ekalinga,Kamdar,ekalinga.kamdar113@outlook.com,1061537221,Male,2002-04-25,Delhi,Delhi,India,2024-04-10,,0
100902,Nicholas,Roy,,3653377460,Male,1972-09-18,Delhi,Delhi,India,2023-05-18,,1
100903,Tarak,Sheth,tarak.sheth442@gmail.com,3614244260,Male,1983-04-30,Guwahati,Assam,India,2024-02-27,,0
100904,Zilmil,Bhattacharyya,zilmil.bhattacharyya340@yahoo.com,03476427372,Female,1961-06-08,Mumbai,Maharashtra,India,2024-08-02,,0
100905,jacob,Sunder,jacob.sunder216@outlook.com,8414846019,Male,2006-07-22,Pune,Maharashtra,India,2023-05-20,,0
100906,Damyanti,Khurana,damyanti.khurana198@yahoo.com,9827802058,Female,1980-10-04,Delhi,Delhi,India,2023-11-24,,0
100907,PANINI,Agarwal,panini.agarwal547@yahoo.com,4493699951,Female,1978-11-06,Bhopal,Madhya Pradesh,India,2025-06-10,,0
100908,Guneet,Konda,guneet.konda917@outlook.com,8573680119,Male,2003-08-14,Chandigarh,Chandigarh,India,2023-04-29,,0
100909,Jack,Roy,jack.roy171@gmail.com,1187233351,Male,1962-05-15,Kochi,Kerala,India,2025-10-16,,0
100910,Abdul,Rege,abdul.rege507@hotmail.com,01539114983,Male,1962-09-25,Kolkata,West Bengal,India,2025-02-10,,0
100911,Lakshit,Ganesh,lakshit.ganesh411@hotmail.com,5118939406,Male,1994-01-14,Faridabad,Haryana,India,2025-08-07,,0
100912,Rachana,Sethi,rachana.sethi516@hotmail.com,0432230233,Female,1970-02-06,Mumbai,Maharashtra,India,2023-07-22,,0
100913,Neelima,Sharma,neelima.sharma176@gmail.com,0135462127,Female,1978-10-05,Chandigarh,Chandigarh,India,2023-01-23,,1
100914,harinakshi,Prasad,harinakshi.prasad277@yahoo.com,02312616324,Female,1994-11-14,Jaipur,Rajasthan,India,2023-01-13,,0
100915,Nitesh,Sethi,nitesh.sethi665@gmail.com,9745493036,Male,1974-10-19,Hyderabad,Telangana,India,2024-02-27,,1
100916,Vidhi,Chand,vidhi.chand740@outlook.com,8187692082,Female,1986-06-27,Chandigarh,Chandigarh,India,2024-11-15,,0
100917,Kala  ,Date,kala.date225@outlook.com,1388158814,Female,1973-02-23,Mumbai,Maharashtra,India,2025-03-22,,0
100918,Ekanta,Gokhale,ekanta.gokhale740@gmail.com,+91-1829716815,Female,1982-09-26,Coimbatore,Tamil Nadu,India,2024-01-17,,0
100919,Manya,Nazareth,manya.nazareth837@yahoo.com,1529113717,Female,1998-03-24,Chandigarh,Chandigarh,India,2024-01-11,,1
100920,Ria,Bhandari,ria.bhandari457@yahoo.com,6184442182,Female,1989-06-06,Faridabad,Haryana,India,2024-10-14,,0
100921,William,Mani,william.mani190@hotmail.com,+91-8905670867,Male,1961-11-15,Chennai,Tamil Nadu,India,2023-06-28,,0
100922,Aryan,Agate,aryan.agate318@gmail.com,1584826691,Male,,Lucknow,Uttar Pradesh,India,2024-08-29,,0
100923,Jacob,Sachar,jacob.sachar252@hotmail.com,+91-5054296080,Male,1990-08-12,Bengaluru,Karnataka,India,2025-02-19,,0
100924,Avni,Ray,avni.ray387@gmail.com,7950982210,Female,1973-06-20,Mumbai,Maharashtra,India,2023-03-17,,1
100925,Arunima  ,Das,arunima.das789@yahoo.com,+91-8044287738,Female,1969-12-01,Ahmedabad,Gujarat,India,2025-10-16,,0
100926,Ijaya,Wadhwa,ijaya.wadhwa874@outlook.com,+91-1269428946,Female,1974-11-24,Hyderabad,Telangana,India,2024-08-24,,0
100927,Advaith,Kibe,advaith.kibe340@outlook.com,+91-3144170646,Male,1968-02-18,Chennai,Tamil Nadu,India,2023-11-17,,1
100928,Ridhi,Mannan,ridhi.mannan106@gmail.com,05582430176,Female,,Mumbai,Maharashtra,India,2024-11-12,,1
100929,Mitesh,Sabharwal,mitesh.sabharwal233@gmail.com,+91-8031538882,Male,2000-06-21,Pune,Maharashtra,India,2025-09-21,,0
100930,Manya,Narula,manya.narula504@gmail.com,5040433335,Female,1969-12-09,Faridabad,Haryana,India,2025-08-30,,1
100931,Zansi,Kurian,zansi.kurian122@outlook.com,1119787180,Female,1989-09-21,Guwahati,Assam,India,2023-08-02,,1
100932,Ira,Khosla,ira.khosla615@outlook.com,06530601198,Female,1984-06-14,Indore,Madhya Pradesh,India,2025-07-17,,1
100933,Nihal,Ramachandran,nihal.ramachandran897@outlook.com,+91-0230091561,Male,1987-01-01,Lucknow,Uttar Pradesh,India,2024-02-04,,1
100934,Abeer,Konda,abeer.konda883@gmail.com,+91-4916093659,Male,1998-08-19,Bengaluru,Karnataka,India,2023-09-08,,1
100935,Ekani,Bhardwaj,ekani.bhardwaj116@gmail.com,4184336875,Female,2000-11-02,Bhopal,Madhya Pradesh,India,2024-01-28,,1
100936,Ekaraj,Reddy,ekaraj.reddy362@hotmail.com,+91-8213745561,Male,1965-01-14,Chennai,Tamil Nadu,India,2025-03-06,,1
100937,Andrew,Menon,andrew.menon822@yahoo.com,5376660811,Male,1996-06-08,Surat,Gujarat,India,2024-02-17,,0
100938,Unni,Badami,unni.badami394@yahoo.com,+91-5669106271,Female,1975-12-28,Bhopal,Madhya Pradesh,India,2025-11-09,,0
100939,Jagvi,Chaudhry,jagvi.chaudhry241@gmail.com,00688269177,Female,1980-12-26,Pune,Maharashtra,India,2025-11-14,,0
100940,Ekbal,Kade,ekbal.kade62@gmail.com,03480873543,Male,1983-07-03,Ahmedabad,Gujarat,India,2025-11-24,,0
100941,Ekansh,Reddy,ekansh.reddy856@yahoo.com,00157090859,Male,1988-06-29,Nagpur,Maharashtra,India,2025-01-16,,1
100942,Bhavini  ,Mann,bhavini.mann121@yahoo.com,9269996996,Female,2002-05-09,Delhi,Delhi,India,2025-04-06,,0
100943,Neelima,Shan,neelima.shan719@gmail.com,+91-9693259140,Female,1997-09-06,Patna,Bihar,India,2024-02-02,,0
100944,nilima,Hayer,nilima.hayer145@outlook.com,+91-4266980690,Female,2008-02-19,Ahmedabad,Gujarat,India,2025-11-14,,0
100945,Warjas,Dubey,warjas.dubey762@hotmail.com,07234838935,Male,1992-10-12,Chennai,Tamil Nadu,India,2025-05-13,,1
100946,radhika,Kohli,radhika.kohli294@gmail.com,+91-0561299650,Female,1986-12-23,Nagpur,Maharashtra,India,2024-11-23,,0
100947,Ethan,Ravi,ethan.ravi406@gmail.com,04186965613,Male,1961-04-30,Chennai,Tamil Nadu,India,2023-08-03,,0
100948,Warda,Sandhu,warda.sandhu727@outlook.com,9514346823,Female,1988-10-25,Coimbatore,Tamil Nadu,India,2024-02-05,,0
100949,Nachiket,Upadhyay,nachiket.upadhyay411@yahoo.com,3008696610,Male,1966-03-21,Ahmedabad,Gujarat,India,2024-04-09,,1
100950,Sara,Thakur,sara.thakur489@hotmail.com,00016809414,Female,1990-11-05,Bengaluru,Karnataka,India,2024-03-14,,0
100951,bina,Nagy,bina.nagy277@yahoo.com,+91-9762053440,Female,,Indore,Madhya Pradesh,India,2025-01-19,,0
100952,Yachana,Sastry,yachana.sastry555@yahoo.com,7266292508,Female,1998-12-13,Lucknow,Uttar Pradesh,India,2025-05-28,,1
100953,Xalak,Som,xalak.som247@gmail.com,+91-1406884133,Female,1970-05-05,Kolkata,West Bengal,India,2023-12-02,,0
100954,Jack,Chakraborty,jack.chakraborty323@gmail.com,05617817032,Male,1993-02-27,Delhi,Delhi,India,2023-12-08,,1
100955,Balveer,Gade,balveer.gade323@yahoo.com,08527789561,Male,1969-10-01,Kochi,Kerala,India,2025-01-01,,1
100956,Udarsh,Borde,udarsh.borde515@gmail.com,+91-0295026480,Male,2007-04-28,Indore,Madhya Pradesh,India,2023-11-21,,0
100957,Charvi,Sankar,charvi.sankar166@outlook.com,04167812778,Female,1968-10-15,Delhi,Delhi,India,2024-04-10,,0
100958,Girik,Borde,girik.borde788@yahoo.com,+91-8213486298,Male,1976-12-09,Kolkata,West Bengal,India,2025-01-05,,0
100959,Yatan,Sarma,yatan.sarma459@outlook.com,1828560539,Male,1996-08-16,Kochi,Kerala,India,2025-03-19,,1
100960,Alka,Tailor,alka.tailor214@yahoo.com,07067368205,Female,1997-04-23,Faridabad,Haryana,India,2025-09-19,,1
100961,Raghav,Zachariah,raghav.zachariah147@gmail.com,05216505871,Male,1993-07-30,Hyderabad,Telangana,India,2023-02-22,,0
100962,Tanmayi,Doctor,tanmayi.doctor466@gmail.com,5967908984,Female,1971-11-26,Bhopal,Madhya Pradesh,India,2023-09-24,,1
100963,Mitali,Babu,mitali.babu184@gmail.com,09386948424,Female,2002-12-21,Bengaluru,Karnataka,India,2025-11-14,,1
100964,Om,Vala,om.vala963@yahoo.com,7887071523,Male,2003-08-01,Nagpur,Maharashtra,India,2025-07-04,,1
100965,Sai,Sem,sai.sem452@yahoo.com,09746191779,Male,1986-02-27,Guwahati,Assam,India,2025-05-11,,0
100966,Rehaan,Doctor,rehaan.doctor270@hotmail.com,2589370858,Male,,Kochi,Kerala,India,2023-11-08,,1
100967,Aadi,Rastogi,aadi.rastogi159@gmail.com,0566957900,Male,,Pune,Maharashtra,India,2025-08-03,,0
100968,Diya,Ganesh,diya.ganesh686@hotmail.com,+91-4286796325,Female,2000-04-13,Faridabad,Haryana,India,2025-04-04,,0
100969,Manan,Grewal,manan.grewal750@yahoo.com,6338915624,Male,1964-06-07,Bengaluru,Karnataka,India,2024-08-20,,0
100970,Omisha,Grover,omisha.grover351@outlook.com,06292693358,Female,1989-10-17,Bengaluru,Karnataka,India,2023-07-14,,0
100971,Reva,Chaudry,reva.chaudry972@yahoo.com,5078468509,Female,1975-12-29,Delhi,Delhi,India,2025-03-16,,1
100972,Widisha,Mani,widisha.mani959@gmail.com,09189117972,Female,1962-11-12,Faridabad,Haryana,India,2025-10-02,,0
100973,Ojas,Keer,ojas.keer277@hotmail.com,6415471553,Male,1965-10-04,Mumbai,Maharashtra,India,2023-04-08,,1
100974,Gabriel,Pau,gabriel.pau538@hotmail.com,1367500942,Male,1994-01-28,Nagpur,Maharashtra,India,2025-07-26,,1
100975,Chatura,Mander,chatura.mander987@outlook.com,7698198780,Male,1989-08-28,Indore,Madhya Pradesh,India,2025-11-13,,1
100976,Dominic,Sridhar,dominic.sridhar364@hotmail.com,08856225866,Male,1963-06-01,Chennai,Tamil Nadu,India,2025-01-03,,0
100977,Omaja,Toor,omaja.toor741@gmail.com,4227585485,Female,1995-10-16,Kolkata,West Bengal,India,2025-05-19,,1
100978,Udyati,Patla,udyati.patla155@gmail.com,+91-8249116502,Female,2005-05-17,Surat,Gujarat,India,2023-10-17,,0
100979,Aarush,Baral,aarush.baral534@outlook.com,03132155130,Male,1976-02-29,Indore,Madhya Pradesh,India,2025-01-15,,0
100980,Warda,Bandi,warda.bandi38@gmail.com,+91-4448896699,Female,2008-05-18,Coimbatore,Tamil Nadu,India,2023-07-09,,0
100981,Xalak,Dhawan,xalak.dhawan357@yahoo.com,+91-4620258254,Female,1970-08-26,Faridabad,Haryana,India,2025-06-16,,1
100982,Bhavya,Vora,bhavya.vora310@gmail.com,03123920491,Female,1963-06-12,Patna,Bihar,India,2025-03-14,,1
100983,Aarna,Chana,aarna.chana421@hotmail.com,+91-3875082768,Female,1994-07-05,Nagpur,Maharashtra,India,2024-07-08,,0
100984,Vedant,Goel,vedant.goel439@hotmail.com,4584726290,Male,1976-03-26,Chennai,Tamil Nadu,India,2025-09-20,,0
100985,Chakradev,Vaidya,chakradev.vaidya719@outlook.com,01608271721,Male,1982-07-23,Indore,Madhya Pradesh,India,2025-09-29,,0
100986,Janaki,Issac,,0522299936,Female,2002-12-05,Hyderabad,Telangana,India,2023-06-11,,0
100987,Chandresh,Sane,chandresh.sane649@gmail.com,8232553983,Male,1975-12-25,Chandigarh,Chandigarh,India,2024-10-18,,1
100988,Mitesh,Loke,mitesh.loke565@hotmail.com,+91-2643095449,Male,1999-07-13,Pune,Maharashtra,India,2025-05-20,,1
100989,Yahvi  ,Dada,yahvi.dada930@hotmail.com,00292712053,Female,1992-08-12,Nagpur,Maharashtra,India,2023-03-07,,0
100990,Upadhriti,Vyas,upadhriti.vyas275@outlook.com,02988322012,Other,1998-09-08,Pune,Maharashtra,India,2025-10-31,,1
100991,RUSHIL,Bhagat,rushil.bhagat922@gmail.com,8797888975,Male,1993-06-04,Pune,Maharashtra,India,2024-07-19,,0
100992,Ria,Varkey,ria.varkey344@outlook.com,+91-0304436199,Female,1976-01-04,Kochi,Kerala,India,2025-04-30,,1
100993,Veda,Bhavsar,veda.bhavsar849@hotmail.com,+91-0292950143,Female,1983-07-22,Guwahati,Assam,India,2025-04-26,,1
100994,Gopal,Bhandari,gopal.bhandari926@hotmail.com,7139719126,Male,1962-12-08,Chennai,Tamil Nadu,India,2025-07-23,,0
100995,Faqid,Doshi,faqid.doshi864@hotmail.com,07201911166,Male,1965-08-18,Hyderabad,Telangana,India,2024-02-12,,1
100996,Hemangini  ,Barman,hemangini.barman27@gmail.com,+91-8733930493,Female,1981-04-28,Bengaluru,Karnataka,India,2024-02-14,,1
100997,Pahal,Joshi,pahal.joshi26@hotmail.com,+91-1242114086,Female,1990-08-18,Bengaluru,Karnataka,India,2025-06-28,,0
100998,Ekaraj,Nazareth,ekaraj.nazareth305@yahoo.com,04620935561,Male,1999-07-08,Pune,Maharashtra,India,2023-11-09,,0
100999,Aadi,Kala,aadi.kala282@gmail.com,0137124365,Male,1986-12-31,Jaipur,Rajasthan,India,2025-08-27,,1
101000,Qadim,Ram,qadim.ram950@hotmail.com,1202706159,Male,1968-05-21,Hyderabad,Telangana,India,2024-04-22,,0
101001,Kala  ,Talwar,kala.talwar935@outlook.com,+91-7166906322,Female,,Bhopal,Madhya Pradesh,India,2024-04-11,,1
101002,Lohit,Wali,lohit.wali704@yahoo.com,+91-2034030109,Male,1978-01-17,Bengaluru,Karnataka,India,2024-08-25,,1
101003,Tanmayi,Taneja,tanmayi.taneja926@gmail.com,+91-9157955462,Female,2006-01-04,Lucknow,Uttar Pradesh,India,2024-07-25,,0
101004,LADLI,Srinivasan,ladli.srinivasan629@hotmail.com,+91-0108018103,Female,1961-11-22,Patna,Bihar,India,2025-10-08,,0
101005,Samuel,Karpe,samuel.karpe549@gmail.com,2680808157,Male,1965-10-07,Guwahati,Assam,India,2023-02-06,,1
101006,amruta,Chokshi,amruta.chokshi336@gmail.com,+91-8067130735,Female,1964-06-09,Kolkata,West Bengal,India,2025-11-21,,0
101007,Arjun,Mani,arjun.mani357@gmail.com,+91-6213009625,Male,1986-02-18,Kolkata,West Bengal,India,2025-05-01,,0
101008,Peter,Sekhon,peter.sekhon257@yahoo.com,00318053396,Male,1968-02-17,Faridabad,Haryana,India,2024-06-04,,1
101009,Urvi,Kumar,urvi.kumar170@outlook.com,+91-5918327000,Female,2007-08-24,Coimbatore,Tamil Nadu,India,2024-11-01,,0
101010,Tamanna,Sachdeva,tamanna.sachdeva638@outlook.com,1107977140,Female,1961-07-22,Jaipur,Rajasthan,India,2025-05-22,,0
101011,Karan,Keer,karan.keer172@hotmail.com,0531520499,Male,1984-09-13,Bengaluru,Karnataka,India,2025-07-01,,0
101012,Manthan,Taneja,manthan.taneja408@outlook.com,3137971669,Male,1987-04-30,Kochi,Kerala,India,2024-12-05,,1
101013,Madhav  ,Chaudry,madhav.chaudry673@yahoo.com,7407794332,Male,1997-03-13,Bengaluru,Karnataka,India,2025-05-17,,0
101014,Tejas,Goswami,tejas.goswami477@yahoo.com,9701426203,Male,1983-01-16,Surat,Gujarat,India,2025-03-12,,0
101015,Yasti,Sharma,yasti.sharma106@yahoo.com,00204181359,Female,1988-01-18,Kolkata,West Bengal,India,2024-10-26,,0
101016,Zayyan,Sen,zayyan.sen699@hotmail.com,8894801864,Male,1975-03-18,Coimbatore,Tamil Nadu,India,2024-11-24,,1
101017,Ekapad,Dyal,ekapad.dyal282@gmail.com,3978570820,Male,1999-08-01,Bhopal,Madhya Pradesh,India,2025-09-10,,0
101018,Kai  ,Zachariah,,+91-2369149611,Male,2005-06-14,Coimbatore,Tamil Nadu,India,2023-01-18,,0
101019,Zaid,Madan,zaid.madan38@hotmail.com,7697040953,Male,,Ahmedabad,Gujarat,India,2025-09-21,,1
101020,Daniel,Kuruvilla,daniel.kuruvilla741@hotmail.com,5607832748,Male,1987-05-29,Hyderabad,Telangana,India,2024-11-26,,0
101021,Ojas,Purohit,ojas.purohit403@gmail.com,+91-4096496683,Male,1995-03-11,Bhopal,Madhya Pradesh,India,2024-05-09,,0
101022,Upadhriti,Bal,upadhriti.bal30@gmail.com,0285162259,Female,1997-02-04,Patna,Bihar,India,2023-04-07,,0
101023,Tanvi,Maharaj,tanvi.maharaj175@yahoo.com,03486883906,Female,1967-03-18,Indore,Madhya Pradesh,India,2024-07-17,,1
101024,LEELA,Rana,leela.rana266@gmail.com,6091141319,Female,2003-08-16,Mumbai,Maharashtra,India,2025-06-09,,0
101025,Jeet,Parmar,jeet.parmar277@hotmail.com,+91-3376052304,Male,1976-01-12,Guwahati,Assam,India,2023-08-29,,0
101026,Champak,Rattan,champak.rattan653@hotmail.com,+91-4724191650,Male,2002-07-09,Ahmedabad,Gujarat,India,2024-05-01,,0
101027,Maanav,Mahal,maanav.mahal792@outlook.com,7182498980,Male,1986-11-08,Jaipur,Rajasthan,India,2025-01-10,,0
101028,Aadhya,Rattan,aadhya.rattan676@yahoo.com,+91-7468135926,Female,1990-09-09,Chandigarh,Chandigarh,India,2023-06-18,,1
101029,Kevin,Sami,kevin.sami687@gmail.com,8748694155,Male,1988-11-07,Kolkata,West Bengal,India,2023-08-13,,0
101030,Naksh,Bawa,naksh.bawa779@outlook.com,+91-7536051171,Male,1980-11-21,Coimbatore,Tamil Nadu,India,2024-02-10,,1
101031,Bhavani,Karan,bhavani.karan939@yahoo.com,03621894559,Female,1963-04-17,Ahmedabad,Gujarat,India,2023-10-31,,0
101032,Xavier,Amble,xavier.amble285@gmail.com,09420466489,Male,1981-06-27,Kolkata,West Bengal,India,2025-01-17,,1
101033,YADAVI,Roy,yadavi.roy763@gmail.com,+91-4565775809,Female,1982-03-30,Nagpur,Maharashtra,India,2025-01-17,,1
101034,Nikita,Nagar,nikita.nagar361@hotmail.com,6235466226,Female,1976-10-06,Kochi,Kerala,India,2023-12-18,,0
101035,Mohini,Bhagat,mohini.bhagat521@hotmail.com,3006221224,Female,1969-04-21,Kochi,Kerala,India,2024-02-09,,1
101036,Upkaar,Sangha,upkaar.sangha302@yahoo.com,2591601124,Male,1994-08-26,Indore,Madhya Pradesh,India,2025-11-18,,1
101037,Daksha,Chanda,daksha.chanda662@gmail.com,0080179867,Female,1994-09-27,Hyderabad,Telangana,India,2024-05-15,,0
101038,Devansh,Hayre,devansh.hayre545@gmail.com,+91-7047264261,Male,1967-09-07,Pune,Maharashtra,India,2024-11-15,,0
101039,Dayamai,Gala,dayamai.gala752@yahoo.com,+91-3659680785,Female,2007-05-08,Hyderabad,Telangana,India,2023-01-20,,1
101040,Frado,Pillay,,08385454006,Male,1972-10-29,Lucknow,Uttar Pradesh,India,2025-11-24,,1
101041,Raksha,Mangal,raksha.mangal323@yahoo.com,1232748979,Female,1995-10-26,Pune,Maharashtra,India,2023-08-26,,0
101042,Chaman,Seshadri,chaman.seshadri343@hotmail.com,02720388621,Female,2003-09-15,Bhopal,Madhya Pradesh,India,2024-06-09,,1
101043,PETER,Arora,peter.arora993@outlook.com,03045306935,Male,,Mumbai,Maharashtra,India,2023-08-27,,1
101044,Yashasvi,Dhillon,yashasvi.dhillon856@outlook.com,00018167784,Female,1985-04-17,Mumbai,Maharashtra,India,2024-04-07,,0
101045,Bahadurjit,Sandal,bahadurjit.sandal503@hotmail.com,5446083851,Male,1983-06-02,Surat,Gujarat,India,2025-04-25,,0
101046,Ikbal,Seshadri,ikbal.seshadri309@outlook.com,09128788486,Male,1999-03-15,Mumbai,Maharashtra,India,2024-09-14,,0
101047,Simon,Wable,simon.wable116@hotmail.com,+91-5792714724,Male,1978-09-13,Guwahati,Assam,India,2025-06-21,,0
101048,Andrew,Chakraborty,andrew.chakraborty366@yahoo.com,02383972833,Male,1987-11-17,Pune,Maharashtra,India,2023-11-10,,0
101049,Dalaja,Dora,dalaja.dora943@yahoo.com,09328809832,Female,1967-08-10,Bengaluru,Karnataka,India,2023-12-22,,0
101050,Chaitanya,Dada,chaitanya.dada272@yahoo.com,1867661008,Other,2000-12-29,Nagpur,Maharashtra,India,2025-01-05,,1
101051,Warda,Raju,warda.raju196@outlook.com,6140384531,Female,1988-11-30,Jaipur,Rajasthan,India,2025-02-10,,0
101052,ARUNIMA,Subramanian,arunima.subramanian296@outlook.com,06951003076,Female,2004-07-31,Nagpur,Maharashtra,India,2025-04-03,,0
101053,Aarav,Pingle,aarav.pingle639@outlook.com,+91-7150066664,Male,1965-01-11,Kochi,Kerala,India,2024-10-25,,0
101054,Abeer,Ramaswamy,abeer.ramaswamy223@gmail.com,4078516994,Male,1997-09-09,Nagpur,Maharashtra,India,2025-11-02,,0
101055,Vrinda,Barman,vrinda.barman258@gmail.com,06683482689,Female,1987-09-18,Mumbai,Maharashtra,India,2023-07-10,,0
101056,Samaksh,Dutta,samaksh.dutta977@yahoo.com,08688891787,Male,1998-02-16,Chandigarh,Chandigarh,India,2023-05-22,,0
101057,Balhaar,Patla,balhaar.patla225@outlook.com,1976093201,Male,1966-12-25,Bengaluru,Karnataka,India,2025-01-11,,1
101058,Praneel,Sha,praneel.sha915@gmail.com,1809521755,Male,1985-02-12,Faridabad,Haryana,India,2023-11-06,,0
101059,Dhriti,Sharma,dhriti.sharma700@yahoo.com,+91-4692118824,Female,1965-01-09,Surat,Gujarat,India,2025-06-12,,1
101060,Saksham,Devi,saksham.devi559@hotmail.com,07589170454,Male,2004-08-04,Lucknow,Uttar Pradesh,India,2025-05-26,,1
101061,Charles,Pal,charles.pal480@outlook.com,06820922570,Male,1994-09-16,Surat,Gujarat,India,2025-08-15,,1
101062,Adya,Bawa,adya.bawa91@hotmail.com,4072324728,Female,1968-06-07,Mumbai,Maharashtra,India,2024-01-24,,1
101063,Nihal  ,Mammen,nihal.mammen55@outlook.com,+91-2247312616,Male,2005-10-23,Ahmedabad,Gujarat,India,2023-01-02,,0
101064,ridhi,Ahuja,ridhi.ahuja860@hotmail.com,01195092711,Female,1975-09-25,Kochi,Kerala,India,2024-06-24,,1
101065,Unni,Buch,unni.buch580@outlook.com,0923007169,Female,1975-09-06,Hyderabad,Telangana,India,2025-09-06,,0
101066,Abhimanyu,Agrawal,abhimanyu.agrawal529@yahoo.com,+91-4854329876,Male,1989-01-30,Delhi,Delhi,India,2023-12-15,,0
101067,Jalsa,Sachar,jalsa.sachar644@outlook.com,6198273481,Female,1970-11-06,Ahmedabad,Gujarat,India,2023-05-06,,0
101068,Balendra,Banik,balendra.banik1@gmail.com,+91-9632174357,Male,1972-11-25,Hyderabad,Telangana,India,2024-04-04,,1
101069,Kavya,Nazareth,kavya.nazareth401@hotmail.com,+91-6486067398,Female,1971-02-16,Mumbai,Maharashtra,India,2024-11-14,,0
101070,Jeremiah,Mistry,jeremiah.mistry842@outlook.com,+91-5364628055,Male,1963-02-28,Chandigarh,Chandigarh,India,2023-12-05,,1
101071,Vamakshi,Malhotra,vamakshi.malhotra146@yahoo.com,5515623920,Female,1989-02-16,Mumbai,Maharashtra,India,2023-09-14,,0
101072,Ojas,Nair,ojas.nair297@hotmail.com,+91-1311178619,Male,2007-12-15,Bhopal,Madhya Pradesh,India,2024-02-09,,0
101073,Aditya,Dhar,aditya.dhar476@gmail.com,2206953541,Male,1993-05-18,Faridabad,Haryana,India,2023-04-30,,1
101074,Aachal,Butala,aachal.butala35@outlook.com,+91-5002601515,Female,1970-11-30,Mumbai,Maharashtra,India,2025-08-11,,1
101075,Gavin,Palan,gavin.palan904@hotmail.com,00740717327,Male,1989-03-03,Ahmedabad,Gujarat,India,2023-12-18,,1
101076,Aryan,Pandya,aryan.pandya358@yahoo.com,+91-0064934039,Male,1966-04-20,Kochi,Kerala,India,2025-08-24,,1
101077,Liam,Pall,liam.pall471@outlook.com,8941184913,Male,2008-02-27,Coimbatore,Tamil Nadu,India,2024-02-16,,1
101078,Pahal,Ghosh,pahal.ghosh939@gmail.com,09520561006,Female,2006-11-15,Faridabad,Haryana,India,2023-12-16,,1
101079,Abha,Bahl,abha.bahl133@outlook.com,+91-8677403784,Female,1993-12-11,Kochi,Kerala,India,2024-05-25,,0
101080,Edhitha,Kamdar,edhitha.kamdar31@gmail.com,3006776255,Female,1960-12-31,Bengaluru,Karnataka,India,2024-08-29,,0
101081,Faris,Pall,faris.pall779@outlook.com,05426241784,Male,1969-06-07,Bhopal,Madhya Pradesh,India,2024-10-29,,0
101082,Azaan,Grover,azaan.grover774@hotmail.com,5110090605,Male,,Chennai,Tamil Nadu,India,2025-08-09,,0
101083,Yash,Ahluwalia,yash.ahluwalia782@hotmail.com,0211667329,Other,2005-02-18,Bengaluru,Karnataka,India,2025-08-01,,0
101084,Lohit,Natt,lohit.natt137@hotmail.com,8759212996,Male,1975-07-29,Nagpur,Maharashtra,India,2024-12-15,,0
101085,Rudra,Batra,rudra.batra207@yahoo.com,+91-2755821477,Male,2003-05-01,Lucknow,Uttar Pradesh,India,2025-03-18,,1
101086,Dev,Agarwal,dev.agarwal209@gmail.com,3802362192,Male,1963-11-08,Mumbai,Maharashtra,India,2024-11-27,,0
101087,Zaitra,Dash,zaitra.dash190@outlook.com,01611863855,Female,1987-01-09,Bengaluru,Karnataka,India,2025-06-23,,1
101088,Chaitaly,Munshi,chaitaly.munshi513@hotmail.com,+91-6880053789,Female,,Kolkata,West Bengal,India,2023-07-27,,0
101089,hritik,Bhavsar,hritik.bhavsar895@hotmail.com,09728454018,Male,1967-03-30,Indore,Madhya Pradesh,India,2024-07-18,,0
101090,WAIDA,Gaba,waida.gaba616@gmail.com,04823220414,Female,1973-12-28,Pune,Maharashtra,India,2023-01-01,,0
101091,Liam,Kakar,liam.kakar70@outlook.com,9930202030,Male,1973-11-28,Faridabad,Haryana,India,2024-09-23,,1
101092,Falan,Kanda,falan.kanda409@outlook.com,02135302816,Male,1976-09-18,Kochi,Kerala,India,2024-11-07,,0
101093,Arunima,Ray,arunima.ray34@gmail.com,9377756919,Female,1986-05-27,Jaipur,Rajasthan,India,2024-04-02,,0
101094,Ekaja,Bobal,ekaja.bobal947@outlook.com,1746902983,Female,1966-05-05,Chandigarh,Chandigarh,India,2025-08-16,,1
101095,Akshay,Lall,akshay.lall355@gmail.com,+91-6229131670,Male,1984-08-31,Coimbatore,Tamil Nadu,India,2024-03-31,,0
101096,Rajeshri,Ravi,rajeshri.ravi970@hotmail.com,0636219865,Female,1977-12-21,Chandigarh,Chandigarh,India,2023-07-22,,1
101097,Nidra  ,Mangat,nidra.mangat490@hotmail.com,06634933965,Female,,Patna,Bihar,India,2023-10-11,,0
101098,AARNA,Mittal,aarna.mittal699@hotmail.com,+91-2262611424,Female,1971-01-01,Kolkata,West Bengal,India,2025-08-04,,1
101099,Samesh,Devan,samesh.devan719@hotmail.com,+91-2188087991,Male,1996-02-17,Ahmedabad,Gujarat,India,2024-12-01,,0
101100,Samar,Divan,samar.divan199@outlook.com,6433853247,Male,,Patna,Bihar,India,2024-08-21,,0
101101,Idika,Pau,,03430311587,Female,1980-02-01,Indore,Madhya Pradesh,India,2025-08-11,,0
101102,Rachit,Loke,rachit.loke45@outlook.com,07576945353,Male,1981-07-27,Chennai,Tamil Nadu,India,2023-05-15,,0
101103,vrishti,Madan,vrishti.madan674@hotmail.com,4212545080,Female,1988-02-07,Faridabad,Haryana,India,2024-05-23,,1
101104,Niharika,Trivedi,niharika.trivedi455@yahoo.com,02559664721,Female,2001-07-30,Patna,Bihar,India,2023-02-01,,1
101105,Jagdish,Arya,jagdish.arya327@outlook.com,9142614048,Male,1988-08-15,Kochi,Kerala,India,2024-06-14,,0
101106,Jatin,Dugar,jatin.dugar287@hotmail.com,03079637310,Male,1962-01-19,Guwahati,Assam,India,2025-11-10,,0
101107,Divya,Tandon,divya.tandon126@yahoo.com,1587184523,Female,1978-01-09,Chandigarh,Chandigarh,India,2025-11-10,,1
101108,LOGAN,Goda,logan.goda22@gmail.com,0173208652,Male,1971-04-18,Nagpur,Maharashtra,India,2023-06-07,,1
101109,Tristan,Shere,tristan.shere286@gmail.com,3370140052,Male,1999-09-02,Bengaluru,Karnataka,India,2025-05-31,,0
101110,Bhavika,Bakshi,bhavika.bakshi389@yahoo.com,0027221425,Female,1982-11-04,Pune,Maharashtra,India,2024-12-04,,0
101111,Gunbir,Dar,gunbir.dar932@gmail.com,03681720313,Male,1978-10-05,Patna,Bihar,India,2023-06-04,,1
101112,Prisha,Panchal,prisha.panchal776@yahoo.com,+91-2973525953,Female,2004-04-09,Coimbatore,Tamil Nadu,India,2025-08-25,,1
101113,Ethan,Gara,ethan.gara567@gmail.com,+91-8992045735,Male,1971-06-09,Delhi,Delhi,India,2025-02-20,,1
101114,Jhalak,Sampath,jhalak.sampath587@hotmail.com,1087082697,Female,1998-06-07,Nagpur,Maharashtra,India,2025-05-23,,0
101115,Darpan,Tiwari,,00712615838,Male,1993-02-22,Pune,Maharashtra,India,2025-09-26,,0
101116,HEMANI,Chakraborty,hemani.chakraborty346@outlook.com,4673574223,Female,2007-08-21,Chandigarh,Chandigarh,India,2024-12-17,,1
101117,Hritik,Dua,hritik.dua128@gmail.com,09442589222,Male,1995-11-09,Guwahati,Assam,India,2024-02-21,,0
101118,Raagini,Ravel,raagini.ravel10@hotmail.com,+91-5063731180,Female,1973-08-24,Mumbai,Maharashtra,India,2025-01-20,,1
101119,Xalak,Majumdar,xalak.majumdar284@gmail.com,03841852013,Female,1997-10-20,Delhi,Delhi,India,2024-02-08,,0
101120,Harita,Rattan,harita.rattan890@outlook.com,7561547055,Female,1972-09-06,Jaipur,Rajasthan,India,2023-08-29,,0
101121,Balhaar,Ghosh,balhaar.ghosh671@gmail.com,04119556409,Male,,Pune,Maharashtra,India,2024-12-07,,0
101122,Chakradev,Prashad,chakradev.prashad975@gmail.com,8752070204,Male,1968-09-17,Pune,Maharashtra,India,2025-07-17,,1
101123,Fariq,Aurora,fariq.aurora615@gmail.com,+91-2413936967,Male,,Patna,Bihar,India,2025-01-24,,0
101124,Zinal,Setty,zinal.setty585@outlook.com,+91-6773192276,Female,1993-01-04,Kolkata,West Bengal,India,2025-05-16,,0
101125,Akshay,Sharma,akshay.sharma335@gmail.com,03394319165,Male,1975-06-08,Ahmedabad,Gujarat,India,2023-12-16,,1
101126,Amruta,Vala,amruta.vala165@gmail.com,2021915057,Female,1999-05-18,Lucknow,Uttar Pradesh,India,2025-08-12,,0
101127,Madhavi,Mandal,madhavi.mandal524@outlook.com,00026876448,Female,1992-07-20,Kolkata,West Bengal,India,2024-07-24,,1
101128,Teerth,Taneja,teerth.taneja673@gmail.com,01636560450,Male,,Faridabad,Haryana,India,2025-05-14,,0
101129,Alka,Ray,alka.ray552@hotmail.com,+91-0964969277,Female,1964-05-29,Pune,Maharashtra,India,2023-03-30,,0
101130,Praneel,Devan,praneel.devan325@hotmail.com,0597025512,Male,1986-01-02,Kochi,Kerala,India,2023-07-27,,0
101131,Vihaan,Sachdev,vihaan.sachdev467@yahoo.com,+91-5948989596,Male,1977-05-08,Patna,Bihar,India,2025-08-13,,1
101132,Megha,Sachdev,megha.sachdev82@outlook.com,04344149169,Female,2005-02-26,Indore,Madhya Pradesh,India,2025-08-07,,1
101133,Krisha,Kibe,krisha.kibe236@hotmail.com,4394640882,Female,1967-08-17,Nagpur,Maharashtra,India,2023-10-31,,0
101134,Arjun,Narasimhan,arjun.narasimhan621@yahoo.com,9889413210,Male,2008-07-02,Indore,Madhya Pradesh,India,2023-07-02,,1
101135,Udant,Dayal,udant.dayal648@hotmail.com,7548534655,Male,1983-04-19,Ahmedabad,Gujarat,India,2025-01-21,,0
101136,Dominic,Dass,dominic.dass784@outlook.com,09646129390,Male,,Indore,Madhya Pradesh,India,2024-01-14,,1
101137,amrita,Dhaliwal,amrita.dhaliwal707@gmail.com,+91-3756589635,Female,1988-07-25,Indore,Madhya Pradesh,India,2025-10-26,,0
101138,Vrishti,Agate,vrishti.agate131@outlook.com,03145843456,Female,1979-03-26,Indore,Madhya Pradesh,India,2024-07-21,,1
101139,Chaman,Bora,chaman.bora740@gmail.com,2362203347,Female,1974-08-31,Surat,Gujarat,India,2024-03-22,,0
101140,Libni,Ray,libni.ray297@hotmail.com,07968680085,Female,1994-09-23,Nagpur,Maharashtra,India,2024-03-16,,0
101141,Ekta,Mand,ekta.mand156@gmail.com,7417430435,Female,1963-06-02,Kochi,Kerala,India,2024-05-19,,0
101142,Ishaan,Yadav,ishaan.yadav521@yahoo.com,08946652752,Male,1970-03-01,Nagpur,Maharashtra,India,2025-09-22,,0
101143,Ekalinga,Venkatesh,ekalinga.venkatesh293@hotmail.com,2569133030,Male,1971-02-23,Delhi,Delhi,India,2024-12-28,,0
101144,Jonathan,Rege,jonathan.rege532@hotmail.com,5076279955,Male,1972-07-27,Kolkata,West Bengal,India,2023-06-20,,0
101145,Ayush,Ghose,ayush.ghose499@outlook.com,2398472303,Male,1973-08-12,Lucknow,Uttar Pradesh,India,2024-04-11,,1
101146,dominic,Batra,dominic.batra683@yahoo.com,+91-0172224050,Male,1981-09-13,Hyderabad,Telangana,India,2025-02-12,,0
101147,Samuel,Lad,samuel.lad983@gmail.com,5461992406,Male,1977-11-18,Guwahati,Assam,India,2024-08-29,,0
101148,Ishaan,Yadav,ishaan.yadav289@yahoo.com,05812259095,Male,1979-02-08,Patna,Bihar,India,2023-11-14,,1
101149,Megha,Kumar,megha.kumar734@gmail.com,+91-3791212110,Female,1966-05-03,Lucknow,Uttar Pradesh,India,2025-11-01,,0
101150,Vasudha,Varghese,vasudha.varghese750@outlook.com,00170740392,Female,1977-07-14,Ahmedabad,Gujarat,India,2025-01-14,,0
101151,Ladli,Pant,ladli.pant161@outlook.com,+91-2227643387,Female,1969-05-04,Bengaluru,Karnataka,India,2023-03-06,,0
101152,Aishani,Patel,aishani.patel444@gmail.com,+91-2654963308,Female,1999-10-21,Surat,Gujarat,India,2024-11-08,,1
101153,Harrison,Mann,harrison.mann252@gmail.com,08789950470,Male,1999-03-24,Delhi,Delhi,India,2025-04-09,,0
101154,Aashi,Prasad,aashi.prasad834@hotmail.com,9537749266,Female,1991-01-28,Ahmedabad,Gujarat,India,2024-08-12,,0
101155,Jagrati,Dutta,jagrati.dutta4@yahoo.com,+91-2777522592,Female,,Kochi,Kerala,India,2025-11-12,,0
101156,Abhiram,Sahota,abhiram.sahota647@hotmail.com,+91-2920592294,Male,1966-03-25,Jaipur,Rajasthan,India,2025-01-27,,0
101157,Ojasvi,Roy,ojasvi.roy897@yahoo.com,09636372629,Female,1995-04-21,Lucknow,Uttar Pradesh,India,2023-03-21,,1
101158,Hemangini,Basak,hemangini.basak99@outlook.com,08085133138,Female,1997-02-08,Bhopal,Madhya Pradesh,India,2024-06-06,,0
101159,Anmol,Bassi,anmol.bassi254@outlook.com,+91-2212154815,Male,1986-06-14,Nagpur,Maharashtra,India,2023-04-10,,0
101160,Urishilla,Sahni,urishilla.sahni793@yahoo.com,09185488064,Female,2008-01-29,Faridabad,Haryana,India,2024-07-14,,1
101161,Ekani,Acharya,ekani.acharya275@outlook.com,07787358566,Female,1974-02-19,Mumbai,Maharashtra,India,2023-01-16,,0
101162,Ryan,Mukhopadhyay,ryan.mukhopadhyay422@outlook.com,3421926221,Male,1969-11-22,Jaipur,Rajasthan,India,2025-09-16,,0
101163,Adweta,Mody,adweta.mody652@outlook.com,+91-4831478911,Female,1983-03-23,Pune,Maharashtra,India,2024-09-08,,0
101164,Udant,Dube,udant.dube971@gmail.com,9498128318,Male,1961-07-26,Kolkata,West Bengal,India,2024-10-28,,0
101165,Januja,Sankaran,januja.sankaran93@hotmail.com,0532853863,Female,,Mumbai,Maharashtra,India,2025-05-21,,1
101166,Chanakya,Aggarwal,chanakya.aggarwal371@yahoo.com,03838058269,Male,1968-10-25,Delhi,Delhi,India,2023-04-28,,0
101167,Bhavani,Bhasin,bhavani.bhasin933@yahoo.com,+91-3328389633,Female,,Lucknow,Uttar Pradesh,India,2024-06-13,,0
101168,Wyatt,Reddy,wyatt.reddy514@gmail.com,8626713684,Male,2006-12-09,Mumbai,Maharashtra,India,2024-11-24,,1
101169,Chatura,Acharya,chatura.acharya279@gmail.com,3392188352,Male,1982-09-29,Pune,Maharashtra,India,2023-12-21,,0
101170,Azad,Wadhwa,azad.wadhwa79@gmail.com,06106592088,Male,,Jaipur,Rajasthan,India,2025-06-08,,0
101171,Harish,Lata,harish.lata98@yahoo.com,9761781596,Other,1988-06-06,Chandigarh,Chandigarh,India,2024-03-31,,0
101172,Jatin,Mistry,jatin.mistry525@hotmail.com,+91-6656862959,Male,2000-06-04,Surat,Gujarat,India,2025-04-27,,0
101173,ekapad,Naik,ekapad.naik386@hotmail.com,09255394607,Male,1996-01-17,Coimbatore,Tamil Nadu,India,2023-06-13,,0
101174,Ekanta,Bajaj,,6941799670,Female,1987-08-11,Chandigarh,Chandigarh,India,2024-06-11,,0
101175,VEER,Mohanty,veer.mohanty230@hotmail.com,09946418398,Male,2001-04-08,Hyderabad,Telangana,India,2023-09-07,,0
101176,Daksh,Roy,daksh.roy341@outlook.com,3698816498,Male,1961-12-15,Hyderabad,Telangana,India,2025-06-03,,0
101177,Maanav,Mutti,maanav.mutti86@yahoo.com,+91-5210262706,Male,1979-10-28,Bhopal,Madhya Pradesh,India,2025-01-04,,1
101178,Bhavani,Badami,bhavani.badami786@gmail.com,05813088983,Female,,Pune,Maharashtra,India,2023-11-02,,0
101179,Ansh,Narayan,,04185630275,Male,2004-07-17,Coimbatore,Tamil Nadu,India,2024-06-25,,0
101180,Arjun,Acharya,arjun.acharya330@yahoo.com,+91-9953056418,Male,1973-02-21,Surat,Gujarat,India,2025-03-12,,1
101181,Inaya,Sarma,inaya.sarma717@hotmail.com,0870187260,Female,1962-02-10,Hyderabad,Telangana,India,2023-12-23,,0
101182,HARSH,Sane,harsh.sane891@hotmail.com,+91-4442990674,Male,1992-07-18,Kolkata,West Bengal,India,2024-05-15,,1
101183,Udyati,Rattan,udyati.rattan767@yahoo.com,6221559967,Female,1967-03-09,Bhopal,Madhya Pradesh,India,2024-10-25,,0
101184,Unnati,Gokhale,unnati.gokhale630@outlook.com,5334704747,Female,2003-11-07,Jaipur,Rajasthan,India,2023-03-09,,0
101185,Max,Mani,max.mani532@outlook.com,9652138350,Male,1984-02-02,Guwahati,Assam,India,2024-09-06,,0
101186,Chaitaly,Devan,chaitaly.devan537@yahoo.com,9003622117,Female,1971-12-25,Ahmedabad,Gujarat,India,2025-04-06,,1
101187,Ekbal,Sheth,ekbal.sheth719@outlook.com,+91-3958558522,Male,,Mumbai,Maharashtra,India,2023-06-30,,0
101188,Michael,Garde,michael.garde69@yahoo.com,6185759171,Male,1963-03-29,Nagpur,Maharashtra,India,2025-08-15,,1
101189,Atharv,Wadhwa,atharv.wadhwa841@outlook.com,01477447353,Male,1977-09-24,Jaipur,Rajasthan,India,2024-11-06,,1
101190,Ekavir,Mishra,ekavir.mishra80@yahoo.com,5949734493,Male,1962-05-16,Jaipur,Rajasthan,India,2025-05-26,,0
101191,Jack,Suresh,jack.suresh339@hotmail.com,+91-8361133892,Male,1981-02-11,Ahmedabad,Gujarat,India,2024-07-05,,1
101192,Anjali,Varghese,anjali.varghese215@hotmail.com,02787304862,Female,1975-10-12,Guwahati,Assam,India,2023-06-22,,0
101193,AZAD,Munshi,azad.munshi169@yahoo.com,3537801891,Male,1977-09-17,Ahmedabad,Gujarat,India,2024-03-07,,0
101194,William,Guha,william.guha681@hotmail.com,07629691433,Male,1999-09-01,Nagpur,Maharashtra,India,2025-04-08,,0
101195,Ekansh,Kurian,ekansh.kurian364@hotmail.com,+91-9999001089,Male,1987-03-18,Faridabad,Haryana,India,2024-11-20,,0
101196,Wakeeta,Kari,wakeeta.kari729@outlook.com,+91-1896844246,Female,1973-11-27,Chennai,Tamil Nadu,India,2023-07-30,,0
101197,MANTHAN,Shankar,manthan.shankar668@hotmail.com,7595828190,Male,1969-03-18,Hyderabad,Telangana,India,2024-07-31,,1
101198,Balendra,Sastry,balendra.sastry632@yahoo.com,02488397170,Male,2005-01-26,Indore,Madhya Pradesh,India,2023-09-29,,0
101199,Mason,Lala,mason.lala453@yahoo.com,+91-7286811230,Male,1970-09-09,Mumbai,Maharashtra,India,2023-12-03,,1
101200,Yashasvi,Om,yashasvi.om622@gmail.com,+91-9781459009,Female,1992-02-19,Jaipur,Rajasthan,India,2025-09-08,,1
101201,Fiyaz,Cheema,fiyaz.cheema641@outlook.com,8669335158,Male,1986-06-17,Jaipur,Rajasthan,India,2024-06-11,,1
101202,Advaith,Shetty,advaith.shetty503@hotmail.com,+91-6011939103,Male,2006-08-15,Guwahati,Assam,India,2024-12-16,,1
101203,Dev,Som,dev.som628@gmail.com,06090858181,Male,1962-08-30,Patna,Bihar,India,2024-04-22,,0
101204,Omisha,Bhat,omisha.bhat58@gmail.com,6158736627,Female,1964-05-25,Indore,Madhya Pradesh,India,2024-11-16,,1
101205,Owen,Upadhyay,owen.upadhyay341@gmail.com,5390058561,Male,1978-03-20,Kolkata,West Bengal,India,2024-09-20,,0
101206,Madhav,Seshadri,,+91-3979255116,Male,,Coimbatore,Tamil Nadu,India,2025-08-10,,0
101207,Maanav,Koshy,maanav.koshy747@yahoo.com,7727028966,Male,1980-04-14,Kolkata,West Bengal,India,2024-05-23,,1
101208,Onveer,Krish,onveer.krish651@yahoo.com,1610197535,Male,1986-04-24,Indore,Madhya Pradesh,India,2024-04-17,,1
101209,netra,Rout,netra.rout582@hotmail.com,03880273042,Female,1983-12-21,Surat,Gujarat,India,2023-10-29,,0
101210,Ishita,Sami,ishita.sami191@gmail.com,7189395309,Female,,Chennai,Tamil Nadu,India,2025-02-14,,0
101211,Tripti,Basu,tripti.basu84@hotmail.com,9228849874,Female,2002-06-06,Patna,Bihar,India,2024-06-01,,0
101212,Parth,Choudhury,parth.choudhury318@yahoo.com,2717430688,Male,2007-11-25,Kolkata,West Bengal,India,2024-11-08,,0
101213,Damyanti,Rajagopal,damyanti.rajagopal280@yahoo.com,3988187387,Female,1981-11-19,Pune,Maharashtra,India,2025-10-07,,0
101214,Praneel,Vala,praneel.vala593@outlook.com,+91-7704130909,Male,2004-06-11,Bhopal,Madhya Pradesh,India,2023-03-22,,1
101215,Priya,Hans,priya.hans973@gmail.com,+91-2625420412,Female,2002-01-02,Chennai,Tamil Nadu,India,2025-06-20,,1
101216,Jackson,Chada,jackson.chada213@outlook.com,+91-0441007941,Male,1987-09-26,Patna,Bihar,India,2024-08-11,,0
101217,Fariq,Madan,fariq.madan265@yahoo.com,09794122487,Male,1961-12-18,Kochi,Kerala,India,2023-05-16,,1
101218,Wazir,Dora,wazir.dora479@yahoo.com,2251742240,Male,,Bhopal,Madhya Pradesh,India,2023-09-28,,1
101219,Libni,Kala,libni.kala891@outlook.com,+91-0034686163,Female,1963-01-10,Hyderabad,Telangana,India,2024-03-03,,0
101220,Abeer,Dixit,abeer.dixit314@outlook.com,00095366219,Male,1977-11-29,Chennai,Tamil Nadu,India,2024-07-18,,1
101221,Samarth,Balasubramanian,samarth.balasubramanian749@hotmail.com,0017325900,Male,1998-12-10,Coimbatore,Tamil Nadu,India,2025-01-04,,1
101222,Janaki,Shenoy,janaki.shenoy42@outlook.com,01138690871,Female,1992-01-21,Faridabad,Haryana,India,2025-01-30,,0
101223,Yachana,Dhar,yachana.dhar793@hotmail.com,+91-6171928170,Female,1982-06-11,Indore,Madhya Pradesh,India,2025-03-03,,0
101224,Niharika,Konda,niharika.konda975@yahoo.com,2252160252,Female,1970-12-01,Lucknow,Uttar Pradesh,India,2023-05-29,,1
101225,Krishna,Butala,krishna.butala812@outlook.com,+91-7726903265,Male,,Bengaluru,Karnataka,India,2024-02-21,,0
101226,Nakul,Chandra,nakul.chandra905@yahoo.com,7948024559,Male,1986-07-15,Ahmedabad,Gujarat,India,2025-03-16,,1
101227,Daksh,Raja,daksh.raja702@yahoo.com,5891268649,Male,1999-02-15,Pune,Maharashtra,India,2024-01-14,,0
101228,Samuel,Kumer,samuel.kumer716@hotmail.com,3760088447,Male,1973-01-13,Chandigarh,Chandigarh,India,2024-06-23,,0
101229,Jack,Sarma,jack.sarma132@hotmail.com,0749921640,Male,1963-01-11,Hyderabad,Telangana,India,2024-10-26,,0
101230,Zarna,Jaggi,zarna.jaggi547@hotmail.com,04848647082,Female,1966-03-29,Indore,Madhya Pradesh,India,2024-05-23,,1
101231,Zarna  ,Roy,zarna.roy787@yahoo.com,+91-2123720550,Female,2002-10-15,Guwahati,Assam,India,2025-04-17,,1
101232,Ikbal,Agate,ikbal.agate662@gmail.com,3467391900,Male,1985-05-22,Faridabad,Haryana,India,2025-01-21,,1
101233,Gautam,Dara,gautam.dara436@yahoo.com,+91-1692327379,Other,1992-12-05,Faridabad,Haryana,India,2023-04-02,,0
101234,Victor,Basu,victor.basu168@yahoo.com,8674630009,Male,1999-10-11,Indore,Madhya Pradesh,India,2024-05-21,,0
101235,Lakshit,Kanda,lakshit.kanda823@hotmail.com,1181519854,Male,1976-06-09,Hyderabad,Telangana,India,2024-03-31,,1
101236,Ekavir,More,ekavir.more670@hotmail.com,01535346607,Male,1976-01-20,Mumbai,Maharashtra,India,2024-02-24,,0
101237,Jeremiah,Mander,jeremiah.mander515@hotmail.com,2010824028,Male,2004-04-21,Hyderabad,Telangana,India,2023-07-31,,0
101238,Yashica  ,Doshi,yashica.doshi545@hotmail.com,4026208581,Female,1984-06-18,Chennai,Tamil Nadu,India,2025-11-03,,1
101239,Nicholas,Deshpande,nicholas.deshpande203@outlook.com,02357004129,Male,1965-02-27,Coimbatore,Tamil Nadu,India,2025-06-05,,1
101240,Ekiya,Narula,ekiya.narula889@gmail.com,05590461007,Female,1989-06-28,Delhi,Delhi,India,2025-02-05,,0
101241,Imaran,Bhakta,imaran.bhakta786@outlook.com,2838271012,Male,,Surat,Gujarat,India,2025-03-30,,0
101242,Irya,Datta,irya.datta652@outlook.com,02048507665,Female,1971-05-20,Surat,Gujarat,India,2024-07-26,,1
101243,Kai,Muni,kai.muni548@gmail.com,+91-7634601915,Male,1971-12-21,Chennai,Tamil Nadu,India,2024-05-19,,0
101244,Qadim,Tata,qadim.tata941@yahoo.com,04358617682,Male,1968-06-11,Nagpur,Maharashtra,India,2024-09-19,,1
101245,Nitara,Chaudhuri,nitara.chaudhuri382@outlook.com,07086665622,Female,1973-11-11,Bengaluru,Karnataka,India,2025-09-07,,1
101246,Balvan  ,Sathe,balvan.sathe346@gmail.com,+91-4947712903,Male,1977-12-20,Kochi,Kerala,India,2023-11-18,,0
101247,Anita,Sachar,anita.sachar857@gmail.com,09742235434,Female,1963-03-10,Jaipur,Rajasthan,India,2025-11-21,,1
101248,Ubika,Radhakrishnan,ubika.radhakrishnan711@yahoo.com,+91-6495254920,Female,2007-03-03,Guwahati,Assam,India,2023-07-19,,0
101249,Lakshit,Mandal,lakshit.mandal514@outlook.com,07388182730,Male,2001-10-03,Chennai,Tamil Nadu,India,2025-08-03,,0
101250,Upadhriti,Kaur,upadhriti.kaur20@yahoo.com,8218849680,Female,2008-04-12,Indore,Madhya Pradesh,India,2025-04-13,,1
101251,Samaksh,Lad,samaksh.lad227@gmail.com,0212543412,Male,1972-06-22,Surat,Gujarat,India,2025-10-16,,1
101252,Alexander,Dani,alexander.dani603@hotmail.com,+91-6037218600,Male,1970-05-04,Guwahati,Assam,India,2024-09-15,,0
101253,Azaan,Jaggi,azaan.jaggi328@outlook.com,+91-9011400347,Male,1999-08-26,Surat,Gujarat,India,2024-02-08,,1
101254,Jai,Chhabra,jai.chhabra262@hotmail.com,+91-8601625908,Male,1973-01-05,Chennai,Tamil Nadu,India,2025-09-07,,0
101255,Meghana,Shukla,meghana.shukla213@gmail.com,1375358210,Female,1983-04-18,Patna,Bihar,India,2023-10-27,,0
101256,Fiyaz,Wadhwa,fiyaz.wadhwa160@gmail.com,2790371616,Male,1961-12-06,Nagpur,Maharashtra,India,2023-09-04,,0
101257,Yashvi,Choudhry,yashvi.choudhry570@outlook.com,9964771837,Female,1976-11-16,Mumbai,Maharashtra,India,2025-09-17,,0
101258,Ishaan,Baria,ishaan.baria406@gmail.com,+91-2480855780,Male,1961-04-27,Hyderabad,Telangana,India,2023-06-12,,0
101259,Kabir,Memon,kabir.memon361@hotmail.com,+91-2169069685,Male,2001-04-07,Faridabad,Haryana,India,2024-03-11,,0
101260,Leela,Rao,leela.rao515@outlook.com,01691395215,Female,1963-04-01,Hyderabad,Telangana,India,2024-08-31,,0
101261,Devika,Ray,devika.ray947@yahoo.com,7033508424,Female,2001-05-05,Nagpur,Maharashtra,India,2025-10-25,,1
101262,Daksh,Yohannan,daksh.yohannan393@gmail.com,+91-8130041691,Male,,Chennai,Tamil Nadu,India,2024-11-11,,1
101263,Abhimanyu,Mutti,abhimanyu.mutti625@yahoo.com,+91-1675864633,Male,1992-08-30,Pune,Maharashtra,India,2023-11-09,,0
101264,Omya,Kaul,omya.kaul171@yahoo.com,0147642789,Female,1998-05-26,Surat,Gujarat,India,2023-04-23,,0
101265,Divya,Nagarajan,divya.nagarajan871@yahoo.com,08177512395,Female,1997-05-03,Faridabad,Haryana,India,2023-06-21,,0
101266,Yadavi,Toor,yadavi.toor136@outlook.com,0972360244,Female,1981-07-01,Kolkata,West Bengal,India,2024-02-05,,0
101267,Qasim,Mammen,qasim.mammen248@hotmail.com,+91-5171073087,Male,1966-06-29,Guwahati,Assam,India,2025-05-21,,1
101268,Sanaya,Lall,sanaya.lall251@yahoo.com,0317543802,Female,2003-04-09,Surat,Gujarat,India,2024-10-02,,0
101269,Manbir,Bora,manbir.bora883@hotmail.com,00292546862,Male,2003-07-02,Kochi,Kerala,India,2025-10-07,,0
101270,Girik,Varty,girik.varty450@gmail.com,4207632713,Male,2005-11-18,Guwahati,Assam,India,2025-10-05,,0
101271,Ishita,Rattan,ishita.rattan410@outlook.com,+91-3868790604,Female,1985-06-06,Delhi,Delhi,India,2024-06-22,,0
101272,Yutika,Ramaswamy,yutika.ramaswamy777@outlook.com,5340508927,Female,1970-03-19,Ahmedabad,Gujarat,India,2024-08-03,,1
101273,Shaurya,Chacko,shaurya.chacko935@yahoo.com,4053567078,Male,1989-03-11,Surat,Gujarat,India,2025-11-15,,1
101274,Vedika,Tata,vedika.tata771@hotmail.com,1903842273,Female,2001-11-28,Nagpur,Maharashtra,India,2025-08-25,,1
101275,Eiravati  ,Shah,eiravati.shah609@outlook.com,+91-2711175769,Female,1966-05-28,Jaipur,Rajasthan,India,2024-09-22,,1
101276,Xalak,Chhabra,xalak.chhabra731@outlook.com,8514486983,Female,1962-03-02,Coimbatore,Tamil Nadu,India,2023-06-03,,1
101277,Harita,Chawla,harita.chawla159@outlook.com,2026980142,Female,1993-03-09,Nagpur,Maharashtra,India,2024-10-31,,0
101278,Lipika,Tandon,lipika.tandon872@gmail.com,+91-1770316370,Female,2003-03-31,Pune,Maharashtra,India,2024-10-29,,1
101279,Aashi,Bali,aashi.bali489@hotmail.com,7244693172,Female,1987-08-25,Kochi,Kerala,India,2024-04-16,,1
101280,Vamakshi,Sant,vamakshi.sant388@outlook.com,0654025998,Female,1976-03-19,Surat,Gujarat,India,2023-12-23,,0
101281,Imaran,Kar,imaran.kar685@gmail.com,1291635049,Male,1999-11-01,Faridabad,Haryana,India,2023-02-16,,1
101282,Bhanumati  ,Dass,bhanumati.dass366@yahoo.com,+91-2728453974,Female,1990-07-15,Hyderabad,Telangana,India,2025-10-04,,0
101283,Rachit,Bajaj,rachit.bajaj760@yahoo.com,4067560208,Male,1961-02-07,Kochi,Kerala,India,2024-06-14,,1
101284,Charan,Garg,charan.garg567@outlook.com,+91-4390448909,Male,1971-06-03,Bengaluru,Karnataka,India,2024-08-05,,0
101285,Farhan,Pall,farhan.pall251@yahoo.com,+91-2351025550,Male,1966-01-23,Nagpur,Maharashtra,India,2025-11-15,,1
101286,Jeevika,Nazareth,jeevika.nazareth42@yahoo.com,8884393332,Female,1974-10-01,Nagpur,Maharashtra,India,2023-04-14,,0
101287,Jatin,Ramesh,jatin.ramesh536@yahoo.com,0598312441,Male,1968-05-16,Bengaluru,Karnataka,India,2024-12-01,,0
101288,ayush,Sawhney,ayush.sawhney327@gmail.com,+91-9201237631,Male,1983-09-16,Hyderabad,Telangana,India,2024-10-11,,0
101289,Nilima,Prabhu,nilima.prabhu613@yahoo.com,+91-9419375919,Female,1966-12-20,Hyderabad,Telangana,India,2025-04-03,,1
101290,Siya  ,Sekhon,siya.sekhon604@yahoo.com,+91-3626475286,Female,1972-09-13,Nagpur,Maharashtra,India,2025-01-26,,1
101291,Charan,Dhar,charan.dhar505@outlook.com,+91-0099284524,Male,1963-07-18,Guwahati,Assam,India,2024-09-12,,1
101292,Fiyaz,Cherian,fiyaz.cherian350@yahoo.com,5143219143,Male,1992-08-03,Jaipur,Rajasthan,India,2023-01-23,,0
101293,Arya,Varughese,arya.varughese7@hotmail.com,+91-4792542218,Female,,Chennai,Tamil Nadu,India,2025-10-11,,0
101294,Jacob,Kumar,jacob.kumar97@outlook.com,+91-2048770676,Male,2000-06-06,Indore,Madhya Pradesh,India,2025-07-29,,0
101295,Hardik,Joshi,hardik.joshi219@yahoo.com,06515902578,Male,1992-07-22,Hyderabad,Telangana,India,2025-10-21,,0
101296,Upma,Maharaj,upma.maharaj585@yahoo.com,8382567262,Female,1961-06-23,Guwahati,Assam,India,2025-01-20,,1
101297,Kiaan,Rao,kiaan.rao334@yahoo.com,+91-5519628222,Male,2002-05-09,Chennai,Tamil Nadu,India,2024-06-25,,0
101298,Aarna,Cherian,aarna.cherian956@yahoo.com,07286394201,Female,2001-06-19,Jaipur,Rajasthan,India,2025-06-27,,0
101299,Frado  ,Gaba,frado.gaba461@outlook.com,09290096627,Male,1962-07-10,Patna,Bihar,India,2025-03-23,,0
101300,Samarth,Rastogi,samarth.rastogi363@hotmail.com,+91-6321740039,Male,1964-03-16,Delhi,Delhi,India,2024-01-01,,0
101301,Chaman,Kanda,chaman.kanda678@yahoo.com,2247119360,Female,1993-12-18,Kolkata,West Bengal,India,2024-03-30,,1
101302,Ubika,Bail,ubika.bail817@yahoo.com,05646160762,Female,1979-05-18,Surat,Gujarat,India,2025-11-07,,0
101303,Ikbal,Vora,ikbal.vora965@hotmail.com,05372346176,Male,1992-03-31,Surat,Gujarat,India,2025-08-26,,1
101304,Isaac,Choudhry,isaac.choudhry287@yahoo.com,9441642316,Male,1977-05-13,Bhopal,Madhya Pradesh,India,2024-03-16,,1
101305,Mitali,Dada,mitali.dada449@outlook.com,7685760634,Female,1989-08-16,Chandigarh,Chandigarh,India,2023-11-30,,0
101306,Gautam,Bath,gautam.bath895@yahoo.com,5188701799,Male,1987-09-19,Indore,Madhya Pradesh,India,2023-10-26,,1
101307,Harini,Mistry,harini.mistry571@outlook.com,3744417234,Female,,Coimbatore,Tamil Nadu,India,2025-08-21,,1
101308,Pooja,Sangha,pooja.sangha927@outlook.com,4790254853,Female,1978-10-12,Surat,Gujarat,India,2025-09-18,,0
101309,Ekapad,Sahota,ekapad.sahota204@outlook.com,3864100953,Male,,Patna,Bihar,India,2025-07-06,,1
101310,Zashil,Nazareth,zashil.nazareth438@hotmail.com,1643599009,Male,1998-02-06,Hyderabad,Telangana,India,2025-07-28,,0
101311,William,Walla,william.walla17@outlook.com,06143788443,Male,1982-07-20,Kochi,Kerala,India,2023-01-29,,0
101312,Siya,Prashad,siya.prashad290@hotmail.com,06726368154,Female,2002-12-17,Chandigarh,Chandigarh,India,2024-01-31,,0
101313,Caleb,Venkataraman,caleb.venkataraman818@yahoo.com,+91-7291084507,Male,1991-10-21,Hyderabad,Telangana,India,2024-05-16,,0
101314,Reyansh,Bahri,reyansh.bahri786@gmail.com,+91-0503374698,Male,1972-05-27,Kolkata,West Bengal,India,2024-04-15,,0
101315,Amara,Randhawa,amara.randhawa75@outlook.com,+91-7182226679,Female,1991-06-13,Ahmedabad,Gujarat,India,2023-06-25,,0
101316,CHAITALY  ,Babu,chaitaly.babu412@gmail.com,05385906739,Female,1980-07-08,Indore,Madhya Pradesh,India,2023-10-08,,0
101317,Max,Gara,max.gara266@yahoo.com,05049221704,Male,1991-09-18,Indore,Madhya Pradesh,India,2024-09-11,,0
101318,Udyati,Brahmbhatt,udyati.brahmbhatt915@outlook.com,6320162907,Female,1969-10-24,Kolkata,West Bengal,India,2023-07-18,,0
101319,Gaurang,Upadhyay,gaurang.upadhyay27@gmail.com,7182653371,Male,1982-07-29,Chennai,Tamil Nadu,India,2024-11-02,,1
101320,Aarush,Walla,aarush.walla892@outlook.com,6942039831,Male,1992-12-28,Bengaluru,Karnataka,India,2025-05-21,,0
101321,Jagat,Narain,jagat.narain959@yahoo.com,9967069219,Male,1976-12-06,Jaipur,Rajasthan,India,2025-04-11,,0
101322,Theodore,Gupta,theodore.gupta27@hotmail.com,04388430217,Male,1995-05-26,Hyderabad,Telangana,India,2024-01-01,,0
101323,Daksh,Sachdeva,daksh.sachdeva211@yahoo.com,3158901649,Male,2004-10-27,Faridabad,Haryana,India,2024-06-21,,0
101324,Ekavir,Vaidya,ekavir.vaidya167@gmail.com,+91-1709264070,Male,1970-05-21,Coimbatore,Tamil Nadu,India,2023-02-03,,1
101325,amol,Vasa,amol.vasa196@hotmail.com,+91-2829682448,Male,1976-04-09,Surat,Gujarat,India,2023-08-22,,0
101326,Alexander,Bahl,alexander.bahl8@gmail.com,04116806919,Male,2003-01-27,Nagpur,Maharashtra,India,2023-06-16,,1
101327,Sanya,Choudhary,sanya.choudhary445@gmail.com,0808203917,Female,1963-05-05,Lucknow,Uttar Pradesh,India,2024-03-03,,1
101328,Harita,Sama,harita.sama17@hotmail.com,+91-5962458701,Female,1969-03-09,Faridabad,Haryana,India,2024-03-12,,1
101329,Manbir,Dhar,,0912375302,Male,,Pune,Maharashtra,India,2024-04-18,,1
101330,Lila,Seth,lila.seth888@yahoo.com,+91-7024365240,Female,1977-07-04,Guwahati,Assam,India,2024-05-27,,0
101331,Indrajit,Sandal,indrajit.sandal760@yahoo.com,4036488215,Male,2002-07-30,Chennai,Tamil Nadu,India,2023-04-04,,0
101332,Varsha,Tara,varsha.tara209@hotmail.com,02323606679,Female,1997-11-01,Mumbai,Maharashtra,India,2024-03-31,,0
101333,SAMAR,Mander,samar.mander30@outlook.com,09722042986,Male,,Mumbai,Maharashtra,India,2023-08-02,,1
101334,George,Gandhi,george.gandhi162@yahoo.com,6179962356,Male,,Faridabad,Haryana,India,2023-12-16,,1
101335,Garima,Kota,garima.kota426@hotmail.com,7779256041,Female,1972-06-21,Bhopal,Madhya Pradesh,India,2023-03-20,,0
101336,Gabriel,Bawa,gabriel.bawa481@hotmail.com,5398391226,Male,1961-01-31,Lucknow,Uttar Pradesh,India,2024-07-09,,0
101337,Aarnav,Bhavsar,aarnav.bhavsar505@hotmail.com,9143049134,Male,1966-04-15,Hyderabad,Telangana,India,2024-04-15,,0
101338,ishani,Varty,ishani.varty676@yahoo.com,+91-7209986564,Female,1968-04-13,Ahmedabad,Gujarat,India,2023-10-23,,1
101339,Ekanta,Minhas,ekanta.minhas190@outlook.com,08235309766,Female,1989-10-29,Pune,Maharashtra,India,2024-11-27,,0
101340,Charan,Lal,charan.lal779@outlook.com,0568201753,Male,1990-10-03,Kochi,Kerala,India,2023-07-23,,0
101341,Aadhya,Sen,aadhya.sen648@hotmail.com,9572404347,Female,,Delhi,Delhi,India,2023-08-13,,0
101342,Lavanya,Dara,lavanya.dara407@yahoo.com,+91-7956100777,Female,1970-01-16,Pune,Maharashtra,India,2025-08-25,,1
101343,Hamsini,Borah,hamsini.borah463@hotmail.com,1920259991,Female,1988-12-20,Coimbatore,Tamil Nadu,India,2025-06-15,,0
101344,Yauvani,Sule,yauvani.sule346@outlook.com,2444748904,Female,1984-04-17,Kochi,Kerala,India,2023-03-12,,0
101345,Amara,Sawhney,amara.sawhney685@gmail.com,1076519170,Female,2007-07-13,Nagpur,Maharashtra,India,2023-09-30,,0
101346,Pranav,Chakraborty,pranav.chakraborty97@yahoo.com,5145634091,Male,1987-05-31,Mumbai,Maharashtra,India,2025-06-10,,1
101347,Raagini,Upadhyay,raagini.upadhyay464@outlook.com,5744965391,Female,2004-11-10,Patna,Bihar,India,2025-01-01,,0
101348,Arunima,Swamy,arunima.swamy146@yahoo.com,9304541840,Female,2008-05-06,Faridabad,Haryana,India,2025-10-01,,1
101349,Kritika,Doctor,kritika.doctor577@yahoo.com,06203858864,Female,1990-10-10,Guwahati,Assam,India,2024-03-06,,0
101350,Advaith,Saxena,advaith.saxena384@yahoo.com,+91-2951646933,Male,1995-04-15,Kochi,Kerala,India,2025-06-27,,0
101351,PAVANI,Sahni,pavani.sahni879@hotmail.com,04408806708,Female,1995-03-02,Ahmedabad,Gujarat,India,2023-02-18,,1
101352,Warhi,Basak,warhi.basak916@hotmail.com,01843113266,Female,,Kochi,Kerala,India,2023-08-06,,0
101353,Chandresh,Char,chandresh.char214@outlook.com,00526321196,Male,1962-03-02,Chandigarh,Chandigarh,India,2025-04-22,,1
101354,Vasana,Dutt,vasana.dutt843@hotmail.com,00774544708,Female,1993-03-14,Ahmedabad,Gujarat,India,2025-02-18,,1
101355,Ekapad,Hegde,ekapad.hegde401@hotmail.com,9953946766,Male,1966-12-17,Chennai,Tamil Nadu,India,2023-01-30,,0
101356,Tanvi,Gole,tanvi.gole127@hotmail.com,+91-0261840257,Female,1999-08-20,Ahmedabad,Gujarat,India,2025-03-24,,0
101357,Udarsh,Ahuja,udarsh.ahuja12@outlook.com,+91-5063066360,Male,1978-06-02,Jaipur,Rajasthan,India,2024-03-19,,1
101358,Dhruv,Wali,dhruv.wali306@hotmail.com,+91-9891039091,Male,2008-01-22,Pune,Maharashtra,India,2025-10-23,,0
101359,Ayushman,Khalsa,ayushman.khalsa973@outlook.com,09452375979,Male,1978-03-19,Surat,Gujarat,India,2025-08-01,,0
101360,Daksh,Grover,daksh.grover898@yahoo.com,+91-6027574544,Male,2007-09-22,Coimbatore,Tamil Nadu,India,2023-12-19,,1
101361,Ekapad,Bassi,ekapad.bassi248@outlook.com,08118081896,Male,1977-04-23,Bengaluru,Karnataka,India,2025-04-17,,0
101362,Parth,Wagle,parth.wagle863@outlook.com,2295217970,Male,1975-09-23,Hyderabad,Telangana,India,2023-03-18,,0
101363,Tanvi,Rai,,+91-4860704726,Female,2003-11-25,Jaipur,Rajasthan,India,2025-01-05,,0
101364,Samaksh,Babu,samaksh.babu107@outlook.com,+91-5015301731,Male,1980-12-03,Indore,Madhya Pradesh,India,2025-02-13,,0
101365,Champak,Mutti,champak.mutti44@hotmail.com,00522441339,Male,1976-04-12,Guwahati,Assam,India,2025-05-21,,1
101366,Timothy,Lanka,timothy.lanka370@yahoo.com,+91-1579057191,Male,1997-01-07,Hyderabad,Telangana,India,2023-01-21,,1
101367,Rushil,Saran,rushil.saran663@outlook.com,+91-6561833597,Male,1973-04-11,Delhi,Delhi,India,2024-12-18,,0
101368,VICTOR,Randhawa,victor.randhawa222@gmail.com,02377184301,Male,1987-09-02,Indore,Madhya Pradesh,India,2024-07-18,,1
101369,Gautami,Bal,gautami.bal870@hotmail.com,+91-3297323964,Female,1973-01-18,Mumbai,Maharashtra,India,2024-08-08,,1
101370,Idika,Deol,idika.deol803@hotmail.com,09924277392,Female,1971-05-11,Jaipur,Rajasthan,India,2025-04-18,,0
101371,Omkaar,Dhaliwal,omkaar.dhaliwal759@outlook.com,01401693328,Male,1973-12-31,Kolkata,West Bengal,India,2023-01-18,,0
101372,Ekapad,Kala,ekapad.kala632@outlook.com,08290755154,Male,1993-09-25,Surat,Gujarat,India,2024-12-16,,1
101373,Edhitha,Ramachandran,edhitha.ramachandran321@hotmail.com,09913831006,Female,1998-06-19,Bengaluru,Karnataka,India,2023-01-21,,0
101374,Krisha,Kala,krisha.kala346@outlook.com,07777331680,Female,2006-06-14,Bhopal,Madhya Pradesh,India,2024-09-02,,0
101375,Suhani,Misra,suhani.misra596@yahoo.com,+91-8503605952,Female,1990-07-24,Hyderabad,Telangana,India,2025-09-01,,0
101376,Nidra,Deshmukh,nidra.deshmukh634@hotmail.com,0274067582,Female,1981-02-27,Chennai,Tamil Nadu,India,2024-08-18,,0
101377,Shivansh,Devi,shivansh.devi150@outlook.com,0363856461,Male,1974-03-08,Faridabad,Haryana,India,2024-05-15,,0
101378,Vanya,Loke,vanya.loke332@gmail.com,8399798491,Female,1972-12-24,Lucknow,Uttar Pradesh,India,2024-04-24,,1
101379,Zehaan,Sane,zehaan.sane507@gmail.com,9326643223,Male,2007-06-07,Jaipur,Rajasthan,India,2025-01-12,,0
101380,Lavanya,Raj,lavanya.raj13@yahoo.com,08115948534,Female,1961-05-24,Kolkata,West Bengal,India,2023-02-06,,0
101381,Bina,Gopal,bina.gopal423@yahoo.com,9847422567,Female,1996-06-12,Chandigarh,Chandigarh,India,2025-08-17,,1
101382,Xalak,Bhatt,xalak.bhatt724@outlook.com,08870584168,Female,1962-12-27,Faridabad,Haryana,India,2024-11-05,,1
101383,Balvan,Iyengar,balvan.iyengar554@outlook.com,4799846058,Male,1981-03-05,Pune,Maharashtra,India,2024-09-11,,0
101384,Tristan,Luthra,tristan.luthra99@yahoo.com,+91-0972361080,Male,1988-02-29,Pune,Maharashtra,India,2023-07-26,,0
101385,Ekavir,Sahni,ekavir.sahni738@yahoo.com,06555786457,Male,1992-07-22,Guwahati,Assam,India,2024-01-31,,0
101386,Ryan,Naidu,ryan.naidu472@gmail.com,+91-2476400068,Male,1982-01-15,Jaipur,Rajasthan,India,2025-04-20,,0
101387,Yoshita,Sachdeva,yoshita.sachdeva573@hotmail.com,+91-1665451224,Female,,Chandigarh,Chandigarh,India,2025-09-27,,1
101388,Matthew,Lad,matthew.lad978@gmail.com,03386860835,Male,2000-01-01,Patna,Bihar,India,2024-01-26,,0
101389,Anvi,Bhatt,anvi.bhatt722@hotmail.com,9442386020,Female,1998-11-19,Bhopal,Madhya Pradesh,India,2025-05-31,,0
101390,Ojas,Bava,ojas.bava239@outlook.com,01349096197,Male,1989-03-28,Lucknow,Uttar Pradesh,India,2024-07-16,,0
101391,Yagnesh,Deshmukh,,01356948045,Male,2004-07-02,Coimbatore,Tamil Nadu,India,2024-11-02,,1
101392,Vedika,Jayaraman,vedika.jayaraman543@gmail.com,0957394059,Female,2000-05-17,Bengaluru,Karnataka,India,2025-04-28,,1
101393,Arin,Dey,arin.dey31@yahoo.com,4420315892,Male,1976-07-21,Chennai,Tamil Nadu,India,2025-08-08,,1
101394,Meera,Badal,meera.badal825@hotmail.com,1977748675,Female,1989-11-16,Coimbatore,Tamil Nadu,India,2023-06-20,,0
101395,Dakshesh,More,dakshesh.more725@yahoo.com,3088295868,Male,1999-04-20,Patna,Bihar,India,2025-01-23,,0
101396,manya,Cherian,manya.cherian348@gmail.com,6058694276,Female,,Patna,Bihar,India,2025-07-09,,0
101397,Wridesh,Master,wridesh.master700@gmail.com,00662931518,Male,,Chandigarh,Chandigarh,India,2025-11-06,,0
101398,Chakradev,Sidhu,chakradev.sidhu29@outlook.com,5594698906,Male,2005-02-24,Faridabad,Haryana,India,2025-06-30,,0
101399,Kamya,Deol,kamya.deol187@hotmail.com,7989022379,Female,1963-05-01,Guwahati,Assam,India,2024-06-16,,1
101400,Tanish,Mutti,tanish.mutti913@yahoo.com,07795417675,Male,1975-09-05,Patna,Bihar,India,2024-10-27,,0
101401,Balvan,Zachariah,balvan.zachariah638@gmail.com,08159157908,Male,1988-07-02,Nagpur,Maharashtra,India,2024-08-15,,0
101402,Qasim,Uppal,qasim.uppal111@outlook.com,+91-3848876380,Male,2001-12-14,Lucknow,Uttar Pradesh,India,2024-12-26,,1
101403,Abhiram,Srinivas,abhiram.srinivas628@yahoo.com,01219051881,Male,1968-01-14,Guwahati,Assam,India,2025-05-13,,0
101404,Yutika,Ram,yutika.ram685@gmail.com,7066901079,Female,1966-12-12,Nagpur,Maharashtra,India,2023-11-05,,0
101405,Wridesh,Din,wridesh.din43@hotmail.com,03348649703,Male,1994-11-17,Kolkata,West Bengal,India,2024-08-03,,1
101406,Anthony,Salvi,anthony.salvi869@gmail.com,8335570773,Male,1996-02-14,Coimbatore,Tamil Nadu,India,2024-06-28,,1
101407,Onkar,Kamdar,onkar.kamdar776@hotmail.com,7052187993,Other,1985-05-29,Chandigarh,Chandigarh,India,2024-02-06,,1
101408,Logan,Lall,logan.lall446@hotmail.com,+91-1141470123,Male,2007-07-19,Indore,Madhya Pradesh,India,2025-01-15,,1
101409,Ojasvi,Bawa,ojasvi.bawa510@outlook.com,08910977978,Female,1963-03-06,Faridabad,Haryana,India,2025-03-08,,1
101410,Ekavir,Kata,ekavir.kata970@yahoo.com,08446794036,Male,1995-06-11,Delhi,Delhi,India,2023-08-21,,0
101411,Tanay,Misra,tanay.misra548@gmail.com,9573783159,Male,2005-12-20,Surat,Gujarat,India,2024-10-24,,1
101412,Rajeshri,Sethi,rajeshri.sethi521@yahoo.com,03186830291,Female,1976-07-09,Indore,Madhya Pradesh,India,2024-09-14,,1
101413,Raksha,Modi,raksha.modi75@outlook.com,+91-1651854839,Female,,Pune,Maharashtra,India,2024-08-22,,0
101414,Tarak,Ramachandran,tarak.ramachandran922@yahoo.com,6746215958,Male,1974-03-21,Faridabad,Haryana,India,2025-01-08,,0
101415,Benjamin,Sur,benjamin.sur400@yahoo.com,00502218169,Male,1987-02-06,Surat,Gujarat,India,2025-03-31,,0
101416,Mekhala,Chaudhary,mekhala.chaudhary904@outlook.com,00948377402,Female,1989-01-02,Pune,Maharashtra,India,2023-03-24,,0
101417,Dev,Wason,,6509962183,Male,1980-07-24,Jaipur,Rajasthan,India,2025-05-15,,1
101418,Varsha,Sharaf,,1025634202,Female,1998-09-12,Bhopal,Madhya Pradesh,India,2025-02-10,,1
101419,Eesha,Deol,eesha.deol653@gmail.com,08013768367,Female,1977-10-19,Pune,Maharashtra,India,2025-08-15,,1
101420,Abhiram,Chandra,abhiram.chandra979@outlook.com,2446144092,Male,1970-10-03,Chennai,Tamil Nadu,India,2024-06-22,,1
101421,Parth,Bhatnagar,parth.bhatnagar112@outlook.com,02601863726,Male,1971-02-01,Coimbatore,Tamil Nadu,India,2024-06-16,,1
101422,PRANAV,Raj,pranav.raj131@yahoo.com,+91-2776414900,Male,,Bhopal,Madhya Pradesh,India,2023-11-22,,0
101423,Janaki,Naik,janaki.naik86@yahoo.com,3444867228,Female,2004-04-27,Faridabad,Haryana,India,2023-01-01,,0
101424,Jyoti,Acharya,jyoti.acharya612@hotmail.com,+91-5461574932,Female,1977-10-11,Ahmedabad,Gujarat,India,2025-04-11,,1
101425,Dakshesh,Lad,,09531204095,Male,1974-04-24,Surat,Gujarat,India,2025-08-20,,0
101426,Urvi,Tandon,urvi.tandon924@yahoo.com,0858001873,Female,,Nagpur,Maharashtra,India,2025-08-05,,1
101427,Brijesh,Muni,brijesh.muni344@yahoo.com,04367862107,Male,1998-12-09,Chennai,Tamil Nadu,India,2024-03-16,,1
101428,Brinda,Shan,brinda.shan571@outlook.com,4257068026,Female,,Kochi,Kerala,India,2023-02-05,,0
101429,Ira,Konda,ira.konda634@gmail.com,3060023028,Female,1981-05-03,Kochi,Kerala,India,2023-12-03,,0
101430,gautami,Nayak,,4114206670,Other,1965-07-24,Pune,Maharashtra,India,2024-11-28,,1
101431,Baljiwan,Kunda,baljiwan.kunda21@gmail.com,06338222240,Male,1962-02-15,Delhi,Delhi,India,2024-04-26,,1
101432,Nathaniel,Kata,nathaniel.kata461@hotmail.com,+91-5620190113,Male,1972-11-25,Guwahati,Assam,India,2025-10-17,,1
101433,Nikita,Kadakia,nikita.kadakia942@hotmail.com,05286132394,Female,1976-09-19,Nagpur,Maharashtra,India,2023-03-23,,0
101434,Tripti,Mander,tripti.mander264@hotmail.com,6449760249,Female,1985-03-10,Chennai,Tamil Nadu,India,2024-05-01,,1
101435,Upadhriti,Hans,upadhriti.hans728@hotmail.com,06773498529,Female,1983-04-07,Nagpur,Maharashtra,India,2025-03-31,,0
101436,Jack,Parekh,jack.parekh432@hotmail.com,+91-6559147625,Male,1998-06-01,Kolkata,West Bengal,India,2024-05-27,,0
101437,Yashodhara,Bhat,yashodhara.bhat682@outlook.com,4753369524,Female,2002-10-06,Surat,Gujarat,India,2024-08-14,,0
101438,Krishna,Ramesh,krishna.ramesh922@outlook.com,08962985324,Male,1970-05-03,Kolkata,West Bengal,India,2024-06-07,,1
101439,Rishi,Tak,rishi.tak482@yahoo.com,7127638354,Male,1970-10-24,Faridabad,Haryana,India,2024-12-03,,1
101440,Luke,Roy,luke.roy53@hotmail.com,06168249793,Male,1990-03-06,Guwahati,Assam,India,2025-07-02,,0
101441,Brinda,Sagar,brinda.sagar966@yahoo.com,6837103073,Female,1983-05-13,Indore,Madhya Pradesh,India,2025-02-02,,1
101442,Sachi,Bhargava,sachi.bhargava657@yahoo.com,8967808264,Female,1988-02-27,Coimbatore,Tamil Nadu,India,2025-06-07,,0
101443,Daniel,Deep,daniel.deep324@hotmail.com,+91-4762542926,Male,,Ahmedabad,Gujarat,India,2023-12-23,,0
101444,Manbir,Padmanabhan,manbir.padmanabhan88@gmail.com,07299403694,Male,1984-11-18,Hyderabad,Telangana,India,2025-09-07,,0
101445,Chaaya,Choudhary,chaaya.choudhary762@yahoo.com,07196706833,Female,1976-05-21,Patna,Bihar,India,2025-03-02,,0
101446,Christopher,Bali,christopher.bali487@hotmail.com,9016399490,Male,1997-02-28,Coimbatore,Tamil Nadu,India,2024-02-08,,0
101447,Banjeet,Hayer,banjeet.hayer426@yahoo.com,+91-6734814098,Male,1998-11-16,Ahmedabad,Gujarat,India,2024-03-23,,1
101448,Libni,Chakrabarti,libni.chakrabarti117@yahoo.com,+91-3014811604,Female,1988-05-16,Jaipur,Rajasthan,India,2023-09-23,,0
101449,Benjamin,Bakshi,benjamin.bakshi389@hotmail.com,+91-8866168019,Male,1989-07-09,Faridabad,Haryana,India,2024-01-18,,0
101450,Jatin,Manne,jatin.manne459@yahoo.com,04842035316,Male,1963-07-24,Nagpur,Maharashtra,India,2025-02-18,,0
101451,Waida,Char,waida.char71@outlook.com,+91-0157117132,Female,1998-03-08,Bengaluru,Karnataka,India,2023-06-26,,0
101452,Chavvi,More,chavvi.more300@outlook.com,0288141128,Female,1982-08-30,Kolkata,West Bengal,India,2025-11-05,,0
101453,Netra,Nadig,netra.nadig174@hotmail.com,+91-6785764639,Female,1964-01-21,Mumbai,Maharashtra,India,2025-02-15,,0
101454,balveer,Barad,balveer.barad327@hotmail.com,6194232154,Male,2002-09-16,Mumbai,Maharashtra,India,2024-12-01,,0
101455,Baljiwan,Khanna,baljiwan.khanna42@outlook.com,+91-6962616845,Male,1976-10-17,Indore,Madhya Pradesh,India,2024-01-31,,1
101456,Ojasvi  ,Gill,ojasvi.gill893@yahoo.com,02547179899,Female,1973-11-09,Delhi,Delhi,India,2023-10-03,,0
101457,Praneel,Sandhu,praneel.sandhu398@hotmail.com,+91-3005195675,Male,2005-09-08,Bhopal,Madhya Pradesh,India,2024-05-22,,1
101458,Sai,Joshi,sai.joshi725@hotmail.com,01726625650,Male,1973-01-16,Indore,Madhya Pradesh,India,2025-05-02,,0
101459,Aayush,Soni,aayush.soni936@gmail.com,01306862408,Male,1981-12-23,Jaipur,Rajasthan,India,2024-01-09,,0
101460,Dalaja,Ahluwalia,dalaja.ahluwalia831@gmail.com,0417282076,Female,,Hyderabad,Telangana,India,2025-01-02,,0
101461,hamsini,Handa,hamsini.handa798@yahoo.com,02328222824,Female,1961-03-30,Coimbatore,Tamil Nadu,India,2025-06-17,,1
101462,Liam,Sinha,liam.sinha160@gmail.com,09994004108,Male,1973-06-23,Guwahati,Assam,India,2025-04-19,,0
101463,Devika,Kari,devika.kari58@gmail.com,00535722892,Female,2004-12-10,Hyderabad,Telangana,India,2024-05-16,,1
101464,Aarini,Sarkar,aarini.sarkar444@gmail.com,9783028010,Female,2003-07-28,Bengaluru,Karnataka,India,2025-04-07,,0
101465,Dalaja,Mani,dalaja.mani488@yahoo.com,+91-9528144786,Female,1999-01-03,Kochi,Kerala,India,2025-10-31,,1
101466,MAANAS,Dave,maanas.dave454@gmail.com,9306357803,Male,1982-12-01,Coimbatore,Tamil Nadu,India,2024-07-19,,0
101467,Dalbir,Dhingra,dalbir.dhingra717@yahoo.com,9905585575,Male,1989-01-17,Chandigarh,Chandigarh,India,2025-02-02,,0
101468,Michael,Bail,michael.bail405@yahoo.com,+91-6969045289,Male,1999-01-23,Pune,Maharashtra,India,2025-07-01,,0
101469,Tanish,Aurora,tanish.aurora845@outlook.com,7337457016,Male,1975-11-23,Indore,Madhya Pradesh,India,2024-05-17,,0
101470,Vamakshi,Sachdeva,vamakshi.sachdeva67@yahoo.com,04980253084,Female,1969-12-12,Lucknow,Uttar Pradesh,India,2023-02-03,,1
101471,Ryan,Dyal,ryan.dyal691@gmail.com,7725084232,Male,2003-11-10,Indore,Madhya Pradesh,India,2025-08-02,,1
101472,Gagan,Kala,gagan.kala715@outlook.com,7241553691,Male,1976-05-03,Coimbatore,Tamil Nadu,India,2025-04-11,,1
101473,Pallavi,Murty,pallavi.murty761@outlook.com,9602425703,Female,2008-06-16,Nagpur,Maharashtra,India,2024-06-16,,0
101474,Hredhaan,Kant,hredhaan.kant602@yahoo.com,+91-2315828630,Male,1974-01-11,Kolkata,West Bengal,India,2025-08-07,,0
101475,Ekaraj,Saran,ekaraj.saran890@hotmail.com,7429220416,Male,1982-11-20,Faridabad,Haryana,India,2023-05-23,,0
101476,Gaurang,Dar,gaurang.dar808@yahoo.com,+91-6937063250,Male,,Mumbai,Maharashtra,India,2025-04-30,,0
101477,Hritik,Dara,hritik.dara608@yahoo.com,8502206190,Male,1965-09-17,Chennai,Tamil Nadu,India,2025-10-07,,0
101478,Kashvi,Kohli,kashvi.kohli510@gmail.com,01900002956,Female,1965-05-21,Kolkata,West Bengal,India,2024-03-18,,1
101479,Elijah,Gour,elijah.gour444@hotmail.com,+91-8559407992,Male,1971-07-04,Bhopal,Madhya Pradesh,India,2024-11-03,,0
101480,Luke,Padmanabhan,luke.padmanabhan976@gmail.com,6778145647,Male,1995-11-04,Hyderabad,Telangana,India,2023-09-22,,0
101481,Jason,Sawhney,,3911776665,Male,1963-06-02,Kolkata,West Bengal,India,2023-01-05,,0
101482,Gaurang,Sinha,gaurang.sinha614@gmail.com,09281578061,Male,1998-11-16,Indore,Madhya Pradesh,India,2025-08-04,,1
101483,Ayushman,Dugal,,8706763532,Male,1967-11-14,Patna,Bihar,India,2024-02-18,,1
101484,Xavier,Dasgupta,xavier.dasgupta806@hotmail.com,08485637114,Male,2001-03-18,Surat,Gujarat,India,2025-06-29,,0
101485,Nachiket,Hans,nachiket.hans726@yahoo.com,03989231324,Male,1981-08-09,Surat,Gujarat,India,2023-01-08,,0
101486,Yashasvi,Rai,yashasvi.rai524@outlook.com,4178376591,Female,2002-12-19,Mumbai,Maharashtra,India,2024-05-18,,0
101487,Onkar,Kade,onkar.kade69@outlook.com,04065266426,Male,1981-12-23,Nagpur,Maharashtra,India,2024-12-01,,0
101488,JANUJA,Pillay,januja.pillay253@hotmail.com,5533756569,Female,1983-02-20,Delhi,Delhi,India,2023-01-24,,0
101489,Samesh,Lad,samesh.lad497@outlook.com,+91-2494510462,Male,1975-09-23,Jaipur,Rajasthan,India,2023-07-12,,1
101490,Samuel,Dayal,samuel.dayal303@gmail.com,5120627672,Male,1989-04-13,Guwahati,Assam,India,2025-11-20,,0
101491,JACK,Nagarajan,jack.nagarajan718@hotmail.com,4212914650,Male,,Faridabad,Haryana,India,2023-09-13,,0
101492,Girik,Din,girik.din378@gmail.com,0457972518,Male,1974-08-06,Indore,Madhya Pradesh,India,2025-09-20,,1
101493,Ati,Shanker,ati.shanker777@hotmail.com,+91-1478233720,Female,2005-01-30,Guwahati,Assam,India,2024-01-09,,1
101494,Krishna,Nadig,krishna.nadig601@yahoo.com,0636328630,Male,1966-01-11,Lucknow,Uttar Pradesh,India,2023-01-24,,0
101495,Ekantika,Doshi,ekantika.doshi323@yahoo.com,4264833367,Female,1993-01-17,Patna,Bihar,India,2024-01-10,,1
101496,RAYAAN,Bajaj,rayaan.bajaj628@outlook.com,7136054946,Male,2002-09-11,Chennai,Tamil Nadu,India,2025-11-12,,0
101497,Ekani,Bajwa,ekani.bajwa741@gmail.com,0132495193,Female,1978-07-29,Kochi,Kerala,India,2024-07-24,,0
101498,aachal,Brahmbhatt,aachal.brahmbhatt963@yahoo.com,7580803889,Female,1991-04-13,Kochi,Kerala,India,2025-02-06,,1
101499,andrew,Mangal,andrew.mangal505@gmail.com,+91-4315668513,Male,2000-08-17,Surat,Gujarat,India,2024-04-03,,0
101500,Ikshita,Vig,ikshita.vig834@gmail.com,07475580309,Female,1991-04-17,Chandigarh,Chandigarh,India,2024-08-19,,1
101501,Dalaja,Rau,dalaja.rau54@gmail.com,+91-1778401902,Female,2003-04-07,Delhi,Delhi,India,2025-06-21,,1
101502,Dalaja,Ravel,dalaja.ravel513@yahoo.com,+91-1158668611,Female,1987-11-30,Ahmedabad,Gujarat,India,2024-11-23,,0
101503,Vrinda,Rajan,vrinda.rajan25@hotmail.com,+91-1705058353,Female,1972-11-17,Lucknow,Uttar Pradesh,India,2024-06-09,,0
101504,Bhavna,Pall,bhavna.pall597@yahoo.com,3533998242,Female,1979-03-26,Kolkata,West Bengal,India,2024-06-03,,1
101505,EKTA,Chandra,ekta.chandra218@hotmail.com,+91-1584668793,Female,1960-10-26,Chennai,Tamil Nadu,India,2024-06-19,,0
101506,Isha,Ahuja,isha.ahuja164@hotmail.com,2766983451,Female,1991-03-27,Patna,Bihar,India,2025-02-20,,0
101507,AZAAN,Gala,azaan.gala667@gmail.com,+91-3087308972,Male,2003-02-21,Faridabad,Haryana,India,2024-04-26,,1
101508,Aayush,Shan,aayush.shan190@yahoo.com,7771184252,Male,1993-11-21,Faridabad,Haryana,India,2025-09-12,,1
101509,Wridesh,Thaman,wridesh.thaman853@outlook.com,+91-0712102423,Male,1974-10-13,Coimbatore,Tamil Nadu,India,2024-12-02,,0
101510,Maanav,Suresh,maanav.suresh223@outlook.com,7196199716,Male,1978-02-14,Pune,Maharashtra,India,2023-03-20,,1
101511,Urishilla,Palla,urishilla.palla738@hotmail.com,+91-0996833440,Female,1961-06-14,Bhopal,Madhya Pradesh,India,2025-09-15,,0
101512,Qadim,Doshi,qadim.doshi815@outlook.com,3793221914,Male,1972-04-26,Chandigarh,Chandigarh,India,2023-02-28,,0
101513,Abeer,Shanker,,0157911501,Male,1962-09-19,Mumbai,Maharashtra,India,2023-01-08,,1
101514,Rushil,Doshi,rushil.doshi55@gmail.com,06589347597,Male,2002-01-23,Chennai,Tamil Nadu,India,2023-06-02,,0
101515,Harsh,Kannan,harsh.kannan670@hotmail.com,09214967914,Male,1979-01-24,Jaipur,Rajasthan,India,2024-04-26,,1
101516,Yashawini,Sachdev,yashawini.sachdev942@gmail.com,00317266528,Female,1967-06-06,Kolkata,West Bengal,India,2025-11-24,,1
101517,Ronith,Yohannan,ronith.yohannan116@gmail.com,00002086014,Male,1992-08-09,Chennai,Tamil Nadu,India,2023-05-02,,0
101518,ranbir,Badal,ranbir.badal720@gmail.com,+91-3271630335,Male,2003-09-30,Jaipur,Rajasthan,India,2025-04-17,,0
101519,Janani,Raj,janani.raj39@gmail.com,+91-0090899318,Female,1981-11-23,Faridabad,Haryana,India,2023-08-06,,0
101520,Deepa,Aggarwal,deepa.aggarwal983@gmail.com,8354158929,Female,1993-05-24,Delhi,Delhi,India,2023-10-22,,0
101521,Ishwar  ,Bawa,ishwar.bawa987@outlook.com,+91-1366280812,Male,2007-11-23,Mumbai,Maharashtra,India,2024-12-03,,1
101522,Upadhriti,Venkatesh,upadhriti.venkatesh573@hotmail.com,0531105833,Female,,Coimbatore,Tamil Nadu,India,2024-01-25,,0
101523,Aayush,Sant,aayush.sant613@gmail.com,+91-8421891426,Male,1989-09-20,Patna,Bihar,India,2025-06-15,,1
101524,Vritti,Reddy,vritti.reddy329@yahoo.com,7671877628,Female,1986-08-30,Chandigarh,Chandigarh,India,2024-09-24,,1
101525,Janaki,Rege,janaki.rege152@outlook.com,+91-0162762922,Female,1981-01-07,Patna,Bihar,India,2024-12-04,,0
101526,Urishilla,Sawhney,urishilla.sawhney617@gmail.com,06165228989,Female,1960-08-23,Indore,Madhya Pradesh,India,2024-07-06,,0
101527,Mugdha,Khurana,mugdha.khurana912@yahoo.com,09777265976,Female,1974-11-03,Chandigarh,Chandigarh,India,2023-10-22,,0
101528,Ijaya,Pingle,ijaya.pingle872@yahoo.com,04171657893,Female,1988-01-20,Chandigarh,Chandigarh,India,2023-12-16,,1
101529,Ekiya,Pandey,ekiya.pandey902@hotmail.com,7114860050,Female,,Bengaluru,Karnataka,India,2024-11-12,,0
101530,Aarnav,Gour,aarnav.gour758@yahoo.com,7570302930,Male,1966-07-17,Chandigarh,Chandigarh,India,2024-04-05,,1
101531,Falan,Oak,falan.oak536@hotmail.com,+91-7429069522,Male,1968-05-23,Patna,Bihar,India,2025-07-30,,1
101532,Girindra,Reddy,girindra.reddy656@yahoo.com,+91-2007302426,Male,1991-11-14,Hyderabad,Telangana,India,2025-07-21,,0
101533,udyati,Dewan,udyati.dewan508@gmail.com,04057144695,Female,2003-11-16,Kochi,Kerala,India,2024-04-04,,0
101534,YUG,Kumer,yug.kumer975@gmail.com,5445345146,Male,1992-01-26,Kolkata,West Bengal,India,2023-01-19,,1
101535,Shaurya,Pandya,shaurya.pandya260@gmail.com,04835862673,Male,,Bengaluru,Karnataka,India,2025-11-05,,1
101536,Urishilla,Ramanathan,urishilla.ramanathan352@outlook.com,+91-7758708943,Female,1968-03-31,Guwahati,Assam,India,2025-10-04,,0
101537,SAMARTH,Kamdar,samarth.kamdar696@gmail.com,9580504505,Male,2008-05-08,Guwahati,Assam,India,2025-08-07,,1
101538,Amol,Gill,amol.gill433@gmail.com,0734293907,Male,1982-01-22,Faridabad,Haryana,India,2025-06-27,,1
101539,Yash,Dhar,yash.dhar40@hotmail.com,3801625851,Male,1977-08-15,Mumbai,Maharashtra,India,2025-10-09,,1
101540,Ekaja,Agrawal,ekaja.agrawal466@gmail.com,+91-1435312794,Female,1997-08-28,Pune,Maharashtra,India,2024-04-19,,0
101541,jackson,Kapur,jackson.kapur222@hotmail.com,+91-1235904265,Male,1969-06-23,Chandigarh,Chandigarh,India,2024-09-30,,0
101542,Veda,Lalla,veda.lalla71@hotmail.com,+91-1085738385,Female,1977-05-05,Mumbai,Maharashtra,India,2024-02-24,,0
101543,Onveer,Buch,onveer.buch600@outlook.com,9351174555,Male,1996-11-21,Delhi,Delhi,India,2024-04-04,,0
101544,Januja,Setty,januja.setty616@outlook.com,8167337461,Female,2008-07-02,Delhi,Delhi,India,2023-09-12,,0
101545,Ekiya,Chadha,ekiya.chadha6@yahoo.com,+91-6412608481,Female,1985-02-23,Bhopal,Madhya Pradesh,India,2024-08-31,,0
101546,Timothy,Ramanathan,timothy.ramanathan229@yahoo.com,01963039951,Male,1981-07-13,Lucknow,Uttar Pradesh,India,2025-02-23,,0
101547,Xiti,Bhargava,xiti.bhargava169@gmail.com,08226731234,Female,1998-02-17,Hyderabad,Telangana,India,2024-04-23,,1
101548,Zilmil,Wali,zilmil.wali22@hotmail.com,4202593645,Female,1962-10-30,Patna,Bihar,India,2024-12-15,,1
101549,Eta,Gill,eta.gill447@outlook.com,2755767299,Female,1963-09-06,Delhi,Delhi,India,2024-10-13,,1
101550,Noah,Master,noah.master411@hotmail.com,08343695310,Male,,Patna,Bihar,India,2023-08-03,,0
101551,Gaurangi,Sule,gaurangi.sule681@yahoo.com,+91-2917926517,Female,1970-11-13,Bengaluru,Karnataka,India,2024-06-25,,0
101552,Gaurika,Upadhyay,gaurika.upadhyay119@hotmail.com,0873922198,Female,1972-06-06,Chennai,Tamil Nadu,India,2025-02-07,,1
101553,BISHAKHA,Nagy,bishakha.nagy62@outlook.com,+91-0529877074,Female,1977-03-26,Mumbai,Maharashtra,India,2024-06-10,,0
101554,Chaitaly,Prakash,chaitaly.prakash328@yahoo.com,00020268387,Female,1987-04-02,Lucknow,Uttar Pradesh,India,2024-11-11,,0
101555,Anay,Kala,anay.kala102@yahoo.com,+91-9586760304,Male,,Bhopal,Madhya Pradesh,India,2025-09-06,,1
101556,Aarna,Jha,aarna.jha882@yahoo.com,08236881013,Female,2000-06-16,Ahmedabad,Gujarat,India,2023-04-10,,1
101557,Dominic,Sekhon,dominic.sekhon961@outlook.com,3460184220,Male,1965-05-05,Indore,Madhya Pradesh,India,2024-03-03,,1
101558,Hamsini,Pathak,hamsini.pathak198@gmail.com,1681636038,Female,1987-10-01,Faridabad,Haryana,India,2024-10-17,,1
101559,Caleb,Srinivas,caleb.srinivas630@hotmail.com,+91-8947672000,Male,1977-08-02,Ahmedabad,Gujarat,India,2025-11-26,,0
101560,Chaitaly,Kurian,chaitaly.kurian510@outlook.com,7163485089,Female,1976-01-02,Pune,Maharashtra,India,2025-08-21,,1
101561,Gautam,Kalita,gautam.kalita379@gmail.com,+91-1944545697,Male,1967-06-02,Ahmedabad,Gujarat,India,2024-06-16,,0
101562,Megha,Padmanabhan,megha.padmanabhan942@outlook.com,+91-6713771886,Other,1996-08-13,Chandigarh,Chandigarh,India,2024-05-03,,1
101563,Simon,Khosla,simon.khosla481@yahoo.com,06783055737,Male,1965-05-03,Coimbatore,Tamil Nadu,India,2024-08-01,,0
101564,William,Mangat,william.mangat645@outlook.com,4614466276,Male,1970-06-11,Bengaluru,Karnataka,India,2025-10-02,,1
101565,Janani,Acharya,janani.acharya580@yahoo.com,1421524831,Female,1989-06-17,Surat,Gujarat,India,2025-04-09,,0
101566,Zinal,Sama,zinal.sama613@outlook.com,04656896987,Female,2005-02-08,Jaipur,Rajasthan,India,2025-03-11,,0
101567,Janaki,Purohit,janaki.purohit704@yahoo.com,+91-8379363159,Female,2007-06-09,Lucknow,Uttar Pradesh,India,2024-07-20,,0
101568,Eta,Comar,eta.comar121@yahoo.com,+91-5934104062,Female,1988-05-28,Kochi,Kerala,India,2025-08-09,,0
101569,Banjeet,Seth,banjeet.seth909@yahoo.com,8301817960,Male,2001-04-25,Surat,Gujarat,India,2023-03-04,,0
101570,Wriddhish,Natt,wriddhish.natt551@hotmail.com,9979905221,Male,1984-02-24,Coimbatore,Tamil Nadu,India,2025-08-14,,0
101571,Dayamai,Mallick,dayamai.mallick4@hotmail.com,8189810617,Female,1970-10-02,Chandigarh,Chandigarh,India,2024-07-18,,1
101572,Nirja,Ray,nirja.ray524@outlook.com,2975572616,Female,1989-04-03,Chandigarh,Chandigarh,India,2025-10-14,,1
101573,Tripti,Kamdar,tripti.kamdar488@gmail.com,8999068201,Female,1997-04-07,Guwahati,Assam,India,2025-06-12,,1
101574,Abeer,Tata,abeer.tata868@gmail.com,+91-1633613179,Male,2001-12-09,Delhi,Delhi,India,2025-01-26,,0
101575,Nitesh,Loyal,nitesh.loyal41@yahoo.com,3729545858,Male,1971-05-30,Indore,Madhya Pradesh,India,2023-07-30,,0
101576,Ucchal,Keer,ucchal.keer441@outlook.com,+91-3922551741,Female,2000-08-17,Jaipur,Rajasthan,India,2025-08-15,,1
101577,Hiral,Naidu,hiral.naidu156@yahoo.com,02123601863,Female,1988-01-16,Patna,Bihar,India,2024-07-22,,1
101578,Kalpit,Parmar,kalpit.parmar555@yahoo.com,3156309307,Male,1989-04-22,Faridabad,Haryana,India,2024-04-04,,0
101579,Yoshita,Nazareth,yoshita.nazareth128@hotmail.com,5987240899,Female,2002-03-11,Jaipur,Rajasthan,India,2024-10-09,,0
101580,Darika,Sharma,darika.sharma287@yahoo.com,6811339736,Female,1982-05-07,Chennai,Tamil Nadu,India,2025-06-10,,1
101581,Waida,Deshpande,waida.deshpande219@hotmail.com,+91-4222419830,Female,1980-05-18,Faridabad,Haryana,India,2024-02-14,,0
101582,Jason,Goyal,jason.goyal24@hotmail.com,01814442484,Male,1968-01-25,Faridabad,Haryana,India,2024-09-24,,1
101583,Alexander,Dugar,alexander.dugar330@outlook.com,4765118615,Male,1980-08-09,Kochi,Kerala,India,2025-08-19,,0
101584,Mahika,Anand,mahika.anand616@gmail.com,5398913705,Female,1975-07-18,Ahmedabad,Gujarat,India,2025-07-24,,1
101585,Ekalinga,Mital,ekalinga.mital281@hotmail.com,2611035659,Male,1973-06-08,Patna,Bihar,India,2024-11-02,,1
101586,Harita,Banik,harita.banik661@yahoo.com,06696922953,Female,1971-09-26,Mumbai,Maharashtra,India,2025-07-31,,0
101587,Sanaya,Chander,sanaya.chander503@gmail.com,+91-9093424240,Female,1978-10-13,Faridabad,Haryana,India,2025-07-09,,1
101588,Gaurang,Vala,gaurang.vala934@outlook.com,4889334375,Male,1965-07-14,Jaipur,Rajasthan,India,2025-09-05,,1
101589,Rayaan,Sarin,rayaan.sarin867@yahoo.com,5424382692,Male,1987-03-25,Guwahati,Assam,India,2024-11-25,,0
101590,onveer,Bail,onveer.bail631@gmail.com,5288959470,Male,1972-07-20,Chennai,Tamil Nadu,India,2025-05-30,,0
101591,Tanay,Sami,tanay.sami880@yahoo.com,7650471883,Male,1960-10-30,Lucknow,Uttar Pradesh,India,2025-04-05,,0
101592,panini,Mahal,panini.mahal893@yahoo.com,+91-9668667989,Female,1988-06-03,Bengaluru,Karnataka,India,2024-02-19,,1
101593,Vasatika  ,Babu,vasatika.babu562@outlook.com,9014971103,Female,1998-12-08,Chennai,Tamil Nadu,India,2024-05-29,,0
101594,Leena,Sem,leena.sem69@gmail.com,06505188601,Female,1979-01-23,Guwahati,Assam,India,2025-02-04,,1
101595,Madhav,Lal,madhav.lal741@outlook.com,5969850450,Male,1991-08-10,Chandigarh,Chandigarh,India,2024-07-24,,0
101596,Samarth,Rege,samarth.rege526@outlook.com,00242861789,Male,1968-09-01,Chennai,Tamil Nadu,India,2024-11-08,,1
101597,Oni,Sehgal,oni.sehgal867@yahoo.com,03857626481,Female,1990-10-24,Bhopal,Madhya Pradesh,India,2023-02-15,,0
101598,Kritika,Varughese,kritika.varughese180@hotmail.com,6358530101,Female,,Pune,Maharashtra,India,2024-08-24,,0
101599,Ekavir,Sarna,ekavir.sarna1@yahoo.com,+91-9304852775,Male,1985-10-09,Faridabad,Haryana,India,2025-07-02,,1
101600,Wazir,Bava,wazir.bava986@hotmail.com,00363444394,Male,1979-12-15,Faridabad,Haryana,India,2025-10-24,,0
101601,Saanvi,Konda,saanvi.konda537@outlook.com,05761707317,Female,,Faridabad,Haryana,India,2024-03-25,,1
101602,Matthew,Mammen,matthew.mammen863@outlook.com,+91-6263678508,Male,1990-02-05,Bengaluru,Karnataka,India,2023-11-12,,1
101603,Yash,Tandon,yash.tandon204@hotmail.com,04348529537,Male,1996-08-10,Surat,Gujarat,India,2023-04-07,,0
101604,Jonathan,Bala,jonathan.bala665@yahoo.com,6874042076,Male,1983-01-15,Coimbatore,Tamil Nadu,India,2025-11-17,,1
101605,Chaitaly,Morar,chaitaly.morar409@hotmail.com,01573309900,Female,1991-06-30,Jaipur,Rajasthan,India,2024-08-05,,1
101606,Arin,Mall,arin.mall971@yahoo.com,8234453856,Male,1978-02-26,Delhi,Delhi,India,2024-09-26,,0
101607,Onveer,Gole,onveer.gole80@hotmail.com,+91-0047091103,Male,1999-09-24,Faridabad,Haryana,India,2025-11-01,,0
101608,Pratyush  ,Sama,pratyush.sama361@gmail.com,+91-8158374661,Male,1975-08-03,Bhopal,Madhya Pradesh,India,2025-01-26,,1
101609,Niharika  ,Singhal,niharika.singhal62@outlook.com,+91-7047966682,Female,1994-08-09,Chandigarh,Chandigarh,India,2024-06-12,,0
101610,Abhiram,Pradhan,abhiram.pradhan356@hotmail.com,9508914233,Male,1960-10-14,Guwahati,Assam,India,2025-08-26,,0
101611,GAUTAM,Grewal,gautam.grewal444@hotmail.com,07398622140,Male,1977-08-19,Nagpur,Maharashtra,India,2023-06-30,,1
101612,Janaki,Chakrabarti,janaki.chakrabarti956@yahoo.com,04733891478,Female,1976-11-29,Bengaluru,Karnataka,India,2024-07-13,,0
101613,kalpit,Shah,kalpit.shah781@yahoo.com,5944102387,Male,,Ahmedabad,Gujarat,India,2024-04-19,,0
101614,Jeevika,Parikh,jeevika.parikh977@gmail.com,7413135183,Female,1961-01-10,Lucknow,Uttar Pradesh,India,2024-12-28,,0
101615,Raagini,Varkey,raagini.varkey939@outlook.com,1539885217,Female,1987-01-12,Indore,Madhya Pradesh,India,2023-05-17,,1
101616,Omisha,Oza,omisha.oza480@yahoo.com,+91-1286558167,Female,1977-03-07,Bengaluru,Karnataka,India,2025-10-19,,0
101617,Gaurav,Kale,gaurav.kale872@outlook.com,+91-8918003814,Male,2002-03-10,Surat,Gujarat,India,2024-07-15,,1
101618,Ijaya,Lad,ijaya.lad540@outlook.com,09597309121,Female,1985-05-02,Surat,Gujarat,India,2025-02-12,,0
101619,Faras,Sodhi,faras.sodhi232@yahoo.com,6133155530,Male,2006-04-28,Guwahati,Assam,India,2024-11-26,,0
101620,Naveen,Kapoor,naveen.kapoor975@gmail.com,7781109659,Male,1986-12-19,Faridabad,Haryana,India,2024-01-15,,1
101621,Naksh,Nagarajan,naksh.nagarajan476@yahoo.com,+91-4182991269,Male,2001-10-12,Pune,Maharashtra,India,2025-06-02,,0
101622,kiaan,Om,kiaan.om581@hotmail.com,1061669100,Male,2003-08-01,Faridabad,Haryana,India,2024-02-25,,1
101623,Zansi,Deo,zansi.deo949@outlook.com,08268221756,Female,1968-10-18,Bengaluru,Karnataka,India,2025-02-23,,0
101624,Sai,Raj,sai.raj961@outlook.com,+91-7910059325,Female,1984-03-29,Mumbai,Maharashtra,India,2023-12-14,,1
101625,Dominic,Shah,dominic.shah416@yahoo.com,0748597243,Male,1987-04-29,Faridabad,Haryana,India,2024-01-18,,0
101626,darsh,Dhillon,darsh.dhillon608@outlook.com,0580286060,Male,,Guwahati,Assam,India,2023-08-11,,0
101627,Mitali,Balakrishnan,mitali.balakrishnan505@hotmail.com,05474769509,Female,1961-09-24,Chandigarh,Chandigarh,India,2024-03-04,,0
101628,Benjamin,Thakkar,benjamin.thakkar483@gmail.com,03016556238,Male,1987-06-10,Delhi,Delhi,India,2023-12-20,,0
101629,Zilmil,Trivedi,zilmil.trivedi42@gmail.com,9931360622,Female,2001-02-03,Patna,Bihar,India,2024-12-04,,0
101630,Advay,Chakrabarti,advay.chakrabarti842@gmail.com,04794719903,Male,1985-01-15,Delhi,Delhi,India,2023-12-28,,0
101631,hemang,Narayan,hemang.narayan631@outlook.com,+91-3829441914,Male,1982-09-03,Jaipur,Rajasthan,India,2025-02-10,,0
101632,Arjun,Pathak,arjun.pathak659@yahoo.com,+91-9516730953,Male,1966-08-31,Jaipur,Rajasthan,India,2025-03-19,,1
101633,Ronith,Tak,ronith.tak681@outlook.com,+91-8656292582,Male,2002-07-02,Faridabad,Haryana,India,2023-01-03,,0
101634,Fariq,Vora,fariq.vora827@hotmail.com,02353068856,Male,1986-04-20,Faridabad,Haryana,India,2025-10-29,,0
101635,neha,Sami,neha.sami721@yahoo.com,+91-9645837449,Female,1976-03-26,Nagpur,Maharashtra,India,2024-06-26,,0
101636,Wazir,Natt,wazir.natt153@yahoo.com,7555928974,Male,1986-05-30,Nagpur,Maharashtra,India,2024-02-23,,0
101637,Tanvi,Malhotra,tanvi.malhotra420@hotmail.com,02675119976,Other,1972-12-15,Bhopal,Madhya Pradesh,India,2025-01-29,,0
101638,Jasmit,Loyal,jasmit.loyal672@hotmail.com,6419678963,Female,,Kolkata,West Bengal,India,2024-08-11,,0
101639,Aarna,Bedi,aarna.bedi192@hotmail.com,00163015972,Female,1968-11-23,Jaipur,Rajasthan,India,2024-07-25,,0
101640,Logan,Dhillon,logan.dhillon836@yahoo.com,+91-9276680984,Male,1981-07-15,Nagpur,Maharashtra,India,2025-02-12,,0
101641,Arya,Butala,arya.butala8@yahoo.com,3480153735,Female,1998-10-02,Coimbatore,Tamil Nadu,India,2024-10-20,,0
101642,Zansi,Rastogi,zansi.rastogi44@yahoo.com,+91-4460539260,Female,1990-02-19,Surat,Gujarat,India,2024-05-26,,0
101643,Urmi,Sundaram,urmi.sundaram40@hotmail.com,00536499119,Female,1993-10-10,Chennai,Tamil Nadu,India,2025-10-12,,1
101644,Owen,Rege,owen.rege495@gmail.com,2155383077,Male,1976-12-10,Mumbai,Maharashtra,India,2025-05-29,,0
101645,Nathaniel,Dewan,nathaniel.dewan544@outlook.com,+91-4395678446,Male,1960-09-25,Kochi,Kerala,India,2025-01-30,,0
101646,Alka,Srivastava,alka.srivastava988@hotmail.com,+91-9817755129,Female,,Delhi,Delhi,India,2024-10-29,,1
101647,Lakshit,Mistry,lakshit.mistry418@gmail.com,3164982838,Male,1998-01-30,Surat,Gujarat,India,2024-02-05,,0
101648,Pahal,Soni,pahal.soni946@yahoo.com,+91-5907055494,Female,1991-09-30,Nagpur,Maharashtra,India,2024-04-09,,1
101649,Henry,Mohan,henry.mohan685@yahoo.com,1569220949,Male,,Delhi,Delhi,India,2023-03-23,,1
101650,AVNI,Sur,,3597710011,Female,2006-03-14,Nagpur,Maharashtra,India,2025-05-15,,0
101651,Jonathan,Shere,jonathan.shere17@hotmail.com,03148722557,Male,2006-10-14,Chandigarh,Chandigarh,India,2025-06-01,,0
101652,Pahal,Rattan,pahal.rattan509@gmail.com,+91-4168557395,Female,1967-11-22,Guwahati,Assam,India,2024-04-02,,0
101653,Eta  ,Yadav,eta.yadav575@hotmail.com,+91-9579475816,Female,1979-12-06,Pune,Maharashtra,India,2025-05-03,,1
101654,faras,Wali,faras.wali970@yahoo.com,02334704071,Male,1972-09-09,Surat,Gujarat,India,2024-10-09,,1
101655,Vamakshi,Char,vamakshi.char426@outlook.com,04185595083,Female,1984-07-30,Lucknow,Uttar Pradesh,India,2023-04-03,,1
101656,Lucky,Pradhan,lucky.pradhan556@outlook.com,0396101759,Male,1993-02-23,Lucknow,Uttar Pradesh,India,2023-09-17,,1
101657,Anusha,Cheema,anusha.cheema68@yahoo.com,04907869285,Female,1975-09-04,Mumbai,Maharashtra,India,2024-06-08,,1
101658,Chandran,Rao,chandran.rao125@outlook.com,+91-3896763536,Male,1983-12-24,Nagpur,Maharashtra,India,2024-11-25,,1
101659,Kashvi,Pillai,kashvi.pillai805@outlook.com,0707228834,Female,1998-01-04,Guwahati,Assam,India,2025-10-20,,0
101660,Jalsa,Kashyap,jalsa.kashyap933@gmail.com,01430974274,Female,,Jaipur,Rajasthan,India,2023-10-19,,0
101661,Jhalak,Sankaran,jhalak.sankaran165@outlook.com,6714803007,Female,1992-12-10,Ahmedabad,Gujarat,India,2025-05-15,,1
101662,Jhalak,Patla,jhalak.patla349@gmail.com,+91-6082526379,Female,2006-01-07,Patna,Bihar,India,2025-09-15,,0
101663,Bahadurjit,Dhaliwal,bahadurjit.dhaliwal172@yahoo.com,01223214252,Male,,Faridabad,Haryana,India,2025-10-23,,0
101664,Saanvi,Butala,saanvi.butala571@hotmail.com,+91-5946574465,Female,,Pune,Maharashtra,India,2025-11-04,,0
101665,HREDHAAN,Golla,hredhaan.golla4@yahoo.com,+91-1818513673,Male,1985-02-24,Nagpur,Maharashtra,India,2025-05-05,,0
101666,Adya,Nigam,adya.nigam883@outlook.com,9376841847,Female,2005-09-09,Mumbai,Maharashtra,India,2023-02-22,,0
101667,Leena,Raja,leena.raja485@yahoo.com,08333540112,Female,1981-11-15,Coimbatore,Tamil Nadu,India,2025-08-12,,0
101668,Ishita,Ramachandran,ishita.ramachandran252@outlook.com,4770906761,Female,,Delhi,Delhi,India,2025-01-04,,1
101669,Jagat,Shroff,jagat.shroff713@yahoo.com,7162172048,Male,1985-09-28,Lucknow,Uttar Pradesh,India,2023-05-18,,1
101670,Yauvani  ,Rana,yauvani.rana77@outlook.com,+91-9303264564,Female,1990-02-13,Bengaluru,Karnataka,India,2025-07-06,,0
101671,Vivaan,Misra,vivaan.misra891@gmail.com,+91-3906490970,Male,1971-08-18,Chennai,Tamil Nadu,India,2023-02-09,,0
101672,Eiravati,Nayar,eiravati.nayar326@outlook.com,1815891368,Female,1967-06-10,Jaipur,Rajasthan,India,2024-10-24,,0
101673,Shivani,Shetty,shivani.shetty862@outlook.com,05319362526,Female,1998-10-25,Jaipur,Rajasthan,India,2024-12-14,,0
101674,Ekaraj,Ghosh,ekaraj.ghosh929@outlook.com,05480293358,Male,,Coimbatore,Tamil Nadu,India,2025-02-07,,0
101675,Jack,Thakur,jack.thakur674@gmail.com,6573517454,Male,1978-09-23,Indore,Madhya Pradesh,India,2025-10-03,,0
101676,Janani,Pai,janani.pai913@gmail.com,1283319558,Female,2006-04-14,Mumbai,Maharashtra,India,2024-02-14,,1
101677,Wridesh,Arora,wridesh.arora84@yahoo.com,07717030568,Male,1982-04-21,Coimbatore,Tamil Nadu,India,2024-12-06,,0
101678,Ayush,Mitter,ayush.mitter224@hotmail.com,01648389533,Male,1982-02-16,Mumbai,Maharashtra,India,2025-01-25,,0
101679,Leela,D’Alia,leela.d’alia6@hotmail.com,+91-6006434597,Female,1993-01-28,Pune,Maharashtra,India,2024-10-02,,0
101680,Jackson,Buch,jackson.buch61@yahoo.com,3249675745,Male,1966-03-13,Bhopal,Madhya Pradesh,India,2024-08-21,,1
101681,Aadi,Mittal,aadi.mittal998@hotmail.com,3181560542,Male,1983-10-30,Ahmedabad,Gujarat,India,2023-07-17,,0
101682,Utkarsh,Parsa,utkarsh.parsa262@hotmail.com,01107976475,Male,1974-07-13,Hyderabad,Telangana,India,2024-10-25,,0
101683,Parth,Sahota,parth.sahota591@yahoo.com,2269348540,Male,1997-01-02,Jaipur,Rajasthan,India,2024-05-04,,1
101684,Aashi,Tripathi,aashi.tripathi256@yahoo.com,+91-0669926138,Female,1966-12-17,Delhi,Delhi,India,2023-04-04,,0
101685,Samarth,Soni,samarth.soni668@gmail.com,+91-9570399626,Male,1971-04-23,Hyderabad,Telangana,India,2025-01-12,,0
101686,Vinaya,Gour,vinaya.gour151@yahoo.com,07351289622,Female,1992-04-29,Nagpur,Maharashtra,India,2023-11-17,,1
101687,Amol,Ray,amol.ray455@outlook.com,3330239934,Male,1974-01-18,Kochi,Kerala,India,2023-07-16,,1
101688,Advay,Rattan,advay.rattan501@hotmail.com,3069523578,Male,2002-11-07,Pune,Maharashtra,India,2024-10-24,,0
101689,Neel,Dey,neel.dey537@hotmail.com,03700644885,Male,1974-05-27,Delhi,Delhi,India,2025-07-19,,1
101690,Wriddhish,Oak,wriddhish.oak485@gmail.com,+91-4255428053,Male,2007-05-21,Indore,Madhya Pradesh,India,2024-03-30,,1
101691,Samesh,Mittal,samesh.mittal705@yahoo.com,08688786020,Male,1971-08-04,Nagpur,Maharashtra,India,2024-12-20,,0
101692,Eiravati,Ganguly,eiravati.ganguly18@yahoo.com,9586639928,Female,1999-07-19,Nagpur,Maharashtra,India,2023-02-14,,0
101693,Zaitra,Sule,zaitra.sule275@gmail.com,+91-2495629179,Female,1979-06-11,Ahmedabad,Gujarat,India,2025-02-23,,0
101694,Mason,Contractor,mason.contractor21@hotmail.com,8807005102,Male,1985-11-29,Lucknow,Uttar Pradesh,India,2024-06-04,,0
101695,Nimrat  ,Nigam,nimrat.nigam643@yahoo.com,0175454164,Female,1986-01-16,Pune,Maharashtra,India,2024-09-06,,0
101696,Ekantika,Bir,ekantika.bir582@hotmail.com,7501526974,Female,1973-11-06,Chandigarh,Chandigarh,India,2025-01-19,,0
101697,Ati,Karpe,ati.karpe713@outlook.com,+91-5483309587,Female,1967-06-02,Indore,Madhya Pradesh,India,2025-10-16,,1
101698,Jagat,Kalita,jagat.kalita99@outlook.com,04579232671,Male,1973-06-21,Coimbatore,Tamil Nadu,India,2024-05-25,,0
101699,Onveer,Tella,onveer.tella778@hotmail.com,0196797209,Male,,Patna,Bihar,India,2025-08-23,,1
101700,Dhruv,Palla,dhruv.palla579@gmail.com,02852332970,Male,2000-07-08,Bengaluru,Karnataka,India,2025-01-25,,1
101701,Hardik,Sood,hardik.sood698@gmail.com,08551163971,Male,1974-03-03,Bengaluru,Karnataka,India,2024-08-01,,1
101702,Gayathri,Bahl,gayathri.bahl38@gmail.com,+91-1424873962,Female,1979-02-12,Patna,Bihar,India,2024-11-25,,0
101703,Oscar,Buch,oscar.buch96@yahoo.com,9773677244,Male,1969-10-17,Nagpur,Maharashtra,India,2025-06-22,,1
101704,Niharika,Hora,niharika.hora46@yahoo.com,8729657156,Female,1996-09-28,Chandigarh,Chandigarh,India,2025-07-29,,1
101705,Nikita,Kapoor,nikita.kapoor815@yahoo.com,0348042479,Female,2002-02-03,Bhopal,Madhya Pradesh,India,2025-10-25,,0
101706,Aryan,Balasubramanian,aryan.balasubramanian438@gmail.com,06573762426,Male,1978-12-12,Jaipur,Rajasthan,India,2025-08-29,,0
101707,Ekapad,Dass,ekapad.dass684@gmail.com,9309140152,Male,1983-01-07,Hyderabad,Telangana,India,2024-05-13,,0
101708,Darika,Comar,darika.comar203@yahoo.com,+91-1475690018,Female,1973-05-17,Kolkata,West Bengal,India,2025-09-08,,0
101709,Jasmit,Kalla,jasmit.kalla376@yahoo.com,2983596677,Female,1998-11-18,Hyderabad,Telangana,India,2024-12-23,,1
101710,Chakrika,Pandit,chakrika.pandit486@yahoo.com,2473650032,Female,1989-08-28,Bengaluru,Karnataka,India,2025-03-24,,1
101711,Abhiram,Barad,abhiram.barad87@gmail.com,6144278735,Male,1975-11-18,Indore,Madhya Pradesh,India,2025-08-23,,0
101712,Ati,Mander,ati.mander731@outlook.com,+91-7920675493,Female,1990-06-20,Chennai,Tamil Nadu,India,2025-02-28,,1
101713,Damini,Kashyap,damini.kashyap908@outlook.com,+91-5392528783,Other,1976-08-30,Coimbatore,Tamil Nadu,India,2025-08-16,,0
101714,Ira,Kothari,ira.kothari177@hotmail.com,7345330236,Female,1975-07-03,Nagpur,Maharashtra,India,2025-10-03,,1
101715,Gaurav,Dua,gaurav.dua416@yahoo.com,+91-8537203350,Male,1976-03-04,Mumbai,Maharashtra,India,2025-04-08,,1
101716,Balhaar,Ratta,balhaar.ratta236@gmail.com,00715558709,Male,2006-07-02,Ahmedabad,Gujarat,India,2025-01-17,,0
101717,Kiaan,Ben,kiaan.ben55@yahoo.com,4119925512,Male,1976-01-04,Coimbatore,Tamil Nadu,India,2025-04-02,,0
101718,yashodhara,Banik,yashodhara.banik248@gmail.com,+91-5053494197,Female,1965-11-23,Kochi,Kerala,India,2025-11-10,,0
101719,Yuvraj,Murthy,yuvraj.murthy848@yahoo.com,02824630616,Male,1967-01-19,Chandigarh,Chandigarh,India,2024-05-10,,0
101720,Bishakha,Yadav,bishakha.yadav531@gmail.com,+91-0076150420,Female,1975-09-14,Pune,Maharashtra,India,2025-08-07,,0
101721,Sanya,Tella,sanya.tella169@hotmail.com,1433608090,Female,,Surat,Gujarat,India,2025-09-27,,1
101722,CHATURA,Basu,chatura.basu884@gmail.com,3927888818,Male,1989-02-13,Mumbai,Maharashtra,India,2025-01-27,,1
101723,Anirudh,Mand,anirudh.mand85@gmail.com,08816878518,Male,1999-11-04,Coimbatore,Tamil Nadu,India,2025-09-24,,0
101724,Qushi,Salvi,qushi.salvi807@gmail.com,6568826728,Female,1962-04-04,Patna,Bihar,India,2024-12-05,,1
101725,Wriddhish,Dugal,wriddhish.dugal814@gmail.com,04723735640,Male,1982-12-26,Faridabad,Haryana,India,2025-08-26,,1
101726,Jasmit,Balakrishnan,jasmit.balakrishnan295@hotmail.com,7899951454,Female,1989-10-10,Ahmedabad,Gujarat,India,2025-11-16,,0
101727,HARSH  ,Sabharwal,harsh.sabharwal322@gmail.com,+91-4906688675,Male,1963-11-23,Kochi,Kerala,India,2024-06-17,,0
101728,Pahal,Swamy,pahal.swamy908@outlook.com,6059563431,Female,1984-10-17,Mumbai,Maharashtra,India,2025-10-25,,1
101729,Urvashi,Kadakia,urvashi.kadakia415@yahoo.com,+91-5856533777,Female,1998-10-02,Kochi,Kerala,India,2024-08-02,,1
101730,Aditya,Iyengar,aditya.iyengar678@outlook.com,9261548720,Male,2001-07-07,Surat,Gujarat,India,2024-02-06,,0
101731,Ekbal,Lala,ekbal.lala641@gmail.com,5005490809,Male,1988-09-30,Chandigarh,Chandigarh,India,2025-08-10,,1
101732,Ishita,Tandon,ishita.tandon806@outlook.com,07246163034,Female,1972-07-20,Nagpur,Maharashtra,India,2024-05-26,,1
101733,Imaran,Bhargava,imaran.bhargava129@yahoo.com,2949307417,Male,2008-03-17,Kochi,Kerala,India,2024-01-11,,0
101734,Samuel,Murthy,samuel.murthy912@gmail.com,9735189622,Male,1976-10-12,Kochi,Kerala,India,2024-12-27,,1
101735,Varsha,Narang,varsha.narang511@hotmail.com,3023405677,Female,2001-07-24,Chennai,Tamil Nadu,India,2025-07-30,,1
101736,Charan,Gour,charan.gour275@hotmail.com,4182805166,Male,1981-04-26,Bengaluru,Karnataka,India,2023-05-11,,0
101737,DAKSHESH,Gole,dakshesh.gole418@outlook.com,04479098636,Male,1964-08-04,Chennai,Tamil Nadu,India,2024-03-20,,0
101738,Ekiya,Som,ekiya.som220@hotmail.com,4202248248,Female,,Kochi,Kerala,India,2024-05-22,,0
101739,Ronith,Halder,ronith.halder969@outlook.com,1450311802,Male,1978-11-12,Faridabad,Haryana,India,2025-08-30,,0
101740,Ranveer,Dara,ranveer.dara413@yahoo.com,6061047189,Male,2000-08-11,Delhi,Delhi,India,2025-11-03,,0
101741,Diya,Chaudry,diya.chaudry685@gmail.com,+91-2476883410,Female,1971-03-12,Kolkata,West Bengal,India,2025-09-29,,1
101742,Chaaya,Mand,chaaya.mand791@gmail.com,8140513251,Female,1981-12-20,Coimbatore,Tamil Nadu,India,2024-02-04,,1
101743,Aarav,Mukherjee,aarav.mukherjee743@outlook.com,00940671487,Male,1985-11-20,Jaipur,Rajasthan,India,2025-04-14,,1
101744,Bakhshi,Bains,bakhshi.bains704@outlook.com,5722757940,Male,1982-06-14,Delhi,Delhi,India,2025-03-07,,1
101745,Krish,Bala,krish.bala849@yahoo.com,09987093391,Male,1994-08-06,Patna,Bihar,India,2024-03-22,,1
101746,Ronith,Mani,ronith.mani93@gmail.com,+91-6032675318,Male,1962-10-18,Ahmedabad,Gujarat,India,2023-02-02,,0
101747,Wishi,Ranganathan,wishi.ranganathan622@gmail.com,9654612536,Female,1962-05-30,Chandigarh,Chandigarh,India,2024-03-29,,1
101748,Maanas,Bail,maanas.bail660@hotmail.com,07948698948,Male,1972-09-21,Ahmedabad,Gujarat,India,2025-01-21,,1
101749,Bakhshi,Sibal,bakhshi.sibal777@hotmail.com,0770177375,Male,1988-03-03,Bengaluru,Karnataka,India,2025-01-05,,1
101750,Mohammed,Hora,mohammed.hora11@gmail.com,1171960049,Male,1961-09-30,Chandigarh,Chandigarh,India,2025-09-27,,0
101751,Chakradhar  ,Loyal,chakradhar.loyal115@hotmail.com,+91-6743338496,Male,2007-11-21,Surat,Gujarat,India,2025-04-06,,1
101752,Pavani,Prasad,pavani.prasad653@hotmail.com,0335300499,Female,1988-08-16,Surat,Gujarat,India,2024-12-09,,0
101753,Sanaya,Raval,sanaya.raval904@gmail.com,7731739462,Female,1973-09-20,Indore,Madhya Pradesh,India,2025-11-23,,0
101754,Yug,Doshi,yug.doshi319@gmail.com,06539276871,Male,1973-02-16,Delhi,Delhi,India,2024-12-05,,0
101755,Chaaya  ,Khurana,chaaya.khurana232@outlook.com,6706055817,Female,2002-07-03,Hyderabad,Telangana,India,2025-04-02,,1
101756,Odika,Shere,odika.shere175@yahoo.com,5069893546,Female,1975-02-14,Indore,Madhya Pradesh,India,2025-07-22,,0
101757,Ishita,Warrior,ishita.warrior282@hotmail.com,5570393427,Female,1994-01-01,Pune,Maharashtra,India,2024-09-10,,1
101758,Chandran,Zachariah,chandran.zachariah533@yahoo.com,5290509260,Male,,Lucknow,Uttar Pradesh,India,2024-12-25,,0
101759,Aarini,Bava,aarini.bava505@yahoo.com,06161973844,Female,2007-01-27,Surat,Gujarat,India,2025-08-11,,0
101760,Banjeet,Dewan,banjeet.dewan765@gmail.com,8238469908,Male,2001-07-17,Hyderabad,Telangana,India,2023-12-11,,1
101761,William,Datta,william.datta370@yahoo.com,4817736556,Male,,Delhi,Delhi,India,2024-03-12,,1
101762,Bakhshi,Devi,bakhshi.devi75@hotmail.com,2063186417,Male,1979-01-24,Ahmedabad,Gujarat,India,2023-02-16,,0
101763,Isaac,Balakrishnan,isaac.balakrishnan54@outlook.com,9368359916,Male,2001-04-19,Surat,Gujarat,India,2024-02-26,,0
101764,Urishilla,Mahal,urishilla.mahal782@hotmail.com,+91-1932528267,Female,2004-05-13,Bhopal,Madhya Pradesh,India,2023-01-06,,0
101765,Harita,Rai,harita.rai119@gmail.com,9995225296,Female,1997-03-03,Lucknow,Uttar Pradesh,India,2024-11-20,,0
101766,Kai,Mitra,kai.mitra306@outlook.com,06811143306,Male,1972-12-21,Kolkata,West Bengal,India,2024-09-06,,1
101767,Yoshita,Bakshi,yoshita.bakshi218@gmail.com,05590627879,Female,1963-02-11,Indore,Madhya Pradesh,India,2024-04-26,,1
101768,Rachana,Chaudhari,rachana.chaudhari621@gmail.com,07216266032,Female,,Nagpur,Maharashtra,India,2024-09-08,,1
101769,IKSHITA,Naik,ikshita.naik588@outlook.com,09559997737,Female,2007-03-08,Lucknow,Uttar Pradesh,India,2025-06-19,,1
101770,Guneet,Parmer,guneet.parmer775@hotmail.com,02474111736,Male,2006-11-05,Chennai,Tamil Nadu,India,2025-11-22,,0
101771,Vedant,Arora,vedant.arora851@outlook.com,+91-7611258423,Male,1970-08-06,Faridabad,Haryana,India,2024-03-20,,0
101772,Advika,Basak,advika.basak911@gmail.com,09248287321,Female,1962-07-02,Nagpur,Maharashtra,India,2025-05-01,,1
101773,Warinder,Vig,warinder.vig151@yahoo.com,6548522072,Male,1960-12-05,Coimbatore,Tamil Nadu,India,2025-06-24,,1
101774,Saumya,Bajaj,saumya.bajaj977@yahoo.com,1627963651,Other,1968-02-24,Guwahati,Assam,India,2025-07-03,,1
101775,Omisha,Pandit,omisha.pandit795@yahoo.com,+91-0819484226,Female,2002-09-18,Lucknow,Uttar Pradesh,India,2024-05-01,,0
101776,Hemang,Batta,hemang.batta159@hotmail.com,02350283034,Male,,Mumbai,Maharashtra,India,2024-01-05,,0
101777,Ekta,Maharaj,ekta.maharaj768@yahoo.com,01692809166,Female,1971-03-24,Nagpur,Maharashtra,India,2023-03-13,,0
101778,Siddharth,Sandhu,siddharth.sandhu666@outlook.com,3045441061,Male,1981-07-15,Surat,Gujarat,India,2024-08-11,,1
101779,Kevin,Shetty,kevin.shetty919@gmail.com,+91-0151764296,Male,2000-06-16,Lucknow,Uttar Pradesh,India,2024-01-02,,1
101780,Frederick,Varty,frederick.varty350@hotmail.com,05050969961,Male,1995-09-10,Coimbatore,Tamil Nadu,India,2023-01-02,,0
101781,indali,Das,indali.das445@yahoo.com,+91-3228058837,Female,1991-09-18,Chandigarh,Chandigarh,India,2023-05-01,,0
101782,Nidra,Keer,nidra.keer16@yahoo.com,6253950111,Female,2004-07-07,Bengaluru,Karnataka,India,2025-04-27,,0
101783,Gauri,Nair,gauri.nair586@outlook.com,8882603174,Female,1986-02-15,Kolkata,West Bengal,India,2023-04-27,,0
101784,Adya,Khanna,adya.khanna247@yahoo.com,09718614229,Female,2008-03-18,Faridabad,Haryana,India,2025-01-07,,0
101785,IMARAN,Pillai,imaran.pillai490@yahoo.com,+91-2055967577,Male,1989-05-23,Mumbai,Maharashtra,India,2025-11-15,,0
101786,Chaitanya,Chhabra,chaitanya.chhabra57@gmail.com,0457627451,Male,1964-10-28,Faridabad,Haryana,India,2024-09-05,,0
101787,Saumya,Acharya,saumya.acharya844@outlook.com,0152213368,Female,1989-03-06,Kolkata,West Bengal,India,2024-07-19,,0
101788,Raghav,Bhat,raghav.bhat83@outlook.com,01289899307,Male,1974-02-02,Guwahati,Assam,India,2023-01-03,,1
101789,Chatresh,Dada,chatresh.dada893@yahoo.com,+91-7156033878,Male,2002-12-11,Chennai,Tamil Nadu,India,2024-09-29,,1
101790,Qushi,Dhingra,,+91-4397630900,Female,1983-03-09,Pune,Maharashtra,India,2025-06-20,,1
101791,Yuvraj,Mane,yuvraj.mane744@yahoo.com,+91-4441076926,Male,1967-02-11,Nagpur,Maharashtra,India,2024-08-12,,0
101792,Onveer,Mane,onveer.mane764@gmail.com,01604359839,Male,1985-05-14,Chandigarh,Chandigarh,India,2023-08-27,,0
101793,AVNI,Shere,avni.shere788@gmail.com,07837568167,Female,1985-11-15,Chennai,Tamil Nadu,India,2023-10-23,,0
101794,ikbal,Mohan,ikbal.mohan208@yahoo.com,1776135007,Male,1984-12-27,Kolkata,West Bengal,India,2025-08-14,,0
101795,Ikbal,Rama,ikbal.rama354@yahoo.com,+91-5403369995,Male,1966-11-06,Chennai,Tamil Nadu,India,2025-07-14,,0
101796,Ojas,Bassi,ojas.bassi695@yahoo.com,5327355149,Male,1982-03-27,Kolkata,West Bengal,India,2024-09-22,,0
101797,Karan,Bera,karan.bera136@outlook.com,07146950935,Male,1975-09-07,Pune,Maharashtra,India,2024-03-09,,0
101798,Orinder,Seth,orinder.seth913@gmail.com,6174136445,Male,1987-09-01,Nagpur,Maharashtra,India,2025-11-25,,1
101799,Wahab,Ramanathan,wahab.ramanathan49@outlook.com,+91-3912706507,Male,1995-11-22,Coimbatore,Tamil Nadu,India,2025-02-07,,0
101800,Dalaja,Dube,dalaja.dube55@outlook.com,5644685304,Female,1978-06-02,Jaipur,Rajasthan,India,2024-03-02,,1
101801,Ojasvi,Oak,ojasvi.oak927@yahoo.com,+91-5607778943,Female,1971-10-02,Hyderabad,Telangana,India,2025-07-13,,1
101802,Ekantika,Sura,ekantika.sura655@yahoo.com,04600823696,Female,1995-03-20,Mumbai,Maharashtra,India,2023-05-30,,0
101803,Ekta,Samra,ekta.samra532@outlook.com,+91-0975506179,Female,1962-05-24,Kolkata,West Bengal,India,2025-10-24,,0
101804,Vedhika,Bajwa,vedhika.bajwa240@hotmail.com,0039344907,Female,1981-07-24,Guwahati,Assam,India,2023-12-01,,0
101805,Wazir,Gade,wazir.gade557@yahoo.com,3339192969,Male,1967-08-28,Hyderabad,Telangana,India,2024-11-29,,0
101806,Aarav,Nazareth,aarav.nazareth805@hotmail.com,+91-6008228377,Male,1996-07-18,Mumbai,Maharashtra,India,2024-03-22,,0
101807,Hemani,Setty,hemani.setty490@hotmail.com,05788728206,Female,1969-11-25,Hyderabad,Telangana,India,2023-10-11,,0
101808,Fariq,Vasa,fariq.vasa374@gmail.com,9804466589,Male,1976-03-02,Ahmedabad,Gujarat,India,2025-10-04,,1
101809,lopa,Swaminathan,lopa.swaminathan336@outlook.com,7245257378,Female,1982-12-20,Pune,Maharashtra,India,2024-05-29,,1
101810,Ladli,Singh,ladli.singh960@hotmail.com,+91-9465777061,Female,1967-06-11,Surat,Gujarat,India,2023-06-30,,0
101811,Zashil,Setty,zashil.setty585@gmail.com,06809282616,Male,1972-12-15,Chennai,Tamil Nadu,India,2024-12-14,,0
101812,Theodore,Bala,theodore.bala241@outlook.com,6056688031,Male,,Chandigarh,Chandigarh,India,2023-01-01,,1
101813,Suhani,Radhakrishnan,suhani.radhakrishnan914@yahoo.com,02798312428,Female,1993-06-24,Chennai,Tamil Nadu,India,2025-04-12,,0
101814,Kashish,Prakash,kashish.prakash999@hotmail.com,1991984808,Female,1981-09-24,Pune,Maharashtra,India,2023-09-02,,1
101815,Daniel,Sinha,daniel.sinha867@outlook.com,+91-2077107404,Male,1971-06-19,Lucknow,Uttar Pradesh,India,2024-01-01,,1
101816,Simon,Pradhan,simon.pradhan986@hotmail.com,+91-6105110900,Male,1993-01-27,Nagpur,Maharashtra,India,2024-09-24,,0
101817,Atharv,Cherian,atharv.cherian917@yahoo.com,+91-5025497239,Male,1969-01-16,Chennai,Tamil Nadu,India,2025-06-15,,0
101818,Chaitaly,Arora,chaitaly.arora957@gmail.com,09974753965,Female,,Chennai,Tamil Nadu,India,2024-12-27,,1
101819,Upkaar,More,upkaar.more626@hotmail.com,9420416415,Male,1997-12-25,Nagpur,Maharashtra,India,2024-04-02,,0
101820,Hitesh,Sastry,hitesh.sastry736@hotmail.com,7937669976,Male,1986-03-23,Kochi,Kerala,India,2023-04-17,,0
101821,Riya,Agrawal,riya.agrawal698@outlook.com,7490584968,Female,1985-01-19,Delhi,Delhi,India,2024-11-01,,0
101822,Laksh,Mahajan,laksh.mahajan905@outlook.com,5862405744,Male,1976-06-26,Delhi,Delhi,India,2023-08-03,,0
101823,URMI,Kadakia,urmi.kadakia703@outlook.com,+91-7911110851,Female,2006-10-18,Guwahati,Assam,India,2025-03-02,,1
101824,Jeremiah,Roy,jeremiah.roy873@outlook.com,01359618307,Male,1995-04-30,Chennai,Tamil Nadu,India,2024-09-04,,0
101825,Hardik,Maharaj,hardik.maharaj362@yahoo.com,6425972055,Male,1974-11-05,Kolkata,West Bengal,India,2024-09-10,,0
101826,Gautami,Varughese,gautami.varughese809@outlook.com,02147498474,Female,1979-03-03,Chandigarh,Chandigarh,India,2024-11-13,,1
101827,Manan,Ghosh,manan.ghosh349@gmail.com,+91-4721461727,Male,1976-09-26,Coimbatore,Tamil Nadu,India,2024-08-01,,0
101828,Arunima,Madan,arunima.madan183@hotmail.com,7698897988,Female,1982-09-28,Surat,Gujarat,India,2024-05-05,,0
101829,Vrinda,Narayanan,vrinda.narayanan890@yahoo.com,+91-4134019293,Female,1980-07-30,Coimbatore,Tamil Nadu,India,2024-04-17,,0
101830,Aarav,Narasimhan,aarav.narasimhan574@gmail.com,1934638901,Male,1967-12-19,Kochi,Kerala,India,2025-11-17,,0
101831,Maya,Wable,maya.wable17@outlook.com,06561156862,Female,1994-06-19,Faridabad,Haryana,India,2025-04-06,,1
101832,Kashvi,Bhatia,kashvi.bhatia314@yahoo.com,+91-9480531602,Female,1994-07-12,Mumbai,Maharashtra,India,2025-11-18,,1
101833,UMANG,Mistry,umang.mistry614@hotmail.com,+91-7186244756,Male,1969-08-21,Hyderabad,Telangana,India,2023-03-29,,0
101834,Azad,Cheema,azad.cheema89@gmail.com,7828780661,Male,1975-12-03,Jaipur,Rajasthan,India,2024-02-17,,1
101835,Neha,Palan,neha.palan208@outlook.com,3565418028,Female,1993-04-14,Surat,Gujarat,India,2024-08-15,,1
101836,Gaurang  ,Nigam,gaurang.nigam244@gmail.com,6905946998,Male,1997-02-24,Bhopal,Madhya Pradesh,India,2024-02-20,,1
101837,Gagan,Yadav,gagan.yadav291@gmail.com,0520313298,Male,1987-04-11,Ahmedabad,Gujarat,India,2023-07-02,,0
101838,Veda,Chand,veda.chand713@gmail.com,3668642778,Female,1979-04-18,Guwahati,Assam,India,2024-10-16,,0
101839,Unni,Nigam,unni.nigam279@gmail.com,+91-0320877834,Female,1981-08-14,Bhopal,Madhya Pradesh,India,2023-03-09,,0
101840,Chaaya,Amble,chaaya.amble912@yahoo.com,05735623277,Female,1991-07-17,Faridabad,Haryana,India,2023-05-29,,1
101841,Andrew,Bhalla,andrew.bhalla885@outlook.com,09730273228,Male,1977-02-21,Delhi,Delhi,India,2023-04-03,,0
101842,Udarsh,Bajaj,udarsh.bajaj142@yahoo.com,5554689397,Male,2003-06-13,Lucknow,Uttar Pradesh,India,2025-04-14,,0
101843,Vasudha,Barad,vasudha.barad751@outlook.com,08159646738,Female,1979-05-19,Chandigarh,Chandigarh,India,2025-04-08,,1
101844,Onveer,Rai,onveer.rai183@outlook.com,+91-6733229124,Male,1986-09-28,Guwahati,Assam,India,2025-07-22,,1
101845,Noah,Pandey,noah.pandey27@outlook.com,02394599426,Male,1973-10-17,Indore,Madhya Pradesh,India,2025-06-28,,0
101846,Yagnesh,Sachar,yagnesh.sachar601@yahoo.com,02033980138,Male,1984-07-21,Patna,Bihar,India,2025-01-09,,0
101847,Raghav,Dhawan,raghav.dhawan890@outlook.com,9058108015,Male,1999-11-27,Hyderabad,Telangana,India,2023-07-18,,0
101848,Harshil,Shankar,harshil.shankar699@yahoo.com,00277287156,Male,1978-03-04,Indore,Madhya Pradesh,India,2023-04-12,,0
101849,Upasna,Pillai,upasna.pillai148@hotmail.com,09599550553,Female,1993-08-26,Coimbatore,Tamil Nadu,India,2024-06-17,,1
101850,Rishi,Desai,rishi.desai659@outlook.com,8541839525,Male,1966-11-25,Nagpur,Maharashtra,India,2025-07-07,,1
101851,Rajeshri,Dhar,rajeshri.dhar295@outlook.com,+91-2165119214,Female,2000-07-23,Chennai,Tamil Nadu,India,2025-09-27,,1
101852,Ridhi,Swamy,ridhi.swamy755@gmail.com,3027694730,Female,1985-03-26,Chandigarh,Chandigarh,India,2025-04-09,,0
101853,Ekavir,Mital,ekavir.mital640@outlook.com,1244029363,Male,1974-07-06,Mumbai,Maharashtra,India,2025-11-13,,0
101854,Anthony,Krishna,anthony.krishna164@hotmail.com,2579599004,Other,2005-01-06,Jaipur,Rajasthan,India,2023-02-02,,0
101855,William,Krishnan,william.krishnan682@gmail.com,06018911343,Male,1973-03-10,Faridabad,Haryana,India,2023-02-02,,0
101856,Yashasvi,Peri,yashasvi.peri496@outlook.com,+91-6276861273,Female,1974-07-20,Patna,Bihar,India,2024-06-21,,0
101857,Kabir,D’Alia,kabir.d’alia392@hotmail.com,01381301494,Other,1987-07-08,Bengaluru,Karnataka,India,2024-10-07,,0
101858,Finn,Vora,finn.vora984@hotmail.com,1966452319,Male,1965-10-13,Chennai,Tamil Nadu,India,2024-12-13,,0
101859,ANITA,Varghese,anita.varghese980@yahoo.com,8317236670,Female,2008-03-19,Kolkata,West Bengal,India,2024-02-26,,0
101860,Bakhshi,Sule,bakhshi.sule759@yahoo.com,9187405013,Male,1995-04-12,Guwahati,Assam,India,2023-01-31,,0
101861,Fariq,Bajaj,fariq.bajaj656@gmail.com,5607148765,Male,1963-05-26,Coimbatore,Tamil Nadu,India,2024-10-05,,0
101862,Yug,Setty,yug.setty809@yahoo.com,3163160378,Male,1995-07-24,Patna,Bihar,India,2024-05-06,,0
101863,Charita,Bhakta,charita.bhakta501@gmail.com,09630667005,Female,1989-02-11,Indore,Madhya Pradesh,India,2025-04-16,,0
101864,Logan,Rau,logan.rau254@outlook.com,2337007158,Male,1999-12-01,Faridabad,Haryana,India,2025-11-01,,0
101865,Agastya,Tandon,agastya.tandon185@gmail.com,06332343065,Male,,Bhopal,Madhya Pradesh,India,2023-11-12,,0
101866,xalak,Memon,xalak.memon451@yahoo.com,7590972285,Female,2004-06-14,Coimbatore,Tamil Nadu,India,2025-04-06,,0
101867,Ekta,Prakash,ekta.prakash737@hotmail.com,01391960348,Female,2001-12-26,Kochi,Kerala,India,2025-07-03,,0
101868,Jacob,Sangha,jacob.sangha134@yahoo.com,06932380043,Male,1980-05-08,Chandigarh,Chandigarh,India,2025-06-15,,1
101869,URVASHI,Patla,urvashi.patla562@gmail.com,6741637120,Female,1979-10-30,Faridabad,Haryana,India,2025-06-22,,0
101870,Damyanti,Shankar,damyanti.shankar358@hotmail.com,06014584081,Female,1965-12-08,Nagpur,Maharashtra,India,2024-05-01,,1
101871,Krish,Kulkarni,krish.kulkarni243@yahoo.com,1436116861,Male,1965-07-04,Patna,Bihar,India,2025-09-24,,0
101872,Sanya,Balasubramanian,sanya.balasubramanian18@yahoo.com,09260555465,Female,2004-04-13,Delhi,Delhi,India,2023-11-09,,0
101873,Harita,Rao,harita.rao113@outlook.com,03771403445,Female,1974-02-03,Coimbatore,Tamil Nadu,India,2024-07-01,,0
101874,Pallavi,Pandya,pallavi.pandya24@gmail.com,0119622723,Female,2007-02-09,Coimbatore,Tamil Nadu,India,2025-08-13,,0
101875,Riya,Sinha,riya.sinha95@gmail.com,+91-6838509570,Female,2007-08-24,Patna,Bihar,India,2023-11-27,,0
101876,Gunbir,Kuruvilla,,+91-8113640348,Male,1990-10-10,Guwahati,Assam,India,2023-01-11,,0
101877,Laban,Gulati,laban.gulati149@gmail.com,06279595142,Male,1989-02-13,Bengaluru,Karnataka,India,2025-10-18,,0
101878,Raagini,Kumer,raagini.kumer478@hotmail.com,4217562752,Female,1984-08-20,Nagpur,Maharashtra,India,2025-04-05,,1
101879,Abha,Choudhury,abha.choudhury392@gmail.com,4794592351,Female,1999-10-15,Hyderabad,Telangana,India,2023-06-01,,0
101880,Jagvi,Kari,jagvi.kari741@yahoo.com,+91-7100170781,Female,1966-08-20,Nagpur,Maharashtra,India,2024-10-27,,0
101881,Lucky,Nazareth,lucky.nazareth38@yahoo.com,9484142355,Male,,Guwahati,Assam,India,2025-05-30,,0
101882,Falan,Jaggi,falan.jaggi667@hotmail.com,05679813026,Male,2003-02-08,Chennai,Tamil Nadu,India,2025-08-02,,0
101883,RANBIR,Mahal,ranbir.mahal103@yahoo.com,+91-8821870894,Male,1964-02-12,Lucknow,Uttar Pradesh,India,2023-08-20,,0
101884,Aarav,Sura,aarav.sura591@gmail.com,1464461198,Male,1972-03-09,Surat,Gujarat,India,2023-09-22,,0
101885,Vasudha,Patil,vasudha.patil718@yahoo.com,8852377487,Female,1982-08-15,Coimbatore,Tamil Nadu,India,2025-09-24,,0
101886,Baghyawati,Singh,baghyawati.singh733@yahoo.com,2512180822,Female,1980-02-10,Mumbai,Maharashtra,India,2023-07-23,,0
101887,Ayushman,Rege,ayushman.rege235@gmail.com,6538395716,Male,1975-05-16,Mumbai,Maharashtra,India,2025-08-10,,1
101888,Ekalinga  ,Chopra,ekalinga.chopra397@outlook.com,0907037808,Male,1990-12-04,Surat,Gujarat,India,2024-10-07,,1
101889,Sathvik,Saran,sathvik.saran145@gmail.com,+91-0983484926,Male,1984-03-19,Ahmedabad,Gujarat,India,2025-09-08,,1
101890,Max,Zachariah,max.zachariah285@hotmail.com,5074456572,Male,1981-02-10,Pune,Maharashtra,India,2024-06-09,,0
101891,Siya,Patel,siya.patel883@hotmail.com,8179477950,Female,2001-11-06,Indore,Madhya Pradesh,India,2024-09-04,,0
101892,Anmol,Hari,anmol.hari328@outlook.com,06269303264,Male,1977-03-10,Hyderabad,Telangana,India,2025-04-13,,1
101893,Ria,Savant,ria.savant34@outlook.com,+91-4063516852,Female,1991-09-07,Pune,Maharashtra,India,2025-03-16,,0
101894,Laban,Shroff,laban.shroff378@hotmail.com,+91-5837990053,Male,1979-10-14,Bhopal,Madhya Pradesh,India,2024-05-25,,0
101895,Samar,Joshi,samar.joshi292@outlook.com,4228562837,Male,1967-04-29,Patna,Bihar,India,2025-03-06,,0
101896,JANUJA,Tank,,1033700894,Female,1967-06-16,Jaipur,Rajasthan,India,2023-09-03,,0
101897,Ishita,Krishnamurthy,ishita.krishnamurthy213@gmail.com,04333318838,Female,1974-02-05,Hyderabad,Telangana,India,2025-11-08,,1
101898,Ryan,Butala,ryan.butala782@outlook.com,+91-7371985176,Male,,Faridabad,Haryana,India,2024-02-16,,1
101899,Sanya,Zachariah,sanya.zachariah459@outlook.com,04421578379,Female,1992-09-16,Hyderabad,Telangana,India,2025-01-06,,0
101900,URISHILLA,Mann,urishilla.mann87@hotmail.com,+91-9688593428,Female,2008-03-25,Delhi,Delhi,India,2023-01-11,,1
101901,Hredhaan,Barad,hredhaan.barad82@outlook.com,8331503219,Male,1985-01-30,Pune,Maharashtra,India,2024-03-21,,0
101902,Shivansh  ,Pai,shivansh.pai205@outlook.com,00666860673,Male,2008-02-26,Bhopal,Madhya Pradesh,India,2025-09-23,,0
101903,Yachana,Sahni,yachana.sahni545@outlook.com,+91-6328959103,Female,1985-12-11,Chennai,Tamil Nadu,India,2023-06-21,,1
101904,GEORGE,Mukherjee,george.mukherjee210@gmail.com,1559637439,Male,1993-02-03,Bhopal,Madhya Pradesh,India,2024-02-23,,1
101905,Triya,Kari,triya.kari161@hotmail.com,+91-4038955465,Female,1981-07-07,Kolkata,West Bengal,India,2025-07-18,,0
101906,Raksha,Issac,raksha.issac843@hotmail.com,0021027366,Female,1971-03-30,Faridabad,Haryana,India,2023-01-28,,0
101907,Oliver,Panchal,oliver.panchal33@gmail.com,+91-3487493916,Other,1992-08-27,Bhopal,Madhya Pradesh,India,2025-09-03,,0
101908,Aahana,Char,aahana.char774@gmail.com,+91-8866073264,Female,1975-03-20,Coimbatore,Tamil Nadu,India,2023-07-31,,1
101909,Udarsh,Hora,udarsh.hora21@gmail.com,1760909371,Male,2004-09-12,Jaipur,Rajasthan,India,2024-08-30,,1
101910,Madhav,Pau,,07346694473,Male,1993-09-01,Coimbatore,Tamil Nadu,India,2025-08-01,,0
101911,KAMALA,Zacharia,kamala.zacharia626@outlook.com,+91-9056651837,Female,1986-08-23,Delhi,Delhi,India,2025-05-27,,1
101912,Max,Sengupta,max.sengupta803@hotmail.com,+91-4509685938,Male,1962-07-24,Bhopal,Madhya Pradesh,India,2025-05-28,,1
101913,Farhan,Naik,farhan.naik702@hotmail.com,+91-9646924343,Male,1977-10-24,Coimbatore,Tamil Nadu,India,2024-01-22,,1
101914,Samaksh,Narayan,samaksh.narayan153@gmail.com,6038710880,Male,1970-09-03,Faridabad,Haryana,India,2024-03-05,,0
101915,Nilima,Saini,nilima.saini781@yahoo.com,09037647476,Female,1995-11-16,Pune,Maharashtra,India,2024-08-14,,1
101916,Darsh,Bumb,darsh.bumb597@outlook.com,+91-0396558681,Male,,Guwahati,Assam,India,2024-06-04,,0
101917,Anya  ,Basak,anya.basak905@yahoo.com,+91-9333528660,Female,1965-06-07,Jaipur,Rajasthan,India,2025-09-20,,1
101918,Jasmit,Varma,jasmit.varma840@hotmail.com,5738010124,Female,1999-07-11,Kochi,Kerala,India,2025-04-15,,0
101919,Vidhi,Chandra,vidhi.chandra98@outlook.com,+91-6194999136,Female,1990-08-20,Mumbai,Maharashtra,India,2024-12-17,,0
101920,Ridhi,Bansal,ridhi.bansal923@hotmail.com,09396871867,Female,1964-04-19,Patna,Bihar,India,2023-11-16,,0
101921,AARUSH,Yadav,aarush.yadav951@outlook.com,03285071961,Male,1967-12-28,Chandigarh,Chandigarh,India,2023-01-05,,0
101922,Januja,Johal,januja.johal312@outlook.com,5220940037,Female,2002-07-04,Faridabad,Haryana,India,2023-10-23,,0
101923,Balhaar,Sinha,balhaar.sinha585@yahoo.com,4806611262,Male,1995-03-19,Kochi,Kerala,India,2024-06-30,,0
101924,Jyoti,Bhargava,jyoti.bhargava266@gmail.com,7121186018,Female,1964-07-17,Delhi,Delhi,India,2025-11-28,,1
101925,Divya,Deep,divya.deep390@yahoo.com,+91-3025598792,Female,1963-06-22,Chennai,Tamil Nadu,India,2024-11-11,,0
101926,Forum,Kant,forum.kant691@hotmail.com,8891096196,Female,2001-11-25,Chennai,Tamil Nadu,India,2024-02-11,,1
101927,Arjun,Mani,arjun.mani475@yahoo.com,02036081641,Male,2005-10-20,Kochi,Kerala,India,2023-05-11,,0
101928,Abeer,Kulkarni,abeer.kulkarni45@outlook.com,9714083469,Male,1976-03-30,Delhi,Delhi,India,2024-04-03,,0
101929,MEERA,Pandey,meera.pandey116@hotmail.com,08062745669,Female,1987-05-17,Coimbatore,Tamil Nadu,India,2023-01-11,,0
101930,Priya,Baria,priya.baria342@yahoo.com,04290495776,Female,1969-03-18,Lucknow,Uttar Pradesh,India,2025-06-12,,0
101931,Girish,Walla,girish.walla300@yahoo.com,09530164728,Male,2007-09-03,Faridabad,Haryana,India,2024-04-14,,1
101932,Sai,Dasgupta,sai.dasgupta393@hotmail.com,09026297611,Male,1997-01-08,Guwahati,Assam,India,2025-06-06,,0
101933,SARA,Devan,sara.devan156@outlook.com,+91-4982468967,Female,1991-11-01,Kochi,Kerala,India,2023-10-07,,0
101934,Diya  ,Randhawa,diya.randhawa846@yahoo.com,+91-0215723125,Female,1967-09-19,Patna,Bihar,India,2025-05-04,,0
101935,Hemal,Jain,hemal.jain548@outlook.com,8589496172,Female,1965-10-18,Pune,Maharashtra,India,2025-04-24,,1
101936,Ayaan,Nori,ayaan.nori492@hotmail.com,+91-3131845605,Male,,Jaipur,Rajasthan,India,2023-10-09,,1
101937,Ishwar,Mani,ishwar.mani92@gmail.com,00912944314,Male,2004-03-26,Mumbai,Maharashtra,India,2023-08-30,,1
101938,Baljiwan,Mand,baljiwan.mand678@outlook.com,03779824021,Male,2005-02-26,Pune,Maharashtra,India,2023-11-10,,0
101939,Tanay,Wali,tanay.wali239@gmail.com,09818100962,Male,2001-12-19,Indore,Madhya Pradesh,India,2025-02-19,,1
101940,gautami,Rege,gautami.rege329@outlook.com,3558774526,Female,,Delhi,Delhi,India,2025-04-25,,0
101941,Jalsa,Mital,jalsa.mital929@outlook.com,+91-5442253511,Female,2003-10-07,Chennai,Tamil Nadu,India,2023-07-02,,0
101942,Zansi  ,Grover,zansi.grover666@outlook.com,5538828720,Female,2007-12-28,Indore,Madhya Pradesh,India,2025-07-04,,0
101943,Thomas,Ranganathan,thomas.ranganathan482@gmail.com,02887458712,Male,1963-04-14,Faridabad,Haryana,India,2025-06-07,,1
101944,Vrishti,Munshi,vrishti.munshi609@outlook.com,+91-9315262107,Female,2000-12-31,Ahmedabad,Gujarat,India,2023-03-17,,0
101945,Benjamin,Kurian,benjamin.kurian473@hotmail.com,0614452996,Male,2005-04-26,Mumbai,Maharashtra,India,2024-10-15,,0
101946,Qushi,Shenoy,qushi.shenoy860@yahoo.com,9711533349,Female,2005-05-22,Hyderabad,Telangana,India,2025-04-14,,1
101947,Fitan,Sankaran,fitan.sankaran716@yahoo.com,+91-0343449975,Male,1996-01-30,Indore,Madhya Pradesh,India,2025-10-08,,0
101948,rachana,Sachdev,rachana.sachdev706@outlook.com,0215992794,Female,1971-01-17,Faridabad,Haryana,India,2024-08-16,,0
101949,Tejas,Kanda,tejas.kanda128@gmail.com,+91-3312223954,Male,1987-05-03,Delhi,Delhi,India,2024-07-06,,0
101950,Theodore,Atwal,theodore.atwal253@outlook.com,+91-3687477740,Male,,Bhopal,Madhya Pradesh,India,2025-04-07,,0
101951,Victor,Badami,victor.badami700@hotmail.com,+91-0076228212,Male,1998-05-30,Bengaluru,Karnataka,India,2024-03-21,,1
101952,Eesha,Dara,eesha.dara432@yahoo.com,02784726439,Female,1970-07-02,Faridabad,Haryana,India,2024-07-31,,1
101953,Aashi  ,Mistry,aashi.mistry382@outlook.com,2066604853,Female,1965-02-23,Jaipur,Rajasthan,India,2025-08-29,,0
101954,Harrison,Krishnan,harrison.krishnan827@outlook.com,+91-4981184651,Male,1968-01-03,Coimbatore,Tamil Nadu,India,2025-08-06,,0
101955,Leena,Golla,leena.golla699@hotmail.com,01704836481,Female,1964-08-09,Faridabad,Haryana,India,2025-02-09,,1
101956,Nirja,Nigam,nirja.nigam52@hotmail.com,4219379313,Other,1997-03-29,Bhopal,Madhya Pradesh,India,2024-07-30,,1
101957,Samarth,Hari,samarth.hari886@hotmail.com,2767687775,Male,1987-11-16,Surat,Gujarat,India,2023-11-28,,0
101958,Radha  ,Sandal,radha.sandal988@outlook.com,09195380884,Female,1969-03-18,Lucknow,Uttar Pradesh,India,2024-01-27,,0
101959,Yatan,De,yatan.de819@outlook.com,5001113915,Male,1975-05-24,Patna,Bihar,India,2023-03-11,,0
101960,Aachal,Morar,aachal.morar56@outlook.com,+91-9214990108,Female,2006-04-01,Surat,Gujarat,India,2024-04-13,,0
101961,Chanakya,Rajagopalan,chanakya.rajagopalan165@hotmail.com,4991573806,Male,1982-05-31,Mumbai,Maharashtra,India,2024-10-10,,1
101962,Rayaan,Shenoy,rayaan.shenoy988@hotmail.com,+91-9610237264,Male,1971-05-09,Nagpur,Maharashtra,India,2025-08-10,,0
101963,gabriel,Bhandari,gabriel.bhandari400@gmail.com,2459715579,Male,1969-12-29,Guwahati,Assam,India,2025-05-02,,0
101964,Yash  ,Sibal,yash.sibal547@outlook.com,01773260968,Male,1976-12-12,Kochi,Kerala,India,2023-01-03,,0
101965,Yashoda,Wason,yashoda.wason111@gmail.com,5973586794,Female,2000-06-01,Chandigarh,Chandigarh,India,2025-10-16,,1
101966,Indali,Roy,indali.roy896@yahoo.com,03276765964,Female,1995-11-29,Ahmedabad,Gujarat,India,2024-04-09,,1
101967,Tristan,Ram,tristan.ram457@outlook.com,01553474502,Male,1972-10-06,Mumbai,Maharashtra,India,2024-05-20,,1
101968,Qabil,Khurana,qabil.khurana151@gmail.com,4896539450,Male,1971-12-28,Indore,Madhya Pradesh,India,2023-06-11,,0
101969,Owen,Mammen,owen.mammen234@outlook.com,05383385693,Male,1969-07-26,Bhopal,Madhya Pradesh,India,2023-07-21,,1
101970,Darpan,Kota,darpan.kota998@outlook.com,04073730415,Male,1960-09-03,Nagpur,Maharashtra,India,2025-05-16,,1
101971,Sanya,Kamdar,sanya.kamdar688@gmail.com,+91-0265838796,Female,1970-07-02,Ahmedabad,Gujarat,India,2023-03-06,,1
101972,Mugdha,Rana,mugdha.rana33@gmail.com,0332739974,Female,1965-12-18,Jaipur,Rajasthan,India,2025-06-05,,1
101973,Falak,Bera,falak.bera891@yahoo.com,0276078195,Female,1966-02-17,Surat,Gujarat,India,2024-09-15,,0
101974,Netra,Vasa,netra.vasa789@outlook.com,03833061443,Female,2003-04-22,Nagpur,Maharashtra,India,2025-03-29,,0
101975,Udant,Prabhu,udant.prabhu449@hotmail.com,5052602706,Male,2001-12-05,Bengaluru,Karnataka,India,2025-03-31,,0
101976,Wahab,Natt,wahab.natt174@hotmail.com,+91-8129236139,Male,1965-11-18,Chennai,Tamil Nadu,India,2023-06-07,,1
101977,Ijaya,Swamy,ijaya.swamy363@hotmail.com,4133768705,Female,2004-08-11,Bengaluru,Karnataka,India,2024-06-17,,0
101978,Zayyan,Apte,zayyan.apte847@yahoo.com,+91-1064070783,Male,1997-02-27,Faridabad,Haryana,India,2024-06-27,,0
101979,Matthew,Sastry,matthew.sastry737@outlook.com,3485736540,Male,2002-04-11,Pune,Maharashtra,India,2025-06-26,,0
101980,Lekha,Dayal,lekha.dayal13@outlook.com,01788364316,Female,1984-04-01,Pune,Maharashtra,India,2024-06-23,,0
101981,Nicholas,Thakkar,nicholas.thakkar452@hotmail.com,08959303207,Male,1990-09-04,Bengaluru,Karnataka,India,2025-10-03,,1
101982,Quincy,Sarin,quincy.sarin261@outlook.com,9015230299,Male,,Chennai,Tamil Nadu,India,2023-01-02,,0
101983,Sai,Raj,sai.raj840@yahoo.com,5654030799,Male,1966-03-31,Chandigarh,Chandigarh,India,2024-03-12,,1
101984,Qushi,Maharaj,qushi.maharaj16@gmail.com,02012953185,Female,1960-10-27,Chandigarh,Chandigarh,India,2025-09-26,,0
101985,Mugdha,Dave,mugdha.dave151@gmail.com,+91-2048109305,Female,1974-11-19,Guwahati,Assam,India,2024-03-14,,0
101986,Mitali,Sen,mitali.sen601@hotmail.com,07398245538,Female,2000-06-12,Faridabad,Haryana,India,2023-03-21,,0
101987,Rachit,Chad,rachit.chad493@outlook.com,+91-2642951852,Male,2002-05-31,Lucknow,Uttar Pradesh,India,2024-07-14,,0
101988,Qabil,Sibal,qabil.sibal386@outlook.com,00308196954,Male,1973-03-06,Ahmedabad,Gujarat,India,2023-09-07,,0
101989,Zashil,Setty,zashil.setty180@outlook.com,08491508924,Male,1974-06-11,Faridabad,Haryana,India,2023-05-22,,1
101990,Mohini,Barman,mohini.barman244@yahoo.com,09555935588,Female,1964-05-07,Chennai,Tamil Nadu,India,2024-03-27,,0
101991,Bhavani,Tripathi,bhavani.tripathi402@gmail.com,05477774592,Female,1978-05-15,Bhopal,Madhya Pradesh,India,2025-09-09,,0
101992,Daniel,Date,daniel.date729@gmail.com,3797900704,Male,2002-07-28,Kochi,Kerala,India,2024-03-20,,0
101993,QABIL,Mane,qabil.mane236@yahoo.com,4166239567,Male,1966-04-01,Mumbai,Maharashtra,India,2025-07-02,,0
101994,Nitesh,Patla,nitesh.patla47@gmail.com,+91-6749064122,Male,1984-03-04,Faridabad,Haryana,India,2023-08-02,,0
101995,wyatt,Ranganathan,,3417005455,Male,1987-04-15,Bhopal,Madhya Pradesh,India,2023-05-12,,0
101996,Maanav,Pandit,maanav.pandit940@gmail.com,1683357668,Male,1963-03-16,Lucknow,Uttar Pradesh,India,2025-04-29,,0
101997,Rachana,Amble,rachana.amble806@gmail.com,00431715578,Female,1976-01-09,Bengaluru,Karnataka,India,2023-04-20,,1
101998,Gauri,Chander,gauri.chander317@outlook.com,6860931608,Female,1988-04-01,Kolkata,West Bengal,India,2023-08-16,,1
101999,ZEHAAN,Palla,zehaan.palla751@yahoo.com,05839111532,Male,1962-09-17,Mumbai,Maharashtra,India,2023-08-24,,1
102000,Tanmayi,Mane,tanmayi.mane967@outlook.com,6379020388,Female,1991-02-26,Patna,Bihar,India,2023-01-18,,1
102001,Yochana,Gara,yochana.gara444@hotmail.com,+91-3844781676,Female,,Delhi,Delhi,India,2025-11-11,,1
102002,Saksham,Kothari,saksham.kothari307@outlook.com,03481242664,Male,1983-09-09,Faridabad,Haryana,India,2025-09-06,,0
102003,Falguni,Sachar,falguni.sachar828@gmail.com,3279663795,Female,1985-06-28,Lucknow,Uttar Pradesh,India,2025-04-13,,1
102004,VRITTI,Sawhney,vritti.sawhney43@hotmail.com,02468714469,Female,1971-01-15,Jaipur,Rajasthan,India,2023-10-28,,0
102005,Oviya,Krish,oviya.krish302@yahoo.com,04239402690,Female,2001-04-06,Chandigarh,Chandigarh,India,2025-01-31,,1
102006,Raghav,Loyal,,+91-1182292324,Male,1979-01-12,Faridabad,Haryana,India,2024-10-06,,0
102007,Xalak,Devan,xalak.devan484@gmail.com,+91-3784061386,Female,,Coimbatore,Tamil Nadu,India,2023-03-09,,1
102008,Yatan,Mitra,yatan.mitra823@outlook.com,+91-0455965765,Male,2000-03-30,Mumbai,Maharashtra,India,2024-09-14,,0
102009,Victor,Thakkar,victor.thakkar710@gmail.com,01267644943,Male,2007-01-30,Faridabad,Haryana,India,2025-05-09,,0
102010,Jasmit,Gandhi,jasmit.gandhi870@hotmail.com,+91-6534420042,Female,1964-10-28,Patna,Bihar,India,2024-06-19,,0
102011,Tanveer,Savant,tanveer.savant567@gmail.com,03519198505,Male,1980-03-27,Lucknow,Uttar Pradesh,India,2024-04-01,,1
102012,Chandresh,Keer,chandresh.keer370@hotmail.com,04322987663,Male,1969-07-19,Bengaluru,Karnataka,India,2024-03-22,,1
102013,Wishi,Batta,wishi.batta500@yahoo.com,01060891700,Female,1978-01-25,Bengaluru,Karnataka,India,2023-10-11,,0
102014,Jonathan,Bumb,jonathan.bumb288@yahoo.com,+91-6599052702,Other,1977-06-23,Chandigarh,Chandigarh,India,2023-07-12,,0
102015,Tanish,Chandran,tanish.chandran618@yahoo.com,+91-3040775130,Male,1981-02-28,Chennai,Tamil Nadu,India,2023-12-15,,0
102016,Aashi,Dua,aashi.dua273@outlook.com,+91-9745371473,Female,2007-01-01,Jaipur,Rajasthan,India,2023-11-23,,0
102017,Faras,Bassi,faras.bassi446@outlook.com,04312666560,Male,1969-01-14,Delhi,Delhi,India,2025-04-05,,1
102018,Isha,Ratti,,00624755526,Female,1982-07-18,Patna,Bihar,India,2025-01-29,,0
102019,ekiya,Bhagat,ekiya.bhagat420@outlook.com,7510056870,Female,1981-01-27,Pune,Maharashtra,India,2025-08-13,,1
102020,Aarav,Nagar,aarav.nagar516@yahoo.com,8167932353,Male,1988-03-07,Bhopal,Madhya Pradesh,India,2024-06-17,,1
102021,Ishwar,Kashyap,ishwar.kashyap92@gmail.com,09516570794,Male,1969-08-27,Mumbai,Maharashtra,India,2024-01-07,,0
102022,Darika,Wable,darika.wable247@hotmail.com,4685519020,Female,1975-03-27,Jaipur,Rajasthan,India,2023-03-24,,0
102023,Bachittar,Naidu,bachittar.naidu494@gmail.com,09334653363,Male,1997-04-13,Patna,Bihar,India,2025-08-25,,0
102024,Aarush,Mutti,aarush.mutti119@gmail.com,+91-0098416437,Male,2005-03-17,Delhi,Delhi,India,2024-06-24,,0
102025,amol,Din,amol.din323@gmail.com,00125928339,Male,1996-05-13,Hyderabad,Telangana,India,2025-02-01,,0
102026,Chakradhar,Sen,chakradhar.sen841@gmail.com,7697505917,Male,2006-04-20,Nagpur,Maharashtra,India,2023-08-22,,0
102027,Jagat,Khare,jagat.khare5@gmail.com,09169833179,Male,1970-10-13,Surat,Gujarat,India,2025-01-11,,1
102028,Riya,Mani,riya.mani576@outlook.com,4065452593,Female,2005-04-27,Kochi,Kerala,India,2023-08-23,,1
102029,Raksha,Sibal,raksha.sibal424@hotmail.com,09462078562,Female,1991-12-08,Kochi,Kerala,India,2024-01-08,,0
102030,Hemani,Sengupta,hemani.sengupta980@outlook.com,06118680109,Female,2003-02-24,Jaipur,Rajasthan,India,2024-02-10,,1
102031,Januja,Sarin,januja.sarin486@yahoo.com,+91-0817003276,Female,1992-08-13,Kochi,Kerala,India,2025-10-07,,0
102032,Advik,Padmanabhan,advik.padmanabhan265@gmail.com,00149726821,Male,1965-08-30,Bengaluru,Karnataka,India,2025-11-06,,1
102033,Oviya,Sane,oviya.sane480@gmail.com,07735956919,Female,1999-11-07,Chennai,Tamil Nadu,India,2025-08-04,,1
102034,Falguni,Bansal,falguni.bansal346@yahoo.com,+91-3974892500,Female,1984-06-02,Jaipur,Rajasthan,India,2024-05-09,,0
102035,Chatresh,Samra,chatresh.samra40@hotmail.com,+91-3581821774,Male,1985-01-27,Chandigarh,Chandigarh,India,2025-06-05,,1
102036,Megha,Tata,megha.tata954@outlook.com,5843835699,Female,1988-12-11,Jaipur,Rajasthan,India,2024-06-13,,0
102037,David,Goel,david.goel416@outlook.com,0646912671,Male,1988-04-28,Faridabad,Haryana,India,2025-04-27,,1
102038,Ucchal,Gulati,ucchal.gulati403@gmail.com,3878305682,Female,1985-05-12,Jaipur,Rajasthan,India,2024-03-17,,0
102039,William,Prakash,william.prakash747@yahoo.com,+91-2029487478,Male,1966-07-24,Kolkata,West Bengal,India,2023-03-26,,1
102040,Girik,Dugar,girik.dugar506@gmail.com,7392229317,Male,1991-07-25,Hyderabad,Telangana,India,2024-05-27,,0
102041,Yashodhara,Sankar,yashodhara.sankar974@gmail.com,07505577791,Female,1982-08-18,Pune,Maharashtra,India,2025-04-22,,0
102042,Harsh,Borah,harsh.borah337@yahoo.com,+91-3538115750,Male,2001-10-01,Mumbai,Maharashtra,India,2025-11-01,,1
102043,Ekta,Sharaf,ekta.sharaf650@yahoo.com,6957562943,Female,1970-03-10,Chennai,Tamil Nadu,India,2024-02-27,,0
102044,CHANDRESH,Ray,chandresh.ray699@gmail.com,5506943944,Male,1999-02-07,Jaipur,Rajasthan,India,2025-06-28,,1
102045,BHANUMATI,Bir,bhanumati.bir893@outlook.com,04935492101,Female,2001-06-14,Surat,Gujarat,India,2023-01-06,,0
102046,Bimala,Tiwari,bimala.tiwari328@gmail.com,03293575384,Female,1998-11-06,Delhi,Delhi,India,2024-07-18,,0
102047,Brinda,Chaudhuri,brinda.chaudhuri451@outlook.com,7560164262,Female,1975-02-07,Coimbatore,Tamil Nadu,India,2024-02-02,,0
102048,Oviya,Naik,oviya.naik784@gmail.com,3546922394,Female,,Bhopal,Madhya Pradesh,India,2025-04-05,,1
102049,Aahana,Suri,aahana.suri660@outlook.com,03466095470,Female,,Patna,Bihar,India,2024-11-01,,1
102050,Arya,Sahni,arya.sahni981@outlook.com,0795163521,Female,1973-01-30,Faridabad,Haryana,India,2024-01-19,,1
102051,Chaman,Goel,chaman.goel4@gmail.com,7561680956,Female,,Coimbatore,Tamil Nadu,India,2025-01-01,,0
102052,Lajita,Chada,lajita.chada66@outlook.com,+91-3366502859,Female,1999-01-07,Guwahati,Assam,India,2025-06-26,,1
102053,Bahadurjit,Narasimhan,bahadurjit.narasimhan983@yahoo.com,09157829052,Male,1996-01-09,Surat,Gujarat,India,2025-10-29,,1
102054,nidra,Gokhale,nidra.gokhale47@yahoo.com,9994814140,Female,1996-08-30,Surat,Gujarat,India,2025-02-26,,1
102055,Janaki,Varghese,,09142652012,Female,2000-01-05,Coimbatore,Tamil Nadu,India,2024-12-16,,0
102056,Azaan,Chokshi,azaan.chokshi735@hotmail.com,08446988866,Other,1978-01-31,Bengaluru,Karnataka,India,2024-06-13,,1
102057,Manthan,Borah,manthan.borah712@outlook.com,01367591644,Male,1993-12-01,Kochi,Kerala,India,2025-08-19,,0
102058,Diya  ,Munshi,diya.munshi595@outlook.com,01130852315,Female,1979-12-10,Lucknow,Uttar Pradesh,India,2025-03-05,,1
102059,Harinakshi,Keer,harinakshi.keer777@hotmail.com,4626713202,Female,1975-08-23,Nagpur,Maharashtra,India,2025-04-07,,1
102060,Jonathan,Dutt,jonathan.dutt506@gmail.com,7604293987,Male,1991-04-28,Mumbai,Maharashtra,India,2025-03-22,,0
102061,Unni,Rana,unni.rana551@hotmail.com,+91-7210752400,Female,1972-03-08,Hyderabad,Telangana,India,2025-10-31,,0
102062,Janani  ,Banik,janani.banik809@yahoo.com,7247254265,Female,1974-07-02,Ahmedabad,Gujarat,India,2024-11-18,,1
102063,Bhavini,Sarkar,bhavini.sarkar659@gmail.com,+91-6398523818,Female,,Coimbatore,Tamil Nadu,India,2024-09-28,,0
102064,FRADO,Vaidya,frado.vaidya523@hotmail.com,08680704235,Male,2003-12-30,Chandigarh,Chandigarh,India,2024-07-29,,1
102065,Vedant,Kashyap,vedant.kashyap814@yahoo.com,1699213534,Male,1994-07-22,Nagpur,Maharashtra,India,2023-01-29,,1
102066,Barkha,Pal,barkha.pal773@outlook.com,05088494999,Female,1998-08-24,Nagpur,Maharashtra,India,2023-01-03,,1
102067,Sudiksha,Hora,sudiksha.hora90@yahoo.com,06213805951,Female,1989-12-08,Coimbatore,Tamil Nadu,India,2025-09-18,,1
102068,Lavanya,Mammen,lavanya.mammen430@yahoo.com,09551330591,Female,1977-06-18,Pune,Maharashtra,India,2025-09-04,,1
102069,Chanakya,Sachdev,chanakya.sachdev534@outlook.com,09674513636,Male,1996-11-30,Patna,Bihar,India,2025-03-11,,0
102070,aashi,Nayak,aashi.nayak930@gmail.com,7223426787,Female,2002-04-18,Ahmedabad,Gujarat,India,2023-09-25,,0
102071,Anusha,Issac,anusha.issac186@gmail.com,2817189935,Female,2005-12-13,Chandigarh,Chandigarh,India,2023-11-18,,0
102072,Nikita,Savant,nikita.savant362@gmail.com,2759637311,Female,1975-04-17,Chennai,Tamil Nadu,India,2024-09-27,,0
102073,Ishanvi,Khare,ishanvi.khare580@outlook.com,6230659400,Female,1971-11-20,Mumbai,Maharashtra,India,2024-12-27,,0
102074,Champak,Upadhyay,champak.upadhyay748@gmail.com,05100218241,Male,1994-07-09,Surat,Gujarat,India,2025-09-24,,1
102075,Advik,Chahal,advik.chahal570@hotmail.com,01687873214,Male,1987-11-14,Hyderabad,Telangana,India,2025-05-30,,0
102076,Waida,Apte,waida.apte69@yahoo.com,04743344210,Female,1980-05-10,Bhopal,Madhya Pradesh,India,2024-03-17,,1
102077,Bachittar,Bath,bachittar.bath340@outlook.com,0413135557,Male,1988-01-12,Chennai,Tamil Nadu,India,2024-10-20,,1
102078,Ekani,Batta,,5672176189,Female,2003-05-23,Chennai,Tamil Nadu,India,2025-08-29,,0
102079,yadavi,Setty,yadavi.setty679@yahoo.com,3877123981,Female,1986-03-14,Pune,Maharashtra,India,2024-06-28,,0
102080,Isaac,Shan,isaac.shan947@yahoo.com,7304519455,Male,1996-02-05,Kolkata,West Bengal,India,2025-08-03,,0
102081,Nimrat  ,Uppal,,+91-1880796403,Other,,Patna,Bihar,India,2025-09-27,,0
102082,Damyanti,Pall,damyanti.pall284@gmail.com,3918536205,Female,2003-11-03,Kolkata,West Bengal,India,2025-10-19,,0
102083,Michael,Halder,michael.halder871@outlook.com,5406385670,Male,1967-05-07,Bhopal,Madhya Pradesh,India,2024-10-07,,1
102084,AVI,Sidhu,avi.sidhu428@gmail.com,8420555535,Male,1973-06-05,Ahmedabad,Gujarat,India,2024-12-17,,0
102085,Anita,Sengupta,anita.sengupta733@outlook.com,08892210072,Female,1993-03-18,Delhi,Delhi,India,2025-09-10,,0
102086,Aayush  ,Malhotra,aayush.malhotra626@gmail.com,2461757804,Male,1965-02-28,Coimbatore,Tamil Nadu,India,2024-01-08,,0
102087,Advay,Mukhopadhyay,advay.mukhopadhyay426@gmail.com,06442624470,Male,1994-01-03,Guwahati,Assam,India,2025-07-03,,0
102088,Triya,Singhal,triya.singhal882@gmail.com,07033257044,Female,1971-05-16,Guwahati,Assam,India,2025-01-28,,0
102089,Akshay,Sheth,akshay.sheth254@outlook.com,09974903043,Male,1985-04-04,Mumbai,Maharashtra,India,2025-03-23,,0
102090,Chandresh,Shetty,chandresh.shetty582@yahoo.com,02470481130,Male,,Chennai,Tamil Nadu,India,2023-06-11,,0
102091,Chakradhar,Vaidya,chakradhar.vaidya416@outlook.com,01456518127,Male,1978-03-28,Delhi,Delhi,India,2024-06-04,,0
102092,Chaitaly,Soman,chaitaly.soman393@gmail.com,4325674053,Female,1978-11-07,Nagpur,Maharashtra,India,2024-01-21,,1
102093,Nisha,Chand,nisha.chand62@outlook.com,05411190206,Female,1961-03-03,Patna,Bihar,India,2023-11-15,,0
102094,Dalaja,Kota,dalaja.kota401@hotmail.com,+91-2214426735,Female,1999-10-18,Nagpur,Maharashtra,India,2024-09-26,,1
102095,Kevin,Deshpande,kevin.deshpande9@outlook.com,1599944261,Male,1986-03-30,Indore,Madhya Pradesh,India,2024-04-25,,1
102096,Omya,Murty,omya.murty445@yahoo.com,8295081499,Female,1999-10-31,Faridabad,Haryana,India,2023-03-18,,0
102097,Nimrat,Balay,nimrat.balay942@yahoo.com,+91-8593580352,Female,1984-12-29,Indore,Madhya Pradesh,India,2024-03-07,,1
102098,Alexander,Nayar,alexander.nayar696@gmail.com,08197354425,Male,1969-04-17,Ahmedabad,Gujarat,India,2023-01-11,,0
102099,Warjas,Tailor,warjas.tailor758@gmail.com,+91-6493046400,Male,1981-06-25,Guwahati,Assam,India,2025-06-12,,0
102100,Reyansh,Wali,reyansh.wali270@hotmail.com,06275537793,Male,1998-04-20,Bengaluru,Karnataka,India,2024-11-14,,0
102101,Patrick,Mannan,patrick.mannan998@hotmail.com,+91-2104072545,Male,1995-09-16,Lucknow,Uttar Pradesh,India,2023-08-26,,0
102102,Teerth,Bassi,teerth.bassi973@outlook.com,03247079262,Male,,Pune,Maharashtra,India,2024-02-03,,0
102103,Pranit,Chawla,pranit.chawla416@hotmail.com,0325039439,Male,1985-01-08,Patna,Bihar,India,2025-08-24,,0
102104,Zilmil,Kuruvilla,zilmil.kuruvilla512@outlook.com,+91-5236179496,Female,1995-06-16,Faridabad,Haryana,India,2025-11-12,,0
102105,Pahal,Mohan,pahal.mohan970@outlook.com,+91-8127317427,Female,1995-08-15,Jaipur,Rajasthan,India,2025-07-21,,0
102106,Ishwar,Deo,ishwar.deo396@hotmail.com,+91-9362761764,Male,,Jaipur,Rajasthan,India,2025-10-11,,0
102107,Alexander,Malhotra,alexander.malhotra130@outlook.com,1128638110,Male,1977-06-03,Kolkata,West Bengal,India,2025-11-22,,1
102108,Ekanta,Deep,ekanta.deep948@outlook.com,05952827677,Female,1998-10-02,Coimbatore,Tamil Nadu,India,2025-06-27,,0
102109,Gavin,Jhaveri,gavin.jhaveri611@hotmail.com,7327839692,Male,1964-06-11,Chennai,Tamil Nadu,India,2025-07-28,,0
102110,Orinder,Dar,orinder.dar116@yahoo.com,+91-7214348696,Male,2007-03-26,Nagpur,Maharashtra,India,2023-01-15,,0
102111,Onveer,Kalita,onveer.kalita273@gmail.com,03105208983,Male,1963-10-04,Patna,Bihar,India,2023-11-15,,0
102112,Vasana,Kapadia,vasana.kapadia254@yahoo.com,+91-3377312973,Female,2003-04-16,Jaipur,Rajasthan,India,2025-01-11,,0
102113,Laksh,Chada,laksh.chada736@yahoo.com,+91-5908268009,Male,1963-06-08,Lucknow,Uttar Pradesh,India,2025-09-05,,0
102114,Faqid,Gera,faqid.gera31@gmail.com,8945239596,Male,1997-09-09,Hyderabad,Telangana,India,2023-01-11,,0
102115,Dominic,Keer,dominic.keer955@yahoo.com,+91-7517579032,Male,1970-01-19,Chennai,Tamil Nadu,India,2025-03-11,,0
102116,Zansi,Yohannan,zansi.yohannan161@outlook.com,+91-1750241300,Female,1981-11-28,Jaipur,Rajasthan,India,2024-01-21,,1
102117,Udyati,Tak,udyati.tak266@hotmail.com,05095914504,Female,1990-04-22,Kochi,Kerala,India,2024-08-25,,0
102118,Theodore,Goda,theodore.goda891@yahoo.com,6272865181,Male,1974-06-09,Kolkata,West Bengal,India,2025-10-28,,1
102119,Ekalinga,Baral,ekalinga.baral927@yahoo.com,+91-0462176434,Male,1989-08-22,Ahmedabad,Gujarat,India,2023-04-23,,0
102120,Isha,Mangat,,7886985857,Female,1973-08-10,Kolkata,West Bengal,India,2024-02-08,,0
102121,Bishakha,Chadha,bishakha.chadha834@yahoo.com,4187939789,Female,2003-06-20,Patna,Bihar,India,2025-01-19,,0
102122,Hritik,Sha,hritik.sha38@gmail.com,03164598243,Male,2007-12-20,Kochi,Kerala,India,2024-06-21,,0
102123,Urvashi,Atwal,urvashi.atwal328@yahoo.com,9365187569,Female,1969-03-06,Lucknow,Uttar Pradesh,India,2025-04-01,,0
102124,Tarak,Dewan,tarak.dewan788@gmail.com,+91-5712567212,Male,2001-07-16,Pune,Maharashtra,India,2025-09-10,,0
102125,Aayush,Bala,aayush.bala204@gmail.com,5915324256,Other,1978-11-19,Chennai,Tamil Nadu,India,2024-07-20,,0
102126,Aarini,Zacharia,aarini.zacharia929@yahoo.com,3690303413,Female,2000-01-23,Faridabad,Haryana,India,2024-10-13,,1
102127,Tanmayi,Nigam,tanmayi.nigam131@outlook.com,6849977070,Female,1981-01-25,Pune,Maharashtra,India,2025-08-06,,1
102128,Amaira,Tara,amaira.tara152@yahoo.com,03700491744,Female,1970-01-25,Kolkata,West Bengal,India,2025-04-01,,0
102129,Theodore,Butala,theodore.butala2@yahoo.com,+91-6215774054,Male,2007-04-13,Kolkata,West Bengal,India,2025-08-08,,0
102130,Yamini,Sarkar,yamini.sarkar231@outlook.com,4142785314,Female,,Pune,Maharashtra,India,2025-05-23,,1
102131,Chatura,Thakur,chatura.thakur930@gmail.com,9212233998,Male,2003-09-03,Faridabad,Haryana,India,2023-07-02,,1
102132,Gauri,Das,gauri.das850@yahoo.com,3204484567,Female,2004-12-12,Hyderabad,Telangana,India,2025-04-15,,0
102133,Wyatt,Bobal,wyatt.bobal661@outlook.com,+91-6045689391,Male,2003-06-05,Hyderabad,Telangana,India,2025-05-02,,0
102134,Suhani,Mukherjee,suhani.mukherjee724@yahoo.com,+91-5766647608,Female,1977-07-19,Chandigarh,Chandigarh,India,2025-05-04,,0
102135,Aarna,Tella,aarna.tella799@outlook.com,+91-4552175049,Female,1990-07-12,Jaipur,Rajasthan,India,2023-09-02,,1
102136,Yug,Wadhwa,yug.wadhwa146@yahoo.com,+91-4422061850,Male,1980-06-28,Kolkata,West Bengal,India,2024-02-19,,0
102137,Harinakshi,Yadav,harinakshi.yadav158@outlook.com,00067246639,Female,1962-05-30,Lucknow,Uttar Pradesh,India,2023-06-20,,1
102138,Finn,Chahal,finn.chahal752@yahoo.com,3933011184,Male,1992-09-14,Chennai,Tamil Nadu,India,2024-04-03,,0
102139,Suhani,Pandya,suhani.pandya381@yahoo.com,5524529615,Female,1964-03-15,Surat,Gujarat,India,2025-03-25,,0
102140,Inaya,Sabharwal,inaya.sabharwal69@yahoo.com,3517983871,Female,1992-02-19,Bhopal,Madhya Pradesh,India,2024-08-10,,1
102141,Omya,Palla,omya.palla848@gmail.com,3895864178,Female,2004-12-08,Jaipur,Rajasthan,India,2024-12-19,,0
102142,Nihal,Ram,,1624694762,Male,1989-01-09,Hyderabad,Telangana,India,2024-11-25,,1
102143,Shravya,Yadav,shravya.yadav680@outlook.com,07973679901,Female,1999-08-15,Delhi,Delhi,India,2024-04-13,,0
102144,Aahana,Deep,aahana.deep810@outlook.com,9520387212,Female,1966-07-29,Surat,Gujarat,India,2024-08-27,,0
102145,Rajeshri,Borra,rajeshri.borra89@outlook.com,4462201656,Female,1980-03-13,Bengaluru,Karnataka,India,2024-07-27,,0
102146,Jacob,Kala,jacob.kala439@outlook.com,+91-4326253814,Male,1961-04-23,Surat,Gujarat,India,2023-12-25,,0
102147,Avni,Talwar,avni.talwar462@outlook.com,0248435074,Female,,Kolkata,West Bengal,India,2025-04-15,,0
102148,Raksha,Atwal,raksha.atwal260@gmail.com,+91-0999702440,Female,1975-02-14,Ahmedabad,Gujarat,India,2025-09-11,,0
102149,isha,Chadha,isha.chadha140@gmail.com,8235327737,Female,1981-07-19,Bhopal,Madhya Pradesh,India,2024-01-09,,0
102150,Onveer,Kurian,onveer.kurian474@hotmail.com,+91-5735548147,Male,2005-08-14,Indore,Madhya Pradesh,India,2024-06-09,,0
102151,Hemangini,Ramachandran,hemangini.ramachandran169@gmail.com,3929427021,Female,1977-03-17,Kolkata,West Bengal,India,2024-05-28,,1
102152,Chavvi,Johal,chavvi.johal449@yahoo.com,6279895824,Female,1999-08-10,Chennai,Tamil Nadu,India,2024-11-18,,0
102153,Warjas,Gulati,warjas.gulati665@hotmail.com,00371912759,Male,1972-04-01,Kochi,Kerala,India,2023-03-20,,1
102154,radhika,Murty,radhika.murty208@outlook.com,01622065910,Female,1960-10-18,Coimbatore,Tamil Nadu,India,2023-06-18,,0
102155,Lakshit,Krishnamurthy,lakshit.krishnamurthy187@outlook.com,4432969142,Male,1968-02-12,Kochi,Kerala,India,2023-03-11,,1
102156,Aarush,Bhalla,aarush.bhalla498@outlook.com,8352780878,Male,1975-12-15,Mumbai,Maharashtra,India,2025-06-04,,0
102157,WARDA,Cherian,warda.cherian8@hotmail.com,+91-3000900632,Female,1977-01-12,Lucknow,Uttar Pradesh,India,2023-01-21,,1
102158,Simon,Soni,simon.soni509@hotmail.com,+91-8617284703,Male,1974-07-01,Lucknow,Uttar Pradesh,India,2025-11-07,,1
102159,Ucchal,Kalita,ucchal.kalita836@hotmail.com,+91-8415463517,Female,1975-08-14,Bengaluru,Karnataka,India,2024-03-21,,1
102160,Harsh,Murthy,harsh.murthy24@gmail.com,+91-7696595965,Male,,Surat,Gujarat,India,2023-12-21,,0
102161,Samesh,Arora,samesh.arora579@outlook.com,+91-2296484210,Male,1987-09-07,Faridabad,Haryana,India,2025-01-14,,1
102162,Hiral,Datta,hiral.datta141@outlook.com,9537237660,Female,1973-09-19,Coimbatore,Tamil Nadu,India,2023-04-29,,0
102163,Meghana,Dhawan,meghana.dhawan184@gmail.com,+91-9708137229,Female,1987-06-22,Nagpur,Maharashtra,India,2025-11-08,,0
102164,Divya,Babu,divya.babu241@outlook.com,+91-3922950149,Female,1979-07-13,Indore,Madhya Pradesh,India,2024-08-14,,1
102165,Ekalinga,Lad,ekalinga.lad627@outlook.com,+91-9087834767,Male,1993-08-04,Chandigarh,Chandigarh,India,2023-01-10,,0
102166,Advik,Bedi,advik.bedi896@outlook.com,04666694836,Male,2005-03-21,Surat,Gujarat,India,2025-11-13,,0
102167,Aahana,More,aahana.more627@outlook.com,+91-0855925629,Female,1983-06-30,Bengaluru,Karnataka,India,2025-03-12,,1
102168,Hiral,Purohit,hiral.purohit593@outlook.com,07273468927,Female,2006-09-27,Jaipur,Rajasthan,India,2024-05-18,,0
102169,Lopa,Sibal,lopa.sibal150@yahoo.com,+91-6610514961,Female,1986-11-11,Kochi,Kerala,India,2025-02-28,,1
102170,Ranbir,Varghese,ranbir.varghese103@outlook.com,9244940395,Male,1964-08-12,Kolkata,West Bengal,India,2023-05-25,,1
102171,Tanay,Naik,tanay.naik708@gmail.com,00883318380,Male,1966-06-08,Ahmedabad,Gujarat,India,2025-05-19,,1
102172,Girish,Loyal,girish.loyal198@outlook.com,+91-7939801220,Male,1964-04-19,Kochi,Kerala,India,2025-06-06,,0
102173,HRITIK,Char,hritik.char39@yahoo.com,2391523133,Male,1999-09-02,Ahmedabad,Gujarat,India,2024-07-01,,0
102174,Rudra,Kalla,rudra.kalla741@yahoo.com,02127023189,Male,2004-07-16,Bengaluru,Karnataka,India,2025-08-15,,1
102175,Warhi,Grover,warhi.grover140@gmail.com,09031775690,Female,1960-12-26,Patna,Bihar,India,2025-01-12,,0
102176,Aarnav,Cheema,aarnav.cheema195@hotmail.com,+91-3244834387,Male,,Patna,Bihar,India,2023-08-27,,0
102177,Dakshesh,Pradhan,dakshesh.pradhan945@gmail.com,6911708702,Male,1983-10-12,Indore,Madhya Pradesh,India,2024-11-29,,1
102178,Girik,Bali,girik.bali713@outlook.com,8083491232,Male,1966-01-18,Kolkata,West Bengal,India,2025-10-08,,1
102179,Abha,Bakshi,abha.bakshi907@gmail.com,8325276252,Female,1992-01-29,Patna,Bihar,India,2024-05-16,,0
102180,Anvi,Gade,anvi.gade879@gmail.com,9542832670,Female,1965-06-26,Ahmedabad,Gujarat,India,2025-01-30,,0
102181,Benjamin,Rattan,benjamin.rattan309@gmail.com,+91-8629025153,Male,1984-12-16,Hyderabad,Telangana,India,2024-06-11,,0
102182,Lavanya,Gara,lavanya.gara34@gmail.com,00994175304,Female,2005-12-29,Faridabad,Haryana,India,2025-05-24,,1
102183,Abha,Patel,abha.patel391@outlook.com,1050755084,Female,1984-09-12,Ahmedabad,Gujarat,India,2023-10-16,,0
102184,Finn,Manne,finn.manne911@hotmail.com,7846797008,Male,1992-01-21,Bhopal,Madhya Pradesh,India,2025-05-18,,1
102185,Ishaan,Bajwa,ishaan.bajwa159@gmail.com,05835501727,Male,1968-08-17,Surat,Gujarat,India,2025-08-05,,1
102186,Vaishnavi,Kibe,vaishnavi.kibe433@outlook.com,00183205112,Female,1963-08-25,Chandigarh,Chandigarh,India,2025-11-06,,0
102187,Gopal,Kumer,gopal.kumer206@yahoo.com,+91-1990502406,Male,1975-09-22,Chennai,Tamil Nadu,India,2024-01-11,,0
102188,Bachittar  ,Singh,bachittar.singh411@outlook.com,7064857968,Male,,Ahmedabad,Gujarat,India,2025-08-01,,0
102189,samaksh,Hayer,samaksh.hayer419@outlook.com,+91-7904481388,Male,1966-05-25,Kolkata,West Bengal,India,2023-08-18,,1
102190,Azaan,Dash,azaan.dash956@outlook.com,+91-6776195249,Male,1979-10-09,Nagpur,Maharashtra,India,2025-02-03,,0
102191,akshay,Char,akshay.char256@outlook.com,4517702238,Male,,Patna,Bihar,India,2025-06-11,,0
102192,Aahana,Krishnamurthy,aahana.krishnamurthy753@yahoo.com,08277253209,Female,,Chennai,Tamil Nadu,India,2025-08-23,,0
102193,Patrick,Gopal,patrick.gopal48@yahoo.com,7272993357,Male,2003-06-02,Jaipur,Rajasthan,India,2023-07-13,,1
102194,Adweta,Gade,adweta.gade466@gmail.com,+91-9866398464,Female,,Mumbai,Maharashtra,India,2024-09-12,,0
102195,Luke,Lata,luke.lata450@gmail.com,03565239188,Male,1980-08-05,Patna,Bihar,India,2025-02-15,,1
102196,Utkarsh,Ravel,utkarsh.ravel852@gmail.com,+91-3340620166,Male,1969-12-11,Nagpur,Maharashtra,India,2024-03-01,,0
102197,Krishna,Bhargava,krishna.bhargava948@yahoo.com,+91-3452636288,Male,1980-10-02,Hyderabad,Telangana,India,2025-02-08,,1
102198,Ikbal,Hayer,ikbal.hayer808@yahoo.com,5514344211,Male,,Nagpur,Maharashtra,India,2025-05-02,,1
102199,Damini,Sibal,damini.sibal614@outlook.com,07421884246,Female,1972-01-08,Ahmedabad,Gujarat,India,2025-04-24,,1
102200,Christopher,Peri,christopher.peri730@outlook.com,07924642998,Male,2008-03-01,Chandigarh,Chandigarh,India,2024-01-28,,0
102201,harini,Kulkarni,harini.kulkarni588@hotmail.com,9875915300,Female,1982-12-02,Kolkata,West Bengal,India,2025-05-27,,0
102202,Darpan,Lal,darpan.lal544@gmail.com,7923057824,Male,1976-03-06,Delhi,Delhi,India,2025-05-03,,0
102203,Indira,Bose,indira.bose686@gmail.com,4378624301,Female,2004-10-25,Indore,Madhya Pradesh,India,2025-01-09,,0
102204,Sarthak,Arya,sarthak.arya711@outlook.com,9637491218,Male,2004-06-06,Bhopal,Madhya Pradesh,India,2024-06-04,,0
102205,Andrew,Raju,andrew.raju712@outlook.com,01590112502,Male,1995-07-08,Guwahati,Assam,India,2025-04-23,,1
102206,Ikshita,Bumb,ikshita.bumb180@yahoo.com,7289868321,Female,2005-01-13,Hyderabad,Telangana,India,2024-05-31,,1
102207,Bhanumati,Raman,bhanumati.raman168@yahoo.com,2507966997,Female,1984-11-12,Nagpur,Maharashtra,India,2025-10-23,,0
102208,Kalpit,Gade,kalpit.gade606@outlook.com,04424607372,Male,1972-06-14,Surat,Gujarat,India,2023-01-12,,1
102209,Siddharth,Bir,siddharth.bir208@yahoo.com,+91-8599475763,Male,,Mumbai,Maharashtra,India,2024-09-19,,0
102210,Wishi,Thakur,wishi.thakur521@hotmail.com,7797983676,Female,1961-05-17,Kochi,Kerala,India,2025-02-26,,0
102211,Nachiket,Chaudhry,nachiket.chaudhry629@outlook.com,+91-1504390356,Male,1996-03-26,Mumbai,Maharashtra,India,2025-01-14,,0
102212,Ekani,Wali,ekani.wali807@yahoo.com,+91-0963547607,Female,1976-04-16,Surat,Gujarat,India,2024-05-09,,1
102213,Chaitaly,Garg,chaitaly.garg971@yahoo.com,+91-6226441802,Female,2001-08-19,Kolkata,West Bengal,India,2025-01-29,,0
102214,Pooja,Memon,pooja.memon327@hotmail.com,6535243779,Female,1976-06-29,Bhopal,Madhya Pradesh,India,2023-01-23,,0
102215,Udant,Sahni,udant.sahni556@outlook.com,7485251225,Male,2005-08-24,Faridabad,Haryana,India,2025-11-03,,0
102216,maanav,Saini,maanav.saini607@yahoo.com,02279294965,Male,2002-09-23,Chennai,Tamil Nadu,India,2024-06-16,,0
102217,Henry,Ranganathan,henry.ranganathan156@gmail.com,+91-8540700841,Male,1977-01-19,Kolkata,West Bengal,India,2025-06-15,,0
102218,Chakrika,Dave,chakrika.dave685@hotmail.com,+91-5385139763,Female,1976-08-18,Pune,Maharashtra,India,2024-04-13,,1
102219,Lucky,Sahni,lucky.sahni442@gmail.com,4085206334,Male,2003-02-06,Chennai,Tamil Nadu,India,2023-01-26,,0
102220,Balvan,Biswas,balvan.biswas100@outlook.com,7282659338,Male,1962-08-01,Chandigarh,Chandigarh,India,2025-06-25,,0
102221,Charan,Bhatti,charan.bhatti588@outlook.com,03085441843,Male,1980-10-03,Delhi,Delhi,India,2023-06-25,,0
102222,Upasna,Bhagat,upasna.bhagat871@yahoo.com,3788021093,Female,2005-03-30,Bengaluru,Karnataka,India,2024-08-30,,0
102223,Xavier,Sachdev,xavier.sachdev729@gmail.com,+91-6576455459,Male,2003-02-14,Kochi,Kerala,India,2024-07-01,,0
102224,Hemang,Krishna,,3511026939,Male,1975-09-27,Faridabad,Haryana,India,2025-10-27,,1
102225,Harshil,Keer,harshil.keer317@hotmail.com,01351485507,Male,,Delhi,Delhi,India,2024-10-27,,0
102226,Advay,Dhar,advay.dhar584@yahoo.com,+91-0674151448,Male,1983-07-14,Faridabad,Haryana,India,2025-05-06,,1
102227,Farhan,Chhabra,farhan.chhabra795@outlook.com,+91-4279730294,Male,1963-03-11,Surat,Gujarat,India,2025-11-07,,1
102228,Omisha,Sridhar,omisha.sridhar611@gmail.com,3589377125,Female,1986-10-30,Lucknow,Uttar Pradesh,India,2023-12-01,,0
102229,Kevin,Wali,kevin.wali184@yahoo.com,9516599194,Male,1975-08-31,Indore,Madhya Pradesh,India,2025-11-25,,1
102230,Ronith,Memon,ronith.memon545@outlook.com,3900415242,Male,2007-07-28,Guwahati,Assam,India,2023-12-30,,1
102231,Raghav,Tandon,raghav.tandon93@gmail.com,1897795014,Male,1978-08-25,Coimbatore,Tamil Nadu,India,2024-07-15,,0
102232,anya,Kari,anya.kari590@outlook.com,8004177073,Female,1973-07-26,Guwahati,Assam,India,2025-05-22,,0
102233,Siddharth,Basak,siddharth.basak59@gmail.com,+91-4079921645,Male,1983-09-21,Chandigarh,Chandigarh,India,2024-09-02,,0
102234,Hema,Sura,hema.sura6@gmail.com,8678515066,Female,1985-08-16,Mumbai,Maharashtra,India,2024-05-06,,1
102235,YASHODA,Boase,yashoda.boase4@gmail.com,06616689409,Female,1972-02-10,Kolkata,West Bengal,India,2023-05-07,,0
102236,Kashvi,Rama,kashvi.rama958@gmail.com,05161133956,Female,2007-11-08,Pune,Maharashtra,India,2023-04-02,,1
102237,Girik,Deep,girik.deep62@gmail.com,+91-5696192126,Male,2003-12-25,Coimbatore,Tamil Nadu,India,2025-03-28,,1
102238,Varenya,Muni,varenya.muni182@yahoo.com,4879896319,Female,1981-01-02,Pune,Maharashtra,India,2025-07-05,,1
102239,Isaac,Bhardwaj,isaac.bhardwaj220@yahoo.com,06922591642,Male,1971-11-24,Faridabad,Haryana,India,2025-04-26,,1
102240,Dipta,Desai,dipta.desai182@hotmail.com,+91-7631919863,Female,1983-01-06,Chandigarh,Chandigarh,India,2024-06-25,,0
102241,Adweta,Viswanathan,adweta.viswanathan195@gmail.com,6223063567,Female,1970-07-04,Mumbai,Maharashtra,India,2025-05-01,,1
102242,Patrick,Swaminathan,patrick.swaminathan690@gmail.com,09841040032,Male,1983-02-11,Ahmedabad,Gujarat,India,2025-06-01,,0
102243,Aditya,Kamdar,aditya.kamdar542@gmail.com,04635235611,Male,,Guwahati,Assam,India,2025-09-08,,1
102244,FAQID,Arya,faqid.arya395@hotmail.com,08621853111,Male,1992-02-04,Bhopal,Madhya Pradesh,India,2023-12-18,,0
102245,Gautami,Thakkar,gautami.thakkar651@gmail.com,3666636947,Female,1969-01-08,Chennai,Tamil Nadu,India,2024-10-05,,1
102246,Balhaar,Koshy,balhaar.koshy479@yahoo.com,5033790294,Male,2008-01-12,Bengaluru,Karnataka,India,2025-02-22,,1
102247,Amruta,Kar,amruta.kar594@hotmail.com,+91-3245275671,Female,1988-07-20,Patna,Bihar,India,2024-06-28,,0
102248,Onveer,Batta,onveer.batta734@gmail.com,8780712652,Male,1974-03-31,Chennai,Tamil Nadu,India,2025-09-28,,1
102249,Madhav,Bora,madhav.bora783@hotmail.com,+91-8820151497,Male,1981-10-25,Faridabad,Haryana,India,2025-06-16,,0
102250,Samuel,Loyal,samuel.loyal632@outlook.com,05765282261,Male,2000-12-01,Kolkata,West Bengal,India,2025-07-11,,0
102251,Omisha,Luthra,omisha.luthra644@hotmail.com,08494345776,Female,2002-01-21,Jaipur,Rajasthan,India,2024-09-15,,0
102252,Balvan,Khanna,balvan.khanna456@gmail.com,00915956783,Male,1967-05-31,Guwahati,Assam,India,2024-12-01,,0
102253,Hemang,Patla,hemang.patla783@gmail.com,+91-9412706618,Male,1997-10-24,Lucknow,Uttar Pradesh,India,2023-12-16,,0
102254,Jyoti,Rout,jyoti.rout315@hotmail.com,+91-2020338811,Female,1968-03-12,Guwahati,Assam,India,2023-01-13,,0
102255,Unni,Randhawa,unni.randhawa283@hotmail.com,00373448365,Female,1980-10-18,Lucknow,Uttar Pradesh,India,2024-11-07,,0
102256,Aachal,Sharma,aachal.sharma474@hotmail.com,+91-7439677054,Female,1979-05-21,Hyderabad,Telangana,India,2024-08-21,,0
102257,Varenya,Jaggi,varenya.jaggi390@gmail.com,0954688730,Female,,Coimbatore,Tamil Nadu,India,2024-08-07,,0
102258,Raagini,Varughese,raagini.varughese679@yahoo.com,02531292662,Female,1975-10-17,Guwahati,Assam,India,2025-11-19,,0
102259,Yug,Trivedi,yug.trivedi409@yahoo.com,0401461597,Male,1997-07-03,Delhi,Delhi,India,2024-11-22,,1
102260,Abeer,Baria,abeer.baria861@gmail.com,08854673474,Male,1972-04-29,Delhi,Delhi,India,2023-01-10,,0
102261,Suhani,Kata,suhani.kata570@gmail.com,1319859671,Female,,Pune,Maharashtra,India,2025-10-01,,0
102262,Zaitra,Kanda,zaitra.kanda683@outlook.com,+91-2842511190,Female,1970-01-13,Bhopal,Madhya Pradesh,India,2024-02-22,,0
102263,Patrick,Mital,patrick.mital426@outlook.com,9412597999,Male,1962-05-11,Hyderabad,Telangana,India,2025-10-14,,0
102264,Ishaan,Dewan,ishaan.dewan1@gmail.com,06062895134,Male,1961-05-31,Mumbai,Maharashtra,India,2024-03-31,,0
102265,Hitesh,Singhal,hitesh.singhal661@outlook.com,00818363293,Male,1991-01-10,Coimbatore,Tamil Nadu,India,2025-07-03,,1
102266,Udarsh,Anand,udarsh.anand846@yahoo.com,00715481851,Male,1971-04-17,Jaipur,Rajasthan,India,2025-03-02,,0
102267,Damini,Brahmbhatt,damini.brahmbhatt515@gmail.com,07677192889,Female,1967-01-30,Coimbatore,Tamil Nadu,India,2025-09-28,,1
102268,ANAY,Kari,anay.kari900@hotmail.com,7405892303,Male,1980-08-29,Chennai,Tamil Nadu,India,2025-01-20,,0
102269,Ranbir,Sarma,ranbir.sarma237@gmail.com,04972655713,Male,2004-12-08,Hyderabad,Telangana,India,2025-06-12,,0
102270,Megha,Sachdeva,megha.sachdeva496@hotmail.com,+91-5375257448,Female,1986-02-21,Delhi,Delhi,India,2025-06-08,,0
102271,Ojasvi,Dewan,ojasvi.dewan309@yahoo.com,01115673385,Female,1964-03-11,Patna,Bihar,India,2025-08-28,,1
102272,Veda,Sangha,veda.sangha894@hotmail.com,+91-0680983831,Female,2001-11-13,Patna,Bihar,India,2024-04-14,,0
102273,Jasmit,Lad,,08603456333,Female,1997-12-05,Chennai,Tamil Nadu,India,2023-06-07,,0
102274,Forum,Konda,forum.konda511@outlook.com,7051557826,Female,1969-11-05,Mumbai,Maharashtra,India,2023-04-20,,1
102275,Aarush,Jain,aarush.jain616@yahoo.com,06186286974,Male,1983-09-20,Patna,Bihar,India,2024-10-20,,0
102276,Hemangini,Kale,hemangini.kale501@gmail.com,4787268193,Female,2004-09-04,Surat,Gujarat,India,2025-07-30,,0
102277,Faras,Gola,faras.gola4@gmail.com,+91-2806253941,Male,2004-05-12,Chennai,Tamil Nadu,India,2025-08-30,,0
102278,Radha,Maharaj,radha.maharaj243@hotmail.com,+91-2588314003,Female,1977-04-11,Bengaluru,Karnataka,India,2025-04-24,,0
102279,Jeevika,Bala,jeevika.bala633@yahoo.com,+91-7354904798,Female,2006-04-09,Jaipur,Rajasthan,India,2024-03-15,,0
102280,Pranit,Savant,pranit.savant175@outlook.com,02508628685,Male,1979-02-20,Coimbatore,Tamil Nadu,India,2024-02-06,,0
102281,henry,Misra,henry.misra501@outlook.com,3092587289,Male,,Kochi,Kerala,India,2023-06-09,,1
102282,Mohini,Rana,mohini.rana316@outlook.com,+91-6330846017,Female,1968-03-07,Delhi,Delhi,India,2025-06-05,,0
102283,Ronith,Doshi,ronith.doshi366@yahoo.com,04908474911,Male,1981-05-27,Patna,Bihar,India,2025-06-21,,0
102284,Jagdish,Kumar,jagdish.kumar854@gmail.com,0166366228,Male,1973-10-08,Lucknow,Uttar Pradesh,India,2025-10-12,,0
102285,Nathan,Mohan,nathan.mohan205@hotmail.com,+91-9622951108,Male,1975-08-07,Coimbatore,Tamil Nadu,India,2025-01-25,,0
102286,Tanay,Buch,tanay.buch228@gmail.com,+91-6046901749,Male,,Kochi,Kerala,India,2023-01-14,,1
102287,Oliver,Iyengar,oliver.iyengar846@yahoo.com,04106678845,Male,,Kolkata,West Bengal,India,2024-07-05,,0
102288,wahab,Kant,wahab.kant832@yahoo.com,00242389354,Male,1996-04-03,Bhopal,Madhya Pradesh,India,2025-10-10,,1
102289,Abhimanyu,Sharma,abhimanyu.sharma848@outlook.com,+91-9850230506,Male,1981-06-06,Mumbai,Maharashtra,India,2024-01-28,,0
102290,Champak,Krishnan,champak.krishnan335@hotmail.com,7147955412,Male,1987-08-19,Lucknow,Uttar Pradesh,India,2024-07-16,,1
102291,Gayathri,Master,gayathri.master104@gmail.com,8815208952,Female,1965-12-04,Kochi,Kerala,India,2025-09-08,,1
102292,Thomas,Ramanathan,thomas.ramanathan509@hotmail.com,06250507324,Male,1996-08-09,Jaipur,Rajasthan,India,2025-07-02,,0
102293,Azad,Kata,azad.kata318@gmail.com,2502749623,Male,1987-07-20,Faridabad,Haryana,India,2025-10-23,,0
102294,Zayyan,Manda,zayyan.manda269@hotmail.com,+91-4399942858,Male,1961-07-13,Faridabad,Haryana,India,2025-04-09,,0
102295,Jeevika,Bal,jeevika.bal50@gmail.com,+91-6329085050,Female,1996-10-20,Delhi,Delhi,India,2023-07-10,,1
102296,laban,Vaidya,laban.vaidya168@outlook.com,+91-5182377210,Male,1990-02-05,Pune,Maharashtra,India,2024-11-08,,0
102297,Warhi,Kulkarni,warhi.kulkarni667@yahoo.com,01171740034,Female,1977-09-22,Lucknow,Uttar Pradesh,India,2025-04-07,,0
102298,Zayyan,Malhotra,zayyan.malhotra597@hotmail.com,07449666072,Male,1971-02-17,Guwahati,Assam,India,2025-11-01,,0
102299,Ranbir,Bhardwaj,ranbir.bhardwaj651@outlook.com,+91-0818036893,Male,1984-08-30,Bhopal,Madhya Pradesh,India,2025-09-13,,1
102300,Ganga,Parekh,ganga.parekh184@gmail.com,+91-0439351602,Female,1979-08-14,Coimbatore,Tamil Nadu,India,2024-11-02,,1
102301,Omya,Subramanian,omya.subramanian307@yahoo.com,+91-8480316367,Female,1985-09-23,Bengaluru,Karnataka,India,2025-11-21,,1
102302,Victor,Murty,victor.murty949@gmail.com,7642983930,Male,1970-08-27,Nagpur,Maharashtra,India,2024-02-24,,0
102303,Rachita,Khosla,rachita.khosla814@outlook.com,08532987340,Female,1965-01-28,Hyderabad,Telangana,India,2025-07-19,,0
102304,Lakshmi,Suresh,lakshmi.suresh85@gmail.com,7377049909,Female,2007-10-17,Kochi,Kerala,India,2024-11-01,,0
102305,Veer,Walla,veer.walla794@gmail.com,09773961034,Male,1961-08-19,Indore,Madhya Pradesh,India,2024-01-25,,0
102306,Wahab,Jha,,00804175694,Male,2003-05-09,Jaipur,Rajasthan,India,2025-10-30,,0
102307,Amol,Som,amol.som854@yahoo.com,7716991658,Male,1982-10-26,Coimbatore,Tamil Nadu,India,2024-11-08,,0
102308,Kala,Roy,kala.roy600@hotmail.com,8578671265,Female,1999-06-16,Indore,Madhya Pradesh,India,2024-03-31,,1
102309,Gauri,Bhavsar,gauri.bhavsar773@gmail.com,7898852499,Female,1963-09-07,Kochi,Kerala,India,2024-07-20,,1
102310,Samaksh,Bal,samaksh.bal21@hotmail.com,+91-5537304376,Male,,Ahmedabad,Gujarat,India,2025-08-01,,0
102311,Samar,Dasgupta,samar.dasgupta874@yahoo.com,0716944814,Other,1996-08-07,Pune,Maharashtra,India,2025-06-26,,0
102312,Aarav,Agrawal,aarav.agrawal44@hotmail.com,6023106407,Male,1997-07-06,Pune,Maharashtra,India,2025-01-20,,1
102313,watika,Dutt,watika.dutt44@gmail.com,5427344979,Female,2000-02-09,Kochi,Kerala,India,2024-08-01,,1
102314,Falguni,Prasad,falguni.prasad928@gmail.com,05475878371,Female,2004-04-21,Faridabad,Haryana,India,2025-02-08,,1
102315,Ojasvi,Guha,ojasvi.guha937@yahoo.com,6771853601,Female,1983-06-08,Faridabad,Haryana,India,2024-12-21,,0
102316,Jasmit,Bahri,jasmit.bahri362@yahoo.com,00413166775,Female,1967-09-13,Pune,Maharashtra,India,2024-04-03,,0
102317,Aadi,Sarma,aadi.sarma376@gmail.com,+91-1763506427,Male,1968-02-29,Indore,Madhya Pradesh,India,2025-02-06,,0
102318,Advik,Menon,advik.menon246@hotmail.com,6227025431,Male,1979-08-20,Faridabad,Haryana,India,2024-03-17,,0
102319,Kala,Bhavsar,kala.bhavsar253@outlook.com,2560467820,Female,1993-05-08,Faridabad,Haryana,India,2024-04-26,,0
102320,TEJAS,Bail,tejas.bail498@hotmail.com,2613409731,Male,2002-02-20,Pune,Maharashtra,India,2023-05-23,,0
102321,Faras,Bhakta,faras.bhakta5@hotmail.com,6540532421,Male,1993-10-23,Faridabad,Haryana,India,2025-09-29,,0
102322,Tripti,Mall,tripti.mall837@gmail.com,1780581380,Female,2006-05-21,Jaipur,Rajasthan,India,2025-03-15,,0
102323,Varsha,Kapur,varsha.kapur650@outlook.com,08645552615,Female,1966-05-01,Nagpur,Maharashtra,India,2025-03-04,,0
102324,Urvi,Apte,urvi.apte999@gmail.com,5295086874,Female,,Jaipur,Rajasthan,India,2023-12-28,,0
102325,Mohini,Chanda,mohini.chanda9@yahoo.com,8962586926,Female,1972-06-11,Bhopal,Madhya Pradesh,India,2025-02-12,,0
102326,Upasna,Bakshi,upasna.bakshi649@outlook.com,5179751937,Female,2002-09-25,Hyderabad,Telangana,India,2025-01-12,,1
102327,Ladli,Natt,ladli.natt949@yahoo.com,04580197621,Female,1970-02-01,Surat,Gujarat,India,2024-03-20,,0
102328,Lipika,Saha,lipika.saha584@gmail.com,05265322247,Female,1962-06-28,Guwahati,Assam,India,2023-10-05,,1
102329,Yashodhara,Chandran,yashodhara.chandran893@outlook.com,1297198840,Female,1997-10-13,Nagpur,Maharashtra,India,2023-12-23,,1
102330,Ladli,Koshy,ladli.koshy140@hotmail.com,6817930080,Female,1976-02-23,Surat,Gujarat,India,2024-06-12,,0
102331,Abha,Narayan,abha.narayan808@gmail.com,00334050810,Female,1976-11-21,Indore,Madhya Pradesh,India,2024-11-07,,0
102332,Janya,Om,janya.om313@yahoo.com,02131166946,Female,1961-09-02,Delhi,Delhi,India,2025-11-15,,0
102333,Ekantika,Borde,ekantika.borde454@hotmail.com,+91-4281259836,Female,1997-12-04,Kolkata,West Bengal,India,2025-02-23,,1
102334,Atharv  ,Shankar,,4959126092,Male,,Lucknow,Uttar Pradesh,India,2024-10-25,,1
102335,Aachal  ,Konda,aachal.konda198@outlook.com,+91-5716657813,Female,1961-09-13,Hyderabad,Telangana,India,2025-03-16,,1
102336,Pooja,Bhandari,pooja.bhandari358@yahoo.com,4508629532,Female,1997-07-08,Faridabad,Haryana,India,2024-04-20,,0
102337,JEEVIKA,Bajaj,jeevika.bajaj916@yahoo.com,+91-6412613955,Female,1984-02-18,Chennai,Tamil Nadu,India,2024-06-21,,0
102338,Naveen,Ranganathan,,+91-9340835442,Male,1993-01-10,Jaipur,Rajasthan,India,2024-02-13,,0
102339,Vritti,Varma,vritti.varma164@yahoo.com,6965693259,Female,,Hyderabad,Telangana,India,2024-07-12,,0
102340,triya,Dhar,triya.dhar732@hotmail.com,+91-6831275341,Female,1986-03-03,Guwahati,Assam,India,2025-11-13,,1
102341,Orinder,Nori,orinder.nori29@hotmail.com,+91-2801771062,Male,1987-09-08,Chandigarh,Chandigarh,India,2025-07-31,,0
102342,Pratyush,Badami,pratyush.badami210@hotmail.com,07353414391,Male,1962-01-31,Coimbatore,Tamil Nadu,India,2025-02-14,,1
102343,Ikbal,Grewal,ikbal.grewal15@outlook.com,+91-7906674772,Male,1996-09-01,Chennai,Tamil Nadu,India,2024-12-12,,0
102344,Chanakya,Buch,chanakya.buch37@gmail.com,+91-3843782601,Male,1991-06-13,Hyderabad,Telangana,India,2024-08-29,,1
102345,Vansha,Singh,vansha.singh153@gmail.com,+91-2253939224,Female,1966-10-06,Bhopal,Madhya Pradesh,India,2023-09-17,,0
102346,Yatin,Sood,yatin.sood609@gmail.com,5750218852,Male,1965-02-01,Delhi,Delhi,India,2025-05-31,,0
102347,Lohit,Vora,lohit.vora202@outlook.com,8396878842,Male,1999-07-23,Bengaluru,Karnataka,India,2024-04-22,,0
102348,Adweta,Mangal,adweta.mangal62@gmail.com,4770693928,Female,1976-12-12,Surat,Gujarat,India,2025-06-03,,0
102349,eiravati,Bhagat,eiravati.bhagat222@hotmail.com,06794677818,Female,2008-04-22,Mumbai,Maharashtra,India,2024-02-24,,0
102350,Teerth,Kale,teerth.kale112@gmail.com,+91-9459211857,Male,1968-11-29,Chennai,Tamil Nadu,India,2024-09-18,,0
102351,Ojas,Behl,ojas.behl508@hotmail.com,07962638965,Male,1974-08-19,Bengaluru,Karnataka,India,2024-02-01,,1
102352,Xiti,Shetty,xiti.shetty812@hotmail.com,+91-0081001428,Female,1999-10-30,Jaipur,Rajasthan,India,2024-07-27,,0
102353,Turvi,Bhardwaj,,5951490967,Female,1965-04-28,Bengaluru,Karnataka,India,2025-05-12,,1
102354,Advika,Vaidya,advika.vaidya301@outlook.com,2422749665,Female,1994-05-24,Pune,Maharashtra,India,2024-01-03,,1
102355,Devansh,Mishra,devansh.mishra148@gmail.com,+91-7197251234,Male,1970-06-26,Faridabad,Haryana,India,2024-10-24,,1
102356,Jacob,Narang,jacob.narang313@outlook.com,07773426587,Male,1976-02-07,Mumbai,Maharashtra,India,2024-03-25,,1
102357,Ishanvi,Boase,ishanvi.boase691@yahoo.com,0771280619,Female,1989-03-27,Mumbai,Maharashtra,India,2025-01-04,,0
102358,Wridesh,Lalla,wridesh.lalla81@hotmail.com,4721712435,Male,1979-05-03,Bhopal,Madhya Pradesh,India,2024-12-29,,0
102359,Zashil,Konda,zashil.konda971@outlook.com,+91-3695255876,Male,1984-02-12,Ahmedabad,Gujarat,India,2025-09-18,,1
102360,Odika,Anne,odika.anne109@gmail.com,08394764612,Female,1993-03-31,Ahmedabad,Gujarat,India,2024-06-22,,0
102361,Chanchal,Lad,chanchal.lad825@yahoo.com,09627564439,Female,2002-04-02,Bengaluru,Karnataka,India,2025-07-22,,1
102362,Anjali,Nagar,anjali.nagar262@hotmail.com,00063621051,Female,1979-04-12,Chandigarh,Chandigarh,India,2025-01-22,,1
102363,ayaan,Sehgal,ayaan.sehgal475@yahoo.com,1353739652,Male,1983-10-14,Ahmedabad,Gujarat,India,2024-07-05,,1
102364,Gautami,Nadig,gautami.nadig524@gmail.com,+91-0554899071,Female,2007-12-05,Jaipur,Rajasthan,India,2023-07-31,,0
102365,Rehaan,Char,rehaan.char503@gmail.com,2933132689,Male,,Hyderabad,Telangana,India,2024-04-28,,1
102366,Gunbir,Sinha,gunbir.sinha403@yahoo.com,3688415771,Male,1993-11-19,Faridabad,Haryana,India,2023-10-24,,0
102367,Bahadurjit,Vora,bahadurjit.vora554@outlook.com,+91-6176558922,Male,1971-03-07,Pune,Maharashtra,India,2025-03-30,,1
102368,Qarin,Pathak,qarin.pathak588@yahoo.com,6302282933,Male,1977-09-27,Hyderabad,Telangana,India,2024-11-18,,0
102369,Eshana,Sarna,eshana.sarna68@yahoo.com,05964726847,Female,1973-05-20,Mumbai,Maharashtra,India,2025-06-25,,0
102370,Manya  ,Parsa,manya.parsa925@outlook.com,01018508808,Female,,Mumbai,Maharashtra,India,2024-04-27,,1
102371,Wakeeta,Mutti,wakeeta.mutti255@hotmail.com,08105801088,Female,2003-04-26,Chandigarh,Chandigarh,India,2025-05-15,,0
102372,Shivansh,Sur,shivansh.sur4@gmail.com,01937886636,Male,1998-05-01,Guwahati,Assam,India,2023-08-05,,0
102373,Manbir,Rama,,07749633792,Male,1968-02-10,Hyderabad,Telangana,India,2024-10-05,,1
102374,Upasna,Garde,upasna.garde143@yahoo.com,+91-3743873450,Female,1976-02-15,Ahmedabad,Gujarat,India,2023-07-02,,0
102375,FITAN,D’Alia,fitan.d’alia758@hotmail.com,7260979629,Male,1964-04-06,Coimbatore,Tamil Nadu,India,2025-07-19,,0
102376,Peter,Sur,peter.sur966@gmail.com,+91-8591981747,Male,2007-07-05,Chandigarh,Chandigarh,India,2024-06-13,,1
102377,Jack,Ramachandran,jack.ramachandran24@gmail.com,08587489557,Male,1966-03-15,Delhi,Delhi,India,2025-05-26,,0
102378,Daksh,Wason,daksh.wason122@hotmail.com,1639525747,Male,1983-07-01,Pune,Maharashtra,India,2023-04-03,,0
102379,Maya,Khalsa,maya.khalsa326@gmail.com,+91-8487756191,Female,2005-02-22,Kochi,Kerala,India,2024-06-09,,0
102380,Yochana,Singh,yochana.singh154@outlook.com,2290005905,Female,,Ahmedabad,Gujarat,India,2023-05-01,,1
102381,Mekhala,Panchal,mekhala.panchal332@yahoo.com,+91-8540591934,Female,1975-02-25,Patna,Bihar,India,2024-09-26,,1
102382,George,Mannan,george.mannan291@outlook.com,09330653353,Male,2002-09-12,Coimbatore,Tamil Nadu,India,2025-05-17,,0
102383,Qarin  ,Sodhi,qarin.sodhi60@gmail.com,+91-8219608787,Male,1997-04-12,Delhi,Delhi,India,2023-04-25,,0
102384,Omaja,Singhal,omaja.singhal706@gmail.com,+91-6309773983,Female,2002-04-05,Chandigarh,Chandigarh,India,2025-06-17,,0
102385,Reyansh,Sabharwal,reyansh.sabharwal153@gmail.com,5500445072,Male,1989-06-10,Lucknow,Uttar Pradesh,India,2025-01-10,,1
102386,Farhan,Bala,farhan.bala706@outlook.com,2265278254,Male,1979-02-18,Bhopal,Madhya Pradesh,India,2025-08-17,,0
102387,Amol,Natarajan,amol.natarajan320@hotmail.com,1177539872,Other,,Kolkata,West Bengal,India,2024-08-14,,0
102388,Maya,Mutti,maya.mutti635@yahoo.com,04075538053,Female,1996-03-18,Bengaluru,Karnataka,India,2024-07-21,,0
102389,omkaar,Sood,omkaar.sood704@gmail.com,7051306967,Male,1969-05-02,Chandigarh,Chandigarh,India,2025-02-17,,0
102390,Eesha,Warrior,eesha.warrior294@gmail.com,7027853798,Female,1997-08-13,Coimbatore,Tamil Nadu,India,2024-02-08,,1
102391,Daksh,Mani,daksh.mani57@yahoo.com,7173063908,Male,1978-06-20,Chennai,Tamil Nadu,India,2024-12-23,,0
102392,Janaki,Bandi,janaki.bandi89@hotmail.com,08167238665,Female,1992-08-12,Ahmedabad,Gujarat,India,2025-05-16,,1
102393,Arin,Rastogi,arin.rastogi71@hotmail.com,+91-7354105772,Male,1977-08-05,Ahmedabad,Gujarat,India,2023-06-22,,0
102394,Advik,Memon,advik.memon510@gmail.com,8108558723,Other,1977-01-21,Patna,Bihar,India,2024-01-15,,1
102395,Zayan,Manne,zayan.manne391@outlook.com,0241041507,Male,1995-11-25,Jaipur,Rajasthan,India,2025-09-09,,0
102396,Nidra  ,Konda,nidra.konda225@hotmail.com,06115566134,Female,1961-05-30,Nagpur,Maharashtra,India,2024-02-12,,0
102397,Manya,Sastry,manya.sastry8@yahoo.com,04584089227,Female,1961-09-21,Surat,Gujarat,India,2024-08-30,,0
102398,Anirudh,Rajagopalan,anirudh.rajagopalan866@hotmail.com,+91-6580363836,Male,1974-09-02,Lucknow,Uttar Pradesh,India,2024-04-23,,0
102399,Ekaraj,Gala,ekaraj.gala168@yahoo.com,00833514244,Male,1991-08-31,Indore,Madhya Pradesh,India,2025-04-12,,0
102400,Samar,Ratti,samar.ratti464@hotmail.com,05398048867,Male,1990-12-12,Chennai,Tamil Nadu,India,2025-08-22,,0
102401,Nakul,Chawla,nakul.chawla976@hotmail.com,09987317098,Male,2007-02-08,Patna,Bihar,India,2023-04-20,,0
102402,Rushil,Ray,rushil.ray873@hotmail.com,08469128150,Male,1965-06-20,Nagpur,Maharashtra,India,2023-12-16,,0
102403,jonathan  ,Nanda,jonathan.nanda679@gmail.com,7312536127,Male,1979-12-06,Nagpur,Maharashtra,India,2025-03-28,,1
102404,Yamini,Sethi,yamini.sethi513@outlook.com,09474508098,Female,1990-03-23,Hyderabad,Telangana,India,2024-05-24,,0
102405,Upkaar,Dar,upkaar.dar315@yahoo.com,07160426144,Male,1982-02-08,Jaipur,Rajasthan,India,2025-06-05,,0
102406,Turvi,Natarajan,turvi.natarajan89@yahoo.com,02644582969,Female,1974-05-01,Hyderabad,Telangana,India,2024-01-14,,1
102407,Raksha,Kurian,raksha.kurian263@outlook.com,00498762093,Female,1999-07-10,Chennai,Tamil Nadu,India,2023-02-01,,0
102408,Gopal,Sawhney,gopal.sawhney785@gmail.com,+91-2760741464,Male,2001-03-02,Lucknow,Uttar Pradesh,India,2025-03-24,,0
102409,Krishna,Aggarwal,krishna.aggarwal475@yahoo.com,+91-3425556183,Male,1967-06-30,Bengaluru,Karnataka,India,2025-09-23,,0
102410,Tanveer,Dua,tanveer.dua513@outlook.com,5510954252,Male,2002-03-12,Coimbatore,Tamil Nadu,India,2025-10-04,,0
102411,Pallavi,Ahuja,pallavi.ahuja550@hotmail.com,2072712633,Female,1975-05-05,Coimbatore,Tamil Nadu,India,2024-05-14,,0
102412,George,Kakar,george.kakar45@gmail.com,07273326277,Male,2004-07-29,Hyderabad,Telangana,India,2024-06-27,,0
102413,Upadhriti,Sarna,upadhriti.sarna822@gmail.com,9468774929,Female,,Jaipur,Rajasthan,India,2025-04-08,,0
102414,Maanav,Loyal,maanav.loyal5@hotmail.com,7572668490,Male,2004-04-14,Guwahati,Assam,India,2025-07-22,,1
102415,Oni,Karpe,oni.karpe55@hotmail.com,2031613177,Female,1989-04-06,Kochi,Kerala,India,2023-05-28,,0
102416,Harita,Kohli,harita.kohli83@gmail.com,03315180166,Other,1974-01-12,Nagpur,Maharashtra,India,2023-04-21,,0
102417,Abdul,Dugar,abdul.dugar247@gmail.com,09388953115,Male,1973-11-11,Bhopal,Madhya Pradesh,India,2025-03-25,,0
102418,Jai,Sule,jai.sule47@hotmail.com,+91-4159106608,Male,1980-10-13,Chandigarh,Chandigarh,India,2023-07-18,,0
102419,gavin,Keer,gavin.keer740@gmail.com,+91-0262247892,Male,1967-07-22,Patna,Bihar,India,2025-08-27,,1
102420,OM,Cheema,om.cheema889@outlook.com,5062108401,Male,1976-02-14,Kochi,Kerala,India,2025-08-01,,1
102421,Wakeeta,Taneja,wakeeta.taneja543@outlook.com,+91-8109975268,Female,1979-08-09,Pune,Maharashtra,India,2023-12-03,,1
102422,Kavya,Bawa,kavya.bawa483@gmail.com,06821407373,Other,1963-03-15,Nagpur,Maharashtra,India,2024-12-23,,0
102423,Utkarsh,Butala,utkarsh.butala437@gmail.com,9092005626,Male,1998-10-29,Indore,Madhya Pradesh,India,2025-11-04,,0
102424,Wridesh,Amble,wridesh.amble916@yahoo.com,05798889213,Male,1968-09-08,Ahmedabad,Gujarat,India,2025-07-30,,0
102425,Ishaan,Walia,ishaan.walia794@hotmail.com,3229725401,Male,1974-11-09,Bhopal,Madhya Pradesh,India,2024-02-12,,0
102426,Jeet  ,Merchant,jeet.merchant922@gmail.com,8864594780,Male,1963-05-15,Indore,Madhya Pradesh,India,2024-06-27,,1
102427,Gabriel  ,Madan,gabriel.madan804@outlook.com,+91-8375550458,Male,1972-04-28,Chandigarh,Chandigarh,India,2025-09-08,,0
102428,Xiti,Patel,xiti.patel818@yahoo.com,9031721135,Female,2008-03-13,Lucknow,Uttar Pradesh,India,2024-01-15,,0
102429,Yamini,Agate,yamini.agate600@hotmail.com,+91-6964010146,Female,1962-02-06,Hyderabad,Telangana,India,2024-04-13,,0
102430,HARISH,Joshi,harish.joshi408@outlook.com,06093164266,Male,2000-10-30,Nagpur,Maharashtra,India,2024-04-29,,1
102431,Utkarsh,Kashyap,utkarsh.kashyap252@gmail.com,02310171719,Other,1998-09-21,Indore,Madhya Pradesh,India,2024-02-12,,0
102432,Neelima,Nadig,neelima.nadig330@gmail.com,+91-9950819005,Female,1980-06-09,Ahmedabad,Gujarat,India,2024-06-18,,0
102433,Urvi,Kaul,urvi.kaul492@gmail.com,9517635241,Female,1972-02-15,Bengaluru,Karnataka,India,2025-08-01,,1
102434,Akshay,Doctor,akshay.doctor915@outlook.com,6656024923,Male,1978-03-13,Kochi,Kerala,India,2024-09-14,,1
102435,Vansha,Sarraf,vansha.sarraf592@yahoo.com,5717532279,Female,,Chandigarh,Chandigarh,India,2025-05-28,,0
102436,Xiti  ,Pall,xiti.pall757@gmail.com,8989168317,Female,2007-03-19,Lucknow,Uttar Pradesh,India,2025-02-24,,1
102437,nathan,Comar,nathan.comar104@yahoo.com,+91-2484546731,Male,2004-07-19,Delhi,Delhi,India,2025-02-01,,0
102438,Ishani,Sawhney,ishani.sawhney716@hotmail.com,0669545085,Female,1983-06-10,Chandigarh,Chandigarh,India,2023-01-28,,1
102439,aarnav,Handa,aarnav.handa318@yahoo.com,1706130112,Male,1982-04-22,Surat,Gujarat,India,2025-03-26,,0
102440,Indrajit,Chana,indrajit.chana431@hotmail.com,+91-3579656400,Male,1963-09-01,Jaipur,Rajasthan,India,2025-08-10,,0
102441,Bhavika,Nadig,bhavika.nadig328@gmail.com,8241164342,Female,1975-02-26,Indore,Madhya Pradesh,India,2025-04-07,,1
102442,Bhavya,Das,bhavya.das928@gmail.com,06248223064,Female,1966-09-04,Ahmedabad,Gujarat,India,2023-04-03,,0
102443,Bina,Buch,bina.buch519@hotmail.com,8951592346,Female,1979-05-18,Coimbatore,Tamil Nadu,India,2025-05-21,,0
102444,Falak,Bhattacharyya,falak.bhattacharyya165@hotmail.com,5331649506,Female,1962-03-26,Guwahati,Assam,India,2025-10-09,,0
102445,Neel,Mani,neel.mani433@outlook.com,4631078907,Male,1986-04-26,Patna,Bihar,India,2025-02-04,,0
102446,Naveen,Sethi,naveen.sethi63@yahoo.com,3041544747,Male,1972-02-26,Nagpur,Maharashtra,India,2024-09-29,,0
102447,lila,Kapoor,lila.kapoor493@yahoo.com,7016852531,Female,1992-07-27,Bhopal,Madhya Pradesh,India,2024-05-15,,0
102448,Wyatt,Nagarajan,wyatt.nagarajan795@gmail.com,00118596897,Male,1973-07-05,Kochi,Kerala,India,2025-01-17,,0
102449,ADYA,Parmer,adya.parmer688@hotmail.com,+91-9579281847,Female,1995-08-25,Surat,Gujarat,India,2025-02-26,,0
102450,Saumya,Rao,saumya.rao152@hotmail.com,+91-2416119540,Female,,Faridabad,Haryana,India,2025-06-18,,1
102451,Sai,Goel,sai.goel257@hotmail.com,06831121795,Female,1989-07-17,Indore,Madhya Pradesh,India,2024-09-26,,1
102452,Falguni,Dyal,falguni.dyal966@yahoo.com,07725038561,Female,1980-12-29,Bengaluru,Karnataka,India,2024-03-17,,0
102453,Victor,D’Alia,victor.d’alia619@outlook.com,+91-2773235737,Male,2002-01-12,Ahmedabad,Gujarat,India,2023-12-15,,0
102454,GAUTAM,Chaudhuri,gautam.chaudhuri918@hotmail.com,4207937415,Male,1991-10-15,Delhi,Delhi,India,2025-08-14,,1
102455,Vedant,Bhatti,vedant.bhatti181@yahoo.com,5925309558,Male,,Faridabad,Haryana,India,2023-08-13,,1
102456,Xalak,Talwar,xalak.talwar486@yahoo.com,7379572381,Female,1980-11-18,Mumbai,Maharashtra,India,2023-08-10,,0
102457,BIMALA,Datta,bimala.datta975@hotmail.com,1133010753,Female,1978-07-07,Nagpur,Maharashtra,India,2025-07-14,,0
102458,Anthony,Gokhale,anthony.gokhale755@gmail.com,+91-4123222320,Male,1987-05-20,Nagpur,Maharashtra,India,2024-11-12,,0
102459,Kritika,Viswanathan,kritika.viswanathan871@hotmail.com,3913708587,Female,2006-08-20,Chennai,Tamil Nadu,India,2025-09-08,,0
102460,Harshil,Srinivasan,harshil.srinivasan489@yahoo.com,08226080993,Male,1982-01-14,Ahmedabad,Gujarat,India,2023-08-13,,0
102461,Ria,Chhabra,ria.chhabra180@yahoo.com,4988380374,Female,2007-11-16,Delhi,Delhi,India,2024-08-15,,0
102462,Theodore,Kashyap,theodore.kashyap437@hotmail.com,0494624554,Male,1962-02-09,Patna,Bihar,India,2024-07-17,,0
102463,Widisha,Aurora,widisha.aurora117@outlook.com,+91-8234811808,Female,,Chennai,Tamil Nadu,India,2024-01-06,,1
102464,Gaurav,Kata,gaurav.kata856@gmail.com,4779825875,Male,1971-02-18,Chennai,Tamil Nadu,India,2025-06-22,,0
102465,Bhavya,Prabhu,bhavya.prabhu765@yahoo.com,+91-3070666706,Female,1970-11-05,Mumbai,Maharashtra,India,2025-05-22,,0
102466,Jackson,Chana,jackson.chana695@yahoo.com,9553093731,Male,,Jaipur,Rajasthan,India,2025-02-03,,1
102467,Girish,Kumer,girish.kumer476@hotmail.com,01703793061,Male,1999-07-13,Bengaluru,Karnataka,India,2023-09-07,,0
102468,Ekantika,Behl,ekantika.behl909@hotmail.com,+91-0721624742,Female,1974-12-11,Kolkata,West Bengal,India,2024-11-23,,1
102469,Lopa,Sridhar,lopa.sridhar190@yahoo.com,5299053679,Female,1991-02-16,Kolkata,West Bengal,India,2023-03-30,,0
102470,Dhruv,Bajwa,dhruv.bajwa164@hotmail.com,+91-7890355081,Male,1987-11-23,Hyderabad,Telangana,India,2023-10-24,,0
102471,Sarthak,Zacharia,sarthak.zacharia981@yahoo.com,05781744205,Male,,Chandigarh,Chandigarh,India,2024-11-09,,1
102472,Kalpit,Bhakta,kalpit.bhakta112@outlook.com,+91-6740920167,Male,1998-12-17,Patna,Bihar,India,2023-12-04,,1
102473,Jairaj,Banik,jairaj.banik554@yahoo.com,+91-1405806709,Male,1964-01-29,Bhopal,Madhya Pradesh,India,2025-11-04,,0
102474,Joshua,Magar,joshua.magar999@outlook.com,0000400464,Male,2001-05-18,Delhi,Delhi,India,2024-12-14,,0
102475,Ladli,Shere,ladli.shere662@hotmail.com,05256048992,Female,2001-11-16,Nagpur,Maharashtra,India,2025-05-09,,0
102476,Rudra,Sandal,rudra.sandal272@hotmail.com,3807951181,Male,,Kolkata,West Bengal,India,2024-02-19,,0
102477,Harinakshi,Chhabra,harinakshi.chhabra309@hotmail.com,+91-0815959043,Female,1965-11-02,Chandigarh,Chandigarh,India,2024-10-16,,0
102478,Anthony,Sarna,anthony.sarna46@yahoo.com,06477631032,Other,1994-03-29,Mumbai,Maharashtra,India,2025-10-17,,0
102479,divya,Shanker,divya.shanker170@gmail.com,6168444696,Female,1974-03-11,Chennai,Tamil Nadu,India,2024-05-26,,1
102480,Zayyan,Gole,zayyan.gole287@gmail.com,2811372447,Male,2005-06-03,Pune,Maharashtra,India,2024-04-01,,1
102481,GAURANGI,Shankar,gaurangi.shankar254@yahoo.com,4894009465,Female,,Patna,Bihar,India,2024-09-30,,0
102482,joshua,Ravel,joshua.ravel353@outlook.com,+91-7807376764,Male,2001-08-04,Patna,Bihar,India,2023-03-27,,0
102483,Vrinda,Jha,vrinda.jha816@outlook.com,2519187162,Female,2001-04-03,Lucknow,Uttar Pradesh,India,2025-05-31,,0
102484,Udant,Mohan,udant.mohan712@outlook.com,00919193526,Male,2000-11-12,Chandigarh,Chandigarh,India,2024-06-10,,0
102485,Jonathan,Oommen,jonathan.oommen404@yahoo.com,9708567591,Other,,Lucknow,Uttar Pradesh,India,2025-07-12,,0
102486,Amara,Prasad,amara.prasad126@yahoo.com,7044777140,Female,1977-09-03,Coimbatore,Tamil Nadu,India,2024-11-04,,0
102487,Varenya,Sidhu,varenya.sidhu455@gmail.com,1554494099,Female,2002-10-05,Coimbatore,Tamil Nadu,India,2025-11-11,,1
102488,Naveen,Shanker,naveen.shanker975@yahoo.com,07448455576,Male,,Guwahati,Assam,India,2023-10-23,,1
102489,Tara,Kade,tara.kade603@outlook.com,05095307277,Female,1966-11-21,Nagpur,Maharashtra,India,2023-03-30,,1
102490,Ekbal,Soman,ekbal.soman580@gmail.com,+91-0894266036,Male,2005-01-07,Jaipur,Rajasthan,India,2025-05-10,,0
102491,Alexander,Grover,alexander.grover458@hotmail.com,+91-2943500796,Male,1999-02-09,Chennai,Tamil Nadu,India,2023-10-11,,1
102492,Tarak,Pant,tarak.pant485@outlook.com,+91-2471649191,Male,1979-04-25,Indore,Madhya Pradesh,India,2024-03-22,,0
102493,Tanish,Nath,tanish.nath719@yahoo.com,2501691569,Male,1983-06-25,Hyderabad,Telangana,India,2023-01-08,,0
102494,Azaan,Srinivasan,azaan.srinivasan676@yahoo.com,0081334902,Male,1970-08-15,Mumbai,Maharashtra,India,2025-07-28,,1
102495,Wakeeta,Mistry,wakeeta.mistry723@yahoo.com,9418016959,Female,,Kolkata,West Bengal,India,2025-03-19,,0
102496,Daniel,Dalal,daniel.dalal215@outlook.com,+91-4031182879,Male,2004-02-01,Hyderabad,Telangana,India,2024-08-23,,0
102497,Lekha,Saran,lekha.saran497@hotmail.com,0339059666,Female,1991-08-20,Delhi,Delhi,India,2025-11-01,,1
102498,Jonathan,Dube,jonathan.dube881@outlook.com,+91-7542884637,Male,1995-02-24,Patna,Bihar,India,2024-03-20,,1
102499,Jai,Mohan,jai.mohan605@gmail.com,2772179316,Male,1968-03-19,Surat,Gujarat,India,2023-08-17,,0
102500,Aradhana,Narayan,aradhana.narayan505@hotmail.com,9244837268,Female,1995-02-10,Delhi,Delhi,India,2025-04-28,,1
102501,Widisha,Khosla,widisha.khosla363@hotmail.com,08672877478,Female,1979-01-09,Chennai,Tamil Nadu,India,2025-09-02,,1
102502,chakrika,Ben,chakrika.ben984@outlook.com,+91-6965241573,Female,1964-03-06,Chandigarh,Chandigarh,India,2024-04-17,,1
102503,Aryan,Dhaliwal,aryan.dhaliwal850@yahoo.com,07191294337,Male,1963-04-24,Patna,Bihar,India,2023-01-07,,0
102504,GAUTAM,Sami,gautam.sami415@yahoo.com,+91-3550193531,Male,1992-05-17,Bhopal,Madhya Pradesh,India,2024-05-13,,1
102505,Amruta,Comar,amruta.comar372@yahoo.com,03137001749,Female,1969-10-04,Coimbatore,Tamil Nadu,India,2024-09-19,,0
102506,Varenya  ,Parsa,varenya.parsa173@hotmail.com,02173733970,Female,1964-08-13,Bengaluru,Karnataka,India,2024-05-31,,1
102507,Aahana,Chaudhari,aahana.chaudhari747@outlook.com,+91-2189224006,Female,1964-04-29,Chennai,Tamil Nadu,India,2023-08-29,,1
102508,Zaitra,Raj,zaitra.raj566@yahoo.com,5143580471,Female,,Nagpur,Maharashtra,India,2023-05-02,,1
102509,azad,Balasubramanian,azad.balasubramanian252@yahoo.com,+91-1531195960,Male,,Chennai,Tamil Nadu,India,2024-12-28,,0
102510,Forum,Subramaniam,forum.subramaniam404@hotmail.com,9660548562,Female,,Mumbai,Maharashtra,India,2025-05-16,,0
102511,Nathan,Sodhi,nathan.sodhi986@gmail.com,6406948617,Male,1976-10-24,Surat,Gujarat,India,2024-05-07,,0
102512,kai,Cherian,kai.cherian735@gmail.com,01488160580,Male,2006-01-30,Delhi,Delhi,India,2025-09-03,,0
102513,Zaid,Narayanan,zaid.narayanan552@yahoo.com,6786504441,Male,2003-12-04,Patna,Bihar,India,2023-05-09,,1
102514,Liam  ,Devan,liam.devan392@yahoo.com,+91-0880501513,Male,1981-08-25,Coimbatore,Tamil Nadu,India,2023-08-16,,0
102515,Yashvi,Sagar,yashvi.sagar675@hotmail.com,+91-9704241698,Female,1966-03-14,Nagpur,Maharashtra,India,2025-11-23,,1
102516,Falan,Ahluwalia,falan.ahluwalia447@hotmail.com,0068143659,Male,1983-04-16,Delhi,Delhi,India,2024-06-11,,0
102517,Jeevika,Sibal,jeevika.sibal587@gmail.com,1715007601,Female,1993-08-17,Mumbai,Maharashtra,India,2025-05-11,,0
102518,Vasudha,Pall,vasudha.pall878@yahoo.com,07784284557,Female,1981-07-30,Indore,Madhya Pradesh,India,2023-10-03,,0
102519,Tanish,Subramanian,tanish.subramanian659@gmail.com,2192283491,Male,1973-01-15,Hyderabad,Telangana,India,2024-06-25,,0
102520,Abdul,Dora,abdul.dora733@yahoo.com,09783367408,Male,1993-02-24,Ahmedabad,Gujarat,India,2023-02-10,,1
102521,Charan,Garde,charan.garde183@hotmail.com,4476988012,Male,1992-10-30,Kolkata,West Bengal,India,2023-09-08,,1
102522,Fitan,Oommen,fitan.oommen880@hotmail.com,+91-6108802570,Male,1998-08-20,Delhi,Delhi,India,2024-10-02,,0
102523,Saksham,Ganguly,saksham.ganguly829@hotmail.com,3559591516,Male,1981-08-22,Jaipur,Rajasthan,India,2023-09-19,,0
102524,Saanvi,Bose,saanvi.bose635@hotmail.com,5863602536,Female,1985-04-04,Bengaluru,Karnataka,India,2025-05-26,,1
102525,Ijaya,Dhawan,ijaya.dhawan456@yahoo.com,5080694097,Female,1987-06-15,Lucknow,Uttar Pradesh,India,2025-09-27,,0
102526,Vedika,Jayaraman,vedika.jayaraman800@hotmail.com,04100066584,Female,1985-05-06,Patna,Bihar,India,2025-10-01,,0
102527,Kavya,Kashyap,kavya.kashyap368@yahoo.com,3560897064,Female,1987-09-29,Mumbai,Maharashtra,India,2024-12-14,,0
102528,Krisha,Singhal,krisha.singhal573@hotmail.com,+91-9058304702,Female,1984-01-24,Ahmedabad,Gujarat,India,2023-05-16,,0
102529,Advik,Dutta,,+91-3005019857,Male,1976-05-17,Jaipur,Rajasthan,India,2024-11-05,,0
102530,Wridesh,Kadakia,wridesh.kadakia760@hotmail.com,7406282850,Male,1981-12-11,Surat,Gujarat,India,2024-11-25,,1
102531,Orinder,Murty,orinder.murty856@gmail.com,5155013524,Male,1983-01-30,Coimbatore,Tamil Nadu,India,2023-03-23,,1
102532,Chakradhar,Sarma,chakradhar.sarma313@gmail.com,+91-1391841805,Male,1996-07-19,Indore,Madhya Pradesh,India,2025-07-04,,0
102533,maanav,Chaudry,maanav.chaudry283@outlook.com,04515699332,Male,1983-04-23,Kochi,Kerala,India,2025-02-12,,1
102534,Elijah,Raja,elijah.raja263@hotmail.com,7930925239,Male,1962-12-09,Patna,Bihar,India,2023-07-24,,0
102535,Ati,Peri,ati.peri377@gmail.com,2413739491,Female,1967-03-09,Faridabad,Haryana,India,2023-05-31,,1
102536,Naksh,Wason,naksh.wason961@gmail.com,06943643653,Male,1964-08-24,Guwahati,Assam,India,2024-12-26,,0
102537,Michael,Murty,michael.murty343@outlook.com,01508951463,Male,,Mumbai,Maharashtra,India,2025-08-19,,1
102538,Darika,Walla,darika.walla422@outlook.com,0230423338,Female,1985-10-26,Pune,Maharashtra,India,2025-05-30,,0
102539,Kashvi,Chawla,kashvi.chawla937@outlook.com,0927040043,Female,1997-10-20,Nagpur,Maharashtra,India,2025-08-09,,1
102540,Teerth,Raghavan,teerth.raghavan838@gmail.com,02602757896,Male,2006-04-29,Kolkata,West Bengal,India,2025-05-23,,1
102541,Harrison,Sachdev,harrison.sachdev431@yahoo.com,08088233097,Male,1962-01-11,Chennai,Tamil Nadu,India,2024-07-02,,0
102542,Hamsini,Menon,hamsini.menon790@gmail.com,+91-8621098636,Female,1982-09-17,Guwahati,Assam,India,2025-06-04,,0
102543,Gagan,Tiwari,gagan.tiwari397@gmail.com,+91-6006688127,Male,1988-11-01,Surat,Gujarat,India,2025-08-05,,0
102544,Nachiket,Gade,nachiket.gade410@hotmail.com,00681792241,Male,1992-07-28,Kochi,Kerala,India,2023-05-15,,1
102545,Vasatika,Savant,vasatika.savant143@yahoo.com,8348098544,Female,2004-03-18,Lucknow,Uttar Pradesh,India,2025-01-03,,0
102546,TAMANNA,Basu,tamanna.basu700@hotmail.com,4658672602,Other,,Bengaluru,Karnataka,India,2023-12-10,,0
102547,Daksha,Kalita,daksha.kalita782@hotmail.com,+91-4059974308,Female,1984-07-20,Bengaluru,Karnataka,India,2024-01-26,,0
102548,Aayush,Kakar,aayush.kakar786@yahoo.com,1268870415,Male,1998-05-14,Coimbatore,Tamil Nadu,India,2025-05-29,,0
102549,Odika,Sur,odika.sur123@hotmail.com,1421756247,Female,1989-02-18,Chennai,Tamil Nadu,India,2024-07-16,,1
102550,Manya,Krishnan,manya.krishnan93@hotmail.com,7305976620,Female,1985-12-13,Pune,Maharashtra,India,2024-03-30,,0
102551,Advika,Sastry,advika.sastry176@outlook.com,5774662199,Female,1994-02-11,Guwahati,Assam,India,2025-06-23,,1
102552,Yashodhara,Nadig,yashodhara.nadig691@gmail.com,4245866729,Female,1969-03-10,Pune,Maharashtra,India,2025-10-08,,0
102553,Ayaan,Sheth,ayaan.sheth290@gmail.com,00601541382,Male,1981-08-26,Mumbai,Maharashtra,India,2023-02-28,,1
102554,Kamala  ,Ray,kamala.ray66@yahoo.com,+91-3898622546,Female,1991-10-10,Guwahati,Assam,India,2025-08-12,,0
102555,Shivansh,Grover,shivansh.grover982@yahoo.com,05657480843,Male,1984-02-29,Guwahati,Assam,India,2024-07-24,,0
102556,Chaaya,Mody,chaaya.mody715@gmail.com,+91-3506001266,Female,2001-12-23,Pune,Maharashtra,India,2025-10-05,,0
102557,Robert,Bansal,robert.bansal425@gmail.com,0910091665,Male,2000-09-01,Chandigarh,Chandigarh,India,2025-07-14,,0
102558,Neel,More,neel.more695@yahoo.com,+91-1784627420,Male,2004-05-10,Jaipur,Rajasthan,India,2023-05-04,,1
102559,Nakul,Golla,nakul.golla389@gmail.com,08730732166,Male,1978-07-17,Delhi,Delhi,India,2025-10-01,,1
102560,Ryan,Cherian,,01171340250,Male,,Kochi,Kerala,India,2024-01-17,,0
102561,ADVAY,Ray,advay.ray423@yahoo.com,03494652650,Male,2001-04-15,Guwahati,Assam,India,2025-03-31,,1
102562,Gopal,Mane,gopal.mane531@gmail.com,06028595388,Male,1995-03-25,Chandigarh,Chandigarh,India,2024-07-01,,1
102563,Onveer,Parmer,onveer.parmer616@yahoo.com,+91-0415528230,Male,1999-04-17,Kochi,Kerala,India,2023-08-07,,0
102564,Chavvi,Rastogi,chavvi.rastogi771@outlook.com,2977444332,Female,1989-01-30,Kochi,Kerala,India,2023-12-03,,1
102565,Nilima,Pai,nilima.pai975@outlook.com,+91-4772464972,Female,,Coimbatore,Tamil Nadu,India,2025-08-15,,0
102566,Yashodhara,Kakar,yashodhara.kakar434@gmail.com,06710099784,Female,1974-08-10,Chandigarh,Chandigarh,India,2025-08-09,,0
102567,Gabriel,Trivedi,gabriel.trivedi820@yahoo.com,2128265859,Male,1983-03-02,Hyderabad,Telangana,India,2024-03-01,,1
102568,arya,Gole,arya.gole640@yahoo.com,07999158434,Female,1993-03-08,Mumbai,Maharashtra,India,2025-04-05,,1
102569,Pushti,Radhakrishnan,pushti.radhakrishnan288@outlook.com,+91-3440708063,Female,1964-01-10,Kolkata,West Bengal,India,2025-04-27,,0
102570,Kashvi,Narasimhan,kashvi.narasimhan535@outlook.com,08459073128,Female,,Jaipur,Rajasthan,India,2025-07-23,,1
102571,Gautami,Borah,gautami.borah306@yahoo.com,2181544788,Female,1988-08-17,Lucknow,Uttar Pradesh,India,2025-08-01,,1
102572,VINCENT,Shah,vincent.shah470@yahoo.com,+91-0950626327,Male,1980-01-14,Ahmedabad,Gujarat,India,2025-01-18,,1
102573,Lakshmi,Jain,lakshmi.jain625@yahoo.com,7980470789,Female,2008-07-21,Delhi,Delhi,India,2023-02-17,,1
102574,Jai,Sastry,jai.sastry137@outlook.com,3999636918,Male,1975-01-15,Faridabad,Haryana,India,2024-08-08,,0
102575,Manya,Loyal,manya.loyal514@outlook.com,09282629016,Female,1999-03-03,Indore,Madhya Pradesh,India,2023-02-09,,1
102576,Patrick,Cheema,patrick.cheema995@gmail.com,07871553331,Male,2007-06-18,Jaipur,Rajasthan,India,2023-04-25,,0
102577,Udant,Kari,udant.kari122@yahoo.com,+91-6196176502,Male,1966-01-06,Chandigarh,Chandigarh,India,2023-01-26,,0
102578,Advaith,Bahri,advaith.bahri421@hotmail.com,4995870051,Male,1991-03-02,Jaipur,Rajasthan,India,2023-10-14,,1
102579,Omaja,Karan,omaja.karan291@hotmail.com,+91-9053769328,Female,1983-01-23,Nagpur,Maharashtra,India,2025-06-20,,0
102580,Fiyaz,Tank,fiyaz.tank767@yahoo.com,+91-8975311524,Male,1997-01-28,Chennai,Tamil Nadu,India,2024-04-14,,0
102581,Ishanvi,Yohannan,ishanvi.yohannan12@yahoo.com,09314449419,Female,1994-07-11,Indore,Madhya Pradesh,India,2025-06-13,,1
102582,Raghav,Madan,raghav.madan194@yahoo.com,08409277157,Male,2001-08-04,Indore,Madhya Pradesh,India,2025-04-16,,0
102583,Jyoti,Sachdev,jyoti.sachdev221@yahoo.com,+91-1825110318,Female,1981-06-21,Ahmedabad,Gujarat,India,2025-06-25,,0
102584,Dhruv  ,Bahl,dhruv.bahl462@hotmail.com,06619667601,Male,1995-03-03,Nagpur,Maharashtra,India,2025-06-08,,0
102585,Avni,Madan,avni.madan51@yahoo.com,6557647566,Female,1978-01-09,Jaipur,Rajasthan,India,2024-03-26,,1
102586,Vasudha,Hans,vasudha.hans618@yahoo.com,00506859023,Female,1972-04-22,Surat,Gujarat,India,2024-09-21,,0
102587,manthan,Sandhu,,0616537305,Male,1970-05-25,Faridabad,Haryana,India,2024-10-04,,0
102588,Manbir,Gala,manbir.gala151@hotmail.com,06293096150,Male,1983-08-09,Nagpur,Maharashtra,India,2024-07-17,,0
102589,Arya,Sankaran,arya.sankaran892@gmail.com,6705904117,Female,,Pune,Maharashtra,India,2023-05-25,,0
102590,Wahab,Savant,wahab.savant330@hotmail.com,+91-4670996087,Male,1973-08-17,Kochi,Kerala,India,2025-07-22,,0
102591,Shivansh,Biswas,shivansh.biswas660@hotmail.com,0878847798,Male,1985-01-06,Chandigarh,Chandigarh,India,2023-11-11,,1
102592,Yashawini,Dua,,06868627482,Female,2005-09-04,Ahmedabad,Gujarat,India,2023-04-04,,0
102593,Kamala,Arora,kamala.arora852@outlook.com,+91-5475950133,Female,1979-01-28,Pune,Maharashtra,India,2024-11-14,,1
102594,Forum,Chahal,forum.chahal573@outlook.com,01408282464,Female,2005-08-24,Hyderabad,Telangana,India,2025-01-22,,1
102595,Daniel,Khatri,daniel.khatri665@gmail.com,+91-4231596378,Male,1964-09-24,Chandigarh,Chandigarh,India,2025-05-30,,1
102596,Jasmit,Dalal,jasmit.dalal644@yahoo.com,+91-1369004790,Female,1975-03-14,Patna,Bihar,India,2023-11-18,,0
102597,Michael,Manda,michael.manda492@outlook.com,05193942789,Male,2003-03-04,Coimbatore,Tamil Nadu,India,2025-07-19,,1
102598,Bina,Dyal,bina.dyal254@outlook.com,6068144166,Female,2002-06-04,Mumbai,Maharashtra,India,2023-06-07,,1
102599,Saumya  ,Char,saumya.char494@yahoo.com,+91-2067080585,Female,1987-03-23,Bengaluru,Karnataka,India,2024-02-07,,0
102600,Logan,Apte,logan.apte658@yahoo.com,07240030315,Male,1963-09-16,Bhopal,Madhya Pradesh,India,2025-03-26,,0
102601,Yoshita,Sachdev,yoshita.sachdev990@yahoo.com,06224947641,Female,1989-11-22,Coimbatore,Tamil Nadu,India,2025-01-31,,1
102602,Prisha,Toor,prisha.toor529@yahoo.com,9010263349,Female,2000-09-11,Bengaluru,Karnataka,India,2025-11-07,,1
102603,Eta,Savant,eta.savant282@outlook.com,+91-5942682395,Female,1996-03-14,Lucknow,Uttar Pradesh,India,2023-12-01,,0
102604,Kevin,Issac,kevin.issac768@hotmail.com,3801155769,Male,1973-11-18,Mumbai,Maharashtra,India,2023-09-10,,0
102605,Daksha,Prabhakar,daksha.prabhakar424@hotmail.com,+91-5532375083,Female,1989-11-18,Mumbai,Maharashtra,India,2025-10-17,,0
102606,Jairaj,Dalal,jairaj.dalal92@outlook.com,+91-2434213957,Male,1998-08-11,Chandigarh,Chandigarh,India,2023-06-18,,0
102607,Upma,Nanda,upma.nanda361@outlook.com,3350064558,Female,1962-09-27,Bengaluru,Karnataka,India,2024-12-10,,1
102608,Michael,Vasa,michael.vasa353@gmail.com,02862558729,Male,1969-09-12,Patna,Bihar,India,2024-03-03,,0
102609,Varsha,Bajaj,varsha.bajaj278@outlook.com,+91-3608055822,Female,1980-09-05,Nagpur,Maharashtra,India,2025-09-13,,0
102610,Harrison  ,Butala,harrison.butala663@gmail.com,1532703414,Male,2005-08-07,Faridabad,Haryana,India,2025-11-20,,0
102611,Tristan  ,Sood,tristan.sood327@outlook.com,3713799870,Male,1985-10-24,Mumbai,Maharashtra,India,2025-11-04,,1
102612,Osha,Kothari,osha.kothari183@yahoo.com,+91-9657537644,Female,1976-07-22,Guwahati,Assam,India,2024-07-03,,0
102613,Fariq,Narang,fariq.narang245@gmail.com,+91-8346442996,Male,1966-06-21,Chennai,Tamil Nadu,India,2024-12-04,,0
102614,Yochana,Bhandari,yochana.bhandari547@hotmail.com,9399451068,Female,1970-03-13,Mumbai,Maharashtra,India,2023-06-12,,1
102615,Faqid,Dhaliwal,faqid.dhaliwal709@outlook.com,00427857103,Male,1980-11-04,Faridabad,Haryana,India,2025-01-24,,0
102616,Ikshita,Arora,ikshita.arora205@yahoo.com,00969412352,Female,1986-11-16,Indore,Madhya Pradesh,India,2024-05-11,,0
102617,Aadi,Varkey,aadi.varkey781@gmail.com,1071492360,Male,1972-05-07,Kochi,Kerala,India,2023-10-04,,0
102618,Triveni,Vaidya,triveni.vaidya611@gmail.com,04437213267,Female,2008-04-21,Bhopal,Madhya Pradesh,India,2025-01-10,,0
102619,turvi,Kala,turvi.kala887@outlook.com,+91-8043843097,Female,1987-12-22,Chandigarh,Chandigarh,India,2025-10-15,,0
102620,Yagnesh,Narayan,yagnesh.narayan99@gmail.com,1818018747,Male,1968-08-02,Faridabad,Haryana,India,2025-11-16,,0
102621,Chakradev,Kari,chakradev.kari191@yahoo.com,+91-7460302312,Male,1964-01-29,Faridabad,Haryana,India,2024-02-08,,0
102622,Dakshesh  ,Sem,dakshesh.sem19@yahoo.com,+91-2758881185,Male,1989-12-10,Chennai,Tamil Nadu,India,2025-09-19,,0
102623,Geetika,Bajwa,geetika.bajwa729@outlook.com,+91-5272618910,Female,1988-03-15,Jaipur,Rajasthan,India,2023-05-31,,0
102624,isaiah,Chatterjee,isaiah.chatterjee82@yahoo.com,2513622380,Male,1964-03-21,Ahmedabad,Gujarat,India,2025-11-08,,0
102625,Vanya,Balay,vanya.balay591@yahoo.com,+91-1469613607,Female,1984-05-22,Surat,Gujarat,India,2023-03-06,,1
102626,Yatan  ,Dugar,yatan.dugar255@yahoo.com,8063533350,Male,1965-12-28,Indore,Madhya Pradesh,India,2024-01-14,,0
102627,Suhani,Grover,suhani.grover768@yahoo.com,9461730515,Female,1965-06-08,Mumbai,Maharashtra,India,2025-05-21,,0
102628,Indrajit,Dass,indrajit.dass7@hotmail.com,+91-9240741359,Male,1990-12-09,Chandigarh,Chandigarh,India,2024-01-11,,1
102629,Ubika,Sachdeva,ubika.sachdeva43@yahoo.com,06385743391,Female,1988-11-02,Faridabad,Haryana,India,2025-04-23,,1
102630,Zayyan,Bahl,zayyan.bahl663@gmail.com,6267501468,Male,1972-03-10,Kochi,Kerala,India,2025-08-22,,0
102631,Divya,Loyal,divya.loyal607@gmail.com,04558464201,Female,,Kolkata,West Bengal,India,2024-05-22,,1
102632,Yashasvi,Cherian,yashasvi.cherian24@yahoo.com,+91-0165198890,Female,1980-02-06,Patna,Bihar,India,2025-09-12,,1
102633,Adweta,Choudhury,adweta.choudhury713@hotmail.com,1926775046,Female,1965-02-17,Patna,Bihar,India,2025-10-11,,1
102634,Rohan,Dutta,rohan.dutta51@gmail.com,5688720204,Male,2001-03-10,Faridabad,Haryana,India,2023-08-29,,1
102635,Watika,Buch,watika.buch678@outlook.com,04764144271,Female,1993-07-20,Bhopal,Madhya Pradesh,India,2024-11-20,,0
102636,Raksha,Merchant,raksha.merchant766@outlook.com,+91-5508002906,Other,1995-02-13,Surat,Gujarat,India,2023-05-03,,0
102637,Pushti,Mody,,07294361090,Female,1987-10-04,Bengaluru,Karnataka,India,2025-06-06,,0
102638,Fariq,Lal,fariq.lal291@yahoo.com,07023607417,Male,1963-06-16,Patna,Bihar,India,2024-04-28,,0
102639,Upadhriti,Arya,upadhriti.arya153@outlook.com,3134176228,Female,1961-12-18,Chennai,Tamil Nadu,India,2024-03-02,,0
102640,Oscar,Mistry,oscar.mistry106@hotmail.com,1637905848,Male,1968-07-08,Pune,Maharashtra,India,2025-11-05,,0
102641,Dakshesh,Sehgal,dakshesh.sehgal885@hotmail.com,09108296561,Male,1967-03-04,Lucknow,Uttar Pradesh,India,2025-03-04,,1
102642,AZAAN,Raja,azaan.raja375@gmail.com,4785625084,Male,,Patna,Bihar,India,2023-04-14,,1
102643,Patrick,Bhardwaj,patrick.bhardwaj696@yahoo.com,+91-9925709928,Male,1981-05-06,Nagpur,Maharashtra,India,2025-09-05,,0
102644,aayush,Dhawan,aayush.dhawan540@outlook.com,8255203286,Male,,Delhi,Delhi,India,2025-06-23,,0
102645,Pahal,Dalal,pahal.dalal315@outlook.com,05283905306,Female,1984-01-31,Pune,Maharashtra,India,2025-06-28,,1
102646,Abhimanyu,Kar,abhimanyu.kar100@yahoo.com,00167769219,Male,2002-02-19,Patna,Bihar,India,2025-09-28,,1
102647,Darsh,Badal,darsh.badal127@hotmail.com,00957445406,Male,1988-12-26,Surat,Gujarat,India,2023-04-30,,1
102648,Dalbir,More,dalbir.more446@hotmail.com,08431556769,Male,1975-09-16,Chandigarh,Chandigarh,India,2024-03-31,,1
102649,Vedhika,Gade,vedhika.gade907@hotmail.com,07324370391,Female,1988-01-08,Surat,Gujarat,India,2025-07-07,,1
102650,ANMOL,Narain,anmol.narain406@hotmail.com,+91-3430768329,Male,1998-01-22,Chandigarh,Chandigarh,India,2023-05-29,,0
102651,Tristan,Rajagopalan,tristan.rajagopalan868@hotmail.com,+91-1917024236,Male,,Pune,Maharashtra,India,2024-10-22,,0
102652,Kavya,Sathe,kavya.sathe168@yahoo.com,+91-0131843413,Female,1977-02-23,Hyderabad,Telangana,India,2024-04-01,,1
102653,Warda,Dar,warda.dar218@hotmail.com,+91-1476207347,Female,1986-06-21,Ahmedabad,Gujarat,India,2025-09-25,,0
102654,Jyoti,Padmanabhan,jyoti.padmanabhan890@yahoo.com,4731168859,Female,1969-01-24,Delhi,Delhi,India,2024-04-23,,1
102655,Tamanna,Kashyap,tamanna.kashyap633@hotmail.com,9438301485,Female,1983-05-12,Nagpur,Maharashtra,India,2023-06-22,,0
102656,Damini,Ravel,damini.ravel230@yahoo.com,+91-0418902446,Female,1999-04-28,Guwahati,Assam,India,2025-05-05,,1
102657,Hiral,Vyas,hiral.vyas590@gmail.com,4608736314,Female,1987-09-07,Chennai,Tamil Nadu,India,2024-10-12,,1
102658,Chakradhar,Varty,chakradhar.varty301@outlook.com,+91-3804503083,Male,1973-12-01,Chennai,Tamil Nadu,India,2025-01-29,,0
102659,Daksh,Buch,daksh.buch819@gmail.com,2738681337,Male,1991-10-06,Ahmedabad,Gujarat,India,2023-05-27,,0
102660,Gaurika,Sura,gaurika.sura919@yahoo.com,+91-5392588302,Female,1964-11-08,Surat,Gujarat,India,2025-09-27,,0
102661,Rushil,Sur,rushil.sur207@gmail.com,4178760287,Male,1975-06-25,Guwahati,Assam,India,2025-01-22,,1
102662,Advika,Sodhi,advika.sodhi219@yahoo.com,00503916781,Female,1968-12-12,Lucknow,Uttar Pradesh,India,2025-02-23,,1
102663,Jairaj,Sawhney,jairaj.sawhney505@yahoo.com,9308227814,Male,1981-01-17,Ahmedabad,Gujarat,India,2025-07-22,,1
102664,Owen  ,Krish,owen.krish978@gmail.com,02320724861,Male,2001-11-19,Kochi,Kerala,India,2025-07-17,,1
102665,Chaman,Oak,chaman.oak572@yahoo.com,07801946701,Female,1973-11-27,Mumbai,Maharashtra,India,2023-06-07,,0
102666,balvan,Dora,balvan.dora139@outlook.com,01208362487,Male,1975-05-18,Guwahati,Assam,India,2023-07-24,,0
102667,Omya,Rau,omya.rau136@gmail.com,+91-1732776063,Female,1989-12-13,Lucknow,Uttar Pradesh,India,2024-03-08,,1
102668,Oni  ,Bhatti,oni.bhatti439@yahoo.com,+91-0657416984,Female,1991-07-18,Patna,Bihar,India,2024-09-14,,0
102669,Ojasvi,Ravel,ojasvi.ravel863@gmail.com,6184535777,Other,1994-11-28,Chennai,Tamil Nadu,India,2025-11-07,,0
102670,pratyush,Devi,pratyush.devi969@outlook.com,+91-6188374489,Male,2004-01-02,Faridabad,Haryana,India,2025-08-18,,1
102671,Girish,Purohit,girish.purohit107@yahoo.com,+91-0256702178,Male,1968-12-02,Coimbatore,Tamil Nadu,India,2023-01-14,,1
102672,Ojas,Bora,ojas.bora863@outlook.com,6329403804,Male,1970-11-17,Coimbatore,Tamil Nadu,India,2024-11-29,,0
102673,Joshua,Chana,joshua.chana834@outlook.com,+91-8655108619,Male,2000-03-28,Delhi,Delhi,India,2024-08-16,,1
102674,Vedhika,Aggarwal,vedhika.aggarwal304@hotmail.com,3294027594,Female,1969-05-01,Indore,Madhya Pradesh,India,2024-11-12,,0
102675,Anvi,Bhatti,anvi.bhatti104@yahoo.com,05574863281,Female,2007-04-18,Hyderabad,Telangana,India,2023-11-19,,1
102676,Yug,Aggarwal,yug.aggarwal338@gmail.com,7384109600,Male,,Bengaluru,Karnataka,India,2025-09-19,,0
102677,Upasna,Raghavan,upasna.raghavan702@yahoo.com,01766024456,Female,1989-06-14,Bengaluru,Karnataka,India,2024-10-29,,0
102678,Chakradev,Uppal,chakradev.uppal962@outlook.com,07575546068,Male,1969-10-04,Kolkata,West Bengal,India,2023-01-31,,0
102679,Hemangini,Sahni,hemangini.sahni66@hotmail.com,+91-2499696608,Female,1994-06-01,Nagpur,Maharashtra,India,2023-01-08,,1
102680,Dalbir,Varkey,dalbir.varkey60@hotmail.com,04140363487,Male,1973-02-05,Nagpur,Maharashtra,India,2023-06-19,,1
102681,Damini,Devi,damini.devi749@gmail.com,+91-7902293094,Female,1974-09-27,Faridabad,Haryana,India,2025-09-25,,0
102682,Bhavya,Gade,bhavya.gade401@outlook.com,+91-7999007256,Female,1979-03-17,Coimbatore,Tamil Nadu,India,2024-01-31,,0
102683,Watika,Deep,watika.deep198@hotmail.com,05783715104,Female,1965-05-14,Coimbatore,Tamil Nadu,India,2024-12-08,,0
102684,Sudiksha,Sunder,sudiksha.sunder207@yahoo.com,09322496737,Female,1964-06-06,Nagpur,Maharashtra,India,2025-06-01,,0
102685,SHIVANSH,Sinha,shivansh.sinha394@gmail.com,+91-0945402894,Male,2003-12-01,Indore,Madhya Pradesh,India,2025-04-15,,1
102686,Ishani,Wadhwa,ishani.wadhwa974@hotmail.com,01366748868,Female,1989-08-15,Nagpur,Maharashtra,India,2024-02-20,,1
102687,Rohan,Anand,rohan.anand361@hotmail.com,9141835909,Male,,Patna,Bihar,India,2025-06-22,,1
102688,Mekhala,Bera,mekhala.bera537@hotmail.com,02707254452,Female,1983-09-03,Delhi,Delhi,India,2023-09-08,,0
102689,Tripti,Bhatt,tripti.bhatt366@gmail.com,8740751939,Female,1966-07-24,Lucknow,Uttar Pradesh,India,2024-01-23,,0
102690,Lajita,Raj,lajita.raj267@outlook.com,+91-8035689910,Female,,Jaipur,Rajasthan,India,2025-09-23,,0
102691,Quincy,Warrior,quincy.warrior542@yahoo.com,+91-0139939256,Male,2007-02-05,Kolkata,West Bengal,India,2024-06-29,,0
102692,upkaar,Sridhar,upkaar.sridhar889@hotmail.com,7718626678,Male,1980-05-07,Surat,Gujarat,India,2024-09-09,,1
102693,Tamanna,Kaul,tamanna.kaul830@outlook.com,3032624986,Female,,Guwahati,Assam,India,2025-09-22,,1
102694,Max,Bala,max.bala749@outlook.com,+91-9770536443,Male,1999-11-01,Delhi,Delhi,India,2023-08-11,,0
102695,Om,Mani,om.mani218@gmail.com,+91-0801289348,Male,,Jaipur,Rajasthan,India,2025-02-04,,0
102696,Finn,Walia,finn.walia611@hotmail.com,05365045686,Male,1990-04-29,Guwahati,Assam,India,2025-01-04,,0
102697,Anusha,Barad,anusha.barad157@outlook.com,5240415758,Female,1993-09-16,Jaipur,Rajasthan,India,2023-12-04,,0
102698,Eta,Shere,eta.shere937@outlook.com,07933335694,Female,2004-01-11,Lucknow,Uttar Pradesh,India,2025-05-21,,1
102699,Aishani,Chander,aishani.chander587@gmail.com,06162950641,Female,1961-04-12,Lucknow,Uttar Pradesh,India,2025-07-03,,1
102700,Balvan,Warrior,balvan.warrior144@gmail.com,5234655461,Male,1966-09-24,Surat,Gujarat,India,2025-04-13,,1
102701,Bhavani,Kannan,bhavani.kannan993@yahoo.com,+91-6440198928,Female,2003-09-22,Delhi,Delhi,India,2025-09-11,,0
102702,Dakshesh,Mital,dakshesh.mital480@gmail.com,2562860781,Male,2000-09-22,Jaipur,Rajasthan,India,2024-09-05,,0
102703,Jeet,Toor,jeet.toor293@hotmail.com,+91-4074918505,Male,1994-02-26,Nagpur,Maharashtra,India,2024-04-13,,1
102704,Ekapad,Lad,ekapad.lad526@gmail.com,05120690611,Male,1990-07-30,Lucknow,Uttar Pradesh,India,2025-01-18,,0
102705,Priya,Sha,priya.sha513@gmail.com,00315846439,Female,1998-03-06,Kolkata,West Bengal,India,2023-03-21,,0
102706,Krishna,Datta,krishna.datta109@outlook.com,+91-9231950787,Male,1972-04-10,Faridabad,Haryana,India,2025-07-02,,0
102707,Onveer,Gulati,onveer.gulati755@gmail.com,2926205555,Male,2005-09-13,Indore,Madhya Pradesh,India,2025-07-13,,1
102708,Sai,Divan,sai.divan859@hotmail.com,6578339399,Female,1997-09-17,Nagpur,Maharashtra,India,2025-10-23,,0
102709,Ishita,Bora,ishita.bora413@hotmail.com,+91-8578782809,Female,1976-12-08,Mumbai,Maharashtra,India,2024-01-11,,1
102710,Gautam,Upadhyay,gautam.upadhyay832@gmail.com,01898659846,Male,1996-11-22,Patna,Bihar,India,2024-03-29,,0
102711,Aditya,Seshadri,aditya.seshadri908@yahoo.com,6703271887,Male,1977-09-25,Lucknow,Uttar Pradesh,India,2025-09-08,,1
102712,Upkaar,Narasimhan,upkaar.narasimhan956@gmail.com,5204690743,Male,1988-07-02,Coimbatore,Tamil Nadu,India,2025-01-18,,0
102713,Sudiksha,Lad,sudiksha.lad462@gmail.com,9202444073,Female,1991-02-11,Bhopal,Madhya Pradesh,India,2023-12-01,,0
102714,Wyatt,Buch,wyatt.buch37@gmail.com,00367291694,Male,2005-02-23,Bhopal,Madhya Pradesh,India,2023-11-27,,0
102715,Upma,Butala,upma.butala57@hotmail.com,07107935275,Female,1980-10-14,Chandigarh,Chandigarh,India,2024-12-23,,1
102716,Ekanta,Bakshi,ekanta.bakshi643@gmail.com,1618321529,Female,2005-06-27,Jaipur,Rajasthan,India,2023-07-17,,0
102717,Bhanumati,Tailor,bhanumati.tailor864@gmail.com,+91-0860428316,Female,,Chandigarh,Chandigarh,India,2023-04-18,,0
102718,Xalak,Dey,xalak.dey572@gmail.com,07106060673,Female,1984-03-14,Bhopal,Madhya Pradesh,India,2024-03-18,,0
102719,Utkarsh,Wadhwa,utkarsh.wadhwa847@hotmail.com,+91-8100729084,Male,1983-03-21,Chennai,Tamil Nadu,India,2025-06-27,,1
102720,Zinal,Batra,,6476585757,Female,1989-01-20,Mumbai,Maharashtra,India,2024-09-22,,1
102721,Jeevika,Kar,jeevika.kar118@yahoo.com,+91-7910999937,Female,1986-01-06,Hyderabad,Telangana,India,2023-05-26,,0
102722,Sai,Murty,sai.murty159@gmail.com,+91-5334304982,Male,1961-11-11,Bengaluru,Karnataka,India,2024-02-29,,0
102723,Vedika,Bali,vedika.bali836@yahoo.com,+91-5475396416,Female,1970-09-25,Hyderabad,Telangana,India,2023-01-01,,0
102724,Ekiya,Om,ekiya.om895@gmail.com,3582172633,Female,2002-02-28,Guwahati,Assam,India,2025-01-27,,1
102725,Avni,Kuruvilla,avni.kuruvilla397@yahoo.com,1125804430,Female,1979-09-16,Chandigarh,Chandigarh,India,2024-07-20,,0
102726,Nathaniel,Shetty,nathaniel.shetty623@outlook.com,7168109817,Male,2008-07-29,Indore,Madhya Pradesh,India,2023-12-02,,0
102727,Tanish,Kaul,tanish.kaul524@hotmail.com,06737110706,Male,1986-04-02,Surat,Gujarat,India,2025-10-31,,1
102728,ZANSI,Sant,zansi.sant363@outlook.com,+91-3594689537,Female,1974-08-15,Kolkata,West Bengal,India,2025-04-02,,0
102729,Idika,Oza,idika.oza103@yahoo.com,9977395166,Female,1962-03-31,Chennai,Tamil Nadu,India,2025-02-27,,1
102730,Gaurika,Krish,gaurika.krish131@outlook.com,+91-9507151996,Female,1995-07-30,Delhi,Delhi,India,2023-08-27,,0
102731,Indrajit,Dhaliwal,indrajit.dhaliwal728@outlook.com,5961159533,Male,1999-03-22,Kochi,Kerala,India,2025-03-16,,0
102732,Zayyan,Manne,zayyan.manne319@gmail.com,02881566030,Male,2007-03-11,Hyderabad,Telangana,India,2024-02-03,,0
102733,Ayush,Panchal,ayush.panchal664@yahoo.com,9363568087,Male,1981-11-15,Ahmedabad,Gujarat,India,2023-12-09,,1
102734,Kritika,Mane,kritika.mane839@hotmail.com,7621874309,Female,1980-02-25,Surat,Gujarat,India,2025-06-12,,0
102735,Yahvi,Mitra,yahvi.mitra551@hotmail.com,3487092951,Female,1980-10-20,Nagpur,Maharashtra,India,2023-02-17,,0
102736,Frado,Baria,frado.baria437@outlook.com,06277331258,Male,1965-03-25,Jaipur,Rajasthan,India,2023-07-22,,1
102737,Vidhi,Ramaswamy,vidhi.ramaswamy744@hotmail.com,01974476522,Female,1975-03-05,Pune,Maharashtra,India,2025-11-24,,1
102738,Suhani,Varty,suhani.varty492@outlook.com,+91-1751713528,Female,1974-11-15,Ahmedabad,Gujarat,India,2024-10-18,,1
102739,Kalpit,Sha,kalpit.sha464@outlook.com,07458076648,Male,1982-09-04,Bhopal,Madhya Pradesh,India,2025-01-10,,0
102740,Manthan,Contractor,manthan.contractor522@gmail.com,06078335948,Male,1969-01-30,Pune,Maharashtra,India,2025-03-17,,1
102741,Eesha,Kunda,eesha.kunda573@outlook.com,6035341765,Female,1975-07-24,Bengaluru,Karnataka,India,2025-05-01,,1
102742,Damyanti,Lala,damyanti.lala308@yahoo.com,07391298358,Female,1972-08-19,Pune,Maharashtra,India,2024-02-06,,1
102743,Aarna,Chaudhary,aarna.chaudhary598@yahoo.com,07156853909,Female,1965-03-24,Jaipur,Rajasthan,India,2024-02-19,,1
102744,Umang,Manda,umang.manda727@hotmail.com,3089229064,Male,2000-05-12,Faridabad,Haryana,India,2024-04-09,,0
102745,Saumya,Nanda,saumya.nanda666@outlook.com,3764526587,Female,2006-12-27,Chandigarh,Chandigarh,India,2025-07-05,,1
102746,Abhimanyu,Ganguly,abhimanyu.ganguly66@hotmail.com,06008059801,Male,,Hyderabad,Telangana,India,2023-03-28,,0
102747,Yasti,Arya,yasti.arya579@hotmail.com,03782868722,Other,1963-01-25,Hyderabad,Telangana,India,2025-01-03,,1
102748,Ikshita,Anne,ikshita.anne684@outlook.com,9223976621,Female,1978-03-12,Lucknow,Uttar Pradesh,India,2025-06-01,,1
102749,BHAVYA,Pall,bhavya.pall831@hotmail.com,07027292942,Female,1992-05-25,Kolkata,West Bengal,India,2024-11-06,,1
102750,Samarth,Kalita,samarth.kalita296@hotmail.com,06389874955,Male,,Ahmedabad,Gujarat,India,2024-05-01,,0
102751,Chaitanya  ,Bera,chaitanya.bera985@hotmail.com,08857283463,Male,1991-09-13,Ahmedabad,Gujarat,India,2023-08-10,,0
102752,Gunbir,Saran,gunbir.saran725@hotmail.com,07530296149,Other,1989-06-25,Coimbatore,Tamil Nadu,India,2025-01-28,,1
102753,Ayush,Mishra,ayush.mishra426@hotmail.com,0279891454,Male,2004-11-15,Hyderabad,Telangana,India,2023-01-24,,1
102754,Chaitaly,Bobal,chaitaly.bobal179@outlook.com,4584874940,Female,2001-01-05,Pune,Maharashtra,India,2025-07-07,,0
102755,HARITA,Salvi,harita.salvi629@outlook.com,07200805701,Female,1987-12-19,Pune,Maharashtra,India,2024-03-08,,1
102756,Yadavi,Mangal,yadavi.mangal913@yahoo.com,09255568084,Female,1980-12-24,Indore,Madhya Pradesh,India,2024-11-11,,1
102757,Abeer,Agarwal,abeer.agarwal336@gmail.com,02424947002,Male,2007-04-28,Guwahati,Assam,India,2024-02-07,,1
102758,Pooja,D’Alia,pooja.d’alia217@yahoo.com,4460957724,Female,1986-03-07,Guwahati,Assam,India,2025-07-10,,1
102759,Xavier,Mani,xavier.mani903@hotmail.com,5728909100,Male,1994-12-26,Patna,Bihar,India,2025-06-02,,1
102760,Sathvik,Krish,sathvik.krish770@hotmail.com,+91-0420223059,Male,1983-07-01,Pune,Maharashtra,India,2023-04-08,,1
102761,Pooja,Shan,pooja.shan365@outlook.com,7657555258,Female,1980-06-19,Faridabad,Haryana,India,2025-03-24,,1
102762,NEEL,Rajagopalan,neel.rajagopalan306@gmail.com,04878264871,Male,1971-05-17,Jaipur,Rajasthan,India,2023-11-16,,1
102763,Charan,Bhagat,charan.bhagat3@outlook.com,5334798529,Other,1973-05-10,Chandigarh,Chandigarh,India,2025-02-28,,0
102764,Yashoda,Mangat,yashoda.mangat799@outlook.com,05056337069,Female,2004-04-08,Kolkata,West Bengal,India,2025-04-06,,0
102765,Chatresh,Bhatti,,7595594229,Male,1985-10-15,Chandigarh,Chandigarh,India,2023-07-10,,0
102766,Charan,Halder,charan.halder388@outlook.com,9771180167,Male,1994-01-28,Patna,Bihar,India,2025-03-23,,0
102767,Veda,Menon,veda.menon367@yahoo.com,08909859271,Female,2008-05-12,Kolkata,West Bengal,India,2023-12-09,,0
102768,Isaac  ,Sagar,isaac.sagar219@outlook.com,3476889386,Male,1964-07-10,Coimbatore,Tamil Nadu,India,2025-07-10,,1
102769,Chakradev,Vyas,chakradev.vyas508@hotmail.com,+91-8084319652,Male,1995-06-11,Pune,Maharashtra,India,2025-08-10,,0
102770,Udant,Bansal,udant.bansal62@gmail.com,+91-2605574028,Male,1996-09-24,Patna,Bihar,India,2025-08-02,,0
102771,nidhi,Nayar,nidhi.nayar333@gmail.com,5912681307,Female,1985-07-01,Coimbatore,Tamil Nadu,India,2023-08-15,,0
102772,varenya,Kadakia,varenya.kadakia498@gmail.com,+91-1234592325,Female,1993-11-17,Hyderabad,Telangana,India,2024-02-09,,1
102773,Baghyawati,Golla,baghyawati.golla434@outlook.com,+91-6274351492,Female,1985-04-20,Kochi,Kerala,India,2023-04-16,,1
102774,Tripti,Iyer,tripti.iyer885@yahoo.com,7402810607,Female,1979-03-26,Mumbai,Maharashtra,India,2023-02-18,,1
102775,Neelima,Mahal,neelima.mahal184@outlook.com,+91-6335641629,Female,1999-03-28,Patna,Bihar,India,2023-03-17,,1
102776,Yug,Barad,yug.barad896@hotmail.com,01435172368,Male,,Chennai,Tamil Nadu,India,2025-09-28,,0
102777,rajeshri,Bassi,rajeshri.bassi173@yahoo.com,6023547224,Female,1962-04-26,Surat,Gujarat,India,2024-04-06,,1
102778,Nathaniel,Parsa,nathaniel.parsa106@gmail.com,01390045892,Male,,Bhopal,Madhya Pradesh,India,2024-10-20,,0
102779,Warjas,Patla,warjas.patla915@hotmail.com,+91-8705683355,Male,2006-03-19,Faridabad,Haryana,India,2024-11-04,,1
102780,Suhani,Khatri,suhani.khatri33@gmail.com,04399748698,Female,1962-08-24,Jaipur,Rajasthan,India,2025-06-19,,0
102781,POOJA,Parsa,pooja.parsa387@outlook.com,07926609404,Female,1972-09-13,Delhi,Delhi,India,2024-06-27,,1
102782,Qasim,Bal,qasim.bal777@gmail.com,6558990658,Male,2005-05-30,Bengaluru,Karnataka,India,2025-02-04,,0
102783,Yadavi,Deol,yadavi.deol186@outlook.com,4300631910,Female,2000-04-16,Chennai,Tamil Nadu,India,2025-02-24,,0
102784,Vrinda,Chaudhuri,vrinda.chaudhuri344@outlook.com,9114202861,Female,1967-01-09,Guwahati,Assam,India,2025-09-04,,0
102785,Ekbal,Kalita,ekbal.kalita306@hotmail.com,+91-2454224922,Male,1974-05-26,Kochi,Kerala,India,2025-02-22,,0
102786,Advay,Dixit,advay.dixit440@hotmail.com,1327892824,Male,1992-05-27,Coimbatore,Tamil Nadu,India,2025-03-19,,0
102787,Ojas,Bhat,ojas.bhat769@hotmail.com,+91-5329561762,Male,1988-11-08,Pune,Maharashtra,India,2025-08-02,,1
102788,Yochana,Maharaj,yochana.maharaj182@outlook.com,8977953614,Female,1960-10-11,Coimbatore,Tamil Nadu,India,2025-05-16,,1
102789,Girindra,Acharya,girindra.acharya983@hotmail.com,+91-3360273156,Male,1983-03-02,Chennai,Tamil Nadu,India,2025-08-02,,1
102790,Finn,Sama,finn.sama379@yahoo.com,+91-2459897773,Male,1986-09-20,Faridabad,Haryana,India,2024-01-26,,0
102791,Gavin,Mital,gavin.mital273@gmail.com,2922228338,Male,1995-03-17,Lucknow,Uttar Pradesh,India,2025-03-06,,0
102792,Chakrika,Hegde,chakrika.hegde296@yahoo.com,05906270940,Female,2002-09-24,Patna,Bihar,India,2025-06-16,,1
102793,Chanakya,Mall,chanakya.mall347@yahoo.com,+91-2924567089,Male,1971-03-14,Surat,Gujarat,India,2023-04-19,,0
102794,Jhalak,Pall,jhalak.pall766@outlook.com,03741535833,Female,1994-12-19,Coimbatore,Tamil Nadu,India,2025-01-12,,0
102795,Vansha,Trivedi,vansha.trivedi305@yahoo.com,0530945875,Female,1987-12-28,Bhopal,Madhya Pradesh,India,2024-08-23,,0
102796,Ayushman,Trivedi,ayushman.trivedi763@yahoo.com,3230070861,Male,1987-05-18,Indore,Madhya Pradesh,India,2023-09-12,,0
102797,Max,Thakur,max.thakur513@outlook.com,+91-5291483565,Male,1962-08-06,Indore,Madhya Pradesh,India,2024-10-28,,0
102798,Rayaan,Deshpande,rayaan.deshpande304@yahoo.com,5254110556,Male,1969-02-25,Chandigarh,Chandigarh,India,2024-08-30,,0
102799,Max,Bora,max.bora426@gmail.com,+91-0940596470,Male,1972-07-14,Chandigarh,Chandigarh,India,2025-02-17,,0
102800,UNNATI,Loke,unnati.loke712@yahoo.com,0654326143,Female,1974-12-08,Kochi,Kerala,India,2025-02-26,,0
102801,Bhanumati,Johal,bhanumati.johal483@gmail.com,01091568309,Female,2004-06-20,Faridabad,Haryana,India,2024-06-23,,1
102802,Qabil,Khosla,qabil.khosla835@hotmail.com,02649747870,Male,1981-06-27,Guwahati,Assam,India,2024-09-22,,0
102803,Sai,Mannan,sai.mannan121@yahoo.com,0781010124,Female,2008-08-03,Jaipur,Rajasthan,India,2023-04-13,,1
102804,Maanav,Viswanathan,maanav.viswanathan407@hotmail.com,02118749004,Male,1972-11-28,Lucknow,Uttar Pradesh,India,2025-09-14,,0
102805,Bhavya,Bhagat,bhavya.bhagat863@hotmail.com,+91-1492049930,Female,1994-11-01,Chennai,Tamil Nadu,India,2025-08-08,,1
102806,Sarthak,Mann,sarthak.mann143@hotmail.com,00704310550,Male,1971-01-11,Hyderabad,Telangana,India,2024-01-21,,1
102807,Rajata,Vig,rajata.vig841@hotmail.com,+91-0675141483,Female,1977-03-14,Kolkata,West Bengal,India,2025-06-21,,0
102808,Balendra,Natarajan,balendra.natarajan736@hotmail.com,+91-7702153861,Male,1965-08-21,Indore,Madhya Pradesh,India,2023-05-27,,1
102809,Oviya,Das,oviya.das224@yahoo.com,4359341061,Female,1991-09-04,Indore,Madhya Pradesh,India,2025-02-09,,1
102810,Ucchal,Nanda,ucchal.nanda117@gmail.com,+91-5310737122,Female,1960-12-10,Patna,Bihar,India,2025-01-04,,0
102811,Eta,Nagy,eta.nagy232@yahoo.com,0886096925,Female,1997-05-15,Bengaluru,Karnataka,India,2024-09-24,,0
102812,Jyoti,Keer,jyoti.keer980@yahoo.com,9319140099,Female,1993-05-25,Bhopal,Madhya Pradesh,India,2025-05-16,,1
102813,dakshesh,Gala,dakshesh.gala746@gmail.com,+91-2887415949,Male,,Jaipur,Rajasthan,India,2023-10-31,,1
102814,Falguni,Parekh,falguni.parekh107@gmail.com,+91-2664273869,Female,2001-08-13,Jaipur,Rajasthan,India,2025-03-30,,0
102815,Tejas,Mallick,tejas.mallick49@gmail.com,02927243067,Male,,Bengaluru,Karnataka,India,2024-07-19,,0
102816,Warinder,Tank,warinder.tank874@hotmail.com,08107082408,Male,1989-11-16,Kochi,Kerala,India,2024-08-13,,0
102817,Isaac,Parmer,isaac.parmer253@gmail.com,07920823661,Male,2000-05-21,Bengaluru,Karnataka,India,2024-01-31,,0
102818,Rishi,Gade,rishi.gade567@outlook.com,1266086961,Male,,Surat,Gujarat,India,2025-01-06,,0
102819,chameli,Bahri,chameli.bahri580@hotmail.com,09276736086,Female,1971-08-01,Delhi,Delhi,India,2024-07-21,,1
102820,Ishanvi,Kamdar,ishanvi.kamdar61@hotmail.com,6760550800,Female,1976-12-02,Chandigarh,Chandigarh,India,2025-09-29,,1
102821,Arjun,Bera,arjun.bera209@gmail.com,5098055644,Male,1999-01-05,Bhopal,Madhya Pradesh,India,2023-07-19,,1
102822,Mitali,Bir,mitali.bir311@yahoo.com,6050299907,Female,1979-10-06,Mumbai,Maharashtra,India,2023-11-04,,1
102823,Dhriti,Thaman,dhriti.thaman95@outlook.com,+91-6784903217,Female,1981-11-06,Bengaluru,Karnataka,India,2024-02-09,,0
102824,Charita,Dani,charita.dani792@gmail.com,+91-0043753157,Female,1977-08-16,Bhopal,Madhya Pradesh,India,2024-10-06,,0
102825,Ekaja,Goel,ekaja.goel881@outlook.com,6039036748,Female,,Faridabad,Haryana,India,2024-08-14,,1
102826,Upadhriti,Sathe,upadhriti.sathe630@outlook.com,5153474392,Female,1984-06-11,Bhopal,Madhya Pradesh,India,2025-10-11,,0
102827,Charles,Garde,charles.garde657@yahoo.com,08101032082,Male,2001-04-09,Chennai,Tamil Nadu,India,2025-01-19,,0
102828,Lavanya,Chatterjee,lavanya.chatterjee340@yahoo.com,+91-0975788516,Female,1979-09-30,Surat,Gujarat,India,2025-09-28,,0
102829,Adya,Tara,adya.tara834@outlook.com,0439461622,Female,1993-09-15,Indore,Madhya Pradesh,India,2025-10-21,,0
102830,Viraj,Sawhney,viraj.sawhney3@gmail.com,+91-0260284655,Male,1988-09-05,Lucknow,Uttar Pradesh,India,2025-02-14,,0
102831,Chakradev,Wali,chakradev.wali534@outlook.com,+91-4993397453,Male,2002-09-13,Nagpur,Maharashtra,India,2024-08-02,,1
102832,Bhavika,Walia,bhavika.walia60@yahoo.com,07614443373,Female,1978-09-29,Guwahati,Assam,India,2025-01-15,,1
102833,Anita,Bhatia,anita.bhatia962@outlook.com,9476318342,Female,1994-09-19,Nagpur,Maharashtra,India,2023-07-06,,0
102834,abhiram,Arya,abhiram.arya460@yahoo.com,2346151216,Male,1984-03-23,Ahmedabad,Gujarat,India,2024-02-27,,1
102835,Aarnav  ,Virk,aarnav.virk376@hotmail.com,6658978242,Male,,Patna,Bihar,India,2025-11-07,,0
102836,QASIM,Sama,qasim.sama114@outlook.com,05404450398,Male,1979-10-14,Lucknow,Uttar Pradesh,India,2023-05-12,,1
102837,Zansi,Issac,zansi.issac267@yahoo.com,+91-8144986029,Female,1994-09-30,Indore,Madhya Pradesh,India,2025-09-06,,1
102838,oni,Kar,oni.kar419@hotmail.com,0707919048,Female,1994-01-08,Mumbai,Maharashtra,India,2023-03-08,,0
102839,Yauvani,Sandal,yauvani.sandal550@yahoo.com,3345129829,Female,2008-03-20,Bhopal,Madhya Pradesh,India,2025-11-11,,0
102840,Ladli,Palan,ladli.palan144@yahoo.com,7881474250,Female,1982-08-04,Patna,Bihar,India,2025-04-02,,0
102841,Mitesh,Kapadia,mitesh.kapadia483@outlook.com,5007867755,Male,1960-08-22,Chandigarh,Chandigarh,India,2023-07-11,,1
102842,OESHI,Gupta,oeshi.gupta2@gmail.com,03673361424,Female,1983-04-04,Lucknow,Uttar Pradesh,India,2023-12-20,,1
102843,Brijesh,Parekh,brijesh.parekh382@yahoo.com,9566148243,Male,1980-08-10,Hyderabad,Telangana,India,2024-10-06,,0
102844,Pavani,Borde,pavani.borde327@yahoo.com,07306146017,Female,1992-10-04,Surat,Gujarat,India,2025-05-28,,0
102845,Chameli,Purohit,chameli.purohit946@yahoo.com,+91-5683596278,Female,1972-08-01,Coimbatore,Tamil Nadu,India,2024-04-21,,1
102846,Vritti,Sridhar,vritti.sridhar570@hotmail.com,+91-3471451374,Female,1992-03-25,Patna,Bihar,India,2024-06-23,,1
102847,Aarini,Datta,aarini.datta872@gmail.com,5293675627,Female,1978-05-13,Chandigarh,Chandigarh,India,2023-07-13,,1
102848,Jeremiah,Om,jeremiah.om309@yahoo.com,09893975955,Male,1971-12-25,Surat,Gujarat,India,2023-09-03,,1
102849,Manthan,Gara,manthan.gara295@outlook.com,+91-0544765839,Male,1992-05-14,Hyderabad,Telangana,India,2025-03-02,,0
102850,Abdul,Bir,abdul.bir180@gmail.com,+91-7043885287,Male,,Chandigarh,Chandigarh,India,2025-11-11,,1
102851,Azad  ,Pandit,azad.pandit510@outlook.com,00299738544,Male,2002-07-05,Pune,Maharashtra,India,2023-10-08,,0
102852,Gaurang,Mand,gaurang.mand684@gmail.com,+91-6886989087,Male,1979-11-03,Nagpur,Maharashtra,India,2025-01-21,,0
102853,Lakshmi,Ghosh,lakshmi.ghosh842@yahoo.com,1578737815,Female,2003-04-19,Jaipur,Rajasthan,India,2025-06-12,,0
102854,Darsh  ,Raval,darsh.raval804@hotmail.com,+91-1387314031,Male,1987-12-07,Patna,Bihar,India,2024-02-27,,0
102855,Dhriti,Rao,dhriti.rao855@gmail.com,+91-6988967621,Female,1984-09-19,Chennai,Tamil Nadu,India,2023-06-04,,1
102856,Gautam,Muni,gautam.muni16@hotmail.com,6867071671,Male,1991-03-26,Ahmedabad,Gujarat,India,2024-06-18,,1
102857,YOCHANA,Parmer,yochana.parmer381@outlook.com,5235298009,Female,1969-09-09,Nagpur,Maharashtra,India,2025-06-03,,0
102858,Bhavya,Kapoor,bhavya.kapoor680@hotmail.com,02471155822,Female,2006-02-23,Pune,Maharashtra,India,2025-09-16,,1
102859,Daksh,Nath,daksh.nath200@outlook.com,+91-0677693131,Male,1998-09-11,Mumbai,Maharashtra,India,2024-01-31,,0
102860,Rohan,Mishra,rohan.mishra309@outlook.com,02550353321,Male,1962-03-14,Lucknow,Uttar Pradesh,India,2025-04-15,,0
102861,Faris,Nazareth,faris.nazareth692@outlook.com,01499959770,Male,1971-10-09,Mumbai,Maharashtra,India,2024-12-11,,1
102862,Wakeeta,Agarwal,wakeeta.agarwal281@gmail.com,2014354563,Female,1998-04-28,Mumbai,Maharashtra,India,2025-05-01,,0
102863,Vrishti,Uppal,vrishti.uppal336@gmail.com,3644498106,Female,2005-04-17,Faridabad,Haryana,India,2025-06-21,,0
102864,Indali,Deo,indali.deo855@yahoo.com,0604294299,Female,2002-01-27,Faridabad,Haryana,India,2024-10-13,,0
102865,Balvan,Chakraborty,balvan.chakraborty782@yahoo.com,+91-3506978209,Male,1988-05-28,Delhi,Delhi,India,2025-07-24,,1
102866,ishita,Thakkar,ishita.thakkar954@yahoo.com,+91-3829983990,Female,1965-08-24,Patna,Bihar,India,2025-06-09,,1
102867,Aarav,Pillai,aarav.pillai48@yahoo.com,6806803040,Male,1960-11-27,Faridabad,Haryana,India,2024-08-14,,0
102868,Nihal,Madan,nihal.madan454@gmail.com,04336057432,Male,1965-07-11,Guwahati,Assam,India,2025-10-17,,1
102869,Chatura,Dar,chatura.dar90@outlook.com,09929179196,Male,2001-01-18,Mumbai,Maharashtra,India,2023-11-28,,1
102870,Arunima,Bhavsar,arunima.bhavsar922@yahoo.com,+91-5920594836,Female,,Pune,Maharashtra,India,2025-03-20,,0
102871,ADVIK,Bala,advik.bala840@yahoo.com,1153609643,Male,1989-10-26,Pune,Maharashtra,India,2023-11-20,,0
102872,Qabil,Hayre,qabil.hayre310@gmail.com,0960153530,Male,,Kochi,Kerala,India,2025-08-07,,0
102873,Praneel,Kannan,praneel.kannan109@gmail.com,8888049704,Male,1980-05-18,Hyderabad,Telangana,India,2025-03-01,,1
102874,noah,Naidu,noah.naidu619@gmail.com,2405741193,Male,1978-05-09,Bhopal,Madhya Pradesh,India,2023-05-10,,1
102875,Chandran,Agarwal,chandran.agarwal386@gmail.com,7095218586,Male,1986-01-31,Indore,Madhya Pradesh,India,2024-03-26,,0
102876,Ansh  ,Lal,ansh.lal527@gmail.com,+91-9008892585,Male,1983-11-06,Bhopal,Madhya Pradesh,India,2025-08-20,,0
102877,Harish,Bath,,3120588694,Male,1985-07-17,Guwahati,Assam,India,2023-03-11,,1
102878,Ishanvi,Bhatia,ishanvi.bhatia986@gmail.com,+91-4095140501,Female,1987-03-08,Pune,Maharashtra,India,2025-06-02,,0
102879,Jairaj,Raju,jairaj.raju386@outlook.com,08541234810,Male,2002-08-07,Lucknow,Uttar Pradesh,India,2024-01-28,,1
102880,Meghana,Nanda,meghana.nanda968@outlook.com,+91-2556144129,Female,1986-08-19,Hyderabad,Telangana,India,2025-02-25,,1
102881,Azaan,Bhatnagar,azaan.bhatnagar439@hotmail.com,1529417611,Male,1965-03-26,Nagpur,Maharashtra,India,2024-11-28,,0
102882,Nikita,Varma,nikita.varma129@gmail.com,+91-6526121669,Female,1974-12-11,Indore,Madhya Pradesh,India,2024-12-19,,1
102883,Chaitanya,Bhasin,chaitanya.bhasin417@gmail.com,+91-0167965567,Male,2004-02-01,Bhopal,Madhya Pradesh,India,2025-01-01,,0
102884,Girik,Kant,girik.kant490@hotmail.com,+91-1434462280,Male,1996-08-11,Hyderabad,Telangana,India,2023-07-19,,1
102885,Libni,Bhalla,libni.bhalla344@yahoo.com,+91-5950942816,Female,1986-09-11,Indore,Madhya Pradesh,India,2024-04-24,,0
102886,Sneha,Dua,sneha.dua890@gmail.com,+91-0872741059,Female,1964-06-06,Ahmedabad,Gujarat,India,2025-04-21,,1
102887,parth,Sharma,parth.sharma934@yahoo.com,01849552964,Male,1972-06-17,Indore,Madhya Pradesh,India,2025-10-29,,0
102888,Nitara,Dey,nitara.dey962@gmail.com,4248729802,Female,1961-09-10,Delhi,Delhi,India,2025-02-15,,1
102889,Faras,Borra,faras.borra895@yahoo.com,1342045781,Male,2008-01-06,Chandigarh,Chandigarh,India,2025-08-03,,0
102890,Krisha,Chhabra,krisha.chhabra390@hotmail.com,+91-0302413001,Female,1966-01-16,Kochi,Kerala,India,2025-04-07,,0
102891,Bachittar,Manda,bachittar.manda675@hotmail.com,+91-3778055922,Male,,Hyderabad,Telangana,India,2025-05-22,,0
102892,WAIDA,Som,waida.som942@yahoo.com,9769799872,Female,1977-06-27,Surat,Gujarat,India,2024-01-09,,1
102893,Tejas,Mohan,tejas.mohan168@outlook.com,6499672763,Male,1971-01-24,Faridabad,Haryana,India,2024-01-29,,1
102894,Tripti,Toor,tripti.toor66@outlook.com,09475052201,Female,1963-10-13,Pune,Maharashtra,India,2025-01-09,,0
102895,Wyatt,Anand,wyatt.anand973@hotmail.com,3323814331,Male,1980-02-11,Pune,Maharashtra,India,2023-09-24,,0
102896,Baljiwan,Sankar,baljiwan.sankar542@outlook.com,+91-9707119895,Male,2003-09-11,Indore,Madhya Pradesh,India,2023-12-25,,0
102897,Dayamai,Dalal,dayamai.dalal726@outlook.com,0371558602,Female,1979-12-04,Coimbatore,Tamil Nadu,India,2025-05-04,,1
102898,Eiravati,Kade,eiravati.kade994@yahoo.com,+91-8469371478,Female,1984-06-18,Indore,Madhya Pradesh,India,2024-05-27,,1
102899,Amara,Venkataraman,amara.venkataraman785@hotmail.com,+91-7844400274,Female,1997-10-04,Delhi,Delhi,India,2025-08-12,,0
102900,Lakshmi,Garde,lakshmi.garde720@outlook.com,06660448671,Female,1966-05-08,Pune,Maharashtra,India,2025-04-02,,0
102901,Zaitra,Borra,zaitra.borra135@gmail.com,04774967845,Female,1994-03-23,Ahmedabad,Gujarat,India,2024-05-28,,0
102902,Turvi,Keer,turvi.keer807@yahoo.com,+91-1567541354,Other,1990-10-01,Chennai,Tamil Nadu,India,2023-09-09,,0
102903,Patrick,Oza,patrick.oza933@outlook.com,+91-0770455300,Male,1964-01-12,Mumbai,Maharashtra,India,2024-08-29,,0
102904,Guneet,Chawla,guneet.chawla715@outlook.com,2592129856,Male,1982-02-08,Hyderabad,Telangana,India,2024-10-10,,0
102905,Devansh,Kuruvilla,devansh.kuruvilla464@outlook.com,01774856526,Male,1975-05-26,Bengaluru,Karnataka,India,2024-01-20,,0
102906,Faras,Madan,faras.madan661@hotmail.com,2022041064,Male,2004-01-11,Kolkata,West Bengal,India,2024-03-19,,0
102907,Samaksh,Barman,samaksh.barman735@gmail.com,01487609673,Male,1981-09-09,Surat,Gujarat,India,2025-06-02,,0
102908,Rachit,Bandi,rachit.bandi688@yahoo.com,05693205065,Male,1962-08-12,Indore,Madhya Pradesh,India,2025-01-19,,0
102909,Rishi,Comar,rishi.comar142@gmail.com,4523649411,Male,,Hyderabad,Telangana,India,2025-08-13,,0
102910,Amara,Bandi,amara.bandi516@outlook.com,06760406232,Female,1965-04-01,Kochi,Kerala,India,2023-10-17,,1
102911,Pratyush,Dar,pratyush.dar771@yahoo.com,+91-6792960586,Male,1977-08-03,Kolkata,West Bengal,India,2024-09-11,,0
102912,Banjeet,Madan,banjeet.madan962@yahoo.com,+91-0704310772,Male,1968-07-30,Kochi,Kerala,India,2025-08-15,,1
102913,Viraj,Kulkarni,viraj.kulkarni9@hotmail.com,6742860176,Male,2007-11-13,Kolkata,West Bengal,India,2024-08-13,,1
102914,Vrishti,Wagle,vrishti.wagle25@yahoo.com,+91-1113052923,Female,1986-01-13,Guwahati,Assam,India,2023-06-13,,0
102915,Rajata,Gala,rajata.gala150@yahoo.com,04480632448,Female,1993-04-24,Hyderabad,Telangana,India,2025-02-19,,1
102916,Ryan,Krishna,ryan.krishna845@gmail.com,1655427933,Male,1992-03-25,Patna,Bihar,India,2025-05-17,,0
102917,Vrinda,Bhalla,vrinda.bhalla487@gmail.com,09047610296,Female,1992-05-22,Faridabad,Haryana,India,2024-02-18,,0
102918,Qadim,Lall,qadim.lall222@gmail.com,+91-7029670503,Male,1976-01-15,Chandigarh,Chandigarh,India,2023-04-17,,0
102919,Frado,Khanna,frado.khanna654@outlook.com,5604851199,Male,1962-02-12,Lucknow,Uttar Pradesh,India,2023-12-12,,1
102920,Samaksh,Nagarajan,samaksh.nagarajan78@outlook.com,7911178512,Male,1977-04-19,Kochi,Kerala,India,2025-09-08,,0
102921,Frederick,Sha,frederick.sha489@yahoo.com,+91-2229253841,Male,1987-02-08,Kochi,Kerala,India,2024-03-06,,0
102922,Oni,Sridhar,oni.sridhar945@gmail.com,5722458836,Female,1981-05-23,Mumbai,Maharashtra,India,2024-12-18,,0
102923,Yahvi,Kalita,yahvi.kalita37@outlook.com,3783615926,Female,1980-07-07,Nagpur,Maharashtra,India,2023-03-27,,1
102924,Samaksh,Raja,samaksh.raja919@hotmail.com,+91-9565300022,Male,1983-11-14,Hyderabad,Telangana,India,2025-08-03,,1
102925,Qabil,Arya,qabil.arya110@gmail.com,+91-0928033714,Male,1967-06-06,Indore,Madhya Pradesh,India,2023-08-13,,0
102926,Daksh,Kalita,daksh.kalita583@gmail.com,9392268949,Male,1976-05-05,Hyderabad,Telangana,India,2025-09-25,,0
102927,Farhan,Tara,farhan.tara680@yahoo.com,+91-6983240728,Male,1964-09-18,Kochi,Kerala,India,2024-10-27,,1
102928,Pooja,Thakkar,pooja.thakkar993@outlook.com,9809880409,Female,1970-08-04,Mumbai,Maharashtra,India,2024-02-08,,1
102929,Ronith,Goel,ronith.goel433@outlook.com,+91-2759426732,Male,1993-09-16,Coimbatore,Tamil Nadu,India,2024-06-08,,0
102930,Warhi,Gola,warhi.gola290@yahoo.com,3250169932,Female,1987-10-25,Pune,Maharashtra,India,2025-03-03,,1
102931,Timothy,Kulkarni,timothy.kulkarni573@outlook.com,+91-6086249513,Male,1970-03-07,Bhopal,Madhya Pradesh,India,2025-05-01,,1
102932,UNNATI,Sandhu,unnati.sandhu620@hotmail.com,02966471181,Female,1970-10-19,Chandigarh,Chandigarh,India,2024-10-23,,1
102933,Ekani,Aggarwal,ekani.aggarwal210@outlook.com,1846550636,Female,1988-06-19,Kochi,Kerala,India,2025-06-01,,0
102934,Onkar,Bhatnagar,onkar.bhatnagar262@yahoo.com,09991966976,Male,1963-07-25,Chandigarh,Chandigarh,India,2023-12-20,,0
102935,Hiral,Devi,hiral.devi967@outlook.com,5143704342,Female,1974-11-09,Ahmedabad,Gujarat,India,2025-03-07,,1
102936,Damini,Sahota,damini.sahota549@gmail.com,7442221242,Female,,Kolkata,West Bengal,India,2025-02-21,,0
102937,Darika,Srinivasan,darika.srinivasan569@yahoo.com,04731751029,Female,2005-02-28,Nagpur,Maharashtra,India,2024-03-11,,0
102938,Kashish,Narain,kashish.narain900@gmail.com,1045351356,Female,1995-09-29,Hyderabad,Telangana,India,2025-01-05,,0
102939,Nandini,Kar,,6335471543,Female,1972-04-13,Kochi,Kerala,India,2024-01-24,,1
102940,Zehaan,Ganesan,zehaan.ganesan734@yahoo.com,9220682994,Male,1976-12-24,Delhi,Delhi,India,2023-04-28,,1
102941,Ansh,Ghose,ansh.ghose757@outlook.com,+91-8691981625,Male,2005-10-20,Delhi,Delhi,India,2024-12-05,,1
102942,Guneet,Chhabra,guneet.chhabra958@hotmail.com,+91-1338613674,Male,2001-05-08,Guwahati,Assam,India,2023-12-01,,1
102943,Chaitaly,Sankar,chaitaly.sankar359@hotmail.com,+91-3707367127,Female,1994-04-02,Guwahati,Assam,India,2024-02-06,,0
102944,Warhi,Agrawal,warhi.agrawal200@yahoo.com,1789406972,Female,2008-01-01,Faridabad,Haryana,India,2025-05-20,,0
102945,Unni,Sekhon,unni.sekhon691@yahoo.com,6293191678,Female,2005-01-15,Lucknow,Uttar Pradesh,India,2025-11-25,,0
102946,upkaar,Murthy,upkaar.murthy858@yahoo.com,0192553175,Male,1976-04-09,Chennai,Tamil Nadu,India,2025-09-05,,1
102947,Aachal,Lad,aachal.lad371@gmail.com,3840397267,Female,1976-10-03,Nagpur,Maharashtra,India,2025-05-11,,0
102948,Pooja,Sarraf,pooja.sarraf85@gmail.com,04250956360,Female,,Bhopal,Madhya Pradesh,India,2024-06-01,,0
102949,JANANI,Upadhyay,janani.upadhyay10@hotmail.com,+91-2313299678,Female,1970-12-28,Ahmedabad,Gujarat,India,2023-05-01,,0
102950,Mohammed,Jain,mohammed.jain932@hotmail.com,+91-9776385869,Male,1967-09-20,Jaipur,Rajasthan,India,2023-12-06,,0
102951,oliver,Madan,oliver.madan367@yahoo.com,2871171653,Male,2006-12-10,Lucknow,Uttar Pradesh,India,2025-03-17,,1
102952,Onveer,Natarajan,onveer.natarajan838@gmail.com,00698958294,Male,1986-06-11,Coimbatore,Tamil Nadu,India,2025-04-26,,1
102953,Kamya,Bhat,kamya.bhat696@outlook.com,5417939431,Female,1975-08-08,Faridabad,Haryana,India,2025-07-22,,0
102954,Dhriti,Lall,dhriti.lall837@yahoo.com,0967624285,Female,1984-05-09,Bhopal,Madhya Pradesh,India,2025-02-22,,0
102955,Anamika,More,anamika.more271@outlook.com,0354766307,Female,1998-07-02,Chandigarh,Chandigarh,India,2023-01-09,,0
102956,Vaishnavi,Suresh,vaishnavi.suresh41@gmail.com,05194072346,Female,,Lucknow,Uttar Pradesh,India,2025-04-17,,0
102957,Dalaja,Patil,dalaja.patil89@gmail.com,00829220925,Female,1964-11-02,Faridabad,Haryana,India,2025-08-30,,0
102958,Henry,Balakrishnan,henry.balakrishnan287@outlook.com,04747299055,Male,1976-01-26,Chandigarh,Chandigarh,India,2023-01-02,,0
102959,Kavya,Subramaniam,kavya.subramaniam241@yahoo.com,+91-5745684426,Female,1971-09-29,Delhi,Delhi,India,2024-07-02,,1
102960,henry,Korpal,henry.korpal92@gmail.com,9034830824,Male,1964-11-22,Kolkata,West Bengal,India,2025-09-16,,0
102961,Ansh,Dalal,ansh.dalal68@yahoo.com,09035934177,Male,1996-02-06,Coimbatore,Tamil Nadu,India,2023-06-03,,1
102962,Gunbir,Jani,gunbir.jani178@gmail.com,8218216063,Male,1987-12-04,Chandigarh,Chandigarh,India,2023-04-14,,0
102963,Thomas,Bhavsar,thomas.bhavsar640@yahoo.com,1080238836,Other,2008-06-24,Surat,Gujarat,India,2023-07-12,,1
102964,Wriddhish,Ahuja,wriddhish.ahuja435@hotmail.com,5356441193,Male,1977-05-08,Nagpur,Maharashtra,India,2024-10-08,,1
102965,Upkaar,Goyal,upkaar.goyal144@gmail.com,+91-2402384920,Male,1971-06-09,Kochi,Kerala,India,2023-07-10,,0
102966,Vyanjana,Pai,vyanjana.pai799@outlook.com,0903957286,Female,,Coimbatore,Tamil Nadu,India,2025-07-27,,0
102967,Kavya,Oak,kavya.oak76@yahoo.com,3338276534,Female,1986-07-18,Patna,Bihar,India,2025-03-20,,1
102968,Atharv,Gokhale,atharv.gokhale9@yahoo.com,09238585520,Male,1964-02-20,Kolkata,West Bengal,India,2024-09-09,,1
102969,Daksh,Patla,daksh.patla97@yahoo.com,07920740518,Male,2001-09-04,Lucknow,Uttar Pradesh,India,2025-08-14,,0
102970,Viraj,Atwal,viraj.atwal418@hotmail.com,7599025498,Male,1972-03-09,Pune,Maharashtra,India,2024-12-21,,0
102971,baljiwan,Bal,baljiwan.bal491@hotmail.com,+91-1037281029,Male,1982-05-26,Bhopal,Madhya Pradesh,India,2025-11-17,,1
102972,Onkar,Sem,onkar.sem419@yahoo.com,+91-3700796330,Male,1998-11-09,Kochi,Kerala,India,2024-04-29,,1
102973,Fariq,Palla,fariq.palla901@hotmail.com,+91-9921274621,Male,2001-07-27,Bengaluru,Karnataka,India,2023-02-07,,0
102974,Jalsa  ,Mitter,jalsa.mitter443@hotmail.com,+91-5656219295,Female,2001-03-04,Chennai,Tamil Nadu,India,2023-05-13,,0
102975,Amol,Modi,amol.modi660@hotmail.com,03763782564,Male,1997-07-22,Kolkata,West Bengal,India,2025-10-19,,0
102976,Raagini,Sangha,raagini.sangha475@gmail.com,05577051865,Female,2005-10-13,Guwahati,Assam,India,2025-10-30,,0
102977,Atharv,Randhawa,atharv.randhawa638@outlook.com,+91-1590592568,Male,1982-07-09,Surat,Gujarat,India,2025-06-04,,1
102978,Nilima,Gandhi,nilima.gandhi26@outlook.com,+91-5080466063,Female,1984-12-16,Faridabad,Haryana,India,2024-06-04,,0
102979,Gavin,Thaman,gavin.thaman947@gmail.com,07502092252,Male,1965-11-20,Surat,Gujarat,India,2023-05-16,,0
102980,Jasmit,Arora,jasmit.arora495@outlook.com,7635148749,Female,2001-07-22,Faridabad,Haryana,India,2025-02-28,,0
102981,Chandani,Murty,chandani.murty360@hotmail.com,+91-5893853358,Female,2002-01-26,Patna,Bihar,India,2024-09-01,,1
102982,Manan  ,Bhavsar,manan.bhavsar41@hotmail.com,05228751209,Male,1993-11-16,Lucknow,Uttar Pradesh,India,2024-06-07,,1
102983,Bachittar,Chakraborty,bachittar.chakraborty609@outlook.com,01114963360,Male,1987-09-17,Jaipur,Rajasthan,India,2023-06-30,,1
102984,Chasmum,Bhagat,chasmum.bhagat51@hotmail.com,06197400597,Female,,Patna,Bihar,India,2023-04-25,,0
102985,rajeshri,Venkatesh,rajeshri.venkatesh349@yahoo.com,+91-2104208418,Female,,Hyderabad,Telangana,India,2024-03-16,,1
102986,GIRIK,Ray,girik.ray586@yahoo.com,+91-2550541519,Male,1962-12-04,Jaipur,Rajasthan,India,2023-04-27,,0
102987,Harsh,Shankar,harsh.shankar233@yahoo.com,9606169413,Male,1997-02-11,Chennai,Tamil Nadu,India,2024-05-14,,0
102988,Daksha,Garg,daksha.garg908@yahoo.com,+91-9559582770,Female,1993-11-19,Faridabad,Haryana,India,2024-10-25,,0
102989,Ekaja,Deshpande,ekaja.deshpande927@yahoo.com,4906082761,Female,1961-07-18,Jaipur,Rajasthan,India,2023-06-01,,0
102990,Hamsini  ,Kar,hamsini.kar481@yahoo.com,4596915734,Female,1989-06-15,Patna,Bihar,India,2024-05-09,,1
102991,Gunbir,Pal,gunbir.pal827@gmail.com,5984913878,Male,1984-07-08,Bhopal,Madhya Pradesh,India,2023-12-04,,1
102992,Aarav,Chowdhury,aarav.chowdhury262@hotmail.com,03795233143,Male,1968-08-07,Indore,Madhya Pradesh,India,2023-07-24,,0
102993,Chaitaly,Sathe,chaitaly.sathe963@outlook.com,08796338790,Female,2001-01-05,Lucknow,Uttar Pradesh,India,2024-01-05,,0
102994,Bhavya,Handa,bhavya.handa363@hotmail.com,+91-2204484351,Female,1989-08-04,Chandigarh,Chandigarh,India,2025-08-13,,0
102995,Chandran,Sagar,chandran.sagar678@yahoo.com,+91-4259900284,Male,1968-06-27,Lucknow,Uttar Pradesh,India,2023-11-17,,0
102996,Mahika,Chatterjee,mahika.chatterjee222@hotmail.com,3774340305,Female,1996-01-29,Indore,Madhya Pradesh,India,2025-06-16,,0
102997,WARJAS,Garde,warjas.garde374@hotmail.com,+91-3581368220,Male,1964-07-14,Nagpur,Maharashtra,India,2024-05-01,,1
102998,Oliver,Dugal,oliver.dugal673@yahoo.com,5462116700,Male,1980-08-18,Indore,Madhya Pradesh,India,2024-08-11,,0
102999,Anya,Varkey,anya.varkey888@outlook.com,07664536292,Female,1966-03-12,Guwahati,Assam,India,2024-02-19,,0
