payment_id,order_id,payment_method,payment_status,payment_date,amount,transaction_fee
900000,700000,Debit Card,Completed,2025-11-09 16:03:23,5729.43,103.13
900001,700001,Credit Card,Completed,2024-01-26 17:25:29,11589.47,208.61
900002,700001,Credit Card,Failed,2024-01-26 17:09:29,11589.47,0.0
900003,700002,Debit Card,Completed,2025-04-10 14:12:17,101634.9,1829.43
900004,700003,Credit Card,Completed,2024-04-05 18:48:12,3203.87,57.67
900005,700004,Cash on Delivery,Refunded,2025-12-06 19:14:58,15545.82,0.0
900006,700005,Credit Card,Completed,2023-06-21 20:54:37,161316.34,2903.69
900007,700006,Wallet,Completed,2024-10-12 13:22:42,3945.6,0.0
900008,700007,Credit Card,Completed,2024-08-02 23:04:26,926.36,16.67
900009,700008,UPI,Completed,2024-03-18 15:07:22,211436.63,0.0
900010,700009,Credit Card,Completed,2025-02-15 16:40:00,5982.22,107.68
900011,700009,Credit Card,Failed,2025-02-15 16:33:00,5982.22,0.0
900012,700010,UPI,Completed,2023-08-08 20:35:06,302455.63,0.0
900013,700011,UPI,Completed,2025-05-10 19:04:08,128629.2,0.0
900014,700012,Credit Card,Completed,2025-12-20 16:43:43,6125.72,110.26
900015,700013,UPI,Completed,2025-08-11 17:39:54,2948.7,0.0
900016,700014,UPI,Completed,2025-10-05 19:46:57,7936.45,0.0
900017,700015,Cash on Delivery,Completed,2024-05-05 18:22:36,3075.1,0.0
900018,700016,UPI,Completed,2024-03-16 14:55:10,17550.88,0.0
900019,700017,Debit Card,Failed,2024-10-22 23:52:16,8759.41,157.67
900020,700018,Cash on Delivery,Completed,2023-03-22 17:24:57,4545.06,0.0
900021,700019,Debit Card,Completed,2025-11-14 23:22:07,11665.2,209.97
900022,700020,Credit Card,Completed,2023-08-24 23:33:12,103117.08,1856.11
900023,700021,Credit Card,Completed,2025-10-25 18:18:21,12989.11,233.8
900024,700022,Cash on Delivery,Pending,2023-05-23 13:02:51,833.72,0.0
900025,700023,Cash on Delivery,Completed,2025-08-29 13:40:05,111118.6,0.0
900026,700024,UPI,Completed,2023-09-07 14:06:05,2527.93,0.0
900027,700025,UPI,Completed,2023-03-07 16:22:53,203736.84,0.0
900028,700026,Credit Card,Completed,2025-05-13 21:44:29,325780.29,5864.05
900029,700027,Cash on Delivery,Completed,2024-01-16 18:30:11,16866.32,0.0
900030,700028,Debit Card,Completed,2025-05-08 23:26:29,4213.12,75.84
900031,700029,UPI,Completed,2024-11-12 23:06:53,5488.57,0.0
900032,700030,UPI,Completed,2023-07-03 16:53:30,123013.98,0.0
900033,700031,Debit Card,Pending,2025-11-08 09:48:55,16844.22,303.2
900034,700032,Cash on Delivery,Pending,2024-08-27 19:06:11,71418.15,0.0
900035,700033,Debit Card,Completed,2025-05-27 18:16:33,1389.54,25.01
900036,700034,Debit Card,Completed,2024-10-13 21:28:25,469.73,8.46
900037,700035,Debit Card,Completed,2025-01-01 16:36:14,72111.98,1298.02
900038,700036,Cash on Delivery,Completed,2024-02-12 23:01:50,12873.23,0.0
900039,700037,Cash on Delivery,Completed,2023-10-23 16:38:21,83711.37,0.0
900040,700038,Credit Card,Failed,2024-11-05 18:31:03,926.36,16.67
900041,700039,Cash on Delivery,Completed,2024-08-13 20:46:39,1389.54,0.0
900042,700040,Net Banking,Failed,2024-06-09 19:58:52,207194.71,0.0
900043,700041,UPI,Failed,2025-03-21 19:26:28,14012.38,0.0
900044,700042,Debit Card,Refunded,2025-04-12 18:11:48,17162.81,308.93
900045,700043,Debit Card,Refunded,2023-03-22 15:49:33,39496.97,710.95
900046,700043,Debit Card,Failed,2023-03-22 15:31:33,39496.97,0.0
900047,700044,UPI,Completed,2024-04-06 20:22:54,5476.63,0.0
900048,700045,Debit Card,Completed,2024-07-10 15:03:09,2315.9,41.69
900049,700046,Credit Card,Completed,2023-06-12 17:19:23,151014.85,2718.27
900050,700047,UPI,Completed,2023-11-17 18:11:50,140589.46,0.0
900051,700048,Cash on Delivery,Pending,2023-04-02 16:30:23,3768.04,0.0
900052,700049,Credit Card,Completed,2025-12-29 22:29:11,40234.47,724.22
900053,700050,Debit Card,Refunded,2025-05-29 12:21:18,208331.59,3749.97
900054,700051,UPI,Failed,2023-05-28 20:16:12,228955.17,0.0
900055,700052,Debit Card,Completed,2023-02-02 18:41:19,75437.94,1357.88
900056,700053,Credit Card,Failed,2025-05-13 16:14:58,6496.34,116.93
900057,700054,UPI,Completed,2024-08-12 19:54:10,46541.64,0.0
900058,700055,Net Banking,Failed,2025-07-26 20:41:06,140264.39,0.0
900059,700056,UPI,Completed,2025-11-03 23:37:07,5982.22,0.0
900060,700057,Credit Card,Completed,2024-12-28 12:50:21,2527.93,45.5
900061,700058,Cash on Delivery,Pending,2023-10-15 21:10:32,101134.13,0.0
900062,700059,Cash on Delivery,Completed,2025-07-21 22:09:43,119417.27,0.0
900063,700060,UPI,Completed,2025-11-23 23:03:46,50234.05,0.0
900064,700061,UPI,Completed,2024-12-11 20:09:10,150148.57,0.0
900065,700062,Debit Card,Completed,2025-04-01 17:36:57,187878.76,3381.82
900066,700063,UPI,Completed,2024-04-04 16:43:29,113446.4,0.0
900067,700064,Debit Card,Completed,2024-05-29 16:01:22,7058.57,127.05
900068,700065,Cash on Delivery,Completed,2025-05-27 23:31:00,53361.17,0.0
900069,700066,Debit Card,Completed,2025-11-05 19:22:54,926.36,16.67
900070,700067,UPI,Refunded,2025-01-27 16:05:23,202124.39,0.0
900071,700068,Debit Card,Completed,2025-07-30 23:03:00,1237.74,22.28
900072,700069,UPI,Completed,2023-10-04 18:24:47,9920.95,0.0
900073,700070,Debit Card,Completed,2023-10-31 16:39:02,5982.22,107.68
900074,700071,UPI,Completed,2024-10-31 23:22:56,3670.64,0.0
900075,700072,UPI,Pending,2023-10-07 15:25:28,2563.29,0.0
900076,700073,Wallet,Completed,2025-02-02 13:03:17,6217.72,0.0
900077,700074,UPI,Completed,2024-01-28 15:13:17,46430.1,0.0
900078,700075,Credit Card,Completed,2025-08-01 16:22:19,47177.91,849.2
900079,700076,UPI,Completed,2025-08-14 14:15:50,2401.53,0.0
900080,700077,Credit Card,Completed,2024-09-12 13:04:56,926.36,16.67
900081,700078,UPI,Completed,2023-10-10 14:28:11,5935.9,0.0
900082,700079,Debit Card,Completed,2025-02-16 12:06:15,92609.07,1666.96
900083,700080,Debit Card,Pending,2025-12-27 18:34:19,2139.26,38.51
900084,700081,UPI,Completed,2025-01-22 21:34:42,126036.02,0.0
900085,700082,Debit Card,Completed,2023-03-03 14:11:02,210836.84,3795.06
900086,700083,Cash on Delivery,Completed,2023-01-29 20:04:56,142308.39,0.0
900087,700084,UPI,Completed,2024-03-09 17:46:49,72020.91,0.0
900088,700085,Debit Card,Completed,2023-10-21 09:15:34,238371.36,4290.68
900089,700086,Wallet,Completed,2025-08-18 18:41:44,78012.19,0.0
900090,700087,Net Banking,Refunded,2025-09-23 19:38:00,205281.12,0.0
900091,700088,UPI,Refunded,2023-12-22 19:19:41,158310.37,0.0
900092,700089,UPI,Completed,2024-03-17 23:02:01,75748.42,0.0
900093,700090,UPI,Completed,2023-11-18 18:45:06,8823.83,0.0
900094,700091,UPI,Completed,2025-10-27 23:29:07,2841.55,0.0
900095,700092,UPI,Completed,2024-10-14 22:55:50,1852.72,0.0
900096,700093,Credit Card,Completed,2025-02-28 18:53:38,6167.49,111.01
900097,700094,Credit Card,Completed,2024-07-15 14:00:33,127545.1,2295.81
900098,700095,Cash on Delivery,Completed,2025-01-29 21:49:37,12339.04,0.0
900099,700096,Cash on Delivery,Completed,2024-06-03 21:51:41,13272.46,0.0
900100,700097,Debit Card,Completed,2024-04-07 13:59:23,40878.6,735.81
900101,700098,Cash on Delivery,Completed,2025-02-01 16:25:22,98019.35,0.0
900102,700099,UPI,Completed,2024-12-22 22:07:38,5889.58,0.0
900103,700100,UPI,Completed,2024-01-30 16:15:28,48470.3,0.0
900104,700101,Debit Card,Completed,2023-09-02 20:44:48,1680.56,30.25
900105,700102,UPI,Completed,2024-05-15 22:54:27,2764.72,0.0
900106,700103,Cash on Delivery,Pending,2024-07-15 16:08:47,17671.15,0.0
900107,700104,UPI,Completed,2025-01-27 16:24:59,137385.82,0.0
900108,700105,UPI,Completed,2025-10-30 23:23:23,155662.63,0.0
900109,700106,Credit Card,Completed,2023-03-04 21:34:54,109220.57,1965.97
900110,700107,Net Banking,Completed,2023-11-30 15:02:10,1296.9,0.0
900111,700108,Cash on Delivery,Completed,2023-10-19 23:45:48,10574.9,0.0
900112,700109,Cash on Delivery,Completed,2024-10-14 23:04:19,100801.18,0.0
900113,700110,Cash on Delivery,Pending,2024-08-04 23:56:24,5935.9,0.0
900114,700111,Net Banking,Completed,2025-05-22 18:13:46,509940.0,0.0
900115,700112,Debit Card,Completed,2023-11-28 15:07:04,80383.48,1446.9
900116,700113,Credit Card,Completed,2024-12-25 16:19:11,3108.86,55.96
900117,700114,Wallet,Completed,2025-10-16 18:14:07,1852.72,0.0
900118,700115,Debit Card,Failed,2025-10-28 13:26:13,6993.39,125.88
900119,700115,Debit Card,Failed,2025-10-28 13:16:13,6993.39,0.0
900120,700116,Credit Card,Completed,2025-11-26 23:24:20,1724.08,31.03
900121,700117,Debit Card,Completed,2025-07-10 16:37:32,103067.96,1855.22
900122,700118,Net Banking,Completed,2025-10-26 23:35:35,1426492.0,0.0
900123,700119,Debit Card,Completed,2023-11-15 22:14:31,29582.83,532.49
900124,700120,UPI,Completed,2023-10-22 23:46:14,122102.69,0.0
900125,700121,UPI,Completed,2023-01-13 19:11:47,4464.64,0.0
900126,700122,UPI,Completed,2025-05-01 17:38:07,833.72,0.0
900127,700123,UPI,Completed,2025-11-10 17:21:38,506.19,0.0
900128,700124,UPI,Completed,2023-10-14 22:24:47,1259.2,0.0
900129,700125,Credit Card,Completed,2025-02-04 21:28:10,128148.73,2306.68
900130,700126,Wallet,Completed,2025-06-09 12:07:33,7243.12,0.0
900131,700127,Credit Card,Completed,2025-11-05 11:28:44,11939.74,214.92
900132,700128,UPI,Completed,2025-02-17 20:41:03,3511.95,0.0
900133,700129,UPI,Completed,2025-12-09 19:39:46,7557.85,0.0
900134,700130,Debit Card,Completed,2024-04-14 23:30:57,4600.68,82.81
900135,700131,Wallet,Refunded,2024-04-22 21:38:03,2439.2,0.0
900136,700132,Debit Card,Completed,2024-11-06 20:06:31,198247.36,3568.45
900137,700133,Cash on Delivery,Completed,2024-05-31 15:26:50,45850.17,0.0
900138,700134,UPI,Refunded,2023-01-03 23:22:33,3466.21,0.0
900139,700135,UPI,Failed,2025-05-24 21:06:57,1214.58,0.0
900140,700136,UPI,Completed,2025-06-15 23:40:51,47314.36,0.0
900141,700137,Credit Card,Completed,2025-06-09 16:26:12,454.27,8.18
900142,700138,UPI,Completed,2024-04-15 17:53:22,156086.92,0.0
900143,700139,Debit Card,Completed,2024-10-25 14:48:26,13232.9,238.19
900144,700140,UPI,Completed,2024-05-05 19:26:13,3917.47,0.0
900145,700141,Credit Card,Completed,2023-01-27 16:05:36,3643.68,65.59
900146,700142,UPI,Completed,2024-11-17 16:37:41,1389.54,0.0
900147,700143,Debit Card,Pending,2023-07-29 23:33:10,16095.74,289.72
900148,700144,Credit Card,Refunded,2023-05-18 16:52:00,122524.28,2205.44
900149,700145,Debit Card,Completed,2025-06-20 13:22:12,926.36,16.67
900150,700146,Debit Card,Completed,2023-01-19 15:44:12,5378.64,96.82
900151,700147,Wallet,Completed,2025-11-26 23:15:04,57878.09,0.0
900152,700148,Cash on Delivery,Failed,2024-10-21 16:17:37,137466.34,0.0
900153,700149,Cash on Delivery,Completed,2025-12-21 22:02:19,206725.63,0.0
900154,700150,Debit Card,Failed,2023-04-13 18:15:30,39091.46,703.65
900155,700151,Wallet,Refunded,2024-12-15 20:23:33,3284.78,0.0
900156,700152,UPI,Completed,2024-04-21 23:26:57,19338.81,0.0
900157,700153,UPI,Completed,2025-09-22 19:35:48,9100.55,0.0
900158,700154,Cash on Delivery,Completed,2024-05-07 14:46:13,6939.94,0.0
900159,700155,UPI,Completed,2023-12-23 14:09:58,163040.63,0.0
900160,700156,UPI,Completed,2025-10-04 20:06:28,900.94,0.0
900161,700157,Cash on Delivery,Completed,2024-05-21 17:47:11,56382.81,0.0
900162,700158,Credit Card,Refunded,2023-01-28 20:56:04,5067.92,91.22
900163,700159,Net Banking,Failed,2024-06-10 16:57:11,87956.14,0.0
900164,700160,UPI,Failed,2025-02-26 20:45:12,1320.06,0.0
900165,700161,Credit Card,Completed,2023-12-16 18:34:25,131924.38,2374.64
900166,700162,Credit Card,Completed,2024-08-06 12:16:06,121695.65,2190.52
900167,700163,UPI,Completed,2023-04-11 14:20:14,6150.2,0.0
900168,700164,Cash on Delivery,Completed,2024-12-20 17:03:38,27433.64,0.0
900169,700165,Credit Card,Refunded,2025-06-21 16:49:51,2738.32,49.29
900170,700166,Net Banking,Completed,2024-07-12 16:47:21,4771.03,0.0
900171,700167,Credit Card,Completed,2024-07-22 19:44:42,2991.11,53.84
900172,700168,Credit Card,Completed,2023-05-29 14:34:29,138063.96,2485.15
900173,700169,Cash on Delivery,Failed,2023-10-25 17:02:35,10678.24,0.0
900174,700170,Net Banking,Completed,2023-09-11 23:11:44,4172.24,0.0
900175,700171,UPI,Completed,2024-10-03 21:57:12,119672.02,0.0
900176,700172,Debit Card,Completed,2024-10-29 21:05:26,206438.28,3715.89
900177,700173,Credit Card,Failed,2025-11-15 17:13:13,79920.3,1438.57
900178,700174,Wallet,Refunded,2023-05-08 18:28:01,9837.5,0.0
900179,700175,Credit Card,Completed,2024-12-29 11:42:14,5982.22,107.68
900180,700176,UPI,Completed,2024-10-27 17:11:19,524.7,0.0
900181,700177,Credit Card,Completed,2024-10-22 20:17:06,153764.63,2767.76
900182,700178,Cash on Delivery,Pending,2025-10-11 18:46:14,4012.93,0.0
900183,700179,Debit Card,Completed,2023-10-27 21:58:15,1724.08,31.03
900184,700180,Debit Card,Completed,2023-03-12 23:19:57,170545.27,3069.81
900185,700181,Debit Card,Completed,2025-03-20 17:41:50,33573.91,604.33
900186,700182,Debit Card,Failed,2024-04-15 17:48:35,396971.89,7145.49
900187,700183,Debit Card,Completed,2023-01-29 23:01:10,9616.16,173.09
900188,700184,Cash on Delivery,Completed,2023-12-12 23:23:00,6489.76,0.0
900189,700185,UPI,Completed,2024-02-22 23:26:22,833.72,0.0
900190,700186,Debit Card,Completed,2025-01-17 17:27:42,258768.14,4657.83
900191,700187,UPI,Pending,2023-10-05 14:17:00,4271.27,0.0
900192,700188,Debit Card,Failed,2024-07-12 19:19:31,3917.47,70.51
900193,700189,UPI,Completed,2024-10-03 17:45:04,147810.07,0.0
900194,700190,UPI,Completed,2024-09-06 15:53:40,55687.27,0.0
900195,700191,UPI,Completed,2025-12-13 15:05:43,42836.74,0.0
900196,700192,UPI,Completed,2023-03-21 19:11:24,43257.36,0.0
900197,700193,Cash on Delivery,Completed,2025-11-17 22:04:01,6402.99,0.0
900198,700194,UPI,Completed,2024-12-13 21:20:39,7063.5,0.0
900199,700195,Wallet,Completed,2025-08-05 17:11:02,71950.37,0.0
900200,700196,UPI,Completed,2024-08-05 15:24:27,94885.15,0.0
900201,700197,Cash on Delivery,Completed,2024-08-29 15:38:11,1389.54,0.0
900202,700198,UPI,Completed,2025-10-14 23:14:14,6399.01,0.0
900203,700199,UPI,Completed,2025-10-22 19:05:53,142484.58,0.0
900204,700200,Debit Card,Completed,2023-11-22 05:48:12,6464.39,116.36
900205,700201,Credit Card,Failed,2023-10-23 14:50:14,97534.14,1755.61
900206,700202,Debit Card,Completed,2024-10-11 14:54:09,2146144.0,38630.59
900207,700203,Debit Card,Completed,2025-10-24 17:11:32,880.04,15.84
900208,700204,Debit Card,Completed,2024-03-12 17:51:19,10853.12,195.36
900209,700205,Net Banking,Completed,2025-02-23 17:15:16,648.45,0.0
900210,700206,UPI,Completed,2025-05-03 21:47:33,52797.62,0.0
900211,700207,Debit Card,Completed,2025-07-17 23:46:02,1094.53,19.7
900212,700208,Cash on Delivery,Pending,2024-11-19 18:51:18,7543.82,0.0
900213,700209,Net Banking,Refunded,2024-06-27 14:46:35,231578.13,0.0
900214,700210,Cash on Delivery,Completed,2025-12-05 19:08:35,35964.13,0.0
900215,700211,Debit Card,Completed,2025-01-10 21:28:17,4432.76,79.79
900216,700212,Cash on Delivery,Completed,2025-05-21 21:36:55,318386.46,0.0
900217,700213,Cash on Delivery,Pending,2024-04-15 14:48:54,10324.26,0.0
900218,700214,Credit Card,Failed,2025-03-17 21:59:33,10783.65,194.11
900219,700215,Net Banking,Completed,2023-12-21 19:56:58,8804.8,0.0
900220,700216,Credit Card,Completed,2023-12-02 23:15:36,15545.91,279.83
900221,700217,UPI,Completed,2025-05-09 23:27:18,35509.59,0.0
900222,700218,UPI,Completed,2024-10-25 09:53:55,1852.72,0.0
900223,700218,UPI,Failed,2024-10-25 09:37:55,1852.72,0.0
900224,700219,Credit Card,Completed,2025-04-03 17:07:51,189514.92,3411.27
900225,700219,Credit Card,Failed,2025-04-03 16:47:51,189514.92,0.0
900226,700220,Cash on Delivery,Completed,2023-12-31 13:51:37,3978.11,0.0
900227,700221,UPI,Refunded,2024-12-28 19:35:32,6946.97,0.0
900228,700222,Net Banking,Completed,2024-08-16 17:18:47,3273.2,0.0
900229,700223,UPI,Refunded,2024-12-27 17:33:27,5013.45,0.0
900230,700224,Net Banking,Completed,2024-01-27 11:37:16,11458.85,0.0
900231,700225,Credit Card,Failed,2025-05-09 18:29:44,2313.42,41.64
900232,700226,UPI,Completed,2025-08-12 23:27:37,47321.83,0.0
900233,700227,Credit Card,Completed,2023-12-23 15:28:58,6445.4,116.02
900234,700228,Debit Card,Completed,2024-02-09 23:13:51,1387.11,24.97
900235,700229,Debit Card,Completed,2025-03-07 22:45:59,1283.36,23.1
900236,700230,UPI,Failed,2025-04-18 23:53:22,13233.15,0.0
900237,700231,Credit Card,Completed,2025-04-28 19:41:21,30587.07,550.57
900238,700232,Cash on Delivery,Completed,2025-04-02 20:01:43,101912.81,0.0
900239,700233,Debit Card,Completed,2024-06-13 13:42:18,3872.82,69.71
900240,700234,UPI,Pending,2024-06-16 20:11:13,80493.8,0.0
900241,700235,UPI,Failed,2023-12-17 20:23:39,56129.48,0.0
900242,700236,Debit Card,Completed,2023-09-15 11:56:59,6295.68,113.32
900243,700237,Credit Card,Completed,2025-04-14 19:41:21,225443.68,4057.99
900244,700238,UPI,Completed,2023-06-06 17:50:14,52523.49,0.0
900245,700238,UPI,Failed,2023-06-06 17:40:14,52523.49,0.0
900246,700239,Wallet,Completed,2025-11-10 19:57:11,106919.72,0.0
900247,700240,UPI,Completed,2025-09-03 16:44:34,113029.54,0.0
900248,700241,Cash on Delivery,Completed,2025-10-04 22:28:07,8764.9,0.0
900249,700242,Wallet,Failed,2025-10-27 23:54:08,44347.9,0.0
900250,700243,Debit Card,Completed,2024-07-06 20:54:15,1389.54,25.01
900251,700244,Net Banking,Completed,2025-09-26 12:31:27,115108.75,0.0
900252,700245,Debit Card,Completed,2023-09-17 17:19:32,153990.77,2771.83
900253,700246,Cash on Delivery,Completed,2023-02-04 14:15:33,7995.15,0.0
900254,700247,Cash on Delivery,Completed,2025-07-24 23:48:47,535.15,0.0
900255,700248,Debit Card,Completed,2023-05-11 21:42:24,180960.72,3257.29
900256,700249,UPI,Completed,2025-12-25 20:01:46,10003.75,0.0
900257,700250,UPI,Completed,2025-03-23 18:48:09,11979.29,0.0
900258,700251,Cash on Delivery,Completed,2025-06-17 20:21:05,102121.24,0.0
900259,700252,UPI,Completed,2023-12-03 17:00:48,2738.32,0.0
900260,700253,Debit Card,Completed,2025-03-22 23:23:09,11275.52,202.96
900261,700254,Debit Card,Completed,2023-03-17 17:48:30,142011.95,2556.22
900262,700255,UPI,Completed,2025-09-15 20:26:09,2315.9,0.0
900263,700256,Net Banking,Completed,2023-10-03 13:13:16,53357.19,0.0
900264,700257,Debit Card,Completed,2025-04-20 14:38:16,494.45,8.9
900265,700258,UPI,Completed,2023-11-09 14:45:15,171731.1,0.0
900266,700259,UPI,Completed,2023-05-02 14:09:12,103983.63,0.0
900267,700260,UPI,Completed,2024-10-03 20:05:30,34919.2,0.0
900268,700261,Net Banking,Completed,2023-10-02 19:07:56,4550.27,0.0
900269,700262,Cash on Delivery,Pending,2025-05-22 21:29:29,56231.92,0.0
900270,700263,Cash on Delivery,Failed,2023-11-20 22:26:56,96594.84,0.0
900271,700264,UPI,Completed,2024-04-11 21:25:28,1852.72,0.0
900272,700264,UPI,Failed,2024-04-11 21:06:28,1852.72,0.0
900273,700265,UPI,Completed,2024-11-24 18:58:56,19311.78,0.0
900274,700266,Net Banking,Completed,2024-01-22 21:50:31,53247.47,0.0
900275,700267,Credit Card,Failed,2024-05-25 19:41:15,6131.47,110.37
900276,700268,UPI,Completed,2025-08-21 17:08:37,2047.94,0.0
900277,700269,Credit Card,Completed,2023-10-09 15:29:50,140038.36,2520.69
900278,700270,Debit Card,Completed,2023-05-21 19:48:50,40330.69,725.95
900279,700271,Credit Card,Completed,2024-03-21 23:35:30,64319.03,1157.74
900280,700272,UPI,Completed,2024-07-27 16:01:55,212084.62,0.0
900281,700273,Credit Card,Refunded,2024-11-05 17:19:38,5982.22,107.68
900282,700274,UPI,Completed,2024-05-19 12:04:20,5982.22,0.0
900283,700275,Debit Card,Completed,2025-07-30 13:13:03,76107.6,1369.94
900284,700276,Debit Card,Completed,2023-03-10 23:41:45,125399.49,2257.19
900285,700277,UPI,Completed,2024-08-06 20:02:50,1389.54,0.0
900286,700278,UPI,Completed,2024-05-30 23:32:09,276336.43,0.0
900287,700279,UPI,Completed,2025-02-18 23:21:15,3407.97,0.0
900288,700280,UPI,Completed,2025-12-04 17:41:42,101634.9,0.0
900289,700281,Debit Card,Refunded,2024-10-19 16:11:58,88743.49,1597.38
900290,700282,UPI,Completed,2025-12-23 19:26:27,11991.65,0.0
900291,700283,Debit Card,Completed,2024-02-11 18:42:48,165254.29,2974.58
900292,700283,Debit Card,Failed,2024-02-11 18:26:48,165254.29,0.0
900293,700284,UPI,Completed,2023-02-22 17:01:54,200939.14,0.0
900294,700285,Credit Card,Completed,2023-09-29 19:47:15,13596.23,244.73
900295,700286,Wallet,Completed,2024-06-16 12:23:52,4888.84,0.0
900296,700287,UPI,Completed,2024-03-03 23:48:38,52471.62,0.0
900297,700288,Wallet,Completed,2023-06-13 23:53:20,48878.37,0.0
900298,700289,UPI,Completed,2024-08-07 22:56:20,7804.92,0.0
900299,700290,Credit Card,Completed,2024-04-05 12:50:59,71094.55,1279.7
900300,700291,UPI,Completed,2023-07-27 14:46:19,3589.25,0.0
900301,700292,UPI,Completed,2024-02-02 16:32:41,206465.97,0.0
900302,700293,UPI,Completed,2025-10-17 13:17:46,2769.51,0.0
900303,700294,Credit Card,Completed,2024-02-11 19:42:41,5759.85,103.68
900304,700295,Credit Card,Refunded,2025-05-08 21:39:01,103769.13,1867.84
900305,700296,Credit Card,Completed,2025-01-11 15:21:38,39913.83,718.45
900306,700297,Wallet,Completed,2024-07-31 21:39:04,2923.59,0.0
900307,700298,UPI,Completed,2023-11-22 22:44:14,86660.3,0.0
900308,700299,UPI,Completed,2024-05-15 19:11:31,102708.19,0.0
900309,700300,Debit Card,Completed,2024-12-23 16:20:17,8931.38,160.76
900310,700301,Credit Card,Pending,2024-04-23 16:27:11,6123.13,110.22
900311,700302,Debit Card,Completed,2023-11-02 19:04:13,8315.42,149.68
900312,700303,UPI,Completed,2023-07-16 11:19:31,3664.68,0.0
900313,700304,UPI,Completed,2025-10-14 19:35:37,281776.8,0.0
900314,700305,UPI,Failed,2024-08-13 19:32:21,95868.05,0.0
900315,700306,Credit Card,Completed,2025-01-25 18:19:52,138954.0,2501.17
900316,700307,Debit Card,Refunded,2024-10-08 18:16:18,74460.42,1340.29
900317,700308,Cash on Delivery,Completed,2025-10-11 22:55:43,6919.35,0.0
900318,700309,UPI,Completed,2024-11-08 16:14:50,37953.07,0.0
900319,700310,UPI,Refunded,2024-10-02 19:22:05,39936.99,0.0
900320,700311,UPI,Completed,2025-11-04 18:48:55,8061.89,0.0
900321,700312,UPI,Completed,2025-05-13 14:55:31,17876.08,0.0
900322,700313,UPI,Completed,2023-07-08 16:13:58,6313.83,0.0
900323,700314,Debit Card,Completed,2023-10-08 20:00:09,136084.66,2449.52
900324,700315,Credit Card,Completed,2025-07-27 14:57:26,102458.96,1844.26
900325,700316,UPI,Pending,2025-09-13 19:13:39,2132.7,0.0
900326,700317,Debit Card,Completed,2024-11-07 18:10:44,151641.79,2729.55
900327,700318,Credit Card,Completed,2024-11-12 14:21:56,741.09,13.34
900328,700319,Wallet,Completed,2025-01-30 21:36:33,5158.51,0.0
900329,700320,Debit Card,Completed,2024-08-12 19:04:58,208049.49,3744.89
900330,700321,Debit Card,Completed,2025-03-30 16:24:21,106783.4,1922.1
900331,700322,UPI,Completed,2023-07-03 23:55:07,6645.17,0.0
900332,700323,Credit Card,Completed,2025-11-29 21:11:13,160227.48,2884.09
900333,700324,Wallet,Completed,2025-06-13 21:37:14,49033.8,0.0
900334,700325,Debit Card,Completed,2025-01-29 18:05:35,9288.91,167.2
900335,700326,Cash on Delivery,Completed,2024-03-03 21:34:04,17503.6,0.0
900336,700327,Wallet,Completed,2023-09-22 23:12:16,3315.34,0.0
900337,700328,Cash on Delivery,Completed,2024-07-07 20:11:19,43584.74,0.0
900338,700329,Debit Card,Completed,2025-03-07 21:38:56,9997.3,179.95
900339,700330,Cash on Delivery,Pending,2025-01-31 16:15:48,11605.58,0.0
900340,700331,Debit Card,Completed,2024-05-30 16:47:59,1389.54,25.01
900341,700332,UPI,Completed,2025-01-12 21:09:30,10293.04,0.0
900342,700333,Cash on Delivery,Refunded,2025-08-19 17:18:46,403.95,0.0
900343,700334,UPI,Completed,2023-02-13 20:21:56,10069.31,0.0
900344,700335,Debit Card,Completed,2024-08-25 18:04:20,5502.23,99.04
900345,700336,UPI,Completed,2025-06-23 18:19:18,19444.8,0.0
900346,700337,Credit Card,Completed,2024-11-07 22:42:45,86036.0,1548.65
900347,700338,Credit Card,Completed,2025-02-22 18:56:47,4465.46,80.38
900348,700339,Credit Card,Completed,2024-10-22 17:42:49,174331.13,3137.96
900349,700340,Credit Card,Refunded,2025-12-27 19:53:45,11431.78,205.77
900350,700341,UPI,Completed,2023-04-07 21:20:56,2621.69,0.0
900351,700342,UPI,Completed,2024-10-08 21:11:38,159667.41,0.0
900352,700343,Debit Card,Refunded,2023-06-03 19:39:54,145175.22,2613.15
900353,700344,Cash on Delivery,Completed,2023-09-20 19:26:19,12432.84,0.0
900354,700345,Cash on Delivery,Completed,2024-05-31 16:58:46,5409.16,0.0
900355,700346,Debit Card,Pending,2023-09-13 23:06:58,5293.5,95.28
900356,700347,Credit Card,Completed,2025-12-01 18:39:05,81419.39,1465.55
900357,700348,UPI,Completed,2025-11-14 21:53:54,2944.79,0.0
900358,700349,Debit Card,Completed,2024-04-02 21:16:08,2097.37,37.75
900359,700350,UPI,Completed,2025-02-08 22:52:32,2764.72,0.0
900360,700351,Net Banking,Completed,2024-11-01 17:51:31,263903.66,0.0
900361,700352,UPI,Completed,2025-08-21 19:41:50,9478.92,0.0
900362,700353,UPI,Completed,2025-01-26 20:24:09,159058.74,0.0
900363,700354,UPI,Completed,2023-01-01 20:31:36,1657.11,0.0
900364,700354,UPI,Failed,2023-01-01 20:11:36,1657.11,0.0
900365,700355,Wallet,Completed,2025-06-29 14:14:08,100671.91,0.0
900366,700356,Credit Card,Completed,2025-06-09 19:35:40,223525.02,4023.45
900367,700357,UPI,Completed,2024-10-18 23:09:01,1087.94,0.0
900368,700358,Wallet,Failed,2025-10-25 13:58:54,5519.04,0.0
900369,700359,Wallet,Completed,2025-10-27 18:47:08,9388.9,0.0
900370,700360,Credit Card,Completed,2024-10-26 17:07:09,11871.8,213.69
900371,700361,Credit Card,Failed,2025-01-06 21:11:57,1595.44,28.72
900372,700362,UPI,Completed,2025-12-29 15:56:59,14424.45,0.0
900373,700363,UPI,Refunded,2024-02-06 17:40:33,1389.54,0.0
900374,700364,Net Banking,Completed,2024-03-16 23:18:35,3847.99,0.0
900375,700365,Credit Card,Completed,2023-10-12 23:11:16,6908.58,124.35
900376,700366,Debit Card,Completed,2025-10-22 20:19:56,108154.52,1946.78
900377,700367,Credit Card,Pending,2025-06-07 20:25:44,9997.3,179.95
900378,700367,Credit Card,Failed,2025-06-07 20:05:44,9997.3,0.0
900379,700368,UPI,Completed,2023-06-28 20:01:16,1435.95,0.0
900380,700369,Wallet,Completed,2025-12-20 22:37:32,151222.97,0.0
900381,700370,UPI,Completed,2025-05-24 15:16:13,9400.89,0.0
900382,700371,Cash on Delivery,Completed,2025-09-30 17:40:53,7288.59,0.0
900383,700372,Cash on Delivery,Completed,2023-03-26 13:08:14,3489.42,0.0
900384,700373,Debit Card,Completed,2024-10-16 20:33:32,11335.46,204.04
900385,700374,UPI,Failed,2025-04-21 23:22:27,93555.06,0.0
900386,700375,UPI,Completed,2024-11-06 10:13:24,4910.79,0.0
900387,700376,Debit Card,Completed,2025-03-13 23:59:08,1389.54,25.01
900388,700377,Debit Card,Completed,2025-08-24 19:06:51,1951.3,35.12
900389,700377,Debit Card,Failed,2025-08-24 18:56:51,1951.3,0.0
900390,700378,Wallet,Completed,2024-05-21 18:30:53,926.36,0.0
900391,700379,Wallet,Completed,2025-09-28 23:57:56,2348.16,0.0
900392,700380,Debit Card,Completed,2023-09-25 15:13:32,5935.9,106.85
900393,700381,Cash on Delivery,Completed,2024-01-01 20:46:46,4165.26,0.0
900394,700382,Debit Card,Refunded,2023-03-17 19:33:37,302913.75,5452.45
900395,700383,UPI,Completed,2024-05-10 23:45:36,5055.86,0.0
900396,700384,Cash on Delivery,Completed,2024-05-27 12:48:07,52249.12,0.0
900397,700385,Debit Card,Completed,2025-08-12 17:36:46,5857.78,105.44
900398,700386,UPI,Completed,2025-02-24 13:28:08,173302.08,0.0
900399,700387,UPI,Failed,2024-08-10 21:05:47,2527.93,0.0
900400,700388,UPI,Completed,2025-02-23 17:52:36,136731.42,0.0
900401,700389,UPI,Completed,2023-04-04 22:46:25,8438.24,0.0
900402,700390,Cash on Delivery,Pending,2023-10-10 17:55:32,926.36,0.0
900403,700391,UPI,Completed,2025-01-26 19:40:33,159437.12,0.0
900404,700392,UPI,Completed,2025-02-10 12:44:42,3272.93,0.0
900405,700393,Credit Card,Completed,2025-07-12 18:49:42,15431.35,277.76
900406,700394,UPI,Completed,2024-06-28 22:10:33,8792.6,0.0
900407,700395,UPI,Completed,2025-05-16 15:48:48,89053.76,0.0
900408,700396,Cash on Delivery,Completed,2025-04-04 12:23:13,22249.48,0.0
900409,700397,UPI,Completed,2025-12-01 19:32:32,112695.48,0.0
900410,700398,Cash on Delivery,Pending,2023-11-02 23:43:53,84137.79,0.0
900411,700399,Cash on Delivery,Pending,2024-11-10 18:26:40,151192.21,0.0
900412,700400,Net Banking,Completed,2024-12-30 13:39:25,8973.33,0.0
900413,700401,Net Banking,Completed,2025-12-31 21:30:17,84883.52,0.0
900414,700402,UPI,Failed,2023-10-24 12:30:21,39990.09,0.0
900415,700403,Debit Card,Completed,2024-10-26 14:12:05,315320.35,5675.77
900416,700404,UPI,Completed,2024-04-17 18:50:45,926.36,0.0
900417,700405,UPI,Completed,2024-10-27 23:32:44,1343.11,0.0
900418,700406,Debit Card,Completed,2023-11-14 20:29:17,116132.23,2090.38
900419,700407,UPI,Completed,2023-03-25 21:40:18,301668.85,0.0
900420,700408,Cash on Delivery,Completed,2024-12-01 22:59:10,8817.61,0.0
900421,700409,Credit Card,Completed,2024-04-01 20:48:07,833.72,15.01
900422,700410,Net Banking,Completed,2023-10-11 15:27:16,3332.86,0.0
900423,700411,UPI,Failed,2024-03-15 17:22:50,34660.13,0.0
900424,700412,Credit Card,Failed,2023-03-28 15:41:27,124866.83,2247.6
900425,700413,Net Banking,Completed,2025-11-17 18:28:33,164204.14,0.0
900426,700414,UPI,Completed,2024-12-12 19:00:58,116058.27,0.0
900427,700415,UPI,Completed,2025-08-20 22:47:32,11500.17,0.0
900428,700416,UPI,Completed,2024-07-26 16:50:12,228583.52,0.0
900429,700417,Debit Card,Completed,2025-10-25 22:36:30,5982.22,107.68
900430,700418,Cash on Delivery,Completed,2024-10-04 16:08:33,43807.56,0.0
900431,700419,Cash on Delivery,Pending,2024-12-02 19:50:47,96687.48,0.0
900432,700420,UPI,Refunded,2024-10-08 23:42:38,4195.38,0.0
900433,700421,Cash on Delivery,Pending,2025-05-26 22:03:36,9488.72,0.0
900434,700422,Credit Card,Pending,2024-11-23 17:27:41,9034.98,162.63
900435,700423,Credit Card,Completed,2024-01-03 15:55:32,8046.97,144.85
900436,700424,Cash on Delivery,Completed,2023-08-27 18:12:58,83176.66,0.0
900437,700425,Debit Card,Completed,2025-01-03 23:04:53,95904.36,1726.28
900438,700426,UPI,Failed,2024-10-07 17:15:23,34697.04,0.0
900439,700427,UPI,Failed,2023-06-11 13:31:06,6851.72,0.0
900440,700428,Credit Card,Failed,2024-06-17 23:56:01,206755.16,3721.59
900441,700429,Net Banking,Refunded,2024-10-21 19:25:02,926.36,0.0
900442,700430,Cash on Delivery,Completed,2025-09-03 23:17:59,107568.18,0.0
900443,700431,Cash on Delivery,Failed,2023-05-12 17:08:31,6062.1,0.0
900444,700432,Credit Card,Completed,2024-04-20 18:21:47,926.36,16.67
900445,700433,Net Banking,Completed,2025-08-29 21:50:19,8046.97,0.0
900446,700434,Debit Card,Failed,2025-02-19 16:44:09,3334.92,60.03
900447,700435,Credit Card,Completed,2024-01-27 19:28:47,10878.13,195.81
900448,700436,Debit Card,Completed,2025-09-24 12:02:10,252086.77,4537.56
900449,700437,Cash on Delivery,Completed,2024-10-09 23:20:46,154529.66,0.0
900450,700438,Net Banking,Completed,2024-10-12 19:55:01,2764.72,0.0
900451,700439,Debit Card,Completed,2025-12-15 17:35:08,201657.51,3629.84
900452,700440,Net Banking,Completed,2025-11-15 18:26:16,45850.66,0.0
900453,700441,Debit Card,Completed,2024-05-04 15:30:41,8417.51,151.52
900454,700442,Cash on Delivery,Completed,2023-08-19 17:00:28,88510.83,0.0
900455,700443,Credit Card,Completed,2024-03-17 13:53:01,3075.1,55.35
900456,700444,UPI,Completed,2023-02-21 23:50:57,175702.44,0.0
900457,700445,Debit Card,Completed,2023-02-03 19:38:32,79920.3,1438.57
900458,700446,UPI,Completed,2024-06-17 20:04:09,121968.35,0.0
900459,700447,UPI,Completed,2025-11-12 22:06:50,10478.72,0.0
900460,700448,UPI,Completed,2025-10-10 20:13:43,147949.68,0.0
900461,700449,Credit Card,Completed,2024-10-19 16:34:11,137477.17,2474.59
900462,700450,Debit Card,Refunded,2024-11-21 23:33:49,16295.32,293.32
900463,700451,UPI,Completed,2023-01-12 17:28:28,1389.54,0.0
900464,700452,Wallet,Completed,2023-11-03 22:37:57,71608.5,0.0
900465,700453,Credit Card,Completed,2023-02-10 21:19:46,14888.7,268.0
900466,700454,Cash on Delivery,Completed,2025-06-18 23:13:40,156091.96,0.0
900467,700455,Credit Card,Completed,2023-08-27 18:49:27,78238.91,1408.3
900468,700456,UPI,Completed,2025-10-09 17:21:55,741.09,0.0
900469,700457,UPI,Completed,2025-02-12 12:09:46,140033.13,0.0
900470,700458,Wallet,Failed,2023-11-12 20:39:54,205056.65,0.0
900471,700459,Wallet,Completed,2023-09-16 20:44:15,41584.56,0.0
900472,700460,Cash on Delivery,Completed,2025-01-26 20:23:37,130377.21,0.0
900473,700461,UPI,Refunded,2025-10-24 13:03:42,143759.45,0.0
900474,700462,UPI,Completed,2025-05-12 20:41:16,7093.87,0.0
900475,700463,Debit Card,Completed,2024-04-20 18:18:39,207232.81,3730.19
900476,700464,UPI,Completed,2024-12-20 12:57:42,100284.79,0.0
900477,700465,Credit Card,Completed,2024-02-24 23:11:22,164390.87,2959.04
900478,700466,UPI,Failed,2025-12-31 18:25:16,81163.86,0.0
900479,700467,UPI,Completed,2025-06-12 23:46:40,9649.96,0.0
900480,700468,Debit Card,Completed,2025-01-14 19:21:56,74363.57,1338.54
900481,700469,Credit Card,Refunded,2024-07-26 23:20:09,1564.54,28.16
900482,700470,Credit Card,Completed,2025-01-19 19:23:22,206845.45,3723.22
900483,700471,Credit Card,Pending,2024-04-10 23:47:37,2527.93,45.5
900484,700472,UPI,Completed,2023-02-18 09:53:31,7288.59,0.0
900485,700473,Credit Card,Completed,2024-06-16 23:26:25,3521.04,63.38
900486,700474,UPI,Completed,2025-11-07 17:33:49,13360.77,0.0
900487,700475,Debit Card,Refunded,2025-01-25 15:12:26,135272.35,2434.9
900488,700476,UPI,Completed,2023-05-23 17:41:50,2413.51,0.0
900489,700477,Cash on Delivery,Completed,2025-10-17 17:29:06,89135.29,0.0
900490,700478,Debit Card,Completed,2023-12-30 19:37:28,91222.2,1642.0
900491,700479,Wallet,Completed,2023-11-30 19:42:37,7379.77,0.0
900492,700480,UPI,Failed,2024-02-03 12:44:15,5402.53,0.0
900493,700481,UPI,Pending,2024-12-07 18:20:36,133958.17,0.0
900494,700482,Net Banking,Completed,2024-11-07 18:13:31,4810.41,0.0
900495,700483,Debit Card,Completed,2024-10-08 20:02:07,3454.61,62.18
900496,700484,Net Banking,Completed,2025-05-11 18:24:06,9303.67,0.0
900497,700485,Debit Card,Completed,2024-03-04 12:43:01,3437.48,61.87
900498,700486,Cash on Delivery,Completed,2025-07-21 18:02:24,520.82,0.0
900499,700487,UPI,Completed,2023-10-07 16:36:02,260775.72,0.0
900500,700488,Cash on Delivery,Completed,2025-07-21 21:11:33,926.36,0.0
900501,700489,Credit Card,Completed,2025-03-10 16:06:25,11321.3,203.78
900502,700490,Cash on Delivery,Completed,2025-04-03 23:37:51,2058.62,0.0
900503,700491,UPI,Completed,2024-10-03 15:49:50,498469.34,0.0
900504,700492,UPI,Completed,2025-03-14 14:15:22,8244.23,0.0
900505,700493,UPI,Completed,2023-05-17 23:15:23,147103.51,0.0
900506,700494,Wallet,Failed,2025-10-01 19:02:31,9070.81,0.0
900507,700495,UPI,Pending,2023-04-09 19:34:13,85613.01,0.0
900508,700496,Cash on Delivery,Completed,2023-09-01 20:14:51,13032.52,0.0
900509,700497,Debit Card,Completed,2024-12-06 15:48:12,5478.59,98.61
900510,700498,UPI,Completed,2025-05-31 11:03:38,7417.47,0.0
900511,700499,UPI,Failed,2023-05-13 14:31:40,14619.91,0.0
900512,700500,UPI,Completed,2025-11-02 17:25:54,5519.04,0.0
900513,700501,UPI,Completed,2025-12-12 18:46:36,79920.3,0.0
900514,700502,Credit Card,Completed,2025-01-03 23:04:44,7336.72,132.06
900515,700502,Credit Card,Failed,2025-01-03 23:02:44,7336.72,0.0
900516,700503,Cash on Delivery,Completed,2024-10-03 21:42:03,192233.12,0.0
900517,700504,UPI,Completed,2025-06-03 12:14:51,3778.52,0.0
900518,700505,Cash on Delivery,Completed,2024-03-21 20:23:35,14182.0,0.0
900519,700506,Wallet,Completed,2024-10-09 20:01:32,142309.37,0.0
900520,700507,Credit Card,Failed,2025-10-31 19:42:26,7371.76,132.69
900521,700508,Cash on Delivery,Completed,2025-11-22 16:37:16,33463.99,0.0
900522,700509,UPI,Refunded,2025-11-05 16:32:55,1765.06,0.0
900523,700510,UPI,Completed,2023-12-25 21:06:05,114426.27,0.0
900524,700511,Debit Card,Completed,2023-11-14 18:50:51,9548.43,171.87
900525,700512,Wallet,Completed,2024-02-04 16:10:20,90165.81,0.0
900526,700513,UPI,Refunded,2024-08-14 23:06:37,71518.51,0.0
900527,700514,UPI,Completed,2024-02-29 21:51:09,70344.71,0.0
900528,700515,UPI,Completed,2024-05-21 23:25:48,76225.35,0.0
900529,700516,Credit Card,Completed,2025-01-21 17:40:17,5889.58,106.01
900530,700517,Debit Card,Completed,2025-06-28 14:11:23,880.04,15.84
900531,700518,Net Banking,Completed,2025-05-28 23:07:33,51402.32,0.0
900532,700519,Net Banking,Completed,2025-08-20 23:42:54,4733.13,0.0
900533,700520,Cash on Delivery,Completed,2023-02-24 23:28:12,6445.4,0.0
900534,700521,UPI,Completed,2023-03-25 23:43:21,62068.42,0.0
900535,700522,Cash on Delivery,Completed,2025-07-29 20:41:41,35940.97,0.0
900536,700523,UPI,Completed,2024-10-31 15:37:13,5382.36,0.0
900537,700524,Net Banking,Completed,2024-12-08 12:32:19,4507.87,0.0
900538,700525,UPI,Completed,2023-04-03 23:55:31,2315.9,0.0
900539,700526,UPI,Completed,2023-12-18 23:10:01,109554.11,0.0
900540,700527,Cash on Delivery,Completed,2025-02-06 21:12:15,505.53,0.0
900541,700528,UPI,Completed,2025-10-04 18:06:07,16504.02,0.0
900542,700529,Wallet,Completed,2025-11-01 17:58:24,100569.96,0.0
900543,700530,Cash on Delivery,Completed,2024-10-13 19:56:49,972.77,0.0
900544,700531,UPI,Completed,2024-11-07 06:29:58,11092.13,0.0
900545,700532,Debit Card,Failed,2025-09-10 13:26:42,317842.68,5721.17
900546,700533,Debit Card,Completed,2024-11-03 23:15:49,76473.55,1376.52
900547,700534,UPI,Completed,2024-10-22 22:23:00,49156.76,0.0
900548,700535,Wallet,Completed,2025-10-26 17:53:04,9170.91,0.0
900549,700536,UPI,Completed,2025-07-30 20:09:02,7706.13,0.0
900550,700537,UPI,Completed,2025-10-28 23:25:35,197445.89,0.0
900551,700538,UPI,Completed,2023-11-04 17:24:52,1482.18,0.0
900552,700539,UPI,Completed,2024-10-26 22:52:42,6959.87,0.0
900553,700540,Wallet,Completed,2025-09-21 22:21:50,86234.65,0.0
900554,700541,UPI,Completed,2023-07-07 23:19:06,212234.18,0.0
900555,700542,Cash on Delivery,Completed,2025-08-04 20:20:45,69415.67,0.0
900556,700543,Cash on Delivery,Pending,2023-10-12 16:01:24,125308.92,0.0
900557,700544,UPI,Failed,2025-08-14 23:36:02,2655.41,0.0
900558,700545,Debit Card,Completed,2025-01-11 16:41:00,16680.41,300.25
900559,700546,UPI,Completed,2023-10-19 20:42:07,164931.57,0.0
900560,700547,Credit Card,Completed,2024-09-25 17:35:04,3917.47,70.51
900561,700548,Credit Card,Completed,2025-04-01 22:25:34,2542.66,45.77
900562,700549,Credit Card,Completed,2025-01-31 09:00:29,2408.72,43.36
900563,700550,UPI,Refunded,2024-07-31 19:59:15,787.41,0.0
900564,700551,UPI,Completed,2025-10-23 17:25:46,5495.88,0.0
900565,700552,UPI,Completed,2024-10-24 13:10:25,142585.09,0.0
900566,700553,Debit Card,Completed,2024-10-16 17:36:47,880.04,15.84
900567,700554,UPI,Completed,2023-04-21 18:23:50,7954.33,0.0
900568,700555,UPI,Completed,2025-11-03 21:53:59,4548.63,0.0
900569,700556,Debit Card,Completed,2023-10-08 17:23:34,2527.93,45.5
900570,700557,UPI,Completed,2024-10-29 15:12:43,9461.74,0.0
900571,700557,UPI,Failed,2024-10-29 14:59:43,9461.74,0.0
900572,700558,Credit Card,Completed,2025-08-10 16:28:15,250170.27,4503.06
900573,700559,Cash on Delivery,Completed,2023-11-03 15:21:58,11164.58,0.0
900574,700560,UPI,Completed,2024-10-28 23:13:49,270943.27,0.0
900575,700561,Credit Card,Completed,2023-11-25 17:47:05,3201.5,57.63
900576,700562,Debit Card,Completed,2025-06-24 18:05:09,48091.11,865.64
900577,700563,Cash on Delivery,Failed,2024-11-20 23:21:23,5982.22,0.0
900578,700564,Credit Card,Completed,2025-10-03 23:37:45,4666.24,83.99
900579,700564,Credit Card,Failed,2025-10-03 23:28:45,4666.24,0.0
900580,700565,UPI,Completed,2025-10-21 16:21:51,13050.29,0.0
900581,700566,UPI,Refunded,2025-02-19 09:31:05,165579.32,0.0
900582,700567,Debit Card,Refunded,2025-05-18 16:22:26,46282.37,833.08
900583,700568,Cash on Delivery,Failed,2024-11-09 17:36:19,1221.01,0.0
900584,700569,UPI,Refunded,2024-06-01 16:58:59,2527.93,0.0
900585,700570,UPI,Completed,2025-02-18 17:25:16,133371.96,0.0
900586,700571,Cash on Delivery,Pending,2025-10-27 08:40:35,101866.4,0.0
900587,700572,Credit Card,Completed,2024-07-17 23:15:28,168774.37,3037.94
900588,700573,UPI,Completed,2024-03-01 16:35:29,4803.07,0.0
900589,700574,UPI,Completed,2024-06-07 23:27:54,9740.18,0.0
900590,700575,UPI,Completed,2024-08-09 23:19:20,5251.12,0.0
900591,700576,Credit Card,Completed,2023-05-09 07:40:42,160620.98,2891.18
900592,700577,Credit Card,Completed,2024-10-12 20:30:48,2715.16,48.87
900593,700578,UPI,Completed,2024-10-10 18:16:37,228049.98,0.0
900594,700579,Wallet,Completed,2024-12-21 17:28:21,9424.43,0.0
900595,700580,Credit Card,Pending,2024-05-08 15:55:21,53616.06,965.09
900596,700581,Net Banking,Completed,2025-01-12 23:17:57,125235.44,0.0
900597,700582,Credit Card,Completed,2025-10-13 20:44:55,47221.15,849.98
900598,700583,Credit Card,Completed,2025-11-22 08:07:34,4749.89,85.5
900599,700584,UPI,Failed,2024-12-15 19:54:21,1736.91,0.0
900600,700585,UPI,Completed,2023-03-16 20:38:49,12765.22,0.0
900601,700586,Wallet,Completed,2025-12-07 14:37:45,119370.95,0.0
900602,700587,Cash on Delivery,Completed,2025-04-30 14:07:06,926.36,0.0
900603,700588,UPI,Completed,2024-04-01 23:36:30,13371.55,0.0
900604,700589,Debit Card,Completed,2023-08-30 19:18:43,926.36,16.67
900605,700590,Cash on Delivery,Completed,2023-08-23 23:32:36,7596.56,0.0
900606,700591,Credit Card,Completed,2023-10-01 23:24:43,8207.5,147.73
900607,700592,UPI,Completed,2023-03-21 18:17:43,14767.1,0.0
900608,700593,Debit Card,Completed,2025-10-25 16:38:32,2967.95,53.42
900609,700594,Cash on Delivery,Completed,2024-11-04 23:54:22,80457.7,0.0
900610,700595,Cash on Delivery,Completed,2025-04-23 18:27:24,4657.99,0.0
900611,700596,Debit Card,Completed,2025-09-04 16:11:59,12961.4,233.31
900612,700597,Debit Card,Completed,2025-08-01 19:59:26,81567.3,1468.21
900613,700598,UPI,Completed,2025-10-15 13:55:28,106354.7,0.0
900614,700599,UPI,Completed,2025-12-05 18:23:29,18551.02,0.0
900615,700600,Net Banking,Completed,2024-08-12 18:36:57,45154.48,0.0
900616,700601,Net Banking,Completed,2025-11-16 14:29:37,1166.21,0.0
900617,700602,Debit Card,Failed,2025-05-17 18:59:28,2876.69,51.78
900618,700603,Credit Card,Completed,2023-05-05 20:28:48,5223.84,94.03
900619,700604,UPI,Completed,2025-04-01 22:35:38,833.72,0.0
900620,700605,Credit Card,Completed,2025-04-07 16:02:26,1756.22,31.61
900621,700606,Credit Card,Completed,2025-10-26 23:10:18,4044.69,72.8
900622,700607,Wallet,Completed,2024-05-19 20:49:15,21322.49,0.0
900623,700608,Credit Card,Completed,2024-12-17 19:37:59,135448.58,2438.07
900624,700609,Debit Card,Refunded,2023-01-22 14:50:25,134676.85,2424.18
900625,700610,Net Banking,Completed,2024-03-27 19:24:36,11670.06,0.0
900626,700611,UPI,Refunded,2023-04-21 20:00:25,2473.89,0.0
900627,700612,UPI,Refunded,2024-10-25 18:21:28,2022.34,0.0
900628,700613,Debit Card,Completed,2025-08-23 17:08:38,6947.07,125.05
900629,700614,Cash on Delivery,Completed,2023-10-28 23:15:30,125384.77,0.0
900630,700615,UPI,Completed,2024-10-28 15:24:55,2565.6,0.0
900631,700616,Net Banking,Completed,2023-10-26 18:35:21,8007.33,0.0
900632,700617,UPI,Failed,2023-07-24 23:21:15,12934.03,0.0
900633,700618,Debit Card,Completed,2024-10-19 21:48:48,40087.72,721.58
900634,700619,Credit Card,Refunded,2023-05-17 15:23:22,89482.94,1610.69
900635,700620,Cash on Delivery,Completed,2024-12-20 23:00:20,1389.54,0.0
900636,700621,Net Banking,Completed,2023-02-23 17:26:48,517.55,0.0
900637,700622,Cash on Delivery,Pending,2023-06-30 18:30:35,44128.9,0.0
900638,700623,Cash on Delivery,Completed,2024-11-09 22:40:28,229915.25,0.0
900639,700624,UPI,Completed,2024-12-22 22:43:11,926.36,0.0
900640,700625,Net Banking,Completed,2023-02-18 20:08:10,13469.04,0.0
900641,700626,Credit Card,Completed,2024-12-02 20:30:02,167641.37,3017.54
900642,700627,Cash on Delivery,Completed,2025-09-16 16:20:35,78678.34,0.0
900643,700628,Cash on Delivery,Refunded,2025-05-16 15:59:13,138094.16,0.0
900644,700629,Wallet,Completed,2023-08-08 20:42:08,12651.72,0.0
900645,700630,Cash on Delivery,Completed,2024-12-23 15:49:30,101359.58,0.0
900646,700631,UPI,Completed,2025-03-20 21:33:31,330228.12,0.0
900647,700632,UPI,Completed,2023-03-06 23:16:51,5712.14,0.0
900648,700633,Debit Card,Refunded,2025-10-03 10:51:26,263302.29,4739.44
900649,700634,UPI,Completed,2025-10-26 20:58:42,1769.55,0.0
900650,700635,Cash on Delivery,Completed,2025-09-30 21:27:00,880.04,0.0
900651,700636,Net Banking,Completed,2025-08-31 22:11:34,124925.5,0.0
900652,700637,Credit Card,Completed,2025-06-07 18:01:20,11658.55,209.85
900653,700638,Cash on Delivery,Completed,2025-01-31 13:31:19,1667.45,0.0
900654,700639,Wallet,Completed,2025-03-28 21:09:01,56382.81,0.0
900655,700640,UPI,Refunded,2025-08-12 17:41:48,2527.93,0.0
900656,700641,UPI,Completed,2025-03-08 23:23:19,96085.35,0.0
900657,700642,Net Banking,Completed,2024-03-20 16:17:33,140033.54,0.0
900658,700643,UPI,Completed,2024-05-23 18:44:04,9844.04,0.0
900659,700644,Net Banking,Completed,2025-10-22 17:26:08,22474.15,0.0
900660,700645,Net Banking,Completed,2023-01-28 16:49:06,7582.15,0.0
900661,700646,Debit Card,Completed,2025-04-22 19:36:28,77212.86,1389.83
900662,700647,Credit Card,Refunded,2025-11-22 12:14:55,80360.34,1446.49
900663,700648,UPI,Completed,2025-05-01 22:49:21,9623.14,0.0
900664,700649,Debit Card,Failed,2025-12-28 14:51:12,198804.91,3578.49
900665,700650,UPI,Completed,2025-04-08 16:32:31,6406.98,0.0
900666,700651,Debit Card,Completed,2023-02-28 20:13:25,70415.95,1267.49
900667,700651,Debit Card,Failed,2023-02-28 20:10:25,70415.95,0.0
900668,700652,Debit Card,Completed,2025-09-03 23:50:05,8206.19,147.71
900669,700653,Credit Card,Completed,2024-01-21 23:09:14,4488.98,80.8
900670,700654,Debit Card,Completed,2024-08-19 14:47:42,53487.03,962.77
900671,700655,Cash on Delivery,Pending,2024-02-26 11:39:40,6067.03,0.0
900672,700656,Credit Card,Completed,2023-12-30 23:23:02,34278.55,617.01
900673,700657,Net Banking,Completed,2024-08-05 20:54:30,7977.49,0.0
900674,700658,UPI,Completed,2024-05-26 16:04:36,43780.84,0.0
900675,700659,UPI,Completed,2025-01-31 18:09:35,926.36,0.0
900676,700660,Credit Card,Pending,2025-08-18 17:09:36,5013.45,90.24
900677,700661,UPI,Completed,2024-02-03 23:36:41,6306.45,0.0
900678,700662,Cash on Delivery,Completed,2023-11-01 12:32:10,40468.26,0.0
900679,700663,Credit Card,Completed,2025-03-14 14:21:34,108005.78,1944.1
900680,700664,Cash on Delivery,Completed,2025-03-18 14:04:27,8145.47,0.0
900681,700665,UPI,Completed,2025-10-24 11:41:28,50840.61,0.0
900682,700666,Debit Card,Completed,2023-01-27 16:01:57,85987.33,1547.77
900683,700667,Cash on Delivery,Completed,2025-10-01 23:19:44,97127.6,0.0
900684,700668,Debit Card,Completed,2024-10-25 11:19:58,158358.42,2850.45
900685,700669,Net Banking,Completed,2025-01-21 19:52:15,2315.9,0.0
900686,700670,Credit Card,Completed,2023-06-03 15:22:38,157762.39,2839.72
900687,700671,Credit Card,Completed,2024-08-06 22:44:04,82735.79,1489.24
900688,700672,UPI,Refunded,2023-11-11 21:50:58,9502.81,0.0
900689,700673,UPI,Refunded,2023-12-16 18:59:41,10789.81,0.0
900690,700674,Credit Card,Completed,2024-10-15 21:10:56,4297.48,77.35
900691,700675,UPI,Failed,2025-08-17 17:12:40,3092.98,0.0
900692,700676,Credit Card,Completed,2025-06-06 17:29:33,363911.31,6550.4
900693,700677,UPI,Completed,2024-12-22 20:24:23,6979.71,0.0
900694,700678,UPI,Completed,2024-11-04 22:48:45,100235.54,0.0
900695,700679,Credit Card,Completed,2024-08-01 14:43:41,122745.16,2209.41
900696,700680,UPI,Refunded,2025-12-11 19:36:03,5013.45,0.0
900697,700681,Credit Card,Completed,2024-11-15 18:01:41,3456.25,62.21
900698,700682,Cash on Delivery,Completed,2023-12-16 23:55:26,119984.83,0.0
900699,700683,UPI,Completed,2023-11-12 21:46:03,96958.13,0.0
900700,700684,Cash on Delivery,Completed,2025-01-10 11:26:44,4924.63,0.0
900701,700685,UPI,Completed,2024-10-26 21:30:26,833.72,0.0
900702,700686,Credit Card,Completed,2023-01-15 23:24:44,61020.11,1098.36
900703,700687,UPI,Completed,2025-09-07 15:09:59,2604.68,0.0
900704,700688,Cash on Delivery,Refunded,2025-04-28 19:14:03,85975.02,0.0
900705,700689,Debit Card,Completed,2025-03-07 18:45:17,113209.1,2037.76
900706,700690,UPI,Refunded,2023-05-02 17:09:29,54813.41,0.0
900707,700691,UPI,Completed,2024-05-07 21:48:29,8525.67,0.0
900708,700692,UPI,Completed,2025-11-09 23:58:04,1260.9,0.0
900709,700693,UPI,Completed,2025-10-06 18:26:36,54949.22,0.0
900710,700694,UPI,Completed,2024-01-22 14:33:17,11838.86,0.0
900711,700695,UPI,Completed,2023-09-15 20:13:21,48622.52,0.0
900712,700696,UPI,Refunded,2024-08-23 17:28:51,61799.84,0.0
900713,700697,UPI,Completed,2024-05-01 20:40:15,80898.24,0.0
900714,700698,UPI,Completed,2025-04-02 17:58:44,11462.91,0.0
900715,700699,Credit Card,Completed,2025-12-04 21:05:22,39936.99,718.87
900716,700699,Credit Card,Failed,2025-12-04 20:58:22,39936.99,0.0
900717,700700,Credit Card,Completed,2024-05-09 11:10:27,8130.29,146.35
900718,700701,UPI,Completed,2023-04-21 16:49:15,56503.36,0.0
900719,700701,UPI,Failed,2023-04-21 16:41:15,56503.36,0.0
900720,700702,UPI,Completed,2025-10-22 15:09:38,79410.8,0.0
900721,700702,UPI,Failed,2025-10-22 15:06:38,79410.8,0.0
900722,700703,UPI,Completed,2023-03-07 18:27:19,154952.97,0.0
900723,700704,Cash on Delivery,Completed,2025-11-19 23:41:19,3440.01,0.0
900724,700705,Debit Card,Completed,2025-03-11 21:32:31,1389.54,25.01
900725,700706,UPI,Completed,2025-11-12 16:20:16,121666.91,0.0
900726,700707,UPI,Completed,2023-10-23 15:41:15,6723.31,0.0
900727,700708,UPI,Completed,2023-03-12 23:09:46,926.36,0.0
900728,700709,UPI,Completed,2024-10-06 21:23:51,83384.57,0.0
900729,700710,Credit Card,Completed,2024-08-25 16:12:19,119944.64,2159.0
900730,700711,Credit Card,Completed,2024-03-26 23:01:17,3454.29,62.18
900731,700712,Cash on Delivery,Completed,2025-11-25 23:42:37,4468.24,0.0
900732,700713,Wallet,Completed,2025-08-29 22:44:22,9899.69,0.0
900733,700714,Credit Card,Completed,2025-03-07 21:14:21,45340.24,816.12
900734,700715,Credit Card,Completed,2023-09-25 15:52:32,18871.35,339.68
900735,700716,Credit Card,Completed,2025-05-27 15:59:30,82632.2,1487.38
900736,700717,UPI,Completed,2025-05-20 18:57:53,103245.2,0.0
900737,700718,Debit Card,Pending,2024-07-28 22:27:19,54950.86,989.12
900738,700719,UPI,Completed,2025-11-04 22:48:30,49494.24,0.0
900739,700720,Net Banking,Completed,2023-10-01 23:23:12,39960.15,0.0
900740,700721,UPI,Completed,2023-12-29 18:22:02,159434.01,0.0
900741,700722,UPI,Completed,2023-04-23 19:08:15,203138.26,0.0
900742,700723,UPI,Completed,2025-08-05 17:31:45,5982.22,0.0
900743,700724,UPI,Completed,2025-01-22 21:34:54,72020.91,0.0
900744,700725,UPI,Completed,2024-03-01 22:17:40,3327.89,0.0
900745,700726,Debit Card,Completed,2023-09-26 20:41:52,143315.94,2579.69
900746,700727,UPI,Completed,2023-03-11 17:04:05,2099.74,0.0
900747,700728,Debit Card,Completed,2023-10-01 23:23:54,11866.04,213.59
900748,700729,Cash on Delivery,Completed,2024-08-29 23:51:52,833.72,0.0
900749,700730,Net Banking,Completed,2023-12-05 13:49:33,7835.76,0.0
900750,700731,Debit Card,Completed,2023-12-22 20:52:46,120343.63,2166.19
900751,700732,UPI,Completed,2025-10-12 18:47:14,96514.32,0.0
900752,700733,UPI,Completed,2024-10-21 16:48:04,648.45,0.0
900753,700734,UPI,Completed,2025-05-22 15:21:44,90180.83,0.0
900754,700735,Credit Card,Completed,2023-03-03 22:31:07,5843.27,105.18
900755,700736,Cash on Delivery,Completed,2024-05-11 18:32:40,11338.33,0.0
900756,700737,Cash on Delivery,Completed,2024-10-01 23:26:15,87755.42,0.0
900757,700738,Debit Card,Completed,2023-10-14 21:27:07,5297.44,95.35
900758,700739,Cash on Delivery,Completed,2023-07-23 19:42:42,56685.3,0.0
900759,700740,Cash on Delivery,Completed,2025-10-10 19:57:45,15080.87,0.0
900760,700741,UPI,Completed,2025-11-11 23:08:00,4260.82,0.0
900761,700742,Cash on Delivery,Completed,2023-05-16 18:20:02,85439.34,0.0
900762,700743,Cash on Delivery,Pending,2024-04-21 21:20:38,195022.42,0.0
900763,700744,Net Banking,Completed,2025-11-25 21:32:51,60381.18,0.0
900764,700745,Credit Card,Failed,2023-05-22 11:28:29,13188.8,237.4
900765,700746,Cash on Delivery,Completed,2025-02-13 14:44:27,45903.97,0.0
900766,700747,Debit Card,Refunded,2025-12-11 20:32:02,5013.45,90.24
900767,700747,Debit Card,Failed,2025-12-11 20:21:02,5013.45,0.0
900768,700748,Credit Card,Completed,2025-12-17 23:48:48,8772.47,157.9
900769,700749,Debit Card,Refunded,2024-09-22 16:46:13,63195.15,1137.51
900770,700750,Cash on Delivery,Completed,2023-09-24 12:33:32,44691.02,0.0
900771,700751,Debit Card,Completed,2023-10-25 23:38:13,2813.63,50.65
900772,700752,Debit Card,Completed,2025-10-19 20:25:42,8873.99,159.73
900773,700753,Debit Card,Completed,2025-10-29 23:33:07,111357.01,2004.43
900774,700754,Cash on Delivery,Completed,2025-01-05 17:34:46,6028.54,0.0
900775,700755,UPI,Completed,2025-07-02 20:52:43,5210.66,0.0
900776,700756,UPI,Completed,2025-06-01 17:02:22,3996.97,0.0
900777,700757,UPI,Completed,2025-03-07 16:25:48,1496.6,0.0
900778,700758,UPI,Completed,2025-09-03 17:30:11,205730.22,0.0
900779,700759,Cash on Delivery,Pending,2025-04-05 16:09:45,6446.22,0.0
900780,700760,UPI,Completed,2024-11-01 17:00:46,2147.15,0.0
900781,700761,UPI,Completed,2023-11-19 22:55:18,15167.58,0.0
900782,700762,Credit Card,Pending,2025-06-06 20:13:22,2900.42,52.21
900783,700763,Credit Card,Completed,2024-09-25 22:14:46,4876.53,87.78
900784,700764,Cash on Delivery,Completed,2024-01-31 16:49:25,8572.31,0.0
900785,700765,UPI,Completed,2025-08-09 21:56:33,83739.66,0.0
900786,700766,UPI,Pending,2025-04-19 12:23:06,33547.91,0.0
900787,700767,UPI,Completed,2025-11-10 18:35:13,4289.2,0.0
900788,700768,UPI,Completed,2023-09-29 23:24:30,2640.09,0.0
900789,700769,Net Banking,Refunded,2025-02-20 21:24:33,1852.72,0.0
900790,700770,Debit Card,Pending,2023-12-01 23:04:55,45668.63,822.04
900791,700771,Debit Card,Refunded,2025-10-25 19:06:05,1320.06,23.76
900792,700772,Cash on Delivery,Completed,2023-06-17 12:22:42,158527.93,0.0
900793,700773,Credit Card,Completed,2025-02-28 21:52:25,22266.6,400.8
900794,700774,Credit Card,Completed,2025-07-31 13:48:05,2610.55,46.99
900795,700775,Credit Card,Completed,2024-04-29 22:28:13,39960.15,719.28
900796,700775,Credit Card,Failed,2024-04-29 22:25:13,39960.15,0.0
900797,700776,UPI,Failed,2025-11-21 13:08:22,557.41,0.0
900798,700777,Credit Card,Completed,2025-09-30 21:50:13,80640.94,1451.54
900799,700778,UPI,Completed,2024-01-31 22:30:50,80846.66,0.0
900800,700779,UPI,Completed,2023-01-15 09:24:31,212376.6,0.0
900801,700780,Credit Card,Refunded,2024-02-03 23:10:53,3201.5,57.63
900802,700781,Debit Card,Completed,2024-01-18 21:30:43,5472.72,98.51
900803,700782,UPI,Completed,2025-10-19 23:16:42,118490.91,0.0
900804,700783,Cash on Delivery,Completed,2025-12-05 18:52:18,75426.08,0.0
900805,700784,Debit Card,Completed,2023-05-05 19:42:03,6977.54,125.6
900806,700785,UPI,Completed,2024-09-22 14:32:47,502.31,0.0
900807,700786,UPI,Completed,2024-11-09 17:13:36,10283.05,0.0
900808,700787,UPI,Completed,2023-06-05 16:33:32,199936.02,0.0
900809,700788,Credit Card,Completed,2024-05-25 23:25:13,4347.94,78.26
900810,700789,UPI,Completed,2024-03-04 15:18:15,117032.78,0.0
900811,700790,Net Banking,Completed,2024-11-02 15:01:01,104297.46,0.0
900812,700791,Credit Card,Failed,2025-03-07 20:10:39,319058.13,5743.05
900813,700792,Credit Card,Completed,2025-04-27 23:01:31,5476.63,98.58
900814,700793,Debit Card,Completed,2023-08-13 22:36:41,4975.92,89.57
900815,700794,Net Banking,Completed,2025-08-18 18:48:24,1320.06,0.0
900816,700795,Cash on Delivery,Completed,2025-03-28 15:12:22,206271.46,0.0
900817,700796,Debit Card,Completed,2025-10-18 09:51:24,54318.06,977.73
900818,700797,Credit Card,Completed,2024-08-23 15:49:20,880.04,15.84
900819,700798,Net Banking,Completed,2025-10-21 20:15:02,926.36,0.0
900820,700799,UPI,Pending,2025-10-07 17:02:23,224013.94,0.0
900821,700800,UPI,Completed,2024-08-11 17:54:06,4195.38,0.0
900822,700801,Cash on Delivery,Pending,2024-05-29 23:33:36,3129.07,0.0
900823,700802,Debit Card,Failed,2025-11-08 19:06:59,128150.38,2306.71
900824,700803,UPI,Completed,2025-05-09 16:55:32,7583.79,0.0
900825,700804,Credit Card,Completed,2025-11-06 18:27:02,13203.84,237.67
900826,700805,Debit Card,Completed,2025-08-06 14:13:37,260499.34,4688.99
900827,700806,UPI,Completed,2025-01-07 17:49:17,6944.12,0.0
900828,700806,UPI,Failed,2025-01-07 17:30:17,6944.12,0.0
900829,700807,UPI,Completed,2023-07-15 17:24:51,4650.83,0.0
900830,700808,Debit Card,Pending,2024-01-28 16:30:25,158811.73,2858.61
900831,700809,UPI,Completed,2025-12-07 22:51:54,5055.86,0.0
900832,700810,UPI,Completed,2024-03-08 17:09:10,5391.82,0.0
900833,700811,Wallet,Completed,2023-06-06 20:34:34,76150.41,0.0
900834,700812,UPI,Completed,2025-05-02 12:55:29,6815.94,0.0
900835,700813,Credit Card,Completed,2025-05-26 23:02:14,3363.56,60.54
900836,700814,Cash on Delivery,Pending,2024-01-22 16:58:34,40678.08,0.0
900837,700815,Cash on Delivery,Completed,2024-02-04 14:24:43,49783.59,0.0
900838,700816,Debit Card,Completed,2024-09-19 18:51:07,8018.19,144.33
900839,700817,Credit Card,Completed,2023-02-04 18:15:42,2035.46,36.64
900840,700818,UPI,Completed,2025-07-29 18:01:16,469.23,0.0
900841,700819,UPI,Completed,2024-03-04 23:36:53,198631.9,0.0
900842,700820,Debit Card,Completed,2025-10-02 12:51:51,15438.39,277.89
900843,700821,Net Banking,Completed,2025-08-10 18:24:42,10798.41,0.0
900844,700822,UPI,Completed,2025-03-07 16:31:26,5939.64,0.0
900845,700823,Cash on Delivery,Completed,2024-03-16 11:18:04,8190.18,0.0
900846,700824,Credit Card,Completed,2024-10-22 17:05:17,124797.36,2246.35
900847,700825,UPI,Completed,2024-08-17 17:06:07,2275.14,0.0
900848,700826,Wallet,Completed,2024-04-06 19:21:58,3260.37,0.0
900849,700827,Cash on Delivery,Completed,2025-09-27 20:20:40,6908.58,0.0
900850,700828,Credit Card,Completed,2024-10-04 22:37:42,102653.9,1847.77
900851,700829,Debit Card,Completed,2025-09-10 23:32:23,496957.0,8945.23
900852,700830,Wallet,Completed,2023-06-27 14:50:03,98715.3,0.0
900853,700831,Credit Card,Completed,2023-08-19 12:52:32,25766.99,463.81
900854,700832,Credit Card,Completed,2025-12-16 23:12:06,292889.46,5272.01
900855,700833,Cash on Delivery,Completed,2024-12-20 21:58:24,37099.09,0.0
900856,700834,UPI,Completed,2024-10-18 22:08:48,9241.19,0.0
900857,700835,Cash on Delivery,Pending,2024-10-26 21:30:38,146516.19,0.0
900858,700836,UPI,Completed,2023-11-03 16:29:46,1389.54,0.0
900859,700837,Debit Card,Completed,2025-05-12 16:59:28,1534.38,27.62
900860,700838,UPI,Pending,2023-05-24 20:39:58,43113.47,0.0
900861,700839,UPI,Completed,2024-12-02 23:14:15,8437.35,0.0
900862,700840,UPI,Completed,2024-11-28 17:47:39,5471.31,0.0
900863,700841,Net Banking,Completed,2025-10-30 20:25:19,833.72,0.0
900864,700842,Credit Card,Completed,2024-10-27 23:14:10,880.04,15.84
900865,700843,Cash on Delivery,Completed,2023-08-14 21:14:04,12109.18,0.0
900866,700844,UPI,Completed,2024-12-01 12:31:59,104683.67,0.0
900867,700845,Cash on Delivery,Completed,2023-06-03 14:02:05,7318.81,0.0
900868,700846,Wallet,Completed,2023-10-26 18:38:25,95233.57,0.0
900869,700847,Credit Card,Completed,2023-02-22 18:10:20,27861.88,501.51
900870,700848,UPI,Completed,2024-10-20 17:18:01,6192.61,0.0
900871,700849,Cash on Delivery,Completed,2023-05-24 19:33:25,4785.78,0.0
900872,700850,Debit Card,Completed,2024-09-19 19:56:35,81520.98,1467.38
900873,700851,Cash on Delivery,Refunded,2025-11-08 16:52:33,63979.85,0.0
900874,700852,Credit Card,Completed,2025-05-13 16:16:33,422.9,7.61
900875,700853,Cash on Delivery,Completed,2023-05-14 15:51:06,39496.97,0.0
900876,700854,UPI,Refunded,2023-11-08 22:58:57,926.36,0.0
900877,700854,UPI,Failed,2023-11-08 22:54:57,926.36,0.0
900878,700855,Net Banking,Completed,2025-03-22 15:28:31,102052.14,0.0
900879,700856,UPI,Completed,2025-10-21 21:58:19,7977.49,0.0
900880,700857,Debit Card,Completed,2023-02-26 21:59:02,2944.79,53.01
900881,700858,UPI,Completed,2025-08-17 18:56:04,68941.58,0.0
900882,700859,UPI,Completed,2024-11-17 17:27:53,44106.97,0.0
900883,700860,Cash on Delivery,Completed,2024-11-07 16:01:10,168072.1,0.0
900884,700861,UPI,Completed,2025-11-25 22:18:05,79457.12,0.0
900885,700862,UPI,Completed,2025-06-10 22:28:17,1359.83,0.0
900886,700863,UPI,Refunded,2025-09-29 21:33:19,42459.7,0.0
900887,700864,UPI,Failed,2024-04-28 21:59:21,23765.82,0.0
900888,700865,UPI,Pending,2024-11-12 17:06:30,11038.08,0.0
900889,700866,Credit Card,Completed,2025-01-15 18:23:15,7583.79,136.51
900890,700867,UPI,Completed,2024-03-11 21:19:39,61698.54,0.0
900891,700868,Debit Card,Completed,2024-11-28 17:25:22,263865.22,4749.57
900892,700869,Credit Card,Completed,2023-11-18 16:47:39,2151.64,38.73
900893,700870,UPI,Completed,2023-08-23 23:06:29,55785.15,0.0
900894,700871,Cash on Delivery,Completed,2024-05-21 19:48:27,36579.14,0.0
900895,700872,UPI,Completed,2025-05-31 19:31:45,76675.68,0.0
900896,700873,UPI,Completed,2025-10-31 17:47:51,133456.91,0.0
900897,700874,Credit Card,Completed,2024-09-04 23:24:54,12988.41,233.79
900898,700875,UPI,Completed,2025-02-12 23:39:09,7639.32,0.0
900899,700876,UPI,Completed,2023-06-23 17:29:42,55471.26,0.0
900900,700877,Debit Card,Failed,2025-10-26 21:59:15,109632.93,1973.39
900901,700878,UPI,Failed,2024-11-25 20:57:48,9787.25,0.0
900902,700879,UPI,Completed,2025-07-19 20:59:02,123183.85,0.0
900903,700880,Credit Card,Completed,2025-08-04 16:41:06,86745.71,1561.42
900904,700881,UPI,Completed,2023-12-20 18:29:38,4820.65,0.0
900905,700882,UPI,Completed,2024-10-29 17:24:08,125096.46,0.0
900906,700883,UPI,Completed,2025-11-28 16:37:35,302151.82,0.0
900907,700884,Cash on Delivery,Completed,2023-05-31 12:48:16,64610.95,0.0
900908,700885,Debit Card,Completed,2025-04-03 21:13:52,138976.12,2501.57
900909,700886,UPI,Completed,2025-11-30 19:00:06,259603.79,0.0
900910,700887,UPI,Completed,2024-02-09 20:20:23,7945.69,0.0
900911,700888,Cash on Delivery,Completed,2025-10-05 16:38:45,170872.27,0.0
900912,700889,Wallet,Completed,2025-11-08 21:08:30,3468.68,0.0
900913,700890,UPI,Completed,2025-06-09 15:25:47,6446.22,0.0
900914,700891,UPI,Completed,2023-11-13 16:08:38,1389.54,0.0
900915,700892,UPI,Completed,2024-03-30 21:11:24,508074.46,0.0
900916,700893,UPI,Completed,2023-03-03 13:50:50,8545.03,0.0
900917,700894,Cash on Delivery,Completed,2025-09-08 21:05:52,8023.56,0.0
900918,700895,UPI,Completed,2025-09-29 15:26:04,6445.4,0.0
900919,700896,UPI,Failed,2025-01-31 21:50:16,3201.5,0.0
900920,700897,Net Banking,Completed,2024-04-26 14:05:54,461265.0,0.0
900921,700898,UPI,Completed,2023-05-13 20:35:32,432.3,0.0
900922,700899,Debit Card,Completed,2025-06-17 20:42:24,926.36,16.67
900923,700900,UPI,Completed,2025-05-19 18:43:56,75877.96,0.0
900924,700901,UPI,Completed,2025-10-29 16:12:43,516.96,0.0
900925,700902,Credit Card,Completed,2025-05-23 17:07:31,1852.72,33.35
900926,700903,Cash on Delivery,Completed,2025-09-05 12:26:54,880.04,0.0
900927,700904,UPI,Completed,2025-06-08 23:46:26,158255.78,0.0
900928,700905,Debit Card,Failed,2025-01-29 20:04:49,51720.65,930.97
900929,700906,Cash on Delivery,Completed,2024-07-31 18:01:26,7954.33,0.0
900930,700907,Debit Card,Completed,2025-10-25 18:33:46,787.41,14.17
900931,700908,UPI,Completed,2025-02-22 17:24:04,119938.02,0.0
900932,700909,UPI,Completed,2024-06-21 22:26:16,10133.76,0.0
900933,700910,Cash on Delivery,Completed,2023-05-22 22:15:27,501.64,0.0
900934,700911,Debit Card,Completed,2024-01-27 16:39:37,5519.04,99.34
900935,700912,UPI,Completed,2024-11-06 23:17:00,12140.59,0.0
900936,700913,Net Banking,Completed,2024-01-09 18:42:04,199858.58,0.0
900937,700914,Wallet,Completed,2023-11-06 15:21:08,880.04,0.0
900938,700915,UPI,Completed,2024-10-28 15:51:25,13188.78,0.0
900939,700916,UPI,Failed,2023-10-03 15:56:38,492.07,0.0
900940,700917,Cash on Delivery,Completed,2025-08-08 22:36:20,11375.68,0.0
900941,700918,Net Banking,Completed,2024-10-04 17:20:11,121033.35,0.0
900942,700919,Credit Card,Failed,2024-12-02 22:19:43,5476.63,98.58
900943,700920,UPI,Failed,2023-08-30 13:51:58,3454.29,0.0
900944,700921,Net Banking,Completed,2024-03-16 23:27:32,3515.06,0.0
900945,700922,UPI,Completed,2024-07-08 16:04:19,258291.81,0.0
900946,700923,UPI,Completed,2025-08-14 14:01:38,136475.51,0.0
900947,700924,UPI,Completed,2025-07-07 18:30:05,46156.86,0.0
900948,700925,Debit Card,Completed,2023-11-08 18:43:42,6445.4,116.02
900949,700926,UPI,Refunded,2025-01-16 22:44:56,183688.99,0.0
900950,700927,Credit Card,Completed,2023-11-29 18:59:39,340938.2,6136.89
900951,700928,UPI,Completed,2025-12-24 15:06:44,5291.36,0.0
900952,700929,UPI,Completed,2025-11-19 16:24:15,96437.95,0.0
900953,700930,UPI,Completed,2024-11-19 15:56:46,25485.09,0.0
900954,700930,UPI,Failed,2024-11-19 15:50:46,25485.09,0.0
900955,700931,UPI,Completed,2025-04-22 22:12:20,47880.56,0.0
900956,700932,Net Banking,Completed,2025-08-09 19:00:11,5434.23,0.0
900957,700933,Cash on Delivery,Completed,2025-05-14 22:37:36,2527.93,0.0
900958,700934,UPI,Completed,2025-04-23 22:14:46,11431.78,0.0
900959,700935,Cash on Delivery,Pending,2025-11-26 15:12:38,78372.13,0.0
900960,700936,UPI,Completed,2024-12-26 13:54:37,5391.82,0.0
900961,700937,Debit Card,Completed,2025-02-03 20:41:52,2232.73,40.19
900962,700938,Debit Card,Completed,2025-09-28 23:43:05,495.4,8.92
900963,700939,UPI,Refunded,2025-03-17 21:59:29,8024.46,0.0
900964,700940,Credit Card,Completed,2025-05-25 20:09:22,8380.52,150.85
900965,700941,Cash on Delivery,Completed,2023-11-15 12:27:06,76487.3,0.0
900966,700942,Debit Card,Completed,2024-05-18 15:35:18,36100.35,649.81
900967,700942,Debit Card,Failed,2024-05-18 15:33:18,36100.35,0.0
900968,700943,Wallet,Completed,2023-08-30 19:34:02,11225.87,0.0
900969,700944,UPI,Refunded,2024-10-16 19:47:32,46333.21,0.0
900970,700945,Credit Card,Completed,2024-09-01 22:16:40,9775.3,175.96
900971,700946,Credit Card,Completed,2025-12-30 14:58:53,926.36,16.67
900972,700946,Credit Card,Failed,2025-12-30 14:41:53,926.36,0.0
900973,700947,Cash on Delivery,Completed,2025-01-10 17:43:45,26694.1,0.0
900974,700948,UPI,Refunded,2025-07-26 19:05:10,91614.61,0.0
900975,700949,Debit Card,Failed,2024-03-30 22:22:48,4538.03,81.68
900976,700950,UPI,Completed,2025-09-08 17:00:30,469.35,0.0
900977,700951,Credit Card,Completed,2025-01-15 20:35:18,50408.49,907.35
900978,700952,UPI,Completed,2025-04-20 16:43:04,44030.27,0.0
900979,700953,Net Banking,Completed,2024-01-31 12:39:44,16103.69,0.0
900980,700954,UPI,Refunded,2024-11-09 21:25:20,6375.92,0.0
900981,700955,UPI,Completed,2025-02-01 22:20:22,63170.26,0.0
900982,700956,Credit Card,Completed,2024-12-21 17:01:23,46266.93,832.8
900983,700957,Credit Card,Completed,2025-10-31 10:19:44,9153.07,164.76
900984,700958,UPI,Completed,2025-10-23 11:08:27,371559.47,0.0
900985,700958,UPI,Failed,2025-10-23 11:00:27,371559.47,0.0
900986,700959,Credit Card,Refunded,2025-12-09 22:26:00,193507.72,3483.14
900987,700960,Cash on Delivery,Completed,2025-03-14 17:02:09,113446.4,0.0
900988,700961,UPI,Completed,2025-12-10 23:45:57,5383.99,0.0
900989,700962,Wallet,Completed,2025-09-09 15:56:52,205994.33,0.0
900990,700963,Debit Card,Completed,2024-01-01 14:51:13,7196.23,129.53
900991,700964,UPI,Completed,2024-08-01 15:36:09,12544.91,0.0
900992,700965,Debit Card,Failed,2023-11-21 21:55:26,3717.11,66.91
900993,700966,UPI,Completed,2023-01-09 18:57:50,476.47,0.0
900994,700967,Cash on Delivery,Pending,2023-10-15 16:43:19,155148.82,0.0
900995,700968,Wallet,Completed,2023-01-08 19:54:00,7621.46,0.0
900996,700969,Wallet,Completed,2025-05-13 18:04:01,137471.13,0.0
900997,700970,UPI,Completed,2024-07-29 19:37:29,71465.09,0.0
900998,700971,Debit Card,Completed,2024-02-27 18:18:50,41400.46,745.21
900999,700972,UPI,Completed,2025-06-27 19:46:41,4500.41,0.0
901000,700973,Debit Card,Completed,2025-09-09 18:37:26,308952.81,5561.15
901001,700974,Debit Card,Completed,2025-12-14 16:18:06,7372.58,132.71
901002,700975,Credit Card,Completed,2025-02-11 19:01:41,4745.24,85.41
901003,700976,Wallet,Completed,2024-09-09 17:36:45,4210.33,0.0
901004,700977,Cash on Delivery,Completed,2024-02-16 13:12:07,89486.15,0.0
901005,700978,Net Banking,Refunded,2023-11-07 19:45:21,71326.11,0.0
901006,700979,Debit Card,Completed,2023-11-01 19:10:08,71557.73,1288.04
901007,700980,Credit Card,Completed,2024-07-06 21:53:35,210748.15,3793.47
901008,700981,UPI,Completed,2025-12-27 11:40:19,154656.06,0.0
901009,700982,Credit Card,Failed,2023-01-02 18:03:44,6627.02,119.29
901010,700983,Credit Card,Completed,2023-10-21 15:21:47,104237.23,1876.27
901011,700983,Credit Card,Failed,2023-10-21 15:16:47,104237.23,0.0
901012,700984,Debit Card,Completed,2023-10-15 22:05:07,104511.99,1881.22
901013,700985,UPI,Completed,2025-05-11 19:20:32,223546.34,0.0
901014,700986,Debit Card,Completed,2024-04-26 13:45:34,204202.97,3675.65
901015,700987,Debit Card,Completed,2024-09-03 21:14:05,5843.27,105.18
901016,700988,Credit Card,Completed,2023-09-01 17:15:01,9887.81,177.98
901017,700989,Wallet,Completed,2024-06-30 18:57:34,1769.55,0.0
901018,700990,UPI,Completed,2023-06-24 15:30:07,9110.9,0.0
901019,700991,UPI,Completed,2024-10-31 19:54:53,9744.79,0.0
901020,700992,UPI,Completed,2023-06-14 19:38:57,80846.66,0.0
901021,700993,UPI,Completed,2025-07-31 21:44:49,136544.77,0.0
901022,700994,Credit Card,Completed,2024-11-23 19:56:11,7621.46,137.19
901023,700995,UPI,Completed,2025-05-17 19:36:26,45942.37,0.0
901024,700996,Credit Card,Completed,2024-07-19 15:38:54,115311.52,2075.61
901025,700997,Cash on Delivery,Completed,2024-05-29 17:28:37,41070.16,0.0
901026,700998,Debit Card,Completed,2023-06-15 22:45:19,1968.52,35.43
901027,700999,Credit Card,Completed,2024-10-26 17:28:55,3241.7,58.35
901028,701000,Net Banking,Completed,2024-10-21 23:06:05,477146.0,0.0
901029,701001,Wallet,Completed,2024-09-18 19:57:54,9015.74,0.0
901030,701002,Cash on Delivery,Completed,2025-06-02 18:58:02,106783.4,0.0
901031,701003,UPI,Completed,2025-09-09 18:42:59,1250.59,0.0
901032,701004,UPI,Failed,2025-06-14 18:12:24,2991.11,0.0
901033,701005,Net Banking,Completed,2023-08-24 12:00:58,134411.08,0.0
901034,701006,UPI,Completed,2025-01-22 21:43:47,1389.54,0.0
901035,701007,Credit Card,Completed,2023-05-18 15:36:56,149449.69,2690.09
901036,701008,Credit Card,Completed,2025-04-17 11:00:43,1691.62,30.45
901037,701009,UPI,Completed,2024-05-29 13:47:07,6759.08,0.0
901038,701010,Debit Card,Completed,2023-08-09 23:48:40,497.89,8.96
901039,701011,UPI,Completed,2025-10-06 23:29:06,9985.26,0.0
901040,701012,Net Banking,Completed,2025-01-13 17:58:50,11264.21,0.0
901041,701013,UPI,Failed,2024-04-29 20:47:34,12302.04,0.0
901042,701014,Debit Card,Completed,2023-02-21 18:09:32,166787.18,3002.17
901043,701015,UPI,Completed,2024-11-03 15:35:55,6400.5,0.0
901044,701016,UPI,Completed,2025-11-03 16:06:34,1852.72,0.0
901045,701017,UPI,Completed,2024-12-26 22:29:25,310997.68,0.0
901046,701018,Credit Card,Completed,2025-12-10 23:36:00,8973.33,161.52
901047,701019,Debit Card,Completed,2023-08-13 16:18:39,15298.54,275.37
901048,701020,UPI,Completed,2024-11-25 19:46:41,276178.27,0.0
901049,701021,UPI,Refunded,2025-08-07 23:43:57,23302.4,0.0
901050,701022,UPI,Completed,2024-10-27 20:07:54,53854.88,0.0
901051,701023,Debit Card,Completed,2023-06-02 19:53:10,55090.91,991.64
901052,701024,Cash on Delivery,Completed,2024-12-14 19:59:21,60635.16,0.0
901053,701025,UPI,Completed,2025-01-11 21:19:49,91184.24,0.0
901054,701026,Debit Card,Completed,2025-05-22 18:06:44,82083.81,1477.51
901055,701027,UPI,Completed,2025-06-26 23:16:15,36107.46,0.0
901056,701028,Cash on Delivery,Completed,2025-07-07 17:13:58,12733.35,0.0
901057,701029,Credit Card,Completed,2025-03-09 14:40:40,6028.54,108.51
901058,701030,Debit Card,Refunded,2023-11-03 23:38:45,14049.34,252.89
901059,701031,Debit Card,Completed,2024-06-29 17:54:20,278523.43,5013.42
901060,701032,Debit Card,Completed,2025-07-14 19:43:31,46014.77,828.27
901061,701033,Credit Card,Completed,2025-11-20 19:35:04,66643.63,1199.59
901062,701034,UPI,Completed,2023-05-16 12:52:13,9980.49,0.0
901063,701035,UPI,Completed,2024-11-02 23:44:13,1760.08,0.0
901064,701036,Credit Card,Completed,2024-02-27 23:06:51,6067.03,109.21
901065,701037,Wallet,Completed,2023-11-09 22:56:58,1884.56,0.0
901066,701037,Wallet,Failed,2023-11-09 22:54:58,1884.56,0.0
901067,701038,Credit Card,Completed,2024-10-16 17:31:32,3421.73,61.59
901068,701039,UPI,Completed,2025-01-03 23:09:12,5243.09,0.0
901069,701040,UPI,Completed,2023-01-20 19:18:00,6445.4,0.0
901070,701041,UPI,Completed,2025-07-19 21:37:38,475.51,0.0
901071,701042,UPI,Completed,2025-08-26 15:02:46,9024.39,0.0
901072,701043,Debit Card,Completed,2025-12-03 18:08:59,19581.36,352.46
901073,701044,UPI,Completed,2023-10-10 15:15:20,23506.6,0.0
901074,701045,UPI,Failed,2024-12-25 15:28:09,54758.12,0.0
901075,701046,UPI,Completed,2024-07-31 19:08:08,125808.53,0.0
901076,701047,Debit Card,Refunded,2024-03-31 22:18:27,1298.53,23.37
901077,701047,Debit Card,Failed,2024-03-31 22:09:27,1298.53,0.0
901078,701048,UPI,Completed,2024-11-22 16:45:22,177272.53,0.0
901079,701049,Cash on Delivery,Pending,2025-07-21 20:02:58,200364.61,0.0
901080,701050,Cash on Delivery,Completed,2023-02-07 22:26:07,1909.37,0.0
901081,701051,Cash on Delivery,Completed,2025-12-08 20:12:26,9105.31,0.0
901082,701052,Debit Card,Completed,2025-08-15 22:59:50,112779.71,2030.03
901083,701053,Debit Card,Completed,2025-06-14 23:51:25,48288.51,869.19
901084,701054,Wallet,Completed,2025-06-25 20:36:15,148903.09,0.0
901085,701055,UPI,Completed,2024-06-08 20:30:43,7583.79,0.0
901086,701056,UPI,Completed,2025-06-15 19:28:47,41324.19,0.0
901087,701057,UPI,Completed,2024-06-05 16:55:09,1389.54,0.0
901088,701058,Debit Card,Completed,2025-10-23 20:40:01,44103.96,793.87
901089,701059,Cash on Delivery,Refunded,2023-10-08 18:35:44,207205.94,0.0
901090,701060,UPI,Completed,2024-01-29 23:00:59,148266.25,0.0
901091,701061,Debit Card,Completed,2024-11-10 18:21:37,9803.7,176.47
901092,701062,UPI,Completed,2024-03-08 22:13:45,1389.54,0.0
901093,701063,Cash on Delivery,Pending,2024-07-27 22:31:49,2275.14,0.0
901094,701064,UPI,Completed,2024-10-09 23:43:19,2991.11,0.0
901095,701065,Debit Card,Completed,2025-10-03 10:26:54,86292.9,1553.27
901096,701066,UPI,Completed,2024-10-26 21:16:43,1467.91,0.0
901097,701067,UPI,Completed,2024-05-08 22:44:47,36135.71,0.0
901098,701068,Credit Card,Completed,2023-12-06 09:42:52,53407.5,961.33
901099,701069,Debit Card,Completed,2024-07-06 17:59:36,36563.53,658.14
901100,701070,UPI,Completed,2024-10-22 17:09:03,323213.98,0.0
901101,701071,UPI,Completed,2025-06-08 20:43:01,145031.22,0.0
901102,701072,Cash on Delivery,Completed,2023-07-24 20:02:27,833.72,0.0
901103,701073,Credit Card,Completed,2023-11-07 23:46:04,5038.57,90.69
901104,701074,Net Banking,Completed,2024-05-27 19:03:13,39960.15,0.0
901105,701075,Debit Card,Completed,2024-05-06 20:39:02,8000.94,144.02
901106,701076,Debit Card,Completed,2024-06-12 14:10:58,154734.57,2785.22
901107,701077,Credit Card,Completed,2025-08-03 12:35:41,4609.68,82.97
901108,701078,Net Banking,Completed,2024-03-15 18:52:14,16093.94,0.0
901109,701079,UPI,Refunded,2024-10-14 19:04:47,11062.97,0.0
901110,701080,UPI,Completed,2025-01-24 17:50:41,3104.84,0.0
901111,701080,UPI,Failed,2025-01-24 17:38:41,3104.84,0.0
901112,701081,UPI,Completed,2023-11-14 20:14:01,4803.07,0.0
901113,701082,Credit Card,Completed,2025-05-12 16:26:02,2306.33,41.51
901114,701083,Cash on Delivery,Completed,2024-11-08 20:09:32,149783.35,0.0
901115,701084,Cash on Delivery,Completed,2024-08-20 19:28:47,5982.22,0.0
901116,701085,Cash on Delivery,Completed,2025-08-15 23:49:03,20471.35,0.0
901117,701086,UPI,Completed,2023-11-29 14:35:20,4195.38,0.0
901118,701087,Cash on Delivery,Pending,2025-10-16 21:28:50,21471.29,0.0
901119,701088,UPI,Completed,2024-11-16 23:59:09,4550.27,0.0
901120,701089,UPI,Completed,2025-01-07 15:44:42,9521.32,0.0
901121,701090,Cash on Delivery,Refunded,2025-10-12 21:01:05,926.36,0.0
901122,701091,UPI,Completed,2025-08-23 18:36:35,272218.83,0.0
901123,701092,Debit Card,Pending,2024-12-30 15:45:26,279470.09,5030.46
901124,701093,Debit Card,Completed,2025-06-17 23:47:56,7204.6,129.68
901125,701093,Debit Card,Failed,2025-06-17 23:27:56,7204.6,0.0
901126,701094,Credit Card,Completed,2024-08-07 23:26:52,93214.04,1677.85
901127,701095,Debit Card,Completed,2024-11-08 21:16:28,195962.62,3527.33
901128,701096,Debit Card,Completed,2023-04-21 19:52:21,6032.45,108.58
901129,701097,Credit Card,Completed,2023-05-31 17:35:29,5159.5,92.87
901130,701098,Wallet,Completed,2025-09-06 20:34:16,47880.56,0.0
901131,701099,UPI,Completed,2023-04-16 14:44:38,2527.93,0.0
901132,701100,Wallet,Completed,2023-10-02 15:29:49,4438.39,0.0
901133,701101,UPI,Completed,2025-08-05 15:57:39,6234.46,0.0
901134,701102,Net Banking,Refunded,2023-01-03 14:58:09,20798.56,0.0
901135,701103,UPI,Completed,2024-01-19 19:03:50,198884.01,0.0
901136,701104,UPI,Completed,2024-12-15 10:09:57,526.53,0.0
901137,701105,Cash on Delivery,Failed,2024-12-25 21:24:16,4243.66,0.0
901138,701106,Credit Card,Completed,2025-07-15 19:00:21,7279.94,131.04
901139,701107,Debit Card,Completed,2024-10-16 22:33:27,159179.26,2865.23
901140,701108,Cash on Delivery,Completed,2024-10-18 19:25:34,133957.77,0.0
901141,701109,UPI,Completed,2025-05-18 19:12:04,80244.53,0.0
901142,701110,UPI,Completed,2024-10-12 10:55:36,60535.0,0.0
901143,701111,Net Banking,Completed,2025-01-06 19:37:33,39960.15,0.0
901144,701112,UPI,Completed,2025-10-23 22:48:48,230978.89,0.0
901145,701113,UPI,Completed,2024-06-25 15:15:23,40608.6,0.0
901146,701114,UPI,Completed,2024-06-02 16:01:05,171930.64,0.0
901147,701115,Cash on Delivery,Pending,2023-01-07 19:35:43,85230.93,0.0
901148,701116,Debit Card,Completed,2025-01-12 17:33:28,158644.12,2855.59
901149,701117,Credit Card,Completed,2023-02-20 13:00:44,48206.56,867.72
901150,701118,UPI,Completed,2024-10-15 23:31:55,1852.72,0.0
901151,701118,UPI,Failed,2024-10-15 23:15:55,1852.72,0.0
901152,701119,Debit Card,Completed,2025-08-11 23:41:06,492.58,8.87
901153,701120,Debit Card,Completed,2024-11-09 15:14:27,1482.18,26.68
901154,701121,Credit Card,Completed,2023-12-31 22:38:24,207908.1,3742.35
901155,701122,UPI,Completed,2025-07-26 13:18:26,9171.56,0.0
901156,701123,Debit Card,Completed,2023-12-31 17:04:05,2122.41,38.2
901157,701124,Credit Card,Pending,2025-05-25 19:00:03,106097.36,1909.75
901158,701125,Cash on Delivery,Completed,2025-01-09 23:35:47,9037.85,0.0
901159,701126,Credit Card,Pending,2023-10-03 19:11:00,9365.66,168.58
901160,701127,Credit Card,Completed,2025-10-26 23:18:36,15582.09,280.48
901161,701128,Cash on Delivery,Pending,2023-10-24 18:40:14,13937.63,0.0
901162,701129,UPI,Completed,2025-12-25 23:05:00,106539.82,0.0
901163,701130,Credit Card,Completed,2023-01-15 15:23:57,41753.19,751.56
901164,701131,Credit Card,Completed,2023-12-26 18:41:29,7583.79,136.51
901165,701132,Credit Card,Completed,2023-10-23 23:27:20,8654.3,155.78
901166,701133,Cash on Delivery,Pending,2023-01-25 12:47:19,23507.15,0.0
901167,701134,Debit Card,Completed,2025-05-25 23:10:22,66298.87,1193.38
901168,701135,UPI,Completed,2025-04-15 11:39:48,1852.72,0.0
901169,701136,UPI,Completed,2025-08-02 20:18:05,156116.19,0.0
901170,701137,Debit Card,Completed,2023-12-20 12:46:13,246765.84,4441.79
901171,701138,Wallet,Completed,2024-08-16 22:50:43,9481.07,0.0
901172,701139,Credit Card,Completed,2025-03-04 16:12:15,14742.87,265.37
901173,701140,Credit Card,Completed,2024-08-12 20:49:14,147399.75,2653.2
901174,701141,UPI,Completed,2025-04-20 11:25:47,39546.46,0.0
901175,701142,UPI,Completed,2025-02-01 20:28:24,311365.18,0.0
901176,701143,Wallet,Completed,2023-07-13 15:24:49,114798.59,0.0
901177,701144,Credit Card,Refunded,2025-07-20 12:31:49,10133.83,182.41
901178,701145,Credit Card,Completed,2025-05-14 16:38:42,66797.93,1202.36
901179,701146,Debit Card,Completed,2025-02-28 15:39:46,9241.15,166.34
901180,701147,Credit Card,Completed,2023-09-12 17:17:37,7612.82,137.03
901181,701148,UPI,Completed,2023-12-30 23:52:51,5889.58,0.0
901182,701149,Credit Card,Completed,2024-06-14 23:47:02,148321.96,2669.8
901183,701150,Credit Card,Completed,2024-01-15 22:01:36,848.51,15.27
901184,701151,Credit Card,Completed,2023-11-11 18:11:16,2012.3,36.22
901185,701152,UPI,Failed,2025-08-12 16:28:47,451.32,0.0
901186,701153,UPI,Completed,2025-02-06 23:03:58,5196.77,0.0
901187,701154,Debit Card,Completed,2024-11-22 22:04:34,4971.05,89.48
901188,701155,Debit Card,Completed,2023-11-10 19:32:39,116147.33,2090.65
901189,701156,UPI,Completed,2025-11-01 14:38:14,82207.95,0.0
901190,701157,Wallet,Completed,2023-10-17 16:36:26,517.18,0.0
901191,701158,Credit Card,Completed,2025-08-05 23:29:46,12047.33,216.85
901192,701159,Debit Card,Completed,2025-12-05 14:54:34,1250.59,22.51
901193,701159,Debit Card,Failed,2025-12-05 14:48:34,1250.59,0.0
901194,701160,UPI,Completed,2025-05-20 20:09:42,4068.98,0.0
901195,701161,Debit Card,Completed,2025-12-27 13:31:42,88435.34,1591.84
901196,701162,Credit Card,Completed,2025-02-22 17:18:34,103041.38,1854.74
901197,701163,Net Banking,Completed,2023-11-04 21:56:59,13795.59,0.0
901198,701164,Wallet,Completed,2023-10-26 23:06:45,116648.86,0.0
901199,701165,Credit Card,Completed,2024-03-16 23:48:51,1320.06,23.76
901200,701166,UPI,Completed,2023-01-14 20:38:46,54803.21,0.0
901201,701167,UPI,Completed,2025-04-01 23:00:18,1716.37,0.0
901202,701168,UPI,Completed,2023-12-30 13:06:30,12131.63,0.0
901203,701169,Debit Card,Completed,2025-08-21 15:50:56,28881.37,519.86
901204,701170,UPI,Completed,2024-05-04 21:29:11,164642.48,0.0
901205,701170,UPI,Failed,2024-05-04 21:19:11,164642.48,0.0
901206,701171,Credit Card,Completed,2024-10-02 22:22:51,51720.65,930.97
901207,701172,UPI,Completed,2025-12-04 16:27:28,153160.01,0.0
901208,701173,Credit Card,Completed,2023-11-27 15:41:39,6167.49,111.01
901209,701174,Cash on Delivery,Completed,2025-05-15 23:29:30,12806.78,0.0
901210,701175,Cash on Delivery,Completed,2025-06-19 18:21:32,107571.57,0.0
901211,701176,Cash on Delivery,Completed,2023-11-06 17:48:18,7977.49,0.0
901212,701177,UPI,Completed,2024-10-13 13:00:07,6028.54,0.0
901213,701178,UPI,Completed,2024-04-22 23:59:37,66797.93,0.0
901214,701179,Credit Card,Refunded,2025-07-09 16:00:44,1280.86,23.06
901215,701180,UPI,Failed,2025-01-22 22:44:29,12915.46,0.0
901216,701181,Cash on Delivery,Pending,2024-09-28 14:44:37,7279.94,0.0
901217,701182,Credit Card,Refunded,2025-07-18 07:57:15,142287.28,2561.17
901218,701183,UPI,Completed,2023-11-16 14:53:17,15624.63,0.0
901219,701184,UPI,Completed,2025-06-17 23:38:15,7751.77,0.0
901220,701185,Cash on Delivery,Completed,2025-10-07 23:26:07,4198.13,0.0
901221,701186,UPI,Completed,2025-10-13 23:26:35,1320.06,0.0
901222,701187,UPI,Completed,2025-07-23 23:58:15,4737.5,0.0
901223,701188,Debit Card,Completed,2024-07-05 22:01:42,134421.0,2419.58
901224,701189,Cash on Delivery,Completed,2025-12-20 15:01:55,9697.2,0.0
901225,701190,Credit Card,Completed,2024-05-27 15:06:24,111839.26,2013.11
901226,701191,Credit Card,Completed,2025-02-06 12:40:59,2276.65,40.98
901227,701192,Credit Card,Completed,2023-09-22 23:53:28,439.96,7.92
901228,701193,Net Banking,Completed,2025-12-20 20:58:31,121764.11,0.0
901229,701194,Wallet,Completed,2025-04-28 16:10:18,8039.04,0.0
901230,701195,UPI,Refunded,2025-06-17 19:26:12,2711.23,0.0
901231,701196,UPI,Refunded,2023-04-27 23:40:04,7588.92,0.0
901232,701196,UPI,Failed,2023-04-27 23:21:04,7588.92,0.0
901233,701197,Debit Card,Completed,2025-06-29 22:54:11,64613.38,1163.04
901234,701198,UPI,Completed,2025-07-12 14:51:03,3383.57,0.0
901235,701199,Debit Card,Completed,2025-03-20 15:56:19,6993.39,125.88
901236,701200,Debit Card,Completed,2024-01-28 23:32:25,9331.77,167.97
901237,701201,Cash on Delivery,Completed,2024-10-07 14:45:53,2527.93,0.0
901238,701202,Debit Card,Completed,2023-07-06 21:59:01,147797.22,2660.35
901239,701203,Net Banking,Completed,2024-09-22 18:33:11,31597.58,0.0
901240,701204,Debit Card,Failed,2023-11-30 17:58:42,130928.52,2356.71
901241,701205,UPI,Completed,2024-04-21 17:37:02,487.57,0.0
901242,701206,Debit Card,Completed,2023-09-24 18:59:45,183202.2,3297.64
901243,701207,Cash on Delivery,Pending,2023-11-12 17:34:32,13827.44,0.0
901244,701208,Cash on Delivery,Refunded,2023-05-13 14:53:34,5131.2,0.0
901245,701209,Cash on Delivery,Completed,2025-11-02 21:02:21,7371.76,0.0
901246,701210,Wallet,Completed,2024-10-30 17:05:42,46952.23,0.0
901247,701211,Wallet,Completed,2024-06-19 23:39:34,101727.54,0.0
901248,701212,Debit Card,Completed,2024-11-01 09:50:46,93496.7,1682.94
901249,701213,Debit Card,Completed,2025-01-27 18:01:13,89919.19,1618.55
901250,701214,Credit Card,Completed,2025-11-03 17:18:08,1389.54,25.01
901251,701215,Cash on Delivery,Completed,2023-10-09 20:34:24,244565.61,0.0
901252,701216,UPI,Completed,2024-02-01 11:34:44,358001.2,0.0
901253,701217,UPI,Completed,2025-12-15 14:29:47,38402.16,0.0
901254,701218,UPI,Completed,2024-05-18 23:09:00,1899.08,0.0
901255,701219,Cash on Delivery,Completed,2023-02-06 16:35:14,7544.21,0.0
901256,701220,UPI,Completed,2023-08-30 15:05:47,18420.26,0.0
901257,701221,UPI,Completed,2023-02-13 23:14:52,5472.72,0.0
901258,701222,Debit Card,Completed,2025-12-25 16:52:55,224762.65,4045.73
901259,701223,Credit Card,Completed,2024-01-14 23:27:11,33870.76,609.67
901260,701224,Debit Card,Completed,2025-11-03 10:51:54,3791.07,68.24
901261,701225,Wallet,Completed,2025-12-29 12:02:03,462.39,0.0
901262,701226,Cash on Delivery,Completed,2024-12-29 20:37:30,107839.32,0.0
901263,701227,Cash on Delivery,Completed,2023-02-26 22:08:49,59368.61,0.0
901264,701228,Credit Card,Completed,2023-05-20 19:40:42,198411.21,3571.4
901265,701229,UPI,Completed,2024-10-03 23:59:51,9290.58,0.0
901266,701229,UPI,Failed,2024-10-03 23:52:51,9290.58,0.0
901267,701230,UPI,Completed,2024-07-02 13:50:16,63208.13,0.0
901268,701231,UPI,Failed,2025-01-03 21:21:21,252453.02,0.0
901269,701232,UPI,Completed,2024-08-11 23:38:46,85585.52,0.0
901270,701233,Cash on Delivery,Completed,2025-11-08 20:57:58,65653.97,0.0
901271,701234,Cash on Delivery,Completed,2024-11-01 15:18:06,5055.86,0.0
901272,701235,Credit Card,Completed,2025-04-16 12:35:34,47398.54,853.17
901273,701236,UPI,Completed,2025-10-22 16:40:50,227859.91,0.0
901274,701237,Cash on Delivery,Completed,2023-08-29 13:14:33,3442.21,0.0
901275,701238,UPI,Completed,2023-11-12 17:55:21,15432.22,0.0
901276,701239,Debit Card,Completed,2023-07-01 16:17:32,275785.82,4964.14
901277,701240,UPI,Completed,2023-08-17 16:47:14,12170.34,0.0
901278,701241,Debit Card,Completed,2024-10-20 18:54:04,4691.18,84.44
901279,701242,Debit Card,Completed,2024-03-11 11:22:34,6507.05,117.13
901280,701243,Debit Card,Completed,2024-07-26 19:00:42,18444.44,332.0
901281,701244,Debit Card,Completed,2025-12-21 16:39:16,135320.48,2435.77
901282,701245,Cash on Delivery,Pending,2023-09-15 14:53:17,8402.16,0.0
901283,701246,Cash on Delivery,Completed,2024-11-04 15:02:31,5519.04,0.0
901284,701247,UPI,Refunded,2023-06-16 23:35:38,2470.98,0.0
901285,701248,UPI,Completed,2024-03-07 16:45:03,126916.06,0.0
901286,701249,UPI,Completed,2024-10-28 20:32:01,6445.4,0.0
901287,701250,UPI,Completed,2025-11-14 15:31:05,144677.2,0.0
901288,701251,UPI,Failed,2024-06-11 22:22:27,188043.35,0.0
901289,701252,UPI,Completed,2023-04-26 19:56:35,3083.11,0.0
901290,701253,Cash on Delivery,Pending,2024-06-07 23:07:23,1181.11,0.0
901291,701254,Wallet,Pending,2023-08-27 23:17:53,81985.05,0.0
901292,701255,UPI,Completed,2023-11-12 21:08:40,119880.45,0.0
901293,701256,Credit Card,Completed,2025-01-18 23:29:04,119075.53,2143.36
901294,701257,Debit Card,Completed,2023-04-30 19:27:42,9224.51,166.04
901295,701258,Net Banking,Completed,2024-09-13 08:37:42,116869.32,0.0
901296,701259,UPI,Completed,2025-01-07 23:36:21,18751.31,0.0
901297,701260,Wallet,Completed,2024-07-24 19:01:57,5055.86,0.0
901298,701261,UPI,Completed,2023-01-31 19:44:40,1574.81,0.0
901299,701262,UPI,Failed,2025-12-23 15:05:28,211435.83,0.0
901300,701263,UPI,Completed,2024-05-13 20:56:53,1389.54,0.0
901301,701264,UPI,Completed,2025-07-17 21:39:22,2275.14,0.0
901302,701265,UPI,Refunded,2024-03-17 22:54:42,10482.26,0.0
901303,701266,Debit Card,Completed,2024-09-27 15:29:57,41355.88,744.41
901304,701267,UPI,Completed,2024-06-07 18:49:48,82981.91,0.0
901305,701268,Net Banking,Completed,2024-04-11 19:55:04,17178.63,0.0
901306,701269,Cash on Delivery,Completed,2023-02-05 18:19:53,45536.86,0.0
901307,701270,Net Banking,Completed,2024-05-05 17:45:18,172546.57,0.0
901308,701271,UPI,Completed,2025-10-19 18:02:50,139616.57,0.0
901309,701272,UPI,Pending,2025-04-12 20:39:56,161123.88,0.0
901310,701272,UPI,Failed,2025-04-12 20:20:56,161123.88,0.0
901311,701273,Credit Card,Refunded,2023-08-27 14:09:19,4946.41,89.04
901312,701274,Net Banking,Completed,2024-12-22 21:43:54,98417.93,0.0
901313,701275,Cash on Delivery,Refunded,2025-10-20 21:50:10,926.36,0.0
901314,701276,UPI,Completed,2025-04-23 20:18:00,741.09,0.0
901315,701277,Cash on Delivery,Pending,2023-09-01 19:27:14,24039.87,0.0
901316,701278,Credit Card,Completed,2025-10-08 14:50:50,2462.36,44.32
901317,701279,Net Banking,Completed,2024-02-10 18:51:45,59166.53,0.0
901318,701280,Credit Card,Completed,2024-08-30 17:23:45,93101.24,1675.82
901319,701281,Cash on Delivery,Completed,2024-10-27 19:37:36,142106.01,0.0
901320,701282,UPI,Pending,2025-09-30 17:18:59,5291.36,0.0
901321,701283,UPI,Completed,2025-11-07 15:08:51,7180.46,0.0
901322,701284,UPI,Completed,2025-11-06 17:26:00,49756.98,0.0
901323,701285,Cash on Delivery,Completed,2023-01-16 16:50:07,168000.5,0.0
901324,701286,Credit Card,Completed,2025-11-03 20:47:46,39913.83,718.45
901325,701287,Debit Card,Completed,2023-04-07 21:23:30,1852.72,33.35
901326,701288,Net Banking,Completed,2023-12-28 19:43:39,3108.86,0.0
901327,701289,Cash on Delivery,Completed,2024-10-21 13:27:34,41915.74,0.0
901328,701290,Credit Card,Completed,2024-10-02 23:31:15,12514.12,225.25
901329,701291,Credit Card,Refunded,2025-01-01 22:07:09,45360.53,816.49
901330,701292,Cash on Delivery,Pending,2024-10-02 15:56:44,12878.95,0.0
901331,701293,UPI,Completed,2025-11-09 21:14:02,95735.01,0.0
901332,701294,Cash on Delivery,Completed,2023-11-25 08:35:02,9436.51,0.0
901333,701295,UPI,Completed,2024-01-06 20:38:03,367457.44,0.0
901334,701296,UPI,Completed,2025-11-02 10:04:37,240760.34,0.0
901335,701297,UPI,Completed,2023-05-13 16:23:10,39137.3,0.0
901336,701298,Wallet,Completed,2025-01-08 18:43:36,424.51,0.0
901337,701299,UPI,Completed,2025-04-01 15:12:20,357648.76,0.0
901338,701300,Cash on Delivery,Completed,2024-10-16 23:44:13,95626.99,0.0
901339,701301,Credit Card,Completed,2025-04-16 22:09:14,13352.07,240.34
901340,701302,UPI,Completed,2023-10-05 23:31:03,46276.91,0.0
901341,701303,UPI,Completed,2025-10-01 16:44:04,87000.46,0.0
901342,701304,UPI,Pending,2023-08-18 10:13:44,137449.82,0.0
901343,701305,UPI,Completed,2024-06-25 17:07:56,46200.4,0.0
901344,701306,UPI,Completed,2023-05-11 07:02:20,89561.69,0.0
901345,701307,Cash on Delivery,Refunded,2024-11-07 22:50:10,137007.95,0.0
901346,701308,UPI,Completed,2025-03-17 16:15:17,108653.42,0.0
901347,701309,UPI,Completed,2025-11-12 22:31:04,1557.08,0.0
901348,701310,Credit Card,Refunded,2025-05-31 23:25:22,116790.75,2102.23
901349,701311,Wallet,Completed,2024-11-05 15:22:48,8046.97,0.0
901350,701312,Debit Card,Completed,2025-11-08 16:29:09,18511.36,333.2
901351,701313,UPI,Completed,2024-10-01 21:47:13,9552.85,0.0
901352,701314,Credit Card,Completed,2024-11-16 17:42:31,96084.62,1729.52
901353,701315,Debit Card,Completed,2024-12-26 20:54:42,72292.42,1301.26
901354,701316,UPI,Completed,2024-07-07 20:48:28,269581.2,0.0
901355,701317,UPI,Completed,2025-09-16 17:36:39,163051.96,0.0
901356,701318,Cash on Delivery,Refunded,2023-10-13 21:27:25,6445.4,0.0
901357,701319,Cash on Delivery,Completed,2024-11-12 23:22:38,8818.67,0.0
901358,701320,Wallet,Completed,2025-05-16 18:58:38,100493.2,0.0
901359,701321,UPI,Completed,2025-10-25 18:55:45,74453.48,0.0
901360,701322,Debit Card,Completed,2025-10-16 18:44:29,144429.09,2599.72
901361,701323,UPI,Completed,2024-10-18 09:43:20,11934.12,0.0
901362,701324,Wallet,Completed,2025-02-12 18:37:31,12833.29,0.0
901363,701324,Wallet,Failed,2025-02-12 18:22:31,12833.29,0.0
901364,701325,Debit Card,Completed,2024-06-15 15:12:15,6377.88,114.8
901365,701326,Net Banking,Completed,2024-09-18 23:01:51,137614.88,0.0
901366,701327,Net Banking,Completed,2025-10-26 21:31:18,94175.35,0.0
901367,701328,UPI,Completed,2025-11-07 18:33:35,88186.73,0.0
901368,701329,Credit Card,Completed,2025-10-21 16:15:29,6591.56,118.65
901369,701329,Credit Card,Failed,2025-10-21 15:55:29,6591.56,0.0
901370,701330,Net Banking,Completed,2023-08-15 21:31:11,16488.0,0.0
901371,701331,Wallet,Completed,2025-09-29 21:58:34,61185.34,0.0
901372,701332,Debit Card,Completed,2025-11-15 12:21:47,136163.26,2450.94
901373,701333,Net Banking,Completed,2024-05-07 23:07:13,45877.87,0.0
901374,701334,UPI,Completed,2024-10-23 19:26:50,64515.21,0.0
901375,701335,UPI,Completed,2025-07-17 17:33:55,3411.88,0.0
901376,701336,Credit Card,Completed,2024-11-17 20:31:34,107709.76,1938.78
901377,701337,UPI,Completed,2025-12-28 19:31:12,95126.11,0.0
901378,701338,Wallet,Completed,2024-09-01 18:12:09,1250.59,0.0
901379,701338,Wallet,Failed,2024-09-01 18:03:09,1250.59,0.0
901380,701339,Credit Card,Completed,2025-05-08 17:26:16,10693.96,192.49
901381,701340,Credit Card,Completed,2025-08-02 19:26:57,5711.4,102.81
901382,701341,Net Banking,Completed,2024-10-10 19:45:17,5476.02,0.0
901383,701342,Cash on Delivery,Completed,2025-10-03 19:05:08,50317.2,0.0
901384,701343,Credit Card,Completed,2024-11-07 16:06:29,13894.42,250.1
901385,701344,UPI,Completed,2024-07-10 11:28:30,8046.97,0.0
901386,701345,Credit Card,Completed,2023-07-02 21:32:19,157987.88,2843.78
901387,701346,UPI,Completed,2024-06-14 23:49:17,80383.48,0.0
901388,701347,UPI,Failed,2025-05-26 23:11:34,165537.11,0.0
901389,701348,UPI,Completed,2025-11-02 14:44:24,11375.68,0.0
901390,701349,Debit Card,Completed,2023-12-12 18:07:06,142965.97,2573.39
901391,701349,Debit Card,Failed,2023-12-12 17:59:06,142965.97,0.0
901392,701350,UPI,Completed,2024-04-30 20:56:24,5488.48,0.0
901393,701351,Cash on Delivery,Completed,2023-09-10 16:25:47,278149.68,0.0
901394,701352,Debit Card,Completed,2025-04-12 23:21:21,3526.77,63.48
901395,701353,Credit Card,Completed,2025-11-28 16:16:11,8902.61,160.25
901396,701354,UPI,Failed,2025-02-09 15:32:48,8973.33,0.0
901397,701355,Cash on Delivery,Completed,2025-01-17 21:54:14,77749.83,0.0
901398,701356,Credit Card,Completed,2024-11-11 21:17:51,158505.32,2853.1
901399,701357,Cash on Delivery,Completed,2023-05-29 21:43:17,483.06,0.0
901400,701358,UPI,Completed,2025-05-22 17:36:22,37913.8,0.0
901401,701358,UPI,Failed,2025-05-22 17:27:22,37913.8,0.0
901402,701359,UPI,Completed,2024-12-30 15:00:54,3653.51,0.0
901403,701360,Credit Card,Completed,2025-03-07 18:41:08,5519.04,99.34
901404,701361,UPI,Completed,2025-10-23 17:14:33,132408.45,0.0
901405,701362,Cash on Delivery,Pending,2025-07-23 23:17:43,139143.26,0.0
901406,701363,Credit Card,Completed,2025-07-19 17:41:54,102664.96,1847.97
901407,701364,UPI,Completed,2025-11-05 14:24:51,6825.41,0.0
901408,701365,Wallet,Completed,2025-12-25 18:50:55,4751.5,0.0
901409,701366,Credit Card,Completed,2024-12-12 16:43:40,13015.56,234.28
901410,701367,Debit Card,Completed,2023-07-03 16:12:16,7820.58,140.77
901411,701368,Cash on Delivery,Completed,2024-09-06 14:05:26,3180.5,0.0
901412,701369,UPI,Pending,2025-07-27 18:07:04,1389.54,0.0
901413,701370,UPI,Completed,2023-02-16 19:16:54,12612.33,0.0
901414,701371,Credit Card,Completed,2023-04-11 23:40:16,124859.35,2247.47
901415,701372,Cash on Delivery,Completed,2023-04-30 21:30:52,232775.35,0.0
901416,701373,Cash on Delivery,Pending,2025-05-24 23:44:26,129234.61,0.0
901417,701374,Credit Card,Completed,2024-10-13 16:59:36,67139.02,1208.5
901418,701375,UPI,Refunded,2024-05-15 23:56:45,25017.49,0.0
901419,701376,UPI,Completed,2023-06-28 23:22:16,105134.83,0.0
901420,701377,Debit Card,Completed,2025-05-25 20:36:21,7583.79,136.51
901421,701378,Debit Card,Refunded,2024-03-10 15:47:48,78883.36,1419.9
901422,701379,Wallet,Completed,2023-12-27 23:22:54,12682.99,0.0
901423,701380,UPI,Completed,2025-02-23 18:32:00,7492.06,0.0
901424,701381,Debit Card,Completed,2024-11-14 17:47:56,102764.92,1849.77
901425,701382,Cash on Delivery,Pending,2024-05-08 23:17:19,43800.58,0.0
901426,701383,UPI,Completed,2025-02-10 19:50:18,14921.2,0.0
901427,701384,Debit Card,Failed,2024-01-02 17:43:07,8390.32,151.03
901428,701385,UPI,Completed,2025-08-05 14:52:10,436.62,0.0
901429,701386,Debit Card,Completed,2023-11-12 23:45:05,418248.96,7528.48
901430,701387,Cash on Delivery,Completed,2023-09-18 21:29:35,11266.01,0.0
901431,701388,UPI,Failed,2025-07-21 15:45:39,8973.33,0.0
901432,701389,Cash on Delivery,Pending,2025-05-02 20:25:04,5055.86,0.0
901433,701390,UPI,Completed,2023-10-12 23:17:55,4003.06,0.0
901434,701391,UPI,Completed,2023-07-16 19:44:58,10326.63,0.0
901435,701392,Debit Card,Refunded,2025-09-16 08:40:54,41323.99,743.83
901436,701393,Credit Card,Completed,2025-07-14 16:09:50,5476.63,98.58
901437,701394,UPI,Completed,2024-03-20 15:10:43,4879.8,0.0
901438,701395,UPI,Refunded,2025-03-03 19:55:25,175336.9,0.0
901439,701396,UPI,Completed,2023-07-30 17:42:13,6935.79,0.0
901440,701397,Credit Card,Completed,2024-10-17 23:20:24,74911.13,1348.4
901441,701398,Cash on Delivery,Completed,2023-01-30 15:30:06,82609.1,0.0
901442,701399,UPI,Completed,2024-06-12 13:35:08,9622.19,0.0
901443,701400,Credit Card,Completed,2023-05-11 17:29:02,41619.39,749.15
901444,701401,Credit Card,Pending,2024-09-27 22:59:46,6908.58,124.35
901445,701402,Cash on Delivery,Completed,2024-07-24 20:07:26,128787.21,0.0
901446,701403,UPI,Completed,2024-08-17 13:59:25,1899.13,0.0
901447,701404,Cash on Delivery,Completed,2023-03-21 20:05:06,1968.52,0.0
901448,701405,UPI,Completed,2024-05-07 18:15:03,7830.15,0.0
901449,701406,Credit Card,Completed,2025-06-21 19:11:46,5638.69,101.5
901450,701407,Debit Card,Completed,2024-05-15 22:46:52,30322.8,545.81
901451,701408,Net Banking,Refunded,2025-05-09 18:48:21,151013.44,0.0
901452,701409,Credit Card,Completed,2024-05-16 17:42:30,5266.25,94.79
901453,701410,Debit Card,Completed,2024-07-26 23:46:31,5055.86,91.01
901454,701411,UPI,Completed,2024-11-19 20:35:56,9026.01,0.0
901455,701412,UPI,Completed,2025-11-17 20:11:21,1960.14,0.0
901456,701413,Net Banking,Completed,2023-07-03 20:46:49,5889.58,0.0
901457,701414,Debit Card,Failed,2023-02-26 17:10:48,7037.49,126.67
901458,701415,Debit Card,Completed,2025-01-05 18:37:03,466.31,8.39
901459,701416,Credit Card,Completed,2025-11-15 23:09:34,152128.13,2738.31
901460,701417,Cash on Delivery,Pending,2025-12-25 23:13:35,36278.84,0.0
901461,701418,Debit Card,Completed,2024-10-04 14:41:23,1852.72,33.35
901462,701419,UPI,Completed,2024-09-18 23:48:52,82288.1,0.0
901463,701420,Cash on Delivery,Completed,2025-02-14 18:45:00,501.63,0.0
901464,701421,UPI,Completed,2024-11-13 17:30:00,1181.11,0.0
901465,701421,UPI,Failed,2024-11-13 17:27:00,1181.11,0.0
901466,701422,UPI,Completed,2025-02-01 16:51:15,1852.72,0.0
901467,701423,Wallet,Completed,2025-10-11 18:40:32,41817.84,0.0
901468,701424,Cash on Delivery,Completed,2025-06-08 15:27:48,68221.12,0.0
901469,701425,Debit Card,Completed,2024-10-11 19:02:31,173334.63,3120.02
901470,701426,UPI,Completed,2024-09-09 23:32:15,10604.42,0.0
901471,701427,UPI,Completed,2025-02-08 21:43:44,2856.06,0.0
901472,701428,UPI,Completed,2024-09-01 22:28:55,7438.71,0.0
901473,701429,Credit Card,Completed,2024-09-04 15:26:22,7183.04,129.29
901474,701430,Credit Card,Pending,2023-01-28 23:43:55,532.78,9.59
901475,701431,Credit Card,Completed,2023-10-06 16:27:30,5341.59,96.15
901476,701432,Cash on Delivery,Completed,2024-10-06 16:49:38,4394.61,0.0
901477,701433,UPI,Completed,2025-08-29 15:06:28,47149.59,0.0
901478,701434,Credit Card,Completed,2024-01-14 16:22:00,132315.66,2381.68
901479,701435,Debit Card,Completed,2024-10-26 16:08:48,136077.47,2449.39
901480,701436,UPI,Completed,2024-04-15 12:11:25,1181.11,0.0
901481,701437,Credit Card,Completed,2023-06-26 22:13:08,1667.45,30.01
901482,701438,Cash on Delivery,Completed,2025-11-25 20:22:10,17344.4,0.0
901483,701439,Credit Card,Failed,2025-10-02 16:14:15,2359.92,42.48
901484,701440,UPI,Failed,2023-05-16 11:02:29,53398.59,0.0
901485,701440,UPI,Failed,2023-05-16 10:48:29,53398.59,0.0
901486,701441,UPI,Completed,2025-05-13 16:14:21,6219.01,0.0
901487,701442,Cash on Delivery,Completed,2024-04-19 15:41:09,84466.66,0.0
901488,701443,Cash on Delivery,Completed,2025-12-28 19:47:30,8046.97,0.0
901489,701444,Cash on Delivery,Completed,2024-02-11 23:21:45,166004.29,0.0
901490,701445,UPI,Completed,2023-11-22 14:48:40,202528.72,0.0
901491,701445,UPI,Failed,2023-11-22 14:35:40,202528.72,0.0
901492,701446,Cash on Delivery,Completed,2024-11-25 13:53:53,154130.68,0.0
901493,701447,Debit Card,Completed,2025-09-13 20:59:49,41164.42,740.96
901494,701448,Credit Card,Completed,2023-10-18 13:08:31,199139.79,3584.52
901495,701449,Credit Card,Refunded,2025-05-04 18:08:09,32824.93,590.85
901496,701450,UPI,Completed,2023-04-19 23:10:49,503.72,0.0
901497,701451,Debit Card,Completed,2025-11-01 23:54:52,136915.31,2464.48
901498,701452,UPI,Completed,2023-05-19 16:21:48,433.09,0.0
901499,701453,Credit Card,Completed,2025-10-30 17:45:30,880.04,15.84
901500,701454,UPI,Completed,2024-10-08 18:19:09,210113.83,0.0
901501,701455,UPI,Completed,2024-08-22 20:13:47,17129.15,0.0
901502,701456,UPI,Completed,2025-12-12 17:14:56,926.36,0.0
901503,701457,Cash on Delivery,Completed,2025-12-26 13:34:56,51326.95,0.0
901504,701458,Debit Card,Completed,2025-02-21 21:17:23,454.43,8.18
901505,701459,UPI,Refunded,2023-08-04 23:41:31,9057.32,0.0
901506,701459,UPI,Failed,2023-08-04 23:25:31,9057.32,0.0
901507,701460,UPI,Completed,2024-10-16 23:14:28,139279.99,0.0
901508,701461,Debit Card,Completed,2024-10-29 23:41:40,86560.92,1558.1
901509,701462,UPI,Completed,2024-10-21 20:07:30,220478.14,0.0
901510,701463,Net Banking,Completed,2024-11-27 18:01:57,506.97,0.0
901511,701464,UPI,Pending,2023-01-30 23:19:46,202796.9,0.0
901512,701465,UPI,Completed,2025-05-05 15:44:34,272282.43,0.0
901513,701466,Debit Card,Completed,2025-05-06 23:27:18,22096.33,397.73
901514,701467,Cash on Delivery,Completed,2023-07-15 20:40:52,5430.31,0.0
901515,701468,Debit Card,Completed,2024-11-28 23:38:27,1982.0,35.68
901516,701469,Debit Card,Completed,2024-11-25 12:16:46,28513.56,513.24
901517,701470,UPI,Completed,2025-04-02 22:40:51,9350.47,0.0
901518,701471,UPI,Completed,2023-05-25 18:39:58,12460.73,0.0
901519,701472,UPI,Completed,2025-01-26 20:43:33,7339.3,0.0
901520,701473,UPI,Pending,2024-01-17 14:23:01,926.36,0.0
901521,701474,Cash on Delivery,Completed,2024-10-17 22:23:48,141224.51,0.0
901522,701475,Debit Card,Completed,2025-07-11 15:26:22,4668.02,84.02
901523,701476,Cash on Delivery,Completed,2025-04-30 17:46:01,45987.63,0.0
901524,701477,Net Banking,Completed,2023-07-21 23:25:27,90222.13,0.0
901525,701478,Debit Card,Completed,2024-12-22 23:33:25,926.36,16.67
901526,701479,UPI,Completed,2025-12-07 17:19:31,46675.63,0.0
901527,701480,Debit Card,Failed,2023-09-15 23:53:36,288873.56,5199.72
901528,701481,Wallet,Refunded,2025-10-01 08:09:35,8988.66,0.0
901529,701482,UPI,Completed,2025-04-26 17:56:46,17949.56,0.0
901530,701483,Credit Card,Completed,2025-07-11 20:19:09,5729.43,103.13
901531,701484,UPI,Completed,2024-01-19 20:20:22,48740.0,0.0
901532,701485,Wallet,Completed,2024-01-25 23:43:28,13397.21,0.0
901533,701486,Net Banking,Completed,2025-10-26 15:26:14,16681.19,0.0
901534,701487,UPI,Completed,2024-05-05 20:58:38,423.06,0.0
901535,701488,UPI,Failed,2023-04-22 21:50:47,66878.03,0.0
901536,701489,UPI,Failed,2024-12-29 16:42:41,217724.81,0.0
901537,701490,UPI,Completed,2023-07-31 12:32:31,1786.55,0.0
901538,701491,Cash on Delivery,Completed,2025-08-06 18:54:05,1068.75,0.0
901539,701492,UPI,Completed,2025-02-10 14:47:51,108931.35,0.0
901540,701493,UPI,Completed,2025-10-12 23:24:14,1827.3,0.0
901541,701494,UPI,Completed,2025-07-24 16:50:29,1320.06,0.0
901542,701495,Wallet,Completed,2023-07-09 18:10:46,14973.41,0.0
901543,701496,Debit Card,Completed,2024-05-28 20:17:36,926.36,16.67
901544,701497,Cash on Delivery,Completed,2025-07-12 14:42:25,70115.39,0.0
901545,701498,Cash on Delivery,Completed,2024-07-18 16:37:07,2944.79,0.0
901546,701499,Wallet,Completed,2025-12-11 21:19:35,513.72,0.0
901547,701500,Cash on Delivery,Completed,2025-05-28 23:47:28,36936.81,0.0
901548,701501,UPI,Failed,2023-01-26 18:47:09,4554.09,0.0
901549,701502,UPI,Completed,2025-10-14 23:28:49,1899.08,0.0
901550,701503,Net Banking,Completed,2023-06-19 23:12:42,157572.45,0.0
901551,701504,Wallet,Completed,2023-08-19 23:40:17,11501.26,0.0
901552,701505,UPI,Completed,2025-05-27 17:03:50,21924.62,0.0
901553,701506,Debit Card,Pending,2025-10-07 13:31:06,283142.16,5096.56
901554,701507,Credit Card,Completed,2024-11-02 22:45:42,9849.73,177.3
901555,701508,Wallet,Pending,2024-01-26 21:00:18,1023.97,0.0
901556,701509,Cash on Delivery,Failed,2024-04-24 20:45:17,61607.36,0.0
901557,701510,UPI,Completed,2024-04-12 15:36:53,5856.93,0.0
901558,701511,Wallet,Completed,2024-03-19 17:13:44,95441.18,0.0
901559,701512,UPI,Completed,2023-11-28 19:56:03,39991.43,0.0
901560,701513,Credit Card,Completed,2025-01-07 16:01:42,48668.31,876.03
901561,701514,Credit Card,Completed,2025-10-24 14:05:35,180701.29,3252.62
901562,701515,Wallet,Completed,2024-02-18 18:19:47,1181.11,0.0
901563,701516,UPI,Completed,2023-10-14 22:59:48,517.3,0.0
901564,701517,Credit Card,Completed,2025-09-16 14:52:16,153054.49,2754.98
901565,701518,Debit Card,Completed,2025-06-03 13:32:20,833.72,15.01
901566,701518,Debit Card,Failed,2025-06-03 13:25:20,833.72,0.0
901567,701519,UPI,Completed,2025-11-07 23:47:20,4041.68,0.0
901568,701519,UPI,Failed,2025-11-07 23:27:20,4041.68,0.0
901569,701520,Cash on Delivery,Completed,2023-09-29 11:41:37,41549.08,0.0
901570,701521,Cash on Delivery,Completed,2023-08-25 20:51:38,2927.98,0.0
901571,701522,UPI,Completed,2024-11-05 19:14:19,371.15,0.0
901572,701523,Wallet,Completed,2025-01-14 17:11:07,5739.22,0.0
901573,701524,Cash on Delivery,Completed,2024-10-02 16:24:02,6818.7,0.0
901574,701525,Wallet,Completed,2024-12-28 10:04:00,787.41,0.0
901575,701526,UPI,Completed,2023-10-10 23:55:19,81961.0,0.0
901576,701527,Credit Card,Completed,2024-10-02 11:00:57,21574.95,388.35
901577,701528,UPI,Completed,2025-03-03 18:30:25,1801.89,0.0
901578,701529,Cash on Delivery,Refunded,2024-08-07 23:47:58,1760.08,0.0
901579,701530,Debit Card,Completed,2025-03-29 22:47:56,2315.9,41.69
901580,701531,UPI,Completed,2024-08-26 10:07:51,13041.4,0.0
901581,701532,UPI,Completed,2024-03-29 18:46:36,235620.08,0.0
901582,701533,UPI,Completed,2024-02-13 20:35:50,3813.95,0.0
901583,701534,Net Banking,Refunded,2024-07-09 18:44:04,316748.01,0.0
901584,701534,Net Banking,Failed,2024-07-09 18:33:04,316748.01,0.0
901585,701535,Cash on Delivery,Completed,2023-02-07 15:07:20,11521.09,0.0
901586,701536,UPI,Completed,2025-03-16 21:13:13,86746.93,0.0
901587,701537,Cash on Delivery,Completed,2025-09-24 12:45:45,751800.0,0.0
901588,701538,Credit Card,Completed,2024-04-29 21:52:14,507.87,9.14
901589,701539,UPI,Pending,2023-03-22 14:01:10,487.2,0.0
901590,701540,Credit Card,Completed,2025-12-23 18:33:00,10111.72,182.01
901591,701541,Cash on Delivery,Completed,2023-12-26 10:04:11,87071.01,0.0
901592,701542,Wallet,Completed,2023-08-03 23:54:29,5863.1,0.0
901593,701543,UPI,Refunded,2024-05-16 10:23:35,17851.16,0.0
901594,701544,Debit Card,Completed,2025-05-31 23:51:05,53604.04,964.87
901595,701545,UPI,Completed,2024-01-30 20:37:07,2275.14,0.0
901596,701546,Wallet,Completed,2024-12-03 15:46:23,269782.39,0.0
901597,701547,UPI,Failed,2024-07-15 23:36:06,6235.01,0.0
901598,701548,Cash on Delivery,Completed,2023-07-19 17:26:34,3740.17,0.0
901599,701549,Cash on Delivery,Completed,2024-03-24 12:27:50,5934.38,0.0
901600,701550,UPI,Completed,2025-05-18 17:00:34,73863.14,0.0
901601,701551,UPI,Completed,2025-01-11 17:09:38,7824.77,0.0
901602,701552,Credit Card,Completed,2023-07-22 18:54:35,137617.59,2477.12
901603,701553,UPI,Failed,2023-09-25 06:44:06,5914.7,0.0
901604,701554,UPI,Completed,2025-02-09 17:37:14,3454.29,0.0
901605,701555,UPI,Completed,2025-08-18 19:12:17,283762.02,0.0
901606,701556,Wallet,Completed,2024-04-21 18:02:36,2944.79,0.0
901607,701557,UPI,Completed,2024-12-25 20:52:13,926.36,0.0
901608,701558,Net Banking,Completed,2023-10-03 23:59:30,16276.38,0.0
901609,701559,Net Banking,Completed,2024-02-25 21:24:09,8089.38,0.0
901610,701559,Net Banking,Failed,2024-02-25 21:10:09,8089.38,0.0
901611,701560,Debit Card,Completed,2023-02-02 23:06:04,5450.79,98.11
901612,701561,Net Banking,Completed,2025-07-05 13:47:08,55712.62,0.0
901613,701562,Debit Card,Completed,2024-06-25 18:24:37,199378.58,3588.81
901614,701563,Debit Card,Refunded,2025-08-22 12:31:43,173556.01,3124.01
901615,701564,UPI,Completed,2025-05-03 23:27:03,150333.61,0.0
901616,701565,Wallet,Completed,2025-09-05 16:42:46,161685.29,0.0
901617,701566,UPI,Completed,2024-01-22 21:49:14,103953.52,0.0
901618,701567,UPI,Completed,2023-10-13 12:12:03,119810.97,0.0
901619,701568,Credit Card,Completed,2025-12-10 23:47:32,1181.11,21.26
901620,701569,UPI,Completed,2025-05-11 13:03:27,3201.5,0.0
901621,701570,Cash on Delivery,Completed,2025-09-11 22:52:42,50752.42,0.0
901622,701571,UPI,Completed,2023-01-24 13:35:42,82781.08,0.0
901623,701572,Cash on Delivery,Completed,2024-04-28 20:52:06,8863.6,0.0
901624,701573,Credit Card,Completed,2025-06-04 15:45:24,84301.04,1517.42
901625,701574,UPI,Completed,2023-05-15 23:35:03,8510.15,0.0
901626,701575,UPI,Completed,2024-11-24 20:05:04,157170.45,0.0
901627,701576,UPI,Pending,2024-08-03 14:50:27,271645.45,0.0
901628,701577,Net Banking,Refunded,2023-01-29 19:17:49,741.09,0.0
901629,701578,UPI,Completed,2023-11-18 17:49:00,6399.8,0.0
901630,701579,Cash on Delivery,Failed,2024-01-21 23:26:53,833.72,0.0
901631,701580,Net Banking,Completed,2023-07-09 19:44:04,7304.75,0.0
901632,701581,Debit Card,Completed,2025-01-30 22:02:51,75044.24,1350.8
901633,701582,Wallet,Completed,2023-11-28 20:36:20,12787.37,0.0
901634,701583,Credit Card,Completed,2024-01-12 21:01:52,160599.8,2890.8
901635,701584,Credit Card,Refunded,2025-10-23 23:54:47,48297.42,869.35
901636,701585,Cash on Delivery,Pending,2024-09-16 17:02:26,164588.98,0.0
901637,701586,Debit Card,Completed,2024-06-12 18:29:16,161128.07,2900.31
901638,701587,UPI,Completed,2025-05-17 23:14:43,101727.54,0.0
901639,701588,Credit Card,Completed,2025-10-28 21:22:36,470.22,8.46
901640,701589,Wallet,Completed,2023-02-11 20:05:19,648.45,0.0
901641,701590,UPI,Completed,2024-08-22 23:18:39,100756.76,0.0
901642,701591,Cash on Delivery,Completed,2025-01-09 23:41:28,5843.27,0.0
901643,701592,Wallet,Completed,2024-03-07 18:54:12,3073.73,0.0
901644,701593,Net Banking,Refunded,2025-07-09 19:24:38,123007.01,0.0
901645,701594,UPI,Completed,2025-12-10 19:12:02,33657.03,0.0
901646,701595,UPI,Completed,2025-11-13 20:18:31,127493.87,0.0
901647,701596,Credit Card,Completed,2023-12-28 15:07:30,12326.09,221.87
901648,701597,Credit Card,Completed,2023-11-10 15:33:20,2991.11,53.84
901649,701598,Credit Card,Completed,2025-11-24 15:50:43,5519.04,99.34
901650,701599,Net Banking,Completed,2024-09-05 16:24:05,80367.82,0.0
901651,701600,Credit Card,Completed,2023-10-29 18:49:46,88080.13,1585.44
901652,701600,Credit Card,Failed,2023-10-29 18:41:46,88080.13,0.0
901653,701601,UPI,Completed,2025-05-01 11:19:38,8089.38,0.0
901654,701602,Debit Card,Completed,2024-01-21 13:25:56,112282.83,2021.09
901655,701603,Credit Card,Completed,2023-12-29 23:50:43,10219.92,183.96
901656,701603,Credit Card,Failed,2023-12-29 23:36:43,10219.92,0.0
901657,701604,UPI,Failed,2025-10-14 12:23:24,10187.51,0.0
901658,701605,Debit Card,Failed,2023-09-24 23:52:43,3844.67,69.2
901659,701606,Credit Card,Completed,2023-04-25 16:23:52,66472.3,1196.5
901660,701607,Debit Card,Refunded,2023-12-31 20:45:09,55659.76,1001.88
901661,701608,Credit Card,Completed,2025-01-04 19:12:21,1389.54,25.01
901662,701609,Wallet,Completed,2023-07-28 19:53:02,15077.18,0.0
901663,701610,UPI,Completed,2024-09-22 11:33:53,124044.08,0.0
901664,701611,Wallet,Completed,2025-01-26 16:04:28,8150.65,0.0
901665,701612,Debit Card,Completed,2025-09-28 21:03:21,281870.41,5073.67
901666,701613,Credit Card,Completed,2023-11-12 19:46:57,101542.27,1827.76
901667,701614,UPI,Completed,2025-08-23 22:12:46,42488.08,0.0
901668,701615,Debit Card,Completed,2023-11-16 22:26:01,12263.4,220.74
901669,701616,UPI,Completed,2025-03-26 18:14:18,6171.41,0.0
901670,701617,UPI,Completed,2024-08-05 19:45:45,210285.1,0.0
901671,701618,UPI,Completed,2023-07-13 19:09:58,160836.0,0.0
901672,701619,Cash on Delivery,Completed,2025-05-08 21:47:14,531.82,0.0
901673,701620,Wallet,Completed,2023-11-04 21:44:41,81350.69,0.0
901674,701620,Wallet,Failed,2023-11-04 21:25:41,81350.69,0.0
901675,701621,UPI,Refunded,2023-10-07 16:59:50,314964.98,0.0
901676,701622,Credit Card,Completed,2024-05-03 19:58:51,5075.83,91.36
901677,701623,UPI,Completed,2025-02-25 16:56:53,140179.28,0.0
901678,701624,Cash on Delivery,Completed,2023-11-15 20:44:55,257905.66,0.0
901679,701625,Credit Card,Pending,2023-10-12 23:09:06,3411.88,61.41
901680,701626,Cash on Delivery,Failed,2023-01-20 23:14:05,741.09,0.0
901681,701627,Credit Card,Refunded,2024-09-22 16:36:55,21451.34,386.12
901682,701628,UPI,Completed,2024-08-02 21:00:02,5729.43,0.0
901683,701629,Cash on Delivery,Completed,2023-11-15 17:10:26,9436.51,0.0
901684,701630,Wallet,Failed,2023-04-05 19:33:49,50901.79,0.0
901685,701631,UPI,Pending,2024-08-03 17:13:43,1389.54,0.0
901686,701632,Net Banking,Completed,2025-07-28 13:18:49,77365.53,0.0
901687,701633,Debit Card,Completed,2025-05-09 15:49:44,155438.5,2797.89
901688,701634,UPI,Completed,2025-10-05 16:09:12,180034.01,0.0
901689,701635,Credit Card,Completed,2023-01-19 20:19:18,75127.32,1352.29
901690,701636,Credit Card,Pending,2025-12-04 17:20:07,172029.76,3096.54
901691,701637,UPI,Failed,2024-04-10 14:43:35,1389.54,0.0
901692,701638,Credit Card,Completed,2025-12-26 17:15:16,20240.09,364.32
901693,701639,Credit Card,Failed,2023-12-14 19:33:11,170399.03,3067.18
901694,701640,Cash on Delivery,Completed,2024-09-22 22:16:28,648.45,0.0
901695,701641,Wallet,Completed,2024-04-28 14:24:58,126671.44,0.0
901696,701642,Cash on Delivery,Pending,2024-04-30 17:34:34,10490.09,0.0
901697,701643,Cash on Delivery,Completed,2025-09-21 22:45:44,421.88,0.0
901698,701644,Cash on Delivery,Refunded,2025-06-09 16:08:03,38772.71,0.0
901699,701645,UPI,Completed,2025-12-27 20:04:43,2991.11,0.0
901700,701646,Debit Card,Completed,2025-01-13 16:23:38,116468.81,2096.44
901701,701647,Cash on Delivery,Refunded,2024-09-11 15:45:08,5337.68,0.0
901702,701648,UPI,Completed,2023-06-01 18:42:41,85369.79,0.0
901703,701649,UPI,Refunded,2025-12-29 20:57:05,11452.69,0.0
901704,701650,Credit Card,Completed,2024-11-10 19:00:40,7204.6,129.68
901705,701651,Cash on Delivery,Completed,2025-04-24 14:17:59,61116.99,0.0
901706,701652,UPI,Completed,2024-07-03 16:37:50,4803.07,0.0
901707,701653,Net Banking,Completed,2024-11-08 12:45:29,42085.73,0.0
901708,701654,Credit Card,Completed,2025-11-12 18:04:38,6246.31,112.43
901709,701655,Net Banking,Completed,2023-09-30 20:07:43,1579.7,0.0
901710,701656,Credit Card,Refunded,2024-01-29 20:56:17,193592.83,3484.67
901711,701657,Credit Card,Completed,2023-09-07 13:27:53,362872.83,6531.71
901712,701658,UPI,Completed,2025-08-02 20:48:02,2161.8,0.0
901713,701659,UPI,Completed,2023-04-21 18:18:19,11295.93,0.0
901714,701660,UPI,Completed,2023-05-20 23:45:34,28898.1,0.0
901715,701661,Cash on Delivery,Completed,2024-02-05 16:40:04,20911.01,0.0
901716,701662,UPI,Completed,2024-10-21 18:05:53,143022.81,0.0
901717,701663,Debit Card,Completed,2024-07-02 16:45:59,8416.48,151.5
901718,701664,UPI,Completed,2023-03-20 12:09:31,926.36,0.0
901719,701665,Credit Card,Completed,2025-11-24 16:58:14,6985.88,125.75
901720,701666,UPI,Completed,2025-11-19 18:37:55,539.81,0.0
901721,701667,Debit Card,Completed,2024-01-14 18:10:11,105978.7,1907.62
901722,701668,Credit Card,Completed,2025-05-24 22:35:02,14524.58,261.44
901723,701669,Credit Card,Completed,2024-12-08 18:43:07,1852.72,33.35
901724,701670,UPI,Completed,2023-11-20 19:56:57,40284.38,0.0
901725,701671,Credit Card,Pending,2023-12-24 23:29:19,10898.39,196.17
901726,701672,UPI,Completed,2024-10-08 18:16:00,208112.42,0.0
901727,701673,Credit Card,Completed,2024-07-20 23:26:55,165283.71,2975.11
901728,701673,Credit Card,Failed,2024-07-20 23:10:55,165283.71,0.0
901729,701674,UPI,Completed,2024-01-28 22:24:45,51760.53,0.0
901730,701675,Cash on Delivery,Completed,2025-08-13 23:54:09,106160.22,0.0
901731,701676,Cash on Delivery,Pending,2024-10-03 23:11:50,5889.58,0.0
901732,701677,Credit Card,Completed,2025-02-27 23:37:53,24618.87,443.14
901733,701678,UPI,Completed,2023-10-16 21:55:34,1857.69,0.0
901734,701679,Wallet,Completed,2024-11-01 12:48:28,120747.67,0.0
901735,701680,Cash on Delivery,Failed,2024-03-06 17:13:38,7488.48,0.0
901736,701681,Credit Card,Completed,2024-10-27 23:00:58,181403.85,3265.27
901737,701682,UPI,Completed,2025-07-19 16:37:53,115825.02,0.0
901738,701683,UPI,Completed,2025-07-05 11:02:57,9094.35,0.0
901739,701684,Wallet,Completed,2024-04-28 23:02:56,78675.14,0.0
901740,701685,UPI,Completed,2025-04-16 19:06:11,9984.5,0.0
901741,701686,Wallet,Completed,2025-11-12 16:13:21,111590.51,0.0
901742,701687,UPI,Completed,2025-01-25 19:56:35,3176.38,0.0
901743,701688,Credit Card,Completed,2023-09-01 13:19:55,122661.27,2207.9
901744,701689,Cash on Delivery,Pending,2025-03-29 19:16:11,11228.55,0.0
901745,701690,UPI,Failed,2023-06-26 19:24:47,11038.08,0.0
901746,701691,UPI,Completed,2025-10-11 17:30:48,7379.84,0.0
901747,701692,UPI,Completed,2024-10-22 16:14:50,12213.2,0.0
901748,701693,Cash on Delivery,Completed,2024-06-02 10:06:05,86898.62,0.0
901749,701694,Wallet,Failed,2023-04-11 23:37:22,100717.27,0.0
901750,701695,Debit Card,Completed,2024-05-28 17:51:40,99470.16,1790.46
901751,701696,Credit Card,Completed,2025-10-25 19:04:39,787.41,14.17
901752,701697,Debit Card,Completed,2023-02-03 19:58:06,83479.78,1502.64
901753,701698,Credit Card,Failed,2024-09-27 20:58:44,276253.86,4972.57
901754,701699,UPI,Completed,2025-11-07 22:31:25,513.56,0.0
901755,701700,Debit Card,Completed,2024-06-16 23:36:13,112609.88,2026.98
901756,701701,Cash on Delivery,Completed,2024-08-02 18:13:53,94129.03,0.0
901757,701702,UPI,Completed,2024-12-08 16:16:38,2123.48,0.0
901758,701703,Credit Card,Completed,2024-09-11 23:52:35,222480.18,4004.64
901759,701704,Credit Card,Refunded,2023-10-02 18:51:19,73073.78,1315.33
901760,701705,UPI,Completed,2023-01-30 15:08:12,12971.58,0.0
901761,701705,UPI,Failed,2023-01-30 14:51:12,12971.58,0.0
901762,701706,UPI,Completed,2025-01-08 20:54:25,1134.81,0.0
901763,701706,UPI,Failed,2025-01-08 20:49:25,1134.81,0.0
901764,701707,Credit Card,Failed,2025-11-02 22:04:05,1389.54,25.01
901765,701708,UPI,Completed,2023-06-29 23:33:00,6904.6,0.0
901766,701709,Credit Card,Completed,2023-10-31 22:26:16,13592.35,244.66
901767,701710,Cash on Delivery,Completed,2024-05-17 21:16:37,142990.99,0.0
901768,701711,UPI,Completed,2025-08-14 20:00:55,5870.33,0.0
901769,701712,Credit Card,Completed,2023-12-31 16:59:24,10813.12,194.64
901770,701713,UPI,Completed,2025-10-15 18:01:19,7835.76,0.0
901771,701714,UPI,Pending,2023-04-08 23:57:30,10482.26,0.0
901772,701715,Credit Card,Completed,2025-11-12 14:24:29,16910.76,304.39
901773,701716,Cash on Delivery,Completed,2024-11-15 16:42:14,12484.25,0.0
901774,701717,UPI,Completed,2025-03-03 20:02:37,6840.5,0.0
901775,701718,UPI,Completed,2024-05-14 23:48:12,11062.02,0.0
901776,701719,UPI,Refunded,2025-07-21 11:43:11,94512.13,0.0
901777,701720,Cash on Delivery,Completed,2023-10-01 23:36:36,40817.03,0.0
901778,701721,Debit Card,Completed,2023-03-27 11:57:17,198490.78,3572.83
901779,701722,UPI,Completed,2024-06-17 15:42:54,10158.2,0.0
901780,701723,Net Banking,Completed,2025-10-02 22:39:12,25156.45,0.0
901781,701724,Wallet,Completed,2025-06-19 18:00:07,926.36,0.0
901782,701725,Net Banking,Completed,2024-10-22 16:39:06,7537.7,0.0
901783,701726,Debit Card,Completed,2024-11-30 18:51:11,13752.62,247.55
901784,701727,UPI,Completed,2023-08-07 19:27:32,7679.29,0.0
901785,701728,Cash on Delivery,Pending,2025-09-19 16:34:55,5040.43,0.0
901786,701729,UPI,Completed,2025-07-26 23:04:02,1181.11,0.0
901787,701730,UPI,Completed,2025-03-01 23:12:22,39110.51,0.0
901788,701731,UPI,Completed,2024-09-15 23:55:53,13332.55,0.0
901789,701732,Credit Card,Pending,2025-12-02 21:44:58,880.04,15.84
901790,701733,Cash on Delivery,Completed,2025-10-14 20:17:56,65249.06,0.0
901791,701734,Net Banking,Completed,2025-02-14 16:24:12,1988.06,0.0
901792,701735,Debit Card,Completed,2024-05-18 22:42:27,79951.37,1439.12
901793,701736,UPI,Completed,2025-01-18 18:51:16,2918.31,0.0
901794,701737,UPI,Completed,2024-12-04 17:24:24,5939.81,0.0
901795,701738,Credit Card,Refunded,2024-06-15 23:16:28,3595.2,64.71
901796,701739,Net Banking,Completed,2024-02-18 15:51:47,10679.27,0.0
901797,701740,UPI,Completed,2024-07-03 18:16:55,8510.15,0.0
901798,701741,UPI,Pending,2024-12-02 11:08:16,926.36,0.0
901799,701742,Credit Card,Completed,2024-08-02 15:31:10,3454.29,62.18
901800,701743,Net Banking,Completed,2023-12-26 23:17:43,133539.94,0.0
901801,701744,Credit Card,Completed,2025-06-26 15:14:41,6084.19,109.52
901802,701745,Credit Card,Completed,2024-10-30 23:15:28,3454.29,62.18
901803,701746,Cash on Delivery,Refunded,2023-05-01 17:02:49,134660.24,0.0
901804,701747,UPI,Completed,2024-05-14 18:23:14,129072.82,0.0
901805,701748,Credit Card,Completed,2025-10-17 16:23:59,87365.14,1572.57
901806,701749,UPI,Completed,2025-06-19 20:38:07,186551.44,0.0
901807,701750,UPI,Completed,2024-03-14 15:47:33,16268.73,0.0
901808,701751,Credit Card,Refunded,2025-11-10 23:49:01,926.36,16.67
901809,701752,Cash on Delivery,Completed,2023-05-13 17:51:56,94792.73,0.0
901810,701753,UPI,Completed,2025-11-29 23:00:46,71789.29,0.0
901811,701754,Debit Card,Completed,2023-12-03 23:45:16,2200.1,39.6
901812,701754,Debit Card,Failed,2023-12-03 23:39:16,2200.1,0.0
901813,701755,Cash on Delivery,Completed,2023-01-18 23:26:23,137510.15,0.0
901814,701756,Debit Card,Completed,2024-08-07 16:34:28,398527.14,7173.49
901815,701757,UPI,Completed,2024-05-04 15:18:59,11398.72,0.0
901816,701758,Debit Card,Completed,2024-11-03 16:17:44,7326.26,131.87
901817,701759,Cash on Delivery,Completed,2025-08-06 11:15:13,2780.17,0.0
901818,701760,UPI,Completed,2025-09-21 12:12:52,41278.07,0.0
901819,701761,Debit Card,Completed,2024-06-25 14:21:38,10991.76,197.85
901820,701762,UPI,Completed,2024-08-04 17:48:36,144082.24,0.0
901821,701763,UPI,Completed,2023-08-31 22:56:05,2022.34,0.0
901822,701764,Cash on Delivery,Completed,2023-03-25 18:02:30,3047.16,0.0
901823,701765,Wallet,Completed,2025-02-10 17:55:38,8769.59,0.0
901824,701766,UPI,Completed,2023-04-25 18:33:16,1111.63,0.0
901825,701767,Cash on Delivery,Refunded,2025-05-26 15:40:30,4536.48,0.0
901826,701768,Cash on Delivery,Refunded,2024-11-03 19:15:55,1389.54,0.0
901827,701769,Cash on Delivery,Failed,2023-10-22 14:16:16,60414.16,0.0
901828,701770,UPI,Completed,2024-11-04 12:28:55,128459.08,0.0
901829,701771,UPI,Completed,2023-10-12 19:33:37,11021.27,0.0
901830,701771,UPI,Failed,2023-10-12 19:20:37,11021.27,0.0
901831,701772,UPI,Completed,2024-08-11 18:42:48,118298.78,0.0
901832,701773,UPI,Completed,2025-08-08 17:29:01,102468.63,0.0
901833,701774,UPI,Completed,2024-09-09 20:27:48,186533.34,0.0
901834,701775,Cash on Delivery,Completed,2023-09-01 23:54:58,144429.09,0.0
901835,701776,Debit Card,Completed,2025-05-17 17:07:10,133317.95,2399.72
901836,701777,Debit Card,Completed,2023-10-14 16:25:59,11038.08,198.69
901837,701778,Credit Card,Failed,2025-05-31 19:08:12,2944.79,53.01
901838,701779,Debit Card,Completed,2024-10-01 23:41:37,46149.0,830.68
901839,701780,Debit Card,Completed,2024-08-29 23:06:44,53195.28,957.52
901840,701781,UPI,Completed,2025-10-01 16:26:59,8023.81,0.0
901841,701782,Debit Card,Completed,2025-05-03 23:44:32,174669.15,3144.04
901842,701783,Credit Card,Completed,2023-02-26 17:02:40,534.43,9.62
901843,701784,Net Banking,Completed,2024-02-02 17:52:27,7878.96,0.0
901844,701784,Net Banking,Failed,2024-02-02 17:36:27,7878.96,0.0
901845,701785,UPI,Completed,2025-10-10 17:33:13,2521.8,0.0
901846,701786,UPI,Completed,2023-01-30 20:33:46,8808.48,0.0
901847,701787,Wallet,Completed,2024-11-07 17:00:14,71511.41,0.0
901848,701788,Cash on Delivery,Pending,2025-05-21 10:29:13,384212.38,0.0
901849,701789,Credit Card,Completed,2025-01-22 23:21:42,926.36,16.67
901850,701789,Credit Card,Failed,2025-01-22 23:10:42,926.36,0.0
901851,701790,UPI,Completed,2025-06-25 16:56:16,121606.48,0.0
901852,701791,UPI,Completed,2025-05-19 20:03:39,12722.27,0.0
901853,701792,UPI,Completed,2025-04-13 16:35:55,19304.34,0.0
901854,701793,Credit Card,Completed,2025-08-28 17:24:51,2611.92,47.01
901855,701794,Cash on Delivery,Completed,2025-02-15 23:27:31,55559.32,0.0
901856,701795,Credit Card,Completed,2024-06-27 09:39:32,13102.83,235.85
901857,701796,UPI,Completed,2024-09-23 11:56:02,6554.56,0.0
901858,701797,Net Banking,Completed,2025-05-10 16:20:47,50863.77,0.0
901859,701798,UPI,Completed,2025-10-12 22:11:40,10351.4,0.0
901860,701799,Credit Card,Completed,2024-01-04 20:27:00,2527.93,45.5
901861,701800,UPI,Completed,2024-04-11 23:49:03,73785.97,0.0
901862,701801,Credit Card,Completed,2025-11-07 17:53:58,24163.99,434.95
901863,701802,Cash on Delivery,Completed,2024-12-08 14:38:42,3327.89,0.0
901864,701803,UPI,Completed,2023-10-09 08:12:14,2991.11,0.0
901865,701804,Cash on Delivery,Failed,2025-03-10 23:10:58,10664.96,0.0
901866,701805,UPI,Completed,2025-12-26 07:25:22,608.34,0.0
901867,701806,Debit Card,Completed,2025-08-30 20:01:28,4971.05,89.48
901868,701807,Credit Card,Failed,2025-06-08 23:22:17,5729.43,103.13
901869,701808,Credit Card,Completed,2023-10-29 16:13:59,12440.48,223.93
901870,701809,Cash on Delivery,Completed,2025-10-12 15:40:38,6114.81,0.0
901871,701810,Net Banking,Completed,2024-10-27 14:35:58,53616.06,0.0
901872,701811,UPI,Completed,2025-10-19 19:12:05,128312.44,0.0
901873,701811,UPI,Failed,2025-10-19 18:58:05,128312.44,0.0
901874,701812,Wallet,Failed,2024-03-24 14:59:33,141071.16,0.0
901875,701813,Debit Card,Completed,2023-04-21 12:33:55,96593.11,1738.68
901876,701813,Debit Card,Failed,2023-04-21 12:24:55,96593.11,0.0
901877,701814,Credit Card,Completed,2024-09-28 14:58:03,53434.13,961.81
901878,701815,Debit Card,Completed,2023-12-31 23:28:13,150088.49,2701.59
901879,701816,Cash on Delivery,Completed,2025-05-09 20:31:38,3451.75,0.0
901880,701817,Net Banking,Completed,2025-11-24 18:37:51,1389.54,0.0
901881,701818,Credit Card,Completed,2025-04-12 13:53:45,131505.35,2367.1
901882,701819,UPI,Completed,2025-10-18 21:33:53,9347.21,0.0
901883,701820,UPI,Completed,2024-08-28 19:10:31,65191.03,0.0
901884,701821,Cash on Delivery,Pending,2025-07-09 16:32:55,421.37,0.0
901885,701822,Debit Card,Completed,2025-09-21 20:08:37,4524.45,81.44
901886,701823,Debit Card,Completed,2025-05-05 16:21:11,4811.17,86.6
901887,701824,UPI,Completed,2024-10-17 20:26:49,6854.44,0.0
901888,701825,UPI,Completed,2025-01-25 20:05:21,8040.84,0.0
901889,701826,UPI,Completed,2025-04-24 19:59:32,7607.25,0.0
901890,701827,Debit Card,Completed,2023-12-14 22:54:53,12710.96,228.8
901891,701828,UPI,Completed,2025-08-15 23:47:32,41178.68,0.0
901892,701829,Credit Card,Completed,2025-11-16 11:21:00,2991.11,53.84
901893,701830,Cash on Delivery,Completed,2024-09-14 14:47:07,64662.64,0.0
901894,701831,Cash on Delivery,Completed,2025-04-25 23:32:36,11478.46,0.0
901895,701832,Credit Card,Completed,2025-05-29 23:18:26,133549.54,2403.89
901896,701833,Cash on Delivery,Completed,2025-03-08 22:01:28,82914.77,0.0
901897,701834,UPI,Completed,2024-11-08 15:23:22,5627.38,0.0
901898,701835,Cash on Delivery,Completed,2025-10-15 14:59:13,22623.64,0.0
901899,701836,UPI,Completed,2024-08-23 15:32:32,2991.11,0.0
901900,701837,UPI,Completed,2023-04-19 21:45:08,142793.85,0.0
901901,701838,UPI,Completed,2025-09-23 23:19:28,5902.38,0.0
901902,701839,Wallet,Completed,2025-03-22 20:17:23,46032.27,0.0
901903,701840,Credit Card,Completed,2025-09-28 23:56:45,120324.33,2165.84
901904,701841,UPI,Completed,2023-08-15 16:09:54,6698.19,0.0
901905,701842,UPI,Failed,2023-02-22 22:15:30,9230.91,0.0
901906,701842,UPI,Failed,2023-02-22 21:58:30,9230.91,0.0
901907,701843,UPI,Completed,2025-11-09 23:03:45,161168.41,0.0
901908,701844,Credit Card,Completed,2023-08-31 17:38:18,15325.07,275.85
901909,701845,UPI,Pending,2025-08-15 16:47:26,537.0,0.0
901910,701846,Credit Card,Completed,2025-08-30 19:06:27,6651.3,119.72
901911,701847,Credit Card,Completed,2025-05-03 16:21:50,51577.64,928.4
901912,701848,Debit Card,Completed,2023-08-08 22:09:21,159377.42,2868.79
901913,701849,Debit Card,Completed,2025-03-14 21:01:59,1684.19,30.32
901914,701850,Credit Card,Completed,2025-10-18 12:16:39,418.32,7.53
901915,701851,Cash on Delivery,Completed,2024-07-29 17:49:09,54171.18,0.0
901916,701852,Net Banking,Refunded,2024-07-13 23:30:25,85474.06,0.0
901917,701853,Credit Card,Completed,2024-08-15 15:18:52,103454.4,1862.18
901918,701854,UPI,Refunded,2023-05-21 20:12:17,3316.06,0.0
901919,701855,UPI,Refunded,2025-10-20 15:52:03,49059.44,0.0
901920,701856,UPI,Refunded,2025-10-09 23:21:35,11922.03,0.0
901921,701857,UPI,Refunded,2025-12-30 15:39:21,126421.74,0.0
901922,701858,Cash on Delivery,Pending,2024-12-17 19:07:27,1574.81,0.0
901923,701859,UPI,Completed,2025-06-14 17:42:13,68451.6,0.0
901924,701860,UPI,Completed,2023-10-25 17:42:30,2232.73,0.0
901925,701861,Credit Card,Completed,2025-03-15 16:52:50,10594.45,190.7
901926,701861,Credit Card,Failed,2025-03-15 16:32:50,10594.45,0.0
901927,701862,UPI,Refunded,2025-02-20 23:05:01,167470.75,0.0
901928,701863,UPI,Completed,2025-10-24 14:18:12,119510.5,0.0
901929,701864,Debit Card,Completed,2025-09-07 12:21:43,40584.67,730.52
901930,701865,UPI,Completed,2025-11-10 23:05:40,2640.13,0.0
901931,701866,UPI,Completed,2025-10-09 17:25:35,10991.76,0.0
901932,701867,Credit Card,Completed,2025-10-09 23:39:43,2871.9,51.69
901933,701868,UPI,Completed,2023-04-23 14:26:02,46346.59,0.0
901934,701869,Cash on Delivery,Completed,2025-09-25 17:33:32,18171.21,0.0
901935,701870,Credit Card,Completed,2025-01-05 16:43:01,424.37,7.64
901936,701871,Net Banking,Failed,2024-05-28 23:12:38,55277.07,0.0
901937,701872,UPI,Completed,2023-04-10 22:13:11,155186.29,0.0
901938,701873,UPI,Completed,2025-03-27 22:02:39,103791.42,0.0
901939,701874,Cash on Delivery,Completed,2024-03-21 14:45:13,36453.6,0.0
901940,701875,UPI,Completed,2024-09-17 17:31:37,89614.27,0.0
901941,701875,UPI,Failed,2024-09-17 17:22:37,89614.27,0.0
901942,701876,Credit Card,Completed,2025-04-01 23:34:35,8347.72,150.26
901943,701877,Wallet,Completed,2025-10-29 23:04:35,7411.1,0.0
901944,701878,UPI,Completed,2025-09-01 18:18:28,2972.9,0.0
901945,701879,UPI,Completed,2024-08-25 18:49:28,111008.38,0.0
901946,701880,Wallet,Completed,2024-06-06 21:17:56,2841.55,0.0
901947,701881,Cash on Delivery,Completed,2023-11-24 18:19:32,5790.82,0.0
901948,701882,UPI,Completed,2024-05-19 23:11:47,39496.97,0.0
901949,701883,UPI,Completed,2023-07-07 20:09:46,9387.94,0.0
901950,701884,Debit Card,Pending,2025-12-09 14:16:29,68074.18,1225.34
901951,701885,UPI,Refunded,2024-12-02 18:10:48,8678.13,0.0
901952,701886,Credit Card,Completed,2023-08-05 20:15:28,1532.05,27.58
901953,701887,UPI,Refunded,2024-04-26 13:05:43,154656.06,0.0
901954,701888,Net Banking,Completed,2024-11-08 18:19:17,7122.34,0.0
901955,701889,Cash on Delivery,Completed,2024-10-31 14:33:28,7583.79,0.0
901956,701890,UPI,Failed,2023-03-03 22:16:24,55768.37,0.0
901957,701891,UPI,Completed,2025-11-17 17:39:45,833.72,0.0
901958,701892,Cash on Delivery,Refunded,2024-01-08 15:21:51,16955.94,0.0
901959,701893,UPI,Completed,2023-01-27 23:41:09,880.04,0.0
901960,701893,UPI,Failed,2023-01-27 23:35:09,880.04,0.0
901961,701894,Credit Card,Completed,2023-05-13 23:40:24,112302.44,2021.44
901962,701895,Cash on Delivery,Pending,2024-12-11 14:36:51,81435.97,0.0
901963,701896,UPI,Completed,2023-08-15 16:37:24,14092.82,0.0
901964,701897,Wallet,Completed,2023-03-14 15:33:04,14247.15,0.0
901965,701898,Debit Card,Completed,2024-05-27 17:53:08,113322.68,2039.81
901966,701899,UPI,Completed,2025-01-23 19:42:49,310162.73,0.0
901967,701900,Credit Card,Completed,2023-07-09 17:08:11,11754.64,211.58
901968,701901,Cash on Delivery,Completed,2024-02-28 17:31:45,21322.49,0.0
901969,701902,UPI,Completed,2024-07-18 12:03:24,313143.05,0.0
901970,701903,Credit Card,Completed,2023-09-19 19:58:19,7667.78,138.02
901971,701904,UPI,Completed,2024-10-16 18:15:03,43646.03,0.0
901972,701905,Credit Card,Completed,2023-05-25 16:24:43,6651.63,119.73
901973,701906,UPI,Completed,2023-03-23 13:25:41,113446.4,0.0
901974,701907,Cash on Delivery,Completed,2024-10-24 23:24:35,2515.14,0.0
901975,701908,UPI,Completed,2023-12-06 18:22:21,12337.83,0.0
901976,701909,Debit Card,Completed,2023-06-10 20:25:40,9436.51,169.86
901977,701910,Cash on Delivery,Completed,2024-07-27 23:16:38,13007.75,0.0
901978,701911,UPI,Completed,2025-10-31 20:26:58,77267.5,0.0
901979,701911,UPI,Failed,2025-10-31 20:11:58,77267.5,0.0
901980,701912,UPI,Completed,2025-05-17 20:06:16,2401.53,0.0
901981,701913,Credit Card,Failed,2025-08-21 20:51:16,833.72,15.01
901982,701914,Net Banking,Refunded,2025-10-10 20:05:43,1852.72,0.0
901983,701915,UPI,Pending,2025-12-11 17:45:06,9736.2,0.0
901984,701916,UPI,Completed,2025-06-29 23:05:40,7583.79,0.0
901985,701917,Cash on Delivery,Completed,2025-01-06 18:22:42,59076.43,0.0
901986,701918,UPI,Completed,2024-05-11 22:26:23,71011.88,0.0
901987,701919,UPI,Completed,2023-10-11 15:54:35,137790.39,0.0
901988,701920,Credit Card,Completed,2025-04-07 09:16:12,8076.48,145.38
901989,701921,UPI,Completed,2025-12-28 20:32:55,7583.79,0.0
901990,701922,Credit Card,Completed,2024-09-17 19:13:11,6306.45,113.52
901991,701923,Cash on Delivery,Completed,2025-05-17 19:03:49,181442.12,0.0
901992,701924,UPI,Refunded,2024-10-10 18:13:35,898567.0,0.0
901993,701924,UPI,Failed,2024-10-10 17:55:35,898567.0,0.0
901994,701925,UPI,Completed,2024-08-06 17:39:04,3441.64,0.0
901995,701926,UPI,Completed,2024-07-08 23:08:38,7893.33,0.0
901996,701927,Credit Card,Completed,2024-10-15 10:57:53,47419.78,853.56
901997,701928,UPI,Completed,2024-05-13 13:23:39,880.04,0.0
901998,701929,Credit Card,Pending,2025-06-12 17:30:01,75896.73,1366.14
901999,701930,Net Banking,Completed,2025-10-11 23:06:07,58447.56,0.0
902000,701931,UPI,Completed,2025-10-16 14:32:52,3454.29,0.0
902001,701932,Debit Card,Completed,2023-11-11 17:00:40,8021.03,144.38
902002,701933,UPI,Completed,2025-10-22 21:46:23,80363.41,0.0
902003,701934,UPI,Completed,2024-04-10 23:00:38,131832.25,0.0
902004,701935,Wallet,Completed,2024-02-22 20:06:25,13768.72,0.0
902005,701936,Net Banking,Completed,2025-05-20 16:51:59,47960.8,0.0
902006,701937,Credit Card,Completed,2024-02-15 21:28:15,84660.56,1523.89
902007,701938,Cash on Delivery,Completed,2023-04-04 20:39:08,9293.12,0.0
902008,701939,UPI,Completed,2024-05-20 21:51:05,43273.14,0.0
902009,701940,Credit Card,Completed,2025-05-15 09:25:54,105623.5,1901.22
902010,701941,Credit Card,Completed,2024-03-19 18:05:57,10532.49,189.58
902011,701942,UPI,Completed,2025-01-28 23:01:26,13520.49,0.0
902012,701943,Debit Card,Completed,2025-03-05 16:21:09,6235.01,112.23
902013,701944,Cash on Delivery,Completed,2025-05-26 22:03:43,21062.51,0.0
902014,701945,Debit Card,Completed,2025-10-22 19:57:30,4775.27,85.95
902015,701946,Debit Card,Completed,2024-08-06 16:07:00,34406.14,619.31
902016,701947,Net Banking,Completed,2023-10-01 16:47:54,294418.84,0.0
902017,701947,Net Banking,Failed,2023-10-01 16:27:54,294418.84,0.0
902018,701948,Debit Card,Completed,2024-03-07 15:00:20,192372.74,3462.71
902019,701949,Wallet,Completed,2024-08-06 12:11:05,24982.74,0.0
902020,701950,Credit Card,Completed,2025-05-08 15:55:44,42453.96,764.17
902021,701951,Debit Card,Completed,2023-01-24 16:15:23,18564.89,334.17
902022,701952,Debit Card,Completed,2024-03-03 23:44:58,34037.09,612.67
902023,701953,Credit Card,Completed,2025-07-18 16:17:33,196126.54,3530.28
902024,701954,UPI,Completed,2025-03-19 18:05:55,926.36,0.0
902025,701955,Cash on Delivery,Completed,2025-05-24 23:57:28,101171.72,0.0
902026,701956,UPI,Completed,2025-08-17 16:09:55,6899.87,0.0
902027,701957,Debit Card,Refunded,2025-07-22 15:09:17,13895.59,250.12
902028,701958,Cash on Delivery,Completed,2025-04-01 06:47:33,79512.06,0.0
902029,701959,UPI,Completed,2024-08-12 16:43:21,7372.58,0.0
902030,701960,Credit Card,Completed,2025-12-21 15:02:19,615.37,11.08
902031,701961,UPI,Completed,2024-11-26 13:04:20,13508.71,0.0
902032,701961,UPI,Failed,2024-11-26 12:52:20,13508.71,0.0
902033,701962,Cash on Delivery,Completed,2023-10-25 19:06:03,9054.13,0.0
902034,701963,UPI,Completed,2024-01-29 17:18:25,10976.78,0.0
902035,701964,Wallet,Completed,2025-04-15 15:26:12,6375.92,0.0
902036,701965,UPI,Completed,2025-11-04 15:49:23,506881.98,0.0
902037,701966,UPI,Completed,2023-10-09 19:03:00,533.16,0.0
902038,701967,UPI,Completed,2023-05-21 14:49:16,16744.12,0.0
902039,701968,UPI,Completed,2025-10-15 21:40:41,82589.14,0.0
902040,701969,Credit Card,Completed,2025-10-31 23:53:47,127540.34,2295.73
902041,701970,Cash on Delivery,Completed,2024-01-10 16:11:21,109242.4,0.0
902042,701971,Cash on Delivery,Completed,2024-05-24 23:57:43,46147.94,0.0
902043,701972,Debit Card,Completed,2025-03-05 20:58:58,5727.79,103.1
902044,701973,UPI,Completed,2024-03-24 20:41:53,133644.76,0.0
902045,701974,UPI,Completed,2025-10-13 23:29:24,101759.14,0.0
902046,701974,UPI,Failed,2025-10-13 23:24:24,101759.14,0.0
902047,701975,UPI,Completed,2023-07-01 19:31:47,517.41,0.0
902048,701976,UPI,Completed,2023-03-07 15:48:44,191763.0,0.0
902049,701977,Wallet,Completed,2023-10-29 09:46:23,11266.43,0.0
902050,701978,Cash on Delivery,Completed,2024-01-23 15:49:35,154998.2,0.0
902051,701979,UPI,Refunded,2023-07-10 11:41:04,327772.3,0.0
902052,701980,UPI,Completed,2023-04-27 17:24:18,2948.7,0.0
902053,701981,Credit Card,Completed,2025-06-20 10:52:16,3235.25,58.23
902054,701982,UPI,Completed,2023-09-27 18:45:51,926.36,0.0
902055,701983,UPI,Completed,2025-10-30 14:52:09,159391.16,0.0
902056,701984,Credit Card,Completed,2024-05-14 19:23:29,17579.19,316.43
902057,701985,Debit Card,Completed,2025-03-18 17:24:55,79457.12,1430.23
902058,701986,Credit Card,Completed,2023-11-09 16:11:55,121080.85,2179.46
902059,701987,UPI,Completed,2023-11-24 19:20:27,20610.08,0.0
902060,701988,Cash on Delivery,Refunded,2024-12-03 13:28:07,7821.09,0.0
902061,701989,Credit Card,Completed,2024-11-15 16:10:26,109753.81,1975.57
902062,701990,Net Banking,Completed,2025-07-05 20:53:40,337069.77,0.0
902063,701991,UPI,Completed,2025-06-22 18:04:07,5982.22,0.0
902064,701992,Cash on Delivery,Completed,2025-03-18 21:01:47,3176.38,0.0
902065,701993,Credit Card,Refunded,2024-08-23 14:38:56,972.68,17.51
902066,701993,Credit Card,Failed,2024-08-23 14:34:56,972.68,0.0
902067,701994,UPI,Completed,2025-10-19 21:37:17,1175160.0,0.0
902068,701995,Credit Card,Completed,2025-01-22 19:41:29,35743.59,643.38
902069,701996,UPI,Completed,2025-12-26 21:08:31,70460.58,0.0
902070,701997,Credit Card,Completed,2025-08-25 20:22:59,24777.53,446.0
902071,701998,Wallet,Completed,2023-03-19 23:54:31,3361.65,0.0
902072,701999,Cash on Delivery,Completed,2024-03-10 18:29:08,3454.29,0.0
902073,702000,UPI,Completed,2024-11-30 20:56:06,6062.94,0.0
902074,702001,Credit Card,Completed,2025-05-15 17:41:49,1117.06,20.11
902075,702002,Cash on Delivery,Pending,2024-11-10 23:01:31,502.29,0.0
902076,702003,UPI,Completed,2025-07-26 23:38:23,155216.42,0.0
902077,702004,UPI,Completed,2024-01-20 19:07:37,5476.63,0.0
902078,702005,UPI,Completed,2023-10-12 17:52:57,228371.3,0.0
902079,702006,Cash on Delivery,Completed,2023-04-06 16:15:54,87757.8,0.0
902080,702007,Credit Card,Completed,2024-12-02 11:42:29,2008.89,36.16
902081,702008,Credit Card,Refunded,2025-04-09 16:39:11,926.36,16.67
902082,702009,Wallet,Refunded,2024-03-18 13:06:27,16577.48,0.0
902083,702010,Credit Card,Completed,2025-01-13 15:46:33,2859.62,51.47
902084,702011,Debit Card,Completed,2023-04-02 19:34:07,174719.58,3144.95
902085,702012,Credit Card,Failed,2023-06-17 20:46:31,616.92,11.1
902086,702013,Debit Card,Completed,2025-04-25 23:18:31,2967.95,53.42
902087,702014,UPI,Completed,2024-05-14 21:39:59,2527.93,0.0
902088,702015,Credit Card,Completed,2025-03-19 16:41:35,35367.63,636.62
902089,702016,Net Banking,Completed,2025-09-08 22:24:38,10542.26,0.0
902090,702017,Debit Card,Completed,2025-10-01 18:11:22,8026.47,144.48
902091,702018,UPI,Completed,2023-10-04 21:39:12,24770.8,0.0
902092,702019,Credit Card,Completed,2024-10-05 13:27:40,28372.63,510.71
902093,702020,Credit Card,Completed,2025-05-26 18:31:07,102754.51,1849.58
902094,702021,UPI,Completed,2025-07-11 20:37:36,241465.32,0.0
902095,702022,Credit Card,Completed,2025-07-24 19:02:13,4810.41,86.59
902096,702023,UPI,Completed,2023-11-11 13:35:13,6908.58,0.0
902097,702024,Cash on Delivery,Completed,2023-10-18 18:08:32,9619.2,0.0
902098,702025,UPI,Completed,2024-12-22 16:15:21,431.6,0.0
902099,702026,Credit Card,Completed,2025-06-02 23:38:43,68974.57,1241.54
902100,702027,Credit Card,Completed,2024-03-08 16:16:30,125242.41,2254.36
902101,702028,Credit Card,Completed,2023-06-26 18:10:25,45854.52,825.38
902102,702029,Debit Card,Completed,2025-05-10 16:18:47,1691.26,30.44
902103,702030,Credit Card,Completed,2024-02-07 23:10:51,7954.33,143.18
902104,702031,Cash on Delivery,Completed,2023-09-30 20:28:41,1667.45,0.0
902105,702032,Debit Card,Completed,2023-08-31 17:21:57,50645.28,911.62
902106,702033,Credit Card,Completed,2024-03-01 23:17:43,203578.78,3664.42
902107,702034,UPI,Completed,2024-12-23 14:41:03,7582.15,0.0
902108,702035,Debit Card,Completed,2024-05-04 21:42:31,86607.36,1558.93
902109,702036,UPI,Refunded,2023-02-02 13:29:19,13922.01,0.0
902110,702037,Debit Card,Completed,2023-06-12 16:19:13,106068.9,1909.24
902111,702038,Net Banking,Completed,2024-01-27 15:15:32,319977.03,0.0
902112,702039,Net Banking,Failed,2025-03-05 14:22:02,3538.28,0.0
902113,702040,Credit Card,Completed,2023-06-15 20:10:03,505.76,9.1
902114,702041,Debit Card,Completed,2024-11-15 17:24:37,137877.63,2481.8
902115,702042,Credit Card,Completed,2023-07-22 18:26:11,13770.29,247.87
902116,702043,UPI,Completed,2023-10-31 23:06:26,80363.29,0.0
902117,702044,UPI,Completed,2023-10-04 23:29:00,176888.57,0.0
902118,702045,UPI,Completed,2023-04-30 13:25:36,102653.9,0.0
902119,702046,Credit Card,Completed,2025-03-19 22:41:58,3778.52,68.01
902120,702047,Net Banking,Completed,2024-09-11 16:50:45,58622.23,0.0
902121,702048,UPI,Failed,2025-09-08 17:31:49,46462.36,0.0
902122,702049,Net Banking,Completed,2023-06-16 19:22:17,1852.72,0.0
902123,702050,Cash on Delivery,Completed,2023-08-26 23:00:06,87040.91,0.0
902124,702051,UPI,Refunded,2024-02-18 18:32:34,8417.51,0.0
902125,702052,UPI,Completed,2025-07-02 14:39:41,6227.32,0.0
902126,702053,Wallet,Completed,2024-02-17 19:54:55,124472.47,0.0
902127,702054,Wallet,Completed,2024-07-05 16:20:13,5519.04,0.0
902128,702055,Debit Card,Completed,2024-02-10 19:40:04,8046.97,144.85
902129,702056,Cash on Delivery,Pending,2023-05-18 17:02:54,3917.47,0.0
902130,702057,UPI,Completed,2025-11-11 19:23:25,8303.91,0.0
902131,702058,Debit Card,Completed,2024-11-09 23:53:26,122410.64,2203.39
902132,702059,UPI,Completed,2025-07-27 21:10:24,10574.9,0.0
902133,702060,UPI,Completed,2025-03-03 23:58:20,110003.47,0.0
902134,702061,Cash on Delivery,Completed,2024-10-21 15:58:11,6500.74,0.0
902135,702062,UPI,Failed,2023-05-31 10:21:45,207978.28,0.0
902136,702063,Cash on Delivery,Completed,2025-02-11 18:44:10,13025.95,0.0
902137,702064,Cash on Delivery,Completed,2023-09-12 21:36:18,470.37,0.0
902138,702065,UPI,Completed,2024-07-14 19:48:28,9633.1,0.0
902139,702066,UPI,Completed,2025-01-28 21:24:24,72143.88,0.0
902140,702067,Net Banking,Completed,2025-07-21 21:59:21,195150.04,0.0
902141,702067,Net Banking,Failed,2025-07-21 21:56:21,195150.04,0.0
902142,702068,UPI,Completed,2025-04-05 12:26:03,6815.94,0.0
902143,702069,Cash on Delivery,Completed,2025-03-19 23:04:03,1482.18,0.0
902144,702070,UPI,Completed,2023-09-02 12:49:22,511.74,0.0
902145,702071,UPI,Completed,2024-04-16 16:40:48,2991.11,0.0
902146,702071,UPI,Failed,2024-04-16 16:33:48,2991.11,0.0
902147,702072,Cash on Delivery,Pending,2023-03-16 20:10:18,65475.38,0.0
902148,702073,Debit Card,Completed,2025-05-13 16:25:04,8166.4,147.0
902149,702074,Cash on Delivery,Pending,2025-11-19 18:21:27,235037.33,0.0
902150,702075,UPI,Completed,2023-12-26 17:05:33,50302.1,0.0
902151,702076,UPI,Completed,2023-05-28 17:43:12,14585.91,0.0
902152,702077,Credit Card,Completed,2024-09-28 23:00:08,9584.84,172.53
902153,702078,Credit Card,Completed,2025-10-03 16:51:58,439.14,7.9
902154,702079,UPI,Refunded,2024-11-10 17:20:35,246303.55,0.0
902155,702080,Credit Card,Completed,2023-03-24 19:42:23,94159.09,1694.86
902156,702081,Wallet,Completed,2025-12-13 16:45:21,5472.72,0.0
902157,702082,UPI,Completed,2025-09-05 15:11:10,1250.59,0.0
902158,702083,Cash on Delivery,Completed,2023-08-08 15:41:43,17369.76,0.0
902159,702084,UPI,Completed,2025-11-03 15:10:36,6306.49,0.0
902160,702085,UPI,Completed,2024-08-25 09:07:18,38448.48,0.0
902161,702086,Cash on Delivery,Completed,2024-05-18 23:13:52,75484.26,0.0
902162,702087,Cash on Delivery,Failed,2024-09-08 22:44:45,11213.55,0.0
902163,702088,Credit Card,Refunded,2025-09-12 17:37:12,2084.31,37.52
902164,702089,Wallet,Completed,2025-03-04 22:26:20,56776.51,0.0
902165,702090,Credit Card,Completed,2023-04-15 20:10:52,44849.73,807.3
902166,702091,Credit Card,Completed,2025-11-25 20:02:09,203455.29,3662.2
902167,702092,UPI,Completed,2023-08-31 16:19:44,108298.68,0.0
902168,702093,UPI,Refunded,2025-06-08 15:32:33,6401.06,0.0
902169,702094,Cash on Delivery,Refunded,2025-02-03 21:34:04,5899.6,0.0
902170,702095,Wallet,Completed,2023-10-15 17:11:51,4380.65,0.0
902171,702096,Debit Card,Completed,2023-10-03 18:29:56,741.09,13.34
902172,702097,UPI,Completed,2025-10-10 20:58:26,50467.95,0.0
902173,702098,Cash on Delivery,Completed,2024-07-21 08:36:07,3355.52,0.0
902174,702099,Debit Card,Completed,2025-02-26 19:09:46,9338.61,168.09
902175,702099,Debit Card,Failed,2025-02-26 19:04:46,9338.61,0.0
902176,702100,Cash on Delivery,Completed,2024-10-15 13:06:12,2208.72,0.0
902177,702101,UPI,Completed,2025-05-20 20:56:08,49377.79,0.0
902178,702102,Debit Card,Completed,2024-10-01 18:56:34,8998.16,161.97
902179,702103,Wallet,Completed,2024-01-24 19:11:34,152961.85,0.0
902180,702104,Credit Card,Failed,2024-05-09 21:46:08,88194.95,1587.51
902181,702105,Net Banking,Completed,2025-10-04 20:58:16,10532.49,0.0
902182,702106,Net Banking,Pending,2024-09-18 17:53:05,14347.37,0.0
902183,702107,Debit Card,Completed,2023-11-01 19:08:20,3706.53,66.72
902184,702108,Cash on Delivery,Completed,2025-11-09 21:56:16,4435.85,0.0
902185,702109,UPI,Failed,2025-08-06 18:27:28,64893.9,0.0
902186,702110,Debit Card,Completed,2023-04-09 21:01:19,553557.08,9964.03
902187,702111,Debit Card,Completed,2025-12-31 19:41:40,1667.45,30.01
902188,702112,Credit Card,Completed,2025-04-17 22:45:58,226325.56,4073.86
902189,702113,UPI,Completed,2023-09-20 22:19:03,880.04,0.0
902190,702114,Credit Card,Completed,2023-11-19 23:31:31,5472.72,98.51
902191,702115,UPI,Refunded,2025-04-14 21:21:11,136892.74,0.0
902192,702116,Credit Card,Completed,2025-07-18 18:15:53,1760.08,31.68
902193,702117,Cash on Delivery,Completed,2023-11-22 18:23:54,100717.27,0.0
902194,702118,Wallet,Refunded,2023-12-20 20:43:52,3863.33,0.0
902195,702119,Cash on Delivery,Completed,2024-02-18 17:58:09,2611.92,0.0
902196,702120,Cash on Delivery,Completed,2024-12-27 11:51:08,506.01,0.0
902197,702121,Credit Card,Completed,2023-10-04 12:18:56,313473.85,5642.53
902198,702122,Cash on Delivery,Completed,2023-06-25 14:34:37,69325.86,0.0
902199,702123,Wallet,Completed,2025-03-28 15:31:54,101264.36,0.0
902200,702124,UPI,Completed,2025-07-17 18:45:45,11577.42,0.0
902201,702125,Debit Card,Completed,2024-10-13 16:11:14,138478.92,2492.62
902202,702126,UPI,Completed,2024-05-10 23:10:50,6446.22,0.0
902203,702127,UPI,Completed,2024-08-06 13:41:12,3538.1,0.0
902204,702128,UPI,Refunded,2024-06-07 10:41:27,2182.47,0.0
902205,702129,Debit Card,Completed,2025-11-27 23:47:58,153356.09,2760.41
902206,702130,UPI,Completed,2025-07-04 23:14:22,195549.01,0.0
902207,702131,UPI,Completed,2023-10-29 18:33:39,833.72,0.0
902208,702132,Cash on Delivery,Completed,2024-06-01 18:52:05,4709.91,0.0
902209,702133,UPI,Completed,2024-11-06 23:37:11,12626.27,0.0
902210,702134,Debit Card,Failed,2025-01-12 22:19:45,93712.17,1686.82
902211,702135,Debit Card,Failed,2024-09-18 19:52:30,317204.02,5709.67
902212,702136,Credit Card,Completed,2025-08-15 12:46:35,491.8,8.85
902213,702137,Cash on Delivery,Completed,2025-07-04 16:42:36,2695.91,0.0
902214,702138,UPI,Completed,2024-10-16 23:58:25,2359.92,0.0
902215,702139,Debit Card,Completed,2025-10-02 19:32:26,9950.77,179.11
902216,702140,Debit Card,Failed,2025-06-14 23:34:59,151664.95,2729.97
902217,702141,Wallet,Completed,2025-07-17 23:22:04,921.57,0.0
902218,702142,Cash on Delivery,Completed,2025-11-23 20:17:47,16978.11,0.0
902219,702143,Credit Card,Completed,2023-12-28 14:10:10,96481.56,1736.67
902220,702144,UPI,Completed,2023-12-29 14:12:52,6825.41,0.0
902221,702145,Credit Card,Completed,2025-10-18 20:39:04,4247.39,76.45
902222,702146,Credit Card,Completed,2025-07-09 21:13:42,5581.36,100.46
902223,702147,UPI,Pending,2025-11-05 18:59:58,5982.22,0.0
902224,702148,UPI,Completed,2023-04-23 23:19:21,56451.38,0.0
902225,702149,UPI,Completed,2025-01-26 11:51:59,198341.73,0.0
902226,702150,Credit Card,Completed,2023-08-26 19:46:38,7583.79,136.51
902227,702151,UPI,Completed,2024-10-15 12:01:16,256900.52,0.0
902228,702152,UPI,Completed,2023-09-13 23:58:57,27531.39,0.0
902229,702153,Credit Card,Completed,2023-08-05 19:26:55,161047.32,2898.85
902230,702154,Debit Card,Completed,2023-01-22 17:29:55,195307.32,3515.53
902231,702155,UPI,Completed,2025-01-28 23:52:43,7429.68,0.0
902232,702156,Credit Card,Completed,2024-05-04 20:07:08,6377.88,114.8
902233,702157,UPI,Completed,2023-06-27 22:50:55,2991.11,0.0
902234,702158,Cash on Delivery,Completed,2024-03-13 14:36:48,116984.84,0.0
902235,702159,Debit Card,Completed,2023-10-02 19:55:19,50353.96,906.37
902236,702160,Cash on Delivery,Completed,2025-11-12 22:20:56,161292.28,0.0
902237,702161,UPI,Completed,2024-03-09 20:07:04,39960.15,0.0
902238,702162,Debit Card,Completed,2024-03-30 22:37:27,5661.31,101.9
902239,702163,UPI,Completed,2025-09-18 20:52:13,141971.24,0.0
902240,702164,Wallet,Completed,2025-02-18 22:13:15,1631.74,0.0
902241,702165,UPI,Pending,2025-05-04 20:32:25,3454.29,0.0
902242,702166,Debit Card,Completed,2025-02-03 21:27:46,26338.68,474.1
902243,702167,Cash on Delivery,Completed,2025-11-14 16:16:43,5935.9,0.0
902244,702168,Cash on Delivery,Completed,2023-10-28 17:52:59,121348.35,0.0
902245,702169,Debit Card,Completed,2025-12-25 19:51:01,5055.86,91.01
902246,702170,Credit Card,Completed,2025-09-08 18:23:45,14595.64,262.72
902247,702171,Wallet,Completed,2024-12-21 21:08:04,78993.94,0.0
902248,702172,UPI,Completed,2025-03-08 19:16:01,15131.3,0.0
902249,702172,UPI,Failed,2025-03-08 18:58:01,15131.3,0.0
902250,702173,Debit Card,Completed,2025-02-19 16:16:27,20047.49,360.85
902251,702174,UPI,Completed,2023-04-14 23:34:28,54876.6,0.0
902252,702175,UPI,Completed,2023-11-04 19:36:38,5430.31,0.0
902253,702176,UPI,Completed,2025-11-29 23:00:13,76896.96,0.0
902254,702177,Debit Card,Completed,2024-11-01 18:41:19,44397.4,799.15
902255,702178,UPI,Completed,2024-05-26 23:19:19,45333.77,0.0
902256,702179,Cash on Delivery,Completed,2025-06-27 15:04:55,60039.33,0.0
902257,702180,Net Banking,Completed,2024-10-26 18:18:53,11952693.0,0.0
902258,702180,Net Banking,Failed,2024-10-26 18:07:53,11952693.0,0.0
902259,702181,Cash on Delivery,Pending,2023-01-24 15:07:12,76286.16,0.0
902260,702182,UPI,Completed,2025-05-29 15:23:21,45942.37,0.0
902261,702183,Credit Card,Completed,2025-05-25 22:46:30,4026.85,72.48
902262,702184,UPI,Completed,2023-09-28 21:14:38,2441.64,0.0
902263,702185,Wallet,Completed,2025-11-23 23:44:29,82448.23,0.0
902264,702186,Debit Card,Completed,2023-11-08 19:50:49,833.72,15.01
902265,702187,Credit Card,Completed,2024-09-04 19:38:57,9984.5,179.72
902266,702188,Credit Card,Completed,2023-07-14 13:45:35,85576.73,1540.38
902267,702189,Cash on Delivery,Completed,2024-12-31 19:28:58,144917.68,0.0
902268,702190,Debit Card,Completed,2024-05-22 19:13:32,146233.78,2632.21
902269,702191,Credit Card,Completed,2024-04-27 21:50:13,41910.48,754.39
902270,702192,Cash on Delivery,Completed,2025-09-03 23:36:14,51497.45,0.0
902271,702193,UPI,Completed,2023-01-19 22:40:51,167969.01,0.0
902272,702194,Net Banking,Completed,2025-08-07 10:14:02,57263.67,0.0
902273,702195,UPI,Completed,2024-11-29 12:20:21,141064.42,0.0
902274,702196,Net Banking,Completed,2025-12-23 23:53:05,132442.92,0.0
902275,702197,Cash on Delivery,Failed,2024-12-21 12:07:34,86850.38,0.0
902276,702198,Credit Card,Completed,2023-04-08 23:01:31,6563.15,118.14
902277,702199,Credit Card,Completed,2023-03-31 23:46:43,9841.64,177.15
902278,702200,UPI,Completed,2025-10-16 16:06:22,926.36,0.0
902279,702201,Credit Card,Completed,2025-09-19 20:39:12,3998.27,71.97
902280,702202,Debit Card,Completed,2024-04-16 15:40:20,2991.11,53.84
902281,702203,Net Banking,Completed,2025-01-18 14:02:23,154057.83,0.0
902282,702204,Credit Card,Completed,2024-10-07 19:49:15,11358.17,204.45
902283,702205,Credit Card,Completed,2025-12-05 13:36:20,8030.16,144.54
902284,702206,Cash on Delivery,Completed,2025-11-16 23:33:20,75461.1,0.0
902285,702207,Cash on Delivery,Completed,2025-12-22 13:00:08,926.36,0.0
902286,702208,Debit Card,Completed,2025-10-08 22:40:04,1852.72,33.35
902287,702209,UPI,Completed,2025-10-28 23:17:11,12311.82,0.0
902288,702210,UPI,Completed,2023-11-04 17:43:41,19964.28,0.0
902289,702211,Net Banking,Completed,2025-09-08 23:43:20,50195.97,0.0
902290,702212,Wallet,Completed,2025-05-03 18:02:28,9701.57,0.0
902291,702213,UPI,Completed,2025-11-30 23:29:29,163113.98,0.0
902292,702214,UPI,Completed,2024-11-29 15:51:37,74225.51,0.0
902293,702215,Debit Card,Refunded,2023-05-25 21:08:51,134059.04,2413.06
902294,702215,Debit Card,Failed,2023-05-25 21:05:51,134059.04,0.0
902295,702216,Debit Card,Failed,2024-12-27 20:29:49,15133.96,272.41
902296,702216,Debit Card,Failed,2024-12-27 20:19:49,15133.96,0.0
902297,702217,Wallet,Completed,2025-04-07 15:01:49,10478.39,0.0
902298,702218,UPI,Completed,2023-11-06 22:04:07,215430.75,0.0
902299,702219,Net Banking,Completed,2024-06-15 23:28:23,120102.96,0.0
902300,702219,Net Banking,Failed,2024-06-15 23:18:23,120102.96,0.0
902301,702220,Credit Card,Refunded,2024-12-28 14:06:56,13612.89,245.03
902302,702221,UPI,Completed,2024-05-21 20:35:27,40999.62,0.0
902303,702222,UPI,Completed,2024-05-22 16:16:17,136474.8,0.0
902304,702223,Cash on Delivery,Completed,2023-08-10 22:18:19,7638.42,0.0
902305,702224,Cash on Delivery,Refunded,2025-11-11 20:16:36,5805.04,0.0
902306,702225,UPI,Completed,2025-06-14 21:05:07,3757.32,0.0
902307,702226,UPI,Completed,2023-01-03 19:29:49,103862.43,0.0
902308,702227,UPI,Completed,2025-07-01 23:29:49,119880.45,0.0
902309,702228,Debit Card,Completed,2025-06-01 21:14:50,104232.38,1876.18
902310,702229,Credit Card,Completed,2023-01-20 09:53:24,1389.54,25.01
902311,702230,Debit Card,Completed,2024-05-16 22:39:55,13768.02,247.82
902312,702231,Credit Card,Completed,2025-01-04 20:51:51,213144.05,3836.59
902313,702232,Net Banking,Completed,2024-08-28 17:03:16,52263.07,0.0
902314,702233,UPI,Completed,2025-07-16 18:29:28,10002.94,0.0
902315,702234,UPI,Completed,2024-07-29 07:59:37,80668.74,0.0
902316,702235,Credit Card,Completed,2023-09-10 14:36:10,85987.33,1547.77
902317,702236,Credit Card,Completed,2025-12-15 18:33:07,10335.71,186.04
902318,702237,Cash on Delivery,Completed,2023-11-27 14:03:05,7337.22,0.0
902319,702238,UPI,Completed,2025-05-11 16:18:15,17944.29,0.0
902320,702239,Debit Card,Completed,2023-08-23 19:59:22,7015.44,126.28
902321,702240,UPI,Failed,2024-03-22 21:50:07,148979.36,0.0
902322,702241,Wallet,Completed,2024-08-14 17:57:52,156604.37,0.0
902323,702242,Credit Card,Completed,2023-10-18 14:15:57,78993.94,1421.89
902324,702243,UPI,Completed,2024-08-24 11:09:22,322058.47,0.0
902325,702244,UPI,Completed,2023-09-15 13:01:52,80593.6,0.0
902326,702245,Wallet,Completed,2024-11-14 17:05:56,105302.66,0.0
902327,702246,Wallet,Completed,2025-03-10 19:21:16,57310.9,0.0
902328,702247,UPI,Completed,2023-04-21 20:53:58,3751.49,0.0
902329,702247,UPI,Failed,2023-04-21 20:51:58,3751.49,0.0
902330,702248,Credit Card,Completed,2025-10-10 17:31:06,2195.59,39.52
902331,702249,Credit Card,Completed,2023-10-13 21:13:03,82769.71,1489.85
902332,702250,Cash on Delivery,Failed,2023-11-09 20:04:43,12244.42,0.0
902333,702251,Cash on Delivery,Completed,2025-03-07 17:41:55,95218.17,0.0
902334,702252,Wallet,Completed,2024-09-19 23:28:41,150381.49,0.0
902335,702253,UPI,Completed,2024-10-13 16:12:35,158451.06,0.0
902336,702254,Credit Card,Completed,2023-08-05 15:27:07,9753.39,175.56
902337,702255,Debit Card,Completed,2025-08-12 23:43:20,105041.38,1890.74
902338,702256,UPI,Completed,2025-01-17 22:17:47,512.83,0.0
902339,702257,UPI,Completed,2023-08-12 21:54:52,3327.89,0.0
902340,702258,Net Banking,Completed,2024-05-21 19:49:56,276728.03,0.0
902341,702259,Credit Card,Failed,2025-08-15 23:33:08,8695.42,156.52
902342,702260,Credit Card,Completed,2024-11-25 17:17:54,2915.27,52.47
902343,702261,Debit Card,Completed,2023-07-03 18:19:02,18258.07,328.65
902344,702262,UPI,Completed,2024-05-19 23:22:35,211202.37,0.0
902345,702263,Credit Card,Completed,2023-11-28 19:32:03,92114.13,1658.05
902346,702264,Credit Card,Completed,2024-10-23 19:40:21,47079.12,847.42
902347,702264,Credit Card,Failed,2024-10-23 19:38:21,47079.12,0.0
902348,702265,Cash on Delivery,Completed,2025-09-22 23:59:51,11501.26,0.0
902349,702266,Wallet,Completed,2024-08-10 23:55:31,37898.93,0.0
902350,702267,Wallet,Completed,2024-08-07 19:57:40,1389.54,0.0
902351,702268,Credit Card,Completed,2025-10-26 17:50:50,7099.03,127.78
902352,702269,Debit Card,Completed,2024-12-05 23:17:45,1389.54,25.01
902353,702270,UPI,Completed,2024-11-22 23:18:49,926.36,0.0
902354,702271,UPI,Completed,2023-12-24 14:37:15,84984.2,0.0
902355,702272,Debit Card,Completed,2025-01-05 23:03:03,7686.29,138.35
902356,702273,Debit Card,Completed,2024-12-05 23:55:32,3454.29,62.18
902357,702274,UPI,Completed,2024-06-19 23:08:47,8973.33,0.0
902358,702275,Wallet,Completed,2025-12-26 20:13:31,20998.26,0.0
902359,702276,Wallet,Completed,2025-10-15 20:52:35,9520.5,0.0
902360,702277,UPI,Completed,2025-06-13 23:41:51,1320.06,0.0
902361,702278,UPI,Completed,2024-11-03 21:07:01,1755.22,0.0
902362,702279,Debit Card,Refunded,2024-09-09 20:23:16,40391.1,727.04
902363,702280,Debit Card,Completed,2023-10-13 20:02:05,124722.78,2245.01
902364,702281,Debit Card,Completed,2024-02-17 22:39:54,154276.87,2776.98
902365,702282,Wallet,Completed,2025-07-11 19:16:29,3454.29,0.0
902366,702283,Debit Card,Completed,2024-08-29 16:08:23,481.19,8.66
902367,702284,Cash on Delivery,Completed,2025-10-15 15:25:49,141937.54,0.0
902368,702285,UPI,Completed,2023-08-31 22:23:03,90026.76,0.0
902369,702286,Debit Card,Completed,2024-10-18 22:49:37,81026.46,1458.48
902370,702287,Credit Card,Completed,2025-02-17 20:32:59,252882.99,4551.89
902371,702288,Debit Card,Refunded,2024-10-22 23:09:29,428252.69,7708.55
902372,702289,Cash on Delivery,Completed,2025-10-18 21:59:15,3782.7,0.0
902373,702290,UPI,Completed,2025-12-25 20:54:31,72275.66,0.0
902374,702291,Debit Card,Completed,2023-07-15 16:46:16,1760.08,31.68
902375,702292,Debit Card,Completed,2023-08-07 20:44:47,80383.48,1446.9
902376,702293,Cash on Delivery,Pending,2023-08-07 21:29:46,11361.18,0.0
902377,702294,UPI,Completed,2025-03-31 15:11:28,15437.02,0.0
902378,702295,Credit Card,Completed,2024-05-19 18:55:18,5364.75,96.57
902379,702296,UPI,Completed,2025-05-26 19:14:08,223029.32,0.0
902380,702297,Credit Card,Completed,2024-07-01 20:01:10,152591.31,2746.64
902381,702298,Cash on Delivery,Completed,2025-01-26 19:55:42,10558.09,0.0
902382,702299,Credit Card,Completed,2025-07-06 23:06:29,18369.85,330.66
902383,702300,UPI,Failed,2024-11-09 22:01:49,5476.63,0.0
902384,702301,Net Banking,Completed,2024-11-04 16:59:24,3900.68,0.0
902385,702302,UPI,Completed,2023-05-29 23:10:35,116004.33,0.0
902386,702303,UPI,Completed,2024-07-09 18:07:01,3860.57,0.0
902387,702304,Credit Card,Completed,2024-11-07 20:55:51,175996.98,3167.95
902388,702305,Cash on Delivery,Completed,2024-09-09 19:02:30,2315.94,0.0
902389,702306,Credit Card,Completed,2025-10-24 23:21:37,7269.82,130.86
902390,702307,UPI,Completed,2025-10-26 19:33:45,106866.54,0.0
902391,702308,Wallet,Completed,2025-08-28 18:26:31,157137.67,0.0
902392,702309,Debit Card,Completed,2024-05-22 22:39:13,38448.48,692.07
902393,702310,Cash on Delivery,Completed,2025-05-11 17:48:14,15450.94,0.0
902394,702311,UPI,Failed,2024-06-17 18:50:08,5982.22,0.0
902395,702312,Debit Card,Completed,2023-11-14 21:26:49,43048.95,774.88
902396,702313,Debit Card,Pending,2024-04-12 22:22:07,5661.9,101.91
902397,702314,Debit Card,Completed,2023-05-05 17:31:28,10476.46,188.58
902398,702315,UPI,Completed,2024-03-26 22:40:40,4803.07,0.0
902399,702316,Cash on Delivery,Pending,2024-09-08 15:24:56,4985.14,0.0
902400,702317,Cash on Delivery,Completed,2025-11-22 19:24:50,2501.17,0.0
902401,702318,UPI,Completed,2024-02-28 20:31:04,123419.17,0.0
902402,702319,Cash on Delivery,Completed,2025-10-25 18:07:01,58554.78,0.0
902403,702320,UPI,Completed,2023-11-12 23:35:36,7583.79,0.0
902404,702321,Wallet,Completed,2023-10-17 15:14:01,67471.17,0.0
902405,702322,Cash on Delivery,Completed,2024-10-23 21:39:13,11906.29,0.0
902406,702323,UPI,Completed,2025-03-21 13:54:53,81261.96,0.0
902407,702324,UPI,Completed,2023-03-19 19:30:12,6445.4,0.0
902408,702325,UPI,Completed,2023-11-06 19:33:21,304788.65,0.0
902409,702326,UPI,Completed,2024-09-01 12:43:44,67344.91,0.0
902410,702327,Cash on Delivery,Completed,2024-03-25 23:38:40,76207.78,0.0
902411,702328,UPI,Completed,2025-05-07 16:26:34,1386069.0,0.0
902412,702329,UPI,Completed,2024-10-19 13:09:11,153687.29,0.0
902413,702330,Credit Card,Completed,2023-09-21 23:05:55,137171.33,2469.08
902414,702331,Cash on Delivery,Completed,2025-10-21 21:37:54,55434.67,0.0
902415,702332,Debit Card,Completed,2024-01-29 18:15:38,7307.53,131.54
902416,702333,Debit Card,Completed,2025-05-24 18:08:15,3926.81,70.68
902417,702334,Credit Card,Completed,2025-07-18 18:39:58,10780.67,194.05
902418,702335,UPI,Completed,2025-12-01 18:22:07,153231.03,0.0
902419,702336,UPI,Failed,2024-10-12 17:01:12,126962.38,0.0
902420,702337,Wallet,Completed,2025-01-16 15:35:33,2393.16,0.0
902421,702338,UPI,Completed,2024-03-31 14:00:56,8973.33,0.0
902422,702339,Cash on Delivery,Completed,2025-03-28 16:21:00,450178.61,0.0
902423,702340,Net Banking,Completed,2024-09-11 23:46:17,493.2,0.0
902424,702340,Net Banking,Failed,2024-09-11 23:28:17,493.2,0.0
902425,702341,Debit Card,Completed,2024-08-11 17:40:34,7583.79,136.51
902426,702342,Credit Card,Completed,2025-10-03 21:44:50,13099.76,235.8
902427,702343,Debit Card,Refunded,2023-03-30 14:21:00,416.48,7.5
902428,702344,UPI,Completed,2025-10-15 14:02:18,73522.06,0.0
902429,702345,Net Banking,Completed,2025-10-01 19:57:15,146529.56,0.0
902430,702346,Net Banking,Completed,2024-10-16 18:25:08,123513.15,0.0
902431,702347,UPI,Completed,2024-10-07 23:21:06,198411.21,0.0
902432,702348,Debit Card,Completed,2024-05-07 23:44:08,3454.29,62.18
902433,702349,UPI,Completed,2025-12-28 23:14:41,366.75,0.0
902434,702350,Cash on Delivery,Completed,2023-07-07 21:43:44,2315.9,0.0
902435,702351,Credit Card,Completed,2024-12-22 22:09:06,135607.05,2440.93
902436,702352,Cash on Delivery,Completed,2025-04-01 17:12:59,135820.32,0.0
902437,702353,Cash on Delivery,Completed,2025-11-09 18:12:54,58552.29,0.0
902438,702354,Debit Card,Completed,2025-07-19 22:06:27,514.64,9.26
902439,702355,UPI,Completed,2025-02-13 16:57:43,3407.97,0.0
902440,702356,UPI,Completed,2023-07-17 19:36:32,9727.79,0.0
902441,702357,Credit Card,Completed,2024-05-20 21:39:04,1874.86,33.75
902442,702358,Cash on Delivery,Completed,2023-08-16 16:59:27,2653.9,0.0
902443,702359,Cash on Delivery,Refunded,2025-10-15 19:27:18,9521.32,0.0
902444,702360,Cash on Delivery,Completed,2025-06-13 15:39:15,86520.13,0.0
902445,702361,UPI,Completed,2025-06-22 13:39:57,3932.8,0.0
902446,702362,Credit Card,Completed,2025-02-23 18:04:10,3879.12,69.82
902447,702363,UPI,Completed,2024-10-17 16:07:27,9239.35,0.0
902448,702364,Credit Card,Completed,2023-09-03 14:33:09,82362.89,1482.53
902449,702365,UPI,Failed,2024-03-23 20:28:34,42173.19,0.0
902450,702365,UPI,Failed,2024-03-23 20:25:34,42173.19,0.0
902451,702366,Debit Card,Refunded,2023-08-14 23:30:40,255796.62,4604.34
902452,702367,UPI,Completed,2025-05-18 17:51:32,15526.48,0.0
902453,702368,Debit Card,Completed,2023-09-20 23:11:27,85865.99,1545.59
902454,702369,Net Banking,Refunded,2025-04-26 13:49:49,5519.04,0.0
902455,702370,Cash on Delivery,Completed,2025-04-14 17:10:30,10779.92,0.0
902456,702371,Cash on Delivery,Completed,2024-09-06 22:49:31,75044.24,0.0
902457,702372,Cash on Delivery,Completed,2023-08-12 18:24:57,138000.42,0.0
902458,702373,Cash on Delivery,Completed,2024-03-01 21:04:09,7051.07,0.0
902459,702374,Debit Card,Completed,2024-03-09 23:35:49,491.91,8.85
902460,702375,Credit Card,Completed,2025-04-24 18:50:37,42956.35,773.21
902461,702376,UPI,Completed,2023-07-12 18:19:11,139772.92,0.0
902462,702377,Cash on Delivery,Completed,2025-09-06 21:00:37,6825.41,0.0
902463,702378,UPI,Refunded,2025-06-26 23:54:00,797.72,0.0
902464,702379,UPI,Completed,2023-10-14 18:13:26,5889.58,0.0
902465,702380,Net Banking,Completed,2025-05-13 17:01:12,426.36,0.0
902466,702381,UPI,Failed,2025-03-16 18:40:25,7667.78,0.0
902467,702382,Cash on Delivery,Completed,2025-06-11 23:32:20,115257.78,0.0
902468,702383,Credit Card,Refunded,2023-10-16 18:34:17,3528.6,63.51
902469,702384,Credit Card,Completed,2023-09-16 18:54:28,8046.97,144.85
902470,702384,Credit Card,Failed,2023-09-16 18:37:28,8046.97,0.0
902471,702385,UPI,Refunded,2023-11-18 21:51:02,6443.79,0.0
902472,702386,Credit Card,Completed,2024-05-12 22:24:06,43530.19,783.54
902473,702387,Net Banking,Completed,2025-08-03 07:28:02,81605.86,0.0
902474,702388,Cash on Delivery,Pending,2025-05-30 17:05:46,114325.53,0.0
902475,702389,Credit Card,Completed,2025-11-04 23:57:18,47998.33,863.97
902476,702390,UPI,Completed,2023-04-14 18:42:46,91738.51,0.0
902477,702391,Debit Card,Completed,2023-01-22 14:29:27,181956.62,3275.22
902478,702392,Cash on Delivery,Pending,2025-04-22 09:57:30,5843.27,0.0
902479,702393,Credit Card,Completed,2024-01-14 20:53:00,176751.91,3181.53
902480,702394,UPI,Completed,2024-03-30 21:32:27,211270.46,0.0
902481,702395,UPI,Completed,2024-11-08 13:48:34,5819.96,0.0
902482,702396,Credit Card,Completed,2023-06-22 19:31:32,3415.94,61.49
902483,702397,UPI,Completed,2025-02-11 14:16:06,306800.59,0.0
902484,702398,UPI,Pending,2024-03-17 15:26:13,52388.43,0.0
902485,702399,Credit Card,Completed,2025-01-31 17:40:10,833.72,15.01
902486,702400,Wallet,Completed,2025-09-11 17:55:37,292028.75,0.0
902487,702401,Credit Card,Refunded,2023-10-04 23:10:07,207922.87,3742.61
902488,702401,Credit Card,Failed,2023-10-04 22:54:07,207922.87,0.0
902489,702402,Credit Card,Completed,2025-11-07 22:44:52,12710.25,228.78
902490,702403,Debit Card,Completed,2024-10-30 22:42:44,9804.18,176.48
902491,702404,Wallet,Completed,2025-11-03 13:32:16,5584.26,0.0
902492,702405,Credit Card,Completed,2023-10-28 23:30:04,71189.54,1281.41
902493,702406,Debit Card,Completed,2025-01-01 16:07:46,242937.89,4372.88
902494,702407,Wallet,Refunded,2024-06-29 19:00:18,9339.97,0.0
902495,702408,UPI,Pending,2025-07-12 15:14:36,104263.32,0.0
902496,702409,Cash on Delivery,Completed,2025-01-03 20:52:47,39491.07,0.0
902497,702410,Credit Card,Completed,2024-10-10 18:41:25,2387.73,42.98
902498,702411,Debit Card,Completed,2025-10-30 18:28:48,1631.44,29.37
902499,702412,Credit Card,Failed,2024-05-24 23:46:27,198189.64,3567.41
902500,702413,UPI,Completed,2023-11-06 15:25:02,5843.27,0.0
902501,702413,UPI,Failed,2023-11-06 15:13:02,5843.27,0.0
902502,702414,Cash on Delivery,Completed,2025-01-06 19:54:41,521.49,0.0
902503,702415,UPI,Completed,2025-01-24 22:56:20,403.07,0.0
902504,702416,Debit Card,Completed,2024-08-12 22:39:34,195381.12,3516.86
902505,702417,Credit Card,Completed,2024-10-06 22:35:32,4249.41,76.49
902506,702418,UPI,Completed,2025-11-27 22:19:47,45436.78,0.0
902507,702418,UPI,Failed,2025-11-27 22:15:47,45436.78,0.0
902508,702419,Cash on Delivery,Completed,2025-05-25 21:43:44,237302.26,0.0
902509,702420,UPI,Completed,2023-07-06 22:02:26,3791.07,0.0
902510,702421,Cash on Delivery,Completed,2023-10-31 23:29:50,10225.69,0.0
902511,702422,UPI,Completed,2025-12-14 18:27:50,5548.07,0.0
902512,702423,Cash on Delivery,Completed,2025-05-19 19:30:08,146581.78,0.0
902513,702424,UPI,Completed,2025-10-31 22:27:12,4967.13,0.0
902514,702425,Debit Card,Completed,2024-02-14 20:55:05,167162.93,3008.93
902515,702426,UPI,Completed,2025-06-03 20:34:44,89147.61,0.0
902516,702427,UPI,Pending,2025-05-08 21:15:15,75205.64,0.0
902517,702428,UPI,Completed,2024-01-31 20:07:51,25921.36,0.0
902518,702428,UPI,Failed,2024-01-31 19:54:51,25921.36,0.0
902519,702429,UPI,Completed,2024-11-10 20:16:32,64920.58,0.0
902520,702430,Debit Card,Completed,2025-01-26 18:20:23,8479.59,152.63
902521,702431,UPI,Completed,2024-10-02 23:36:25,1111.63,0.0
902522,702432,Cash on Delivery,Completed,2025-09-03 22:26:38,1412.79,0.0
902523,702433,UPI,Completed,2025-09-10 23:22:29,8048.51,0.0
902524,702434,Wallet,Completed,2025-09-30 20:28:36,1306.21,0.0
902525,702435,Credit Card,Completed,2025-08-10 18:45:59,133609.14,2404.96
902526,702436,Wallet,Completed,2024-10-06 22:25:27,2527.93,0.0
902527,702437,UPI,Completed,2024-05-29 18:42:13,6927.73,0.0
902528,702438,Cash on Delivery,Completed,2025-09-08 21:45:56,2527.93,0.0
902529,702439,UPI,Failed,2024-10-07 20:16:04,79359.34,0.0
902530,702440,UPI,Completed,2023-12-04 23:20:43,2084.31,0.0
902531,702441,Debit Card,Completed,2024-10-17 09:38:39,45617.06,821.11
902532,702442,Cash on Delivery,Completed,2023-08-21 16:58:47,230761.76,0.0
902533,702443,UPI,Failed,2025-04-13 22:55:27,4172.24,0.0
902534,702444,Debit Card,Completed,2024-04-01 13:45:10,32141.34,578.54
902535,702445,UPI,Completed,2023-12-23 18:43:59,172202.69,0.0
902536,702446,Credit Card,Completed,2025-11-23 20:55:23,6588.83,118.6
902537,702447,UPI,Completed,2025-07-15 11:12:27,34406.14,0.0
902538,702448,Wallet,Completed,2025-07-27 19:56:03,6903.01,0.0
902539,702448,Wallet,Failed,2025-07-27 19:39:03,6903.01,0.0
902540,702449,UPI,Completed,2025-01-23 23:52:04,5519.04,0.0
902541,702450,UPI,Completed,2025-09-17 17:39:20,6788.05,0.0
902542,702451,Credit Card,Completed,2025-06-24 21:42:29,8594.86,154.71
902543,702452,Debit Card,Completed,2024-12-28 21:49:55,7285.04,131.13
902544,702453,UPI,Completed,2025-11-29 21:40:17,13185.73,0.0
902545,702454,Debit Card,Refunded,2023-10-18 22:52:19,56846.81,1023.24
902546,702455,UPI,Completed,2025-11-13 21:02:06,833.72,0.0
902547,702456,Credit Card,Completed,2024-06-25 16:40:50,9606.85,172.92
902548,702457,Debit Card,Pending,2024-10-29 11:22:02,6057.56,109.04
902549,702458,Debit Card,Completed,2023-07-27 18:08:24,6430.18,115.74
902550,702459,Wallet,Completed,2024-11-04 14:05:17,1852.72,0.0
902551,702460,UPI,Completed,2025-01-10 20:20:20,10157.62,0.0
902552,702461,UPI,Completed,2025-12-30 22:04:43,1852.72,0.0
902553,702462,Cash on Delivery,Failed,2025-12-14 19:56:18,4422.18,0.0
902554,702463,UPI,Completed,2025-12-04 20:48:22,78090.29,0.0
902555,702464,UPI,Completed,2024-04-20 23:48:47,32066.48,0.0
902556,702465,UPI,Completed,2025-12-26 18:11:32,6375.92,0.0
902557,702466,UPI,Completed,2024-09-01 14:56:36,1515.67,0.0
902558,702466,UPI,Failed,2024-09-01 14:46:36,1515.67,0.0
902559,702467,Credit Card,Completed,2025-10-01 15:17:00,61795.34,1112.32
902560,702468,UPI,Completed,2023-11-03 19:01:58,10434.0,0.0
902561,702469,Debit Card,Completed,2024-10-16 21:42:35,44510.42,801.19
902562,702470,UPI,Completed,2025-12-04 14:44:15,96154.82,0.0
902563,702471,Cash on Delivery,Completed,2025-11-15 22:40:41,158404.74,0.0
902564,702472,Net Banking,Completed,2025-04-03 22:22:21,4536.72,0.0
902565,702473,Cash on Delivery,Completed,2025-08-07 17:08:28,162649.33,0.0
902566,702474,Credit Card,Completed,2023-10-07 19:14:21,926.36,16.67
902567,702475,Cash on Delivery,Completed,2025-05-15 19:18:29,182995.57,0.0
902568,702476,UPI,Completed,2025-01-18 22:24:26,880.04,0.0
902569,702477,UPI,Completed,2023-06-03 23:15:37,5966.91,0.0
902570,702478,Debit Card,Completed,2023-07-11 19:55:08,239141.86,4304.55
902571,702479,UPI,Failed,2023-07-03 19:03:53,185992.81,0.0
902572,702480,Credit Card,Completed,2025-05-18 13:59:41,132279.98,2381.04
902573,702481,UPI,Completed,2023-08-20 23:54:14,66640.6,0.0
902574,702482,UPI,Completed,2024-09-17 15:30:39,211096.37,0.0
902575,702483,UPI,Failed,2024-05-02 18:21:32,12033.68,0.0
902576,702484,Cash on Delivery,Refunded,2024-11-10 19:30:12,72484.09,0.0
902577,702485,UPI,Completed,2025-05-01 23:53:36,111242.38,0.0
902578,702486,Net Banking,Completed,2025-04-05 10:38:55,5884.42,0.0
902579,702487,UPI,Completed,2024-10-21 21:44:38,84027.4,0.0
902580,702488,Wallet,Completed,2024-09-13 17:38:15,1325.76,0.0
902581,702489,Cash on Delivery,Completed,2024-06-20 16:29:42,44552.83,0.0
902582,702490,UPI,Completed,2025-10-06 19:51:11,10953.27,0.0
902583,702491,Cash on Delivery,Completed,2024-03-25 17:43:11,114001.31,0.0
902584,702492,UPI,Completed,2023-12-22 16:59:45,37307.41,0.0
902585,702493,Cash on Delivery,Completed,2025-06-05 16:20:38,5055.86,0.0
902586,702494,Debit Card,Completed,2024-05-05 19:45:17,2202.59,39.65
902587,702495,UPI,Completed,2025-09-26 22:13:25,109696.02,0.0
902588,702496,UPI,Completed,2024-03-21 19:10:47,111190.14,0.0
902589,702497,Credit Card,Completed,2025-04-26 21:05:16,12499.08,224.98
902590,702498,Wallet,Completed,2023-03-20 19:59:45,82087.93,0.0
902591,702499,UPI,Completed,2024-06-03 22:09:10,14849.22,0.0
902592,702500,Cash on Delivery,Completed,2024-04-12 23:20:10,6445.4,0.0
902593,702501,Cash on Delivery,Completed,2025-08-22 20:54:40,7449.85,0.0
902594,702502,Debit Card,Completed,2025-12-05 18:58:28,92525.18,1665.45
902595,702503,Credit Card,Completed,2024-09-08 21:03:38,119880.45,2157.85
902596,702504,UPI,Completed,2025-09-01 17:13:02,11603.91,0.0
902597,702504,UPI,Failed,2025-09-01 17:10:02,11603.91,0.0
902598,702505,UPI,Completed,2025-04-23 21:42:27,106931.26,0.0
902599,702506,UPI,Failed,2025-12-06 23:32:46,43480.37,0.0
902600,702507,Net Banking,Completed,2025-08-16 14:28:56,12093.63,0.0
902601,702508,UPI,Pending,2023-05-14 23:26:07,67141.84,0.0
902602,702509,UPI,Completed,2025-05-07 19:29:41,120798.6,0.0
902603,702510,UPI,Completed,2024-11-02 23:26:40,14771.85,0.0
902604,702511,Debit Card,Completed,2023-01-28 12:52:24,6655.79,119.8
902605,702512,UPI,Completed,2023-12-12 23:42:26,6105.72,0.0
902606,702513,UPI,Completed,2025-11-03 17:04:21,72345.14,0.0
902607,702514,Debit Card,Completed,2025-11-05 17:21:07,6094.45,109.7
902608,702515,UPI,Completed,2025-08-07 17:48:04,85642.25,0.0
902609,702516,UPI,Completed,2025-12-20 17:53:31,257963.34,0.0
902610,702517,Credit Card,Completed,2025-08-13 22:45:52,2565.6,46.18
902611,702518,UPI,Completed,2023-01-20 23:20:50,11843.54,0.0
902612,702519,UPI,Completed,2024-01-25 23:40:58,6236.97,0.0
902613,702520,Credit Card,Completed,2023-02-21 22:20:09,8046.97,144.85
902614,702521,UPI,Completed,2023-06-08 22:17:33,431.41,0.0
902615,702522,Wallet,Completed,2023-11-05 21:11:56,462.16,0.0
902616,702523,UPI,Refunded,2024-10-15 18:30:58,77704.59,0.0
902617,702524,Debit Card,Completed,2025-09-27 18:12:29,4696.38,84.53
902618,702525,Debit Card,Completed,2025-10-06 23:02:17,6885.46,123.94
902619,702526,UPI,Completed,2025-01-16 13:19:13,96085.35,0.0
902620,702527,Cash on Delivery,Pending,2025-11-06 21:02:34,6698.19,0.0
902621,702528,Debit Card,Completed,2024-10-13 13:31:09,85681.0,1542.26
902622,702529,UPI,Completed,2025-10-18 13:01:39,12284.56,0.0
902623,702530,Cash on Delivery,Refunded,2024-08-30 18:19:57,2315.9,0.0
902624,702531,Wallet,Completed,2024-01-11 16:10:38,81114.31,0.0
902625,702532,Debit Card,Completed,2025-10-31 21:43:42,46116.26,830.09
902626,702533,Credit Card,Pending,2024-06-06 18:35:16,7924.72,142.64
902627,702534,Debit Card,Completed,2024-10-15 20:41:42,2991.11,53.84
902628,702535,Cash on Delivery,Completed,2024-03-22 17:03:58,59464.62,0.0
902629,702536,Wallet,Completed,2025-03-09 23:59:13,97161.27,0.0
902630,702537,Net Banking,Completed,2025-12-28 18:43:39,5476.63,0.0
902631,702538,Credit Card,Completed,2023-02-12 23:32:09,9984.5,179.72
902632,702539,Net Banking,Completed,2025-10-24 20:25:24,126621.87,0.0
902633,702540,UPI,Completed,2023-01-08 18:27:59,14102.12,0.0
902634,702541,UPI,Failed,2024-05-10 21:19:13,212092.45,0.0
902635,702542,UPI,Failed,2023-10-02 13:43:47,5578.92,0.0
902636,702542,UPI,Failed,2023-10-02 13:31:47,5578.92,0.0
902637,702543,Net Banking,Completed,2025-06-22 16:21:37,398888.54,0.0
902638,702544,Credit Card,Completed,2023-03-31 12:10:36,154192.88,2775.47
902639,702545,UPI,Completed,2024-11-11 19:36:48,2527.93,0.0
902640,702546,Credit Card,Completed,2024-01-31 16:09:20,10031.87,180.57
902641,702547,Net Banking,Completed,2023-08-11 18:15:40,528.07,0.0
902642,702548,Debit Card,Completed,2025-07-09 15:52:45,3551.46,63.93
902643,702549,UPI,Completed,2023-11-04 19:03:46,146255.05,0.0
902644,702550,UPI,Failed,2023-11-08 16:43:43,49027.92,0.0
902645,702551,Net Banking,Completed,2024-01-08 21:56:27,21506.84,0.0
902646,702551,Net Banking,Failed,2024-01-08 21:51:27,21506.84,0.0
902647,702552,UPI,Completed,2024-12-19 14:59:19,9289.59,0.0
902648,702553,Debit Card,Refunded,2025-03-05 23:34:03,57417.1,1033.51
902649,702554,Cash on Delivery,Completed,2023-01-29 23:32:52,102018.3,0.0
902650,702555,Credit Card,Completed,2023-11-27 21:47:47,2948.7,53.08
902651,702556,UPI,Completed,2024-08-05 20:39:10,95441.18,0.0
902652,702557,Net Banking,Completed,2024-03-27 22:16:56,7372.58,0.0
902653,702558,Credit Card,Completed,2025-10-16 17:50:48,8432.61,151.79
902654,702559,Wallet,Completed,2025-07-27 17:27:39,4673.12,0.0
902655,702560,Net Banking,Completed,2025-01-25 16:42:19,2275.14,0.0
902656,702561,Credit Card,Completed,2024-04-05 23:34:14,5624.93,101.25
902657,702562,Debit Card,Completed,2025-04-24 18:34:01,465.61,8.38
902658,702563,UPI,Completed,2025-09-22 21:26:37,9540.09,0.0
902659,702564,UPI,Completed,2024-12-25 23:50:58,1389.54,0.0
902660,702565,Net Banking,Refunded,2025-07-24 23:50:15,182774.36,0.0
902661,702565,Net Banking,Failed,2025-07-24 23:43:15,182774.36,0.0
902662,702566,UPI,Completed,2025-06-12 18:10:59,23020.81,0.0
902663,702567,UPI,Completed,2024-11-30 22:32:48,926.36,0.0
902664,702567,UPI,Failed,2024-11-30 22:26:48,926.36,0.0
902665,702568,Debit Card,Completed,2024-02-26 20:15:37,926.36,16.67
902666,702569,UPI,Completed,2025-06-08 12:59:12,52253.31,0.0
902667,702570,Cash on Delivery,Completed,2023-10-28 18:48:43,129742.51,0.0
902668,702571,Debit Card,Completed,2025-07-18 12:18:49,1389.54,25.01
902669,702572,Debit Card,Failed,2025-08-11 22:10:31,140643.6,2531.58
902670,702573,Credit Card,Completed,2025-08-29 20:38:58,6096.06,109.73
902671,702573,Credit Card,Failed,2025-08-29 20:33:58,6096.06,0.0
902672,702574,Wallet,Failed,2024-09-24 18:11:39,3155.18,0.0
902673,702575,UPI,Completed,2023-10-18 21:15:06,9763.96,0.0
902674,702576,Net Banking,Completed,2023-06-17 11:57:36,7788.05,0.0
902675,702576,Net Banking,Failed,2023-06-17 11:52:36,7788.05,0.0
902676,702577,Cash on Delivery,Completed,2025-06-05 22:41:37,5474.33,0.0
902677,702578,Cash on Delivery,Pending,2025-10-17 18:24:55,105857.04,0.0
902678,702579,UPI,Completed,2025-02-22 20:56:13,48515.71,0.0
902679,702580,Net Banking,Completed,2023-08-25 15:33:15,2640.13,0.0
902680,702581,Credit Card,Failed,2025-11-09 20:32:58,10501.93,189.03
902681,702582,UPI,Completed,2025-12-25 13:20:18,13079.67,0.0
902682,702583,UPI,Failed,2024-08-07 19:07:29,513.92,0.0
902683,702584,UPI,Completed,2024-12-25 15:08:30,54125.43,0.0
902684,702585,Credit Card,Completed,2025-07-15 17:02:54,1857.3,33.43
902685,702586,UPI,Completed,2025-05-29 14:42:46,3134.25,0.0
902686,702587,Cash on Delivery,Completed,2025-12-06 18:59:46,203269.81,0.0
902687,702588,UPI,Completed,2023-07-14 10:45:36,4737.5,0.0
902688,702589,Cash on Delivery,Completed,2024-12-11 23:07:24,8459.23,0.0
902689,702590,Debit Card,Completed,2025-04-13 22:55:38,202713.99,3648.85
902690,702591,UPI,Completed,2025-10-19 19:34:14,129403.55,0.0
902691,702592,Cash on Delivery,Pending,2025-10-11 22:11:45,2219.4,0.0
902692,702593,Net Banking,Completed,2025-12-17 23:23:09,10415.38,0.0
902693,702594,UPI,Completed,2024-10-20 22:07:06,515.55,0.0
902694,702595,UPI,Completed,2025-09-07 13:33:57,5055.86,0.0
902695,702596,Debit Card,Completed,2024-08-01 14:43:01,5837.15,105.07
902696,702597,Cash on Delivery,Pending,2024-07-25 17:28:32,65174.0,0.0
902697,702598,UPI,Completed,2023-12-15 19:27:59,531.91,0.0
902698,702599,Debit Card,Completed,2025-08-24 19:08:38,259472.17,4670.5
902699,702600,UPI,Refunded,2025-12-23 18:12:32,1389.54,0.0
902700,702601,Debit Card,Completed,2023-12-19 23:27:28,70858.56,1275.45
902701,702602,Credit Card,Completed,2023-04-10 23:02:39,5158.49,92.85
902702,702603,Debit Card,Completed,2025-08-21 21:51:59,4638.7,83.5
902703,702604,Debit Card,Completed,2025-01-21 19:18:43,25362.07,456.52
902704,702605,UPI,Completed,2025-11-27 17:38:33,87578.84,0.0
902705,702606,Debit Card,Completed,2023-12-13 19:21:01,47642.95,857.57
902706,702607,UPI,Failed,2023-05-05 17:33:16,58449.89,0.0
902707,702608,Cash on Delivery,Completed,2024-10-09 15:26:59,79735.03,0.0
902708,702609,UPI,Failed,2023-05-25 21:14:50,1940.84,0.0
902709,702610,UPI,Completed,2023-12-24 17:39:31,100620.75,0.0
902710,702611,UPI,Completed,2023-08-02 13:46:14,1320.06,0.0
902711,702612,Cash on Delivery,Completed,2023-11-08 23:42:18,5476.63,0.0
902712,702613,UPI,Failed,2023-06-29 23:32:14,5976.09,0.0
902713,702614,UPI,Completed,2025-11-21 14:05:31,55444.72,0.0
902714,702615,Debit Card,Completed,2024-01-13 23:38:28,12448.68,224.08
902715,702616,Credit Card,Completed,2024-08-16 23:11:36,10105.59,181.9
902716,702617,UPI,Completed,2025-10-23 12:58:15,2762.69,0.0
902717,702618,UPI,Completed,2025-03-27 21:48:10,6145.41,0.0
902718,702619,Wallet,Completed,2025-01-18 23:27:57,154521.29,0.0
902719,702620,Cash on Delivery,Pending,2025-04-30 23:04:56,2315.9,0.0
902720,702621,Debit Card,Refunded,2025-09-05 18:23:01,41918.64,754.54
902721,702622,UPI,Completed,2025-10-13 13:04:04,45694.13,0.0
902722,702623,Cash on Delivery,Completed,2025-02-11 14:54:30,2527.93,0.0
902723,702624,Cash on Delivery,Completed,2025-10-19 20:29:03,1667.45,0.0
902724,702625,Net Banking,Completed,2024-11-02 15:22:51,39960.15,0.0
902725,702626,UPI,Failed,2024-01-11 13:35:25,9736.41,0.0
902726,702627,UPI,Completed,2025-10-14 14:57:50,119363.4,0.0
902727,702628,Cash on Delivery,Completed,2024-11-05 16:42:38,37044.85,0.0
902728,702629,Cash on Delivery,Completed,2025-10-26 13:19:34,266705.38,0.0
902729,702630,UPI,Completed,2023-03-11 23:34:42,4875.74,0.0
902730,702631,Net Banking,Refunded,2024-06-20 16:07:06,10675.51,0.0
902731,702632,UPI,Completed,2025-11-15 23:26:31,2789.03,0.0
902732,702633,Cash on Delivery,Completed,2023-12-09 18:04:37,4829.34,0.0
902733,702634,UPI,Completed,2025-11-12 15:36:25,1968.52,0.0
902734,702634,UPI,Failed,2025-11-12 15:30:25,1968.52,0.0
902735,702635,Debit Card,Completed,2025-11-21 17:50:06,7112.06,128.02
902736,702636,Net Banking,Pending,2025-10-15 14:59:57,926.36,0.0
902737,702637,Credit Card,Completed,2024-11-19 19:51:02,5982.22,107.68
902738,702638,Credit Card,Completed,2025-02-17 22:35:00,158949.37,2861.09
902739,702639,UPI,Completed,2025-10-09 23:14:19,42441.76,0.0
902740,702640,Debit Card,Completed,2025-07-13 20:29:42,3882.56,69.89
902741,702641,Net Banking,Completed,2025-01-28 19:09:03,50840.61,0.0
902742,702642,Credit Card,Completed,2025-12-21 19:41:44,4292.92,77.27
902743,702643,UPI,Completed,2025-04-06 22:35:30,560398.36,0.0
902744,702644,UPI,Completed,2025-12-14 15:11:29,41295.16,0.0
902745,702645,UPI,Refunded,2023-04-12 19:12:13,527.21,0.0
902746,702646,Credit Card,Completed,2023-08-16 22:10:44,25725.43,463.06
902747,702647,UPI,Completed,2024-08-26 12:15:36,4102.74,0.0
902748,702648,UPI,Refunded,2024-06-02 18:45:38,41714.76,0.0
902749,702649,Debit Card,Completed,2025-07-21 19:34:18,229567.05,4132.21
902750,702650,Credit Card,Completed,2023-09-21 16:37:35,2404.02,43.27
902751,702651,Credit Card,Failed,2025-12-15 13:50:43,20960.74,377.29
902752,702652,Wallet,Completed,2024-03-02 23:04:35,3062.55,0.0
902753,702653,Credit Card,Completed,2024-08-03 20:10:50,6936.68,124.86
902754,702654,Wallet,Completed,2024-01-07 20:55:14,59701.28,0.0
902755,702655,UPI,Failed,2024-12-09 18:24:40,495.01,0.0
902756,702656,Cash on Delivery,Completed,2023-04-14 16:15:17,5077.46,0.0
902757,702657,Credit Card,Completed,2023-09-03 21:44:56,741.09,13.34
902758,702658,UPI,Completed,2025-06-08 21:12:16,218552.16,0.0
902759,702659,UPI,Completed,2023-10-14 14:13:25,3689.79,0.0
902760,702660,UPI,Completed,2023-11-17 23:26:11,5548.07,0.0
902761,702661,Cash on Delivery,Completed,2025-08-02 20:18:17,4507.87,0.0
902762,702662,Cash on Delivery,Completed,2023-06-06 23:51:45,124465.52,0.0
902763,702663,UPI,Failed,2024-08-10 16:56:41,7383.04,0.0
902764,702664,UPI,Completed,2023-02-07 23:59:09,6445.4,0.0
902765,702665,Credit Card,Completed,2024-04-17 20:16:56,129542.0,2331.76
902766,702666,Debit Card,Refunded,2025-04-22 19:21:30,9085.38,163.54
902767,702667,UPI,Refunded,2023-06-01 14:40:35,15651.49,0.0
902768,702668,Cash on Delivery,Completed,2025-10-18 21:40:49,20198.01,0.0
902769,702669,Debit Card,Completed,2025-10-28 13:32:07,2306.33,41.51
902770,702670,Debit Card,Completed,2023-06-27 21:07:58,3708.98,66.76
902771,702671,UPI,Completed,2025-12-26 22:39:11,41200.51,0.0
902772,702672,Debit Card,Completed,2024-02-04 21:37:38,155393.68,2797.09
902773,702673,Net Banking,Failed,2023-05-23 18:28:46,4033.29,0.0
902774,702674,Net Banking,Completed,2023-01-10 23:39:39,10545.36,0.0
902775,702675,Debit Card,Completed,2024-07-06 20:41:36,101588.59,1828.59
902776,702676,Wallet,Completed,2025-01-28 20:03:29,2833.18,0.0
902777,702677,UPI,Completed,2024-03-27 20:41:04,80845.1,0.0
902778,702678,UPI,Completed,2025-09-14 20:56:36,4478.48,0.0
902779,702679,UPI,Completed,2025-05-10 13:03:21,1389.54,0.0
902780,702680,Wallet,Completed,2024-04-22 19:16:20,148585.65,0.0
902781,702680,Wallet,Failed,2024-04-22 18:58:20,148585.65,0.0
902782,702681,Cash on Delivery,Completed,2025-05-27 22:05:08,202092.0,0.0
902783,702682,Cash on Delivery,Refunded,2025-11-11 13:19:57,42840.5,0.0
902784,702683,UPI,Completed,2023-06-06 23:34:40,1181.11,0.0
902785,702684,Net Banking,Completed,2024-02-17 23:47:03,8873.35,0.0
902786,702685,Debit Card,Completed,2024-09-11 23:00:27,3733.18,67.2
902787,702686,Cash on Delivery,Completed,2024-10-12 16:07:46,6445.4,0.0
902788,702687,UPI,Completed,2024-11-05 12:55:38,164786.45,0.0
902789,702688,UPI,Refunded,2024-02-09 20:19:38,73575.31,0.0
902790,702689,Debit Card,Failed,2025-03-14 20:54:50,204276.74,3676.98
902791,702690,Cash on Delivery,Pending,2025-02-15 14:44:40,114823.63,0.0
902792,702691,Debit Card,Completed,2024-12-08 22:00:27,3319.44,59.75
902793,702692,Debit Card,Completed,2023-07-12 20:05:22,7395.92,133.13
902794,702693,Credit Card,Completed,2024-09-29 16:10:20,81080.96,1459.46
902795,702694,UPI,Completed,2024-05-01 18:05:26,359809.0,0.0
902796,702695,Wallet,Completed,2024-10-08 17:03:11,1970.29,0.0
902797,702696,UPI,Completed,2025-11-03 19:39:34,462.16,0.0
902798,702697,Cash on Delivery,Completed,2024-10-02 18:14:40,7835.12,0.0
902799,702698,UPI,Completed,2023-01-25 15:11:03,442.26,0.0
902800,702699,UPI,Completed,2024-08-11 15:39:35,6053.66,0.0
902801,702699,UPI,Failed,2024-08-11 15:23:35,6053.66,0.0
902802,702700,Cash on Delivery,Completed,2025-08-27 23:39:25,5223.84,0.0
902803,702701,Cash on Delivery,Completed,2025-07-19 16:52:40,55942.87,0.0
902804,702702,Cash on Delivery,Failed,2024-10-20 20:16:10,413626.83,0.0
902805,702703,Wallet,Completed,2023-12-09 23:41:04,178909.49,0.0
902806,702704,UPI,Completed,2024-09-14 23:08:16,17703.98,0.0
902807,702705,Credit Card,Completed,2024-11-19 15:53:31,648.45,11.67
902808,702706,Debit Card,Completed,2025-12-31 14:58:27,8109.31,145.97
902809,702707,UPI,Completed,2025-02-13 20:23:10,219951.59,0.0
902810,702708,UPI,Completed,2025-04-16 23:47:38,181694.8,0.0
902811,702709,Credit Card,Completed,2024-10-08 19:42:30,10212.27,183.82
902812,702710,Debit Card,Completed,2024-04-29 21:31:44,5456.29,98.21
902813,702711,Credit Card,Completed,2025-08-18 13:01:21,6053.66,108.97
902814,702712,UPI,Completed,2024-10-10 20:42:52,154753.35,0.0
902815,702713,UPI,Completed,2025-12-28 23:13:24,1852.72,0.0
902816,702714,Credit Card,Completed,2024-09-03 14:46:40,82428.04,1483.7
902817,702715,Debit Card,Completed,2023-05-01 19:38:17,9315.63,167.68
902818,702715,Debit Card,Failed,2023-05-01 19:28:17,9315.63,0.0
902819,702716,UPI,Completed,2025-04-02 15:52:54,145957.58,0.0
902820,702717,Net Banking,Completed,2023-03-23 12:21:51,529.28,0.0
902821,702718,Cash on Delivery,Failed,2023-12-10 15:49:35,787.41,0.0
902822,702719,UPI,Completed,2024-04-28 17:24:27,52548.96,0.0
902823,702720,Cash on Delivery,Completed,2025-05-31 15:22:19,134955.01,0.0
902824,702721,Cash on Delivery,Completed,2024-10-10 17:25:01,15559.91,0.0
902825,702722,Wallet,Completed,2023-02-18 16:05:51,1389.54,0.0
902826,702723,UPI,Completed,2025-01-17 15:18:08,3454.29,0.0
902827,702724,UPI,Completed,2024-07-09 16:19:53,5131.2,0.0
902828,702725,UPI,Completed,2025-11-03 17:56:50,13726.45,0.0
902829,702726,Credit Card,Completed,2024-10-13 18:18:03,79920.3,1438.57
902830,702727,Cash on Delivery,Completed,2025-05-03 16:40:14,282420.32,0.0
902831,702728,Credit Card,Completed,2023-11-05 22:15:21,1564.54,28.16
902832,702729,UPI,Completed,2025-06-26 23:30:49,40607.9,0.0
902833,702730,UPI,Failed,2025-05-14 21:21:02,79457.12,0.0
902834,702731,Debit Card,Completed,2025-10-25 18:43:59,8764.9,157.77
902835,702732,UPI,Completed,2023-02-27 19:57:14,880.04,0.0
902836,702733,UPI,Refunded,2024-08-21 18:51:47,2187.26,0.0
902837,702734,UPI,Completed,2025-03-29 13:21:04,500.71,0.0
902838,702735,UPI,Completed,2023-06-10 18:35:53,5889.58,0.0
902839,702736,UPI,Pending,2024-07-08 19:54:40,6183.03,0.0
902840,702737,Cash on Delivery,Completed,2025-11-12 14:20:49,24463.79,0.0
902841,702738,Cash on Delivery,Completed,2024-08-09 21:54:30,84933.58,0.0
902842,702739,Credit Card,Failed,2025-12-23 13:58:11,144104.86,2593.89
902843,702740,UPI,Failed,2023-04-11 16:54:27,5055.86,0.0
902844,702741,Wallet,Refunded,2025-05-11 20:39:25,2221.55,0.0
902845,702742,UPI,Completed,2024-12-12 23:59:36,10650.86,0.0
902846,702743,Debit Card,Completed,2024-10-13 18:14:42,4550.27,81.9
902847,702743,Debit Card,Failed,2024-10-13 18:12:42,4550.27,0.0
902848,702744,Debit Card,Completed,2025-12-09 21:03:35,483.84,8.71
902849,702745,Wallet,Completed,2023-08-06 22:08:18,3239.12,0.0
902850,702746,Debit Card,Completed,2025-10-22 23:30:56,2122.9,38.21
902851,702747,Credit Card,Failed,2025-04-13 16:21:04,13062.12,235.12
902852,702748,Cash on Delivery,Completed,2023-12-22 22:30:24,108338.73,0.0
902853,702749,Credit Card,Completed,2025-10-24 16:39:18,8004.56,144.08
902854,702750,UPI,Completed,2024-08-03 15:27:47,147561.39,0.0
902855,702751,UPI,Completed,2025-08-19 14:22:09,103215.56,0.0
902856,702752,Debit Card,Completed,2024-06-08 15:16:56,1667.45,30.01
902857,702753,Cash on Delivery,Completed,2025-09-30 14:31:33,4288.11,0.0
902858,702754,UPI,Completed,2025-02-04 18:09:33,2527.93,0.0
902859,702755,Debit Card,Completed,2023-08-19 23:38:57,3804.98,68.49
902860,702756,Cash on Delivery,Completed,2025-02-20 23:02:18,119678.48,0.0
902861,702757,Cash on Delivery,Failed,2023-10-17 11:39:04,3223.2,0.0
902862,702758,UPI,Completed,2024-07-10 21:56:51,88174.75,0.0
902863,702759,Credit Card,Completed,2023-10-03 22:53:47,5219.93,93.96
902864,702760,UPI,Completed,2023-02-05 20:18:18,8113.67,0.0
902865,702761,Debit Card,Completed,2023-10-31 19:26:41,9520.5,171.37
902866,702762,UPI,Completed,2024-11-02 22:01:40,8744.58,0.0
902867,702763,Cash on Delivery,Completed,2024-10-03 15:30:58,3407.97,0.0
902868,702764,Debit Card,Refunded,2024-10-14 21:46:10,1436.83,25.86
902869,702765,Cash on Delivery,Completed,2023-12-06 23:26:31,3454.29,0.0
902870,702766,Net Banking,Completed,2025-04-05 14:29:50,4422.97,0.0
902871,702767,Credit Card,Completed,2025-04-28 21:21:48,83189.32,1497.41
902872,702768,Cash on Delivery,Completed,2024-05-03 19:19:21,166104.18,0.0
902873,702769,Cash on Delivery,Completed,2025-10-15 16:13:16,64057.73,0.0
902874,702770,Wallet,Completed,2025-02-13 20:21:51,13989.75,0.0
902875,702771,Credit Card,Completed,2025-05-07 20:46:07,128141.85,2306.55
902876,702772,Cash on Delivery,Completed,2024-01-11 20:39:13,5982.22,0.0
902877,702773,Debit Card,Completed,2023-01-02 23:13:15,157987.88,2843.78
902878,702774,Cash on Delivery,Refunded,2025-10-07 23:08:12,499699.75,0.0
902879,702775,Cash on Delivery,Completed,2025-08-29 17:56:05,17801.56,0.0
902880,702776,Net Banking,Completed,2023-07-28 22:47:04,5935.9,0.0
902881,702777,Wallet,Completed,2024-05-21 19:21:47,4798.08,0.0
902882,702778,UPI,Completed,2025-03-07 20:16:01,5519.04,0.0
902883,702779,UPI,Completed,2025-02-23 15:00:24,160474.22,0.0
902884,702780,UPI,Completed,2025-10-05 16:40:07,46658.19,0.0
902885,702781,UPI,Completed,2023-08-18 18:27:10,143854.18,0.0
902886,702782,Credit Card,Completed,2024-08-04 15:26:18,246957.91,4445.24
902887,702783,UPI,Completed,2023-06-13 23:16:42,161691.86,0.0
902888,702784,UPI,Completed,2024-06-09 22:57:37,134169.66,0.0
902889,702785,UPI,Failed,2023-01-26 23:18:03,5982.22,0.0
902890,702786,Debit Card,Completed,2025-10-23 14:58:10,5843.27,105.18
902891,702786,Debit Card,Failed,2025-10-23 14:49:10,5843.27,0.0
902892,702787,Credit Card,Completed,2024-10-28 20:47:51,926.36,16.67
902893,702788,Wallet,Failed,2025-09-29 13:29:49,6375.92,0.0
902894,702789,UPI,Completed,2023-04-17 21:34:16,259709.32,0.0
902895,702790,Credit Card,Completed,2023-11-11 19:57:05,926.36,16.67
902896,702791,UPI,Completed,2023-12-22 22:37:19,2586.08,0.0
902897,702792,Debit Card,Completed,2024-06-05 19:43:46,453.95,8.17
902898,702793,Credit Card,Completed,2025-08-10 16:37:17,6445.4,116.02
902899,702794,UPI,Completed,2024-06-04 14:18:19,9715.72,0.0
902900,702795,Net Banking,Completed,2023-10-26 13:15:52,215420.49,0.0
902901,702796,Debit Card,Completed,2023-04-26 23:23:10,4712.64,84.83
902902,702797,Debit Card,Completed,2023-05-17 20:56:54,164377.29,2958.79
902903,702798,UPI,Completed,2025-06-25 18:21:16,2763.43,0.0
902904,702799,UPI,Completed,2024-08-17 19:32:37,100963.75,0.0
902905,702800,UPI,Completed,2025-05-19 16:22:48,107904.58,0.0
902906,702801,UPI,Completed,2025-04-02 23:24:28,14509.42,0.0
902907,702802,Debit Card,Completed,2023-08-12 21:48:14,15951.56,287.13
902908,702803,Cash on Delivery,Failed,2023-08-22 22:21:57,880.04,0.0
902909,702804,Wallet,Completed,2025-06-19 14:58:32,283808.45,0.0
902910,702805,Cash on Delivery,Pending,2025-05-15 20:42:04,2418.48,0.0
902911,702806,Credit Card,Completed,2024-05-25 20:45:02,2871.9,51.69
902912,702807,Cash on Delivery,Pending,2023-05-14 16:27:02,5982.22,0.0
902913,702808,Debit Card,Completed,2023-01-22 13:06:14,7068.67,127.24
902914,702809,UPI,Completed,2024-01-25 23:39:08,7583.79,0.0
902915,702810,Debit Card,Failed,2023-01-19 16:30:20,108689.76,1956.42
902916,702811,UPI,Completed,2023-11-12 19:11:45,76367.24,0.0
902917,702812,Credit Card,Completed,2024-07-21 19:12:55,53830.39,968.95
902918,702813,Debit Card,Failed,2023-07-25 11:31:43,6005.18,108.09
902919,702814,UPI,Refunded,2023-06-25 22:22:43,116658.71,0.0
902920,702815,Wallet,Completed,2025-10-22 13:33:59,68755.41,0.0
902921,702816,Cash on Delivery,Completed,2024-12-17 23:29:07,364277.16,0.0
902922,702817,Debit Card,Completed,2025-11-09 19:26:43,93285.51,1679.14
902923,702818,Net Banking,Completed,2024-04-16 23:35:37,5939.81,0.0
902924,702819,Cash on Delivery,Completed,2025-03-26 18:26:59,3075.1,0.0
902925,702820,Credit Card,Completed,2023-10-26 23:26:40,6235.01,112.23
902926,702821,Credit Card,Completed,2025-01-19 12:20:07,73415.27,1321.47
902927,702822,Credit Card,Completed,2023-08-06 22:14:13,2956.99,53.23
902928,702823,UPI,Refunded,2023-01-05 16:11:08,200579.34,0.0
902929,702824,UPI,Completed,2025-11-07 18:32:09,175333.2,0.0
902930,702825,Debit Card,Completed,2024-11-12 19:37:08,7415.65,133.48
902931,702826,UPI,Completed,2025-11-05 22:27:57,4380.74,0.0
902932,702827,Credit Card,Completed,2024-03-30 19:19:35,14168.73,255.04
902933,702828,UPI,Completed,2024-03-20 19:33:30,6446.22,0.0
902934,702829,UPI,Failed,2024-06-24 15:38:26,5013.45,0.0
902935,702830,Net Banking,Completed,2025-05-01 17:14:03,112160.86,0.0
902936,702831,Cash on Delivery,Completed,2024-11-22 12:16:45,11118.11,0.0
902937,702832,Net Banking,Completed,2025-11-04 21:56:53,80175.05,0.0
902938,702833,UPI,Pending,2023-02-11 16:36:46,11448.89,0.0
902939,702834,UPI,Completed,2025-05-03 20:00:07,18985.17,0.0
902940,702835,Cash on Delivery,Pending,2024-03-24 10:58:45,3847.99,0.0
902941,702836,Credit Card,Completed,2023-10-10 19:24:13,326384.35,5874.92
902942,702837,Credit Card,Completed,2024-10-19 19:52:32,87272.58,1570.91
902943,702838,UPI,Refunded,2024-10-16 22:41:01,7057.14,0.0
902944,702839,Cash on Delivery,Completed,2023-08-14 07:51:24,3844.67,0.0
902945,702840,Credit Card,Failed,2023-10-25 18:09:11,749.35,13.49
902946,702841,Cash on Delivery,Completed,2024-07-05 16:26:30,926.36,0.0
902947,702842,Debit Card,Completed,2024-07-06 22:22:31,175921.38,3166.58
902948,702843,UPI,Completed,2024-03-05 18:18:10,3540.8,0.0
902949,702844,Net Banking,Completed,2023-09-01 14:00:51,1389.54,0.0
902950,702845,Credit Card,Completed,2023-01-09 21:45:02,8914.93,160.47
902951,702846,Net Banking,Completed,2025-12-08 17:13:01,24917.26,0.0
902952,702847,Credit Card,Completed,2025-11-13 23:33:11,2462.36,44.32
902953,702848,Wallet,Completed,2024-10-04 22:24:13,120488.01,0.0
902954,702849,UPI,Failed,2025-12-28 18:50:21,20734.21,0.0
902955,702850,Credit Card,Failed,2025-03-22 13:44:48,201972.9,3635.51
902956,702851,Wallet,Completed,2023-05-02 16:34:00,73422.78,0.0
902957,702852,UPI,Refunded,2023-07-19 16:46:37,303513.19,0.0
902958,702853,Debit Card,Completed,2025-10-31 17:08:42,28496.97,512.95
902959,702854,Net Banking,Completed,2025-01-28 20:41:42,5731.35,0.0
902960,702855,UPI,Completed,2025-09-22 19:59:10,16756.3,0.0
902961,702856,Cash on Delivery,Completed,2025-10-23 20:50:38,76396.09,0.0
902962,702857,UPI,Pending,2024-08-21 22:13:40,77674.67,0.0
902963,702858,Debit Card,Failed,2023-03-27 20:25:41,14537.77,261.68
902964,702859,UPI,Completed,2023-10-15 17:04:41,157987.88,0.0
902965,702860,Credit Card,Completed,2023-04-29 14:20:37,186756.11,3361.61
902966,702860,Credit Card,Failed,2023-04-29 14:12:37,186756.11,0.0
902967,702861,UPI,Completed,2023-10-16 19:43:31,37383.45,0.0
902968,702862,UPI,Completed,2024-07-08 19:42:38,5430.31,0.0
902969,702862,UPI,Failed,2024-07-08 19:33:38,5430.31,0.0
902970,702863,Cash on Delivery,Completed,2023-07-19 15:31:23,12490.94,0.0
902971,702864,Wallet,Completed,2023-10-01 15:44:12,525.19,0.0
902972,702865,Debit Card,Failed,2024-08-18 17:21:08,5472.72,98.51
902973,702866,Credit Card,Pending,2024-04-08 15:28:53,54054.65,972.98
902974,702867,UPI,Completed,2024-09-17 11:52:51,5152.48,0.0
902975,702868,Debit Card,Completed,2024-08-03 19:29:35,13092.17,235.66
902976,702869,Wallet,Completed,2025-02-14 18:44:54,105728.55,0.0
902977,702870,Debit Card,Completed,2025-11-10 23:54:39,5996.04,107.93
902978,702871,UPI,Completed,2023-07-02 12:32:22,129447.86,0.0
902979,702872,UPI,Completed,2023-06-17 19:32:15,1282.36,0.0
902980,702873,Debit Card,Completed,2025-10-01 19:00:58,7052.97,126.95
902981,702874,Credit Card,Completed,2024-10-17 20:29:28,788.46,14.19
902982,702875,UPI,Completed,2025-07-02 19:15:25,203374.43,0.0
902983,702876,UPI,Completed,2023-11-03 16:26:53,2527.93,0.0
902984,702877,UPI,Completed,2025-09-05 16:10:08,21296.96,0.0
902985,702878,UPI,Completed,2025-11-04 19:20:42,84723.37,0.0
902986,702879,Cash on Delivery,Completed,2025-02-02 18:52:01,2813.29,0.0
902987,702880,UPI,Completed,2023-06-28 15:35:54,1667.45,0.0
902988,702881,Credit Card,Completed,2025-10-21 22:42:54,5337.68,96.08
902989,702882,UPI,Completed,2025-08-02 14:30:53,9080.81,0.0
902990,702883,Cash on Delivery,Completed,2025-06-14 22:56:15,69199.46,0.0
902991,702884,UPI,Completed,2023-03-05 19:27:21,9335.0,0.0
902992,702885,Credit Card,Completed,2025-08-07 19:56:58,163869.21,2949.65
902993,702886,UPI,Refunded,2023-08-15 15:05:44,133145.49,0.0
902994,702887,Credit Card,Completed,2023-11-07 11:47:28,150699.24,2712.59
902995,702888,UPI,Completed,2024-12-07 23:36:44,9926.28,0.0
902996,702889,UPI,Completed,2023-12-27 17:48:12,6306.45,0.0
902997,702890,UPI,Completed,2025-03-07 14:37:49,496.53,0.0
902998,702890,UPI,Failed,2025-03-07 14:23:49,496.53,0.0
902999,702891,UPI,Completed,2025-01-06 20:06:35,8761.06,0.0
903000,702892,Wallet,Completed,2023-07-02 16:45:33,5430.31,0.0
903001,702893,Wallet,Completed,2025-02-28 17:28:08,87484.09,0.0
903002,702893,Wallet,Failed,2025-02-28 17:19:08,87484.09,0.0
903003,702894,UPI,Completed,2025-11-04 23:59:40,48388.31,0.0
903004,702895,UPI,Completed,2023-09-22 13:04:10,4878.41,0.0
903005,702896,UPI,Completed,2024-12-27 23:27:25,3393.22,0.0
903006,702897,UPI,Pending,2024-04-10 17:10:01,9011.82,0.0
903007,702898,Debit Card,Completed,2024-09-06 23:49:16,15581.2,280.46
903008,702899,Debit Card,Completed,2024-01-24 22:23:26,11418994.0,205541.89
903009,702900,Debit Card,Completed,2024-04-28 18:37:40,1111.63,20.01
903010,702901,Credit Card,Completed,2023-02-18 09:20:31,6815.81,122.68
903011,702902,UPI,Completed,2025-12-20 23:37:26,207592.71,0.0
903012,702903,UPI,Completed,2025-01-24 14:25:52,1389.54,0.0
903013,702904,UPI,Completed,2024-10-13 12:25:16,211901.9,0.0
903014,702905,Wallet,Completed,2024-05-31 12:21:17,110462.47,0.0
903015,702906,Credit Card,Completed,2024-11-04 12:31:47,9540.9,171.74
903016,702907,UPI,Completed,2024-05-27 14:22:33,5636.79,0.0
903017,702908,Credit Card,Completed,2024-05-05 10:54:10,160454.55,2888.18
903018,702909,UPI,Completed,2024-09-12 16:37:51,108414.0,0.0
903019,702910,Cash on Delivery,Completed,2024-01-09 17:08:20,81567.3,0.0
903020,702911,UPI,Completed,2023-10-10 20:49:32,2991.11,0.0
903021,702912,UPI,Completed,2024-11-13 21:33:03,7162.56,0.0
903022,702913,UPI,Failed,2025-09-21 21:18:24,533.78,0.0
903023,702914,Debit Card,Completed,2023-09-08 17:46:00,26453.97,476.17
903024,702915,Debit Card,Completed,2023-02-25 19:42:03,107105.0,1927.89
903025,702916,Debit Card,Completed,2023-12-04 23:20:16,6879.93,123.84
903026,702917,Net Banking,Refunded,2025-12-19 22:14:40,200892.62,0.0
903027,702918,Debit Card,Completed,2025-09-05 20:54:25,63049.0,1134.88
903028,702919,Debit Card,Completed,2024-12-26 14:02:35,239692.58,4314.47
903029,702920,Wallet,Completed,2025-11-06 19:36:33,108798.03,0.0
903030,702921,UPI,Completed,2024-08-18 23:04:33,140253.29,0.0
903031,702922,Credit Card,Completed,2025-12-21 22:00:22,2681.58,48.27
903032,702923,Credit Card,Completed,2024-02-02 21:40:16,5476.63,98.58
903033,702924,UPI,Completed,2023-11-24 20:05:57,51790.13,0.0
903034,702925,UPI,Completed,2025-02-06 23:22:38,535.17,0.0
903035,702926,Debit Card,Failed,2024-05-25 16:42:36,5982.22,107.68
903036,702927,Cash on Delivery,Completed,2025-01-25 21:36:28,4140.12,0.0
903037,702928,UPI,Completed,2024-02-15 23:52:37,10037.37,0.0
903038,702929,UPI,Completed,2025-01-18 16:49:08,833.72,0.0
903039,702930,Net Banking,Completed,2024-01-09 21:43:26,1760.08,0.0
903040,702931,UPI,Completed,2023-03-31 18:40:24,132438.97,0.0
903041,702932,Net Banking,Completed,2025-10-29 19:20:57,3709.04,0.0
903042,702933,Credit Card,Completed,2025-10-16 19:53:19,9431.99,169.78
903043,702934,Wallet,Failed,2025-12-09 16:52:30,93534.43,0.0
903044,702935,UPI,Refunded,2025-05-10 15:18:42,89307.49,0.0
903045,702936,UPI,Refunded,2025-04-02 18:12:26,500.23,0.0
903046,702937,Net Banking,Completed,2024-11-14 13:40:39,8417.51,0.0
903047,702938,Debit Card,Failed,2023-08-02 23:48:24,3060.91,55.1
903048,702939,Net Banking,Completed,2023-10-16 13:30:07,252466.13,0.0
903049,702940,Credit Card,Completed,2024-01-26 23:35:20,41738.14,751.29
903050,702941,Wallet,Completed,2025-10-19 20:06:04,13635.81,0.0
903051,702942,UPI,Failed,2023-10-05 18:28:53,40310.37,0.0
903052,702943,Debit Card,Completed,2025-11-03 18:04:37,5495.88,98.93
903053,702944,Debit Card,Completed,2024-10-26 21:52:42,8053.88,144.97
903054,702945,Credit Card,Completed,2025-05-09 18:02:55,6723.31,121.02
903055,702946,Cash on Delivery,Completed,2023-07-06 17:28:20,277738.28,0.0
903056,702947,UPI,Completed,2023-12-30 17:22:32,3381.49,0.0
903057,702948,UPI,Completed,2025-11-26 20:43:53,92439.21,0.0
903058,702948,UPI,Failed,2025-11-26 20:27:53,92439.21,0.0
903059,702949,UPI,Completed,2023-12-28 23:31:33,72663.89,0.0
903060,702950,Credit Card,Completed,2024-02-03 16:10:17,8440.25,151.92
903061,702951,UPI,Completed,2023-10-22 12:24:20,3955.96,0.0
903062,702952,Debit Card,Completed,2023-08-06 20:12:59,87381.7,1572.87
903063,702953,UPI,Completed,2023-11-14 18:30:16,926.36,0.0
903064,702954,UPI,Completed,2025-02-11 15:20:14,510.0,0.0
903065,702955,Credit Card,Completed,2024-08-31 16:19:51,7965.38,143.38
903066,702956,UPI,Completed,2024-11-11 23:33:34,880.04,0.0
903067,702957,Cash on Delivery,Completed,2023-07-27 20:46:26,8510.15,0.0
903068,702958,Credit Card,Completed,2025-08-10 22:03:45,79827.66,1436.9
903069,702959,UPI,Completed,2025-07-23 23:06:48,8417.51,0.0
903070,702960,Wallet,Completed,2023-02-04 17:27:30,11795.07,0.0
903071,702961,Debit Card,Completed,2024-05-31 20:22:04,180359.42,3246.47
903072,702962,UPI,Completed,2023-05-02 23:26:31,63446.56,0.0
903073,702963,UPI,Completed,2025-08-02 20:26:48,26951.76,0.0
903074,702964,Cash on Delivery,Completed,2025-05-29 21:12:32,128602.63,0.0
903075,702965,Cash on Delivery,Pending,2025-10-25 15:55:37,12921.07,0.0
903076,702966,Credit Card,Completed,2023-11-18 17:20:44,926.36,16.67
903077,702967,Debit Card,Refunded,2024-09-02 23:32:27,1002.67,18.05
903078,702968,Cash on Delivery,Refunded,2023-10-13 21:47:47,214799.2,0.0
903079,702969,Net Banking,Completed,2024-05-18 23:44:15,8046.97,0.0
903080,702970,UPI,Completed,2024-10-25 23:15:19,111406.22,0.0
903081,702971,Credit Card,Completed,2023-04-05 19:17:49,215037.57,3870.68
903082,702972,Debit Card,Completed,2025-05-09 17:20:55,265725.09,4783.05
903083,702973,Cash on Delivery,Completed,2024-11-06 16:40:08,3188.94,0.0
903084,702974,UPI,Completed,2025-09-05 17:34:00,4719.14,0.0
903085,702975,Debit Card,Completed,2024-01-03 19:43:47,787.41,14.17
903086,702976,UPI,Completed,2025-10-25 10:42:33,48097.02,0.0
903087,702977,UPI,Completed,2025-12-31 20:44:32,89526.43,0.0
903088,702978,UPI,Completed,2025-11-02 18:47:16,3917.47,0.0
903089,702979,UPI,Completed,2025-07-16 18:57:13,2429.16,0.0
903090,702980,Cash on Delivery,Completed,2025-08-17 15:22:41,74344.62,0.0
903091,702981,Wallet,Refunded,2024-12-02 07:48:28,110666.17,0.0
903092,702982,UPI,Completed,2023-10-17 16:55:12,119402.55,0.0
903093,702983,UPI,Refunded,2025-03-26 23:46:36,1852.72,0.0
903094,702984,Net Banking,Pending,2025-05-07 18:11:59,26853.72,0.0
903095,702985,Debit Card,Refunded,2025-12-23 18:00:55,926.36,16.67
903096,702986,UPI,Completed,2024-11-05 11:37:16,9291.76,0.0
903097,702987,Wallet,Completed,2024-01-02 15:21:23,2611.92,0.0
903098,702988,UPI,Completed,2025-04-03 23:10:20,4046.21,0.0
903099,702989,UPI,Completed,2025-12-19 05:58:15,31551.01,0.0
903100,702989,UPI,Failed,2025-12-19 05:49:15,31551.01,0.0
903101,702990,Credit Card,Completed,2023-10-08 19:22:25,197767.25,3559.81
903102,702991,Net Banking,Completed,2024-03-18 20:10:32,13178.71,0.0
903103,702992,Net Banking,Completed,2024-11-05 19:42:19,91243.04,0.0
903104,702993,Cash on Delivery,Completed,2023-10-03 17:37:52,87384.47,0.0
903105,702994,Debit Card,Completed,2023-02-05 20:23:28,128423.49,2311.62
903106,702995,Debit Card,Completed,2024-04-03 17:37:45,147084.13,2647.51
903107,702996,UPI,Completed,2025-10-07 12:09:49,12276.89,0.0
903108,702997,Credit Card,Completed,2023-03-17 23:54:34,86917.13,1564.51
903109,702998,Credit Card,Completed,2024-08-03 15:18:40,7463.21,134.34
903110,702999,Debit Card,Completed,2025-06-28 21:43:43,2372.17,42.7
903111,703000,Cash on Delivery,Completed,2025-11-20 11:11:13,42951.26,0.0
903112,703001,Cash on Delivery,Completed,2025-12-23 18:54:23,48814.82,0.0
903113,703002,Net Banking,Completed,2024-07-24 18:33:38,9018.76,0.0
903114,703003,Debit Card,Completed,2025-11-17 16:42:13,76433.78,1375.81
903115,703004,Wallet,Completed,2023-03-02 23:15:01,483.7,0.0
903116,703005,UPI,Pending,2025-06-08 16:47:25,8510.15,0.0
903117,703005,UPI,Failed,2025-06-08 16:39:25,8510.15,0.0
903118,703006,Debit Card,Completed,2025-02-12 14:44:56,126615.59,2279.08
903119,703006,Debit Card,Failed,2025-02-12 14:33:56,126615.59,0.0
903120,703007,UPI,Completed,2023-12-09 20:50:56,926.36,0.0
903121,703008,Credit Card,Completed,2024-10-17 12:05:27,153389.03,2761.0
903122,703009,Debit Card,Completed,2023-08-06 22:14:54,4561.57,82.11
903123,703010,Debit Card,Completed,2025-10-10 22:45:44,56558.19,1018.05
903124,703011,UPI,Completed,2024-05-03 13:24:27,52062.53,0.0
903125,703012,Debit Card,Completed,2025-01-25 16:33:17,120347.57,2166.26
903126,703013,Credit Card,Completed,2023-09-18 18:18:48,93399.34,1681.19
903127,703014,Cash on Delivery,Completed,2023-10-27 19:39:58,2365.1,0.0
903128,703015,Credit Card,Completed,2025-12-27 11:57:36,11746.22,211.43
903129,703016,Cash on Delivery,Completed,2025-06-17 16:40:00,52022.9,0.0
903130,703017,Credit Card,Completed,2025-11-29 17:27:05,19057.22,343.03
903131,703018,UPI,Completed,2024-02-02 19:26:47,3551.9,0.0
903132,703019,Wallet,Completed,2023-09-27 18:11:55,203865.47,0.0
903133,703020,Net Banking,Completed,2024-10-15 18:37:01,5526.76,0.0
903134,703021,UPI,Completed,2024-10-10 21:21:12,42479.43,0.0
903135,703022,UPI,Completed,2023-10-06 19:58:52,7667.78,0.0
903136,703023,UPI,Completed,2025-05-26 23:19:17,69472.83,0.0
903137,703024,Debit Card,Pending,2024-05-07 17:40:31,161209.3,2901.77
903138,703025,UPI,Pending,2023-10-14 16:30:55,1389.54,0.0
903139,703026,UPI,Completed,2024-03-27 13:04:27,88925.87,0.0
903140,703027,Credit Card,Completed,2024-11-19 23:43:17,7937.52,142.88
903141,703028,Wallet,Completed,2025-05-19 19:36:12,9464.69,0.0
903142,703029,UPI,Completed,2024-10-03 14:53:00,48806.92,0.0
903143,703030,Wallet,Refunded,2024-10-27 20:59:00,85878.36,0.0
903144,703031,UPI,Completed,2023-08-16 19:23:01,458.05,0.0
903145,703032,Cash on Delivery,Completed,2025-10-30 23:40:59,118256.81,0.0
903146,703033,Wallet,Failed,2025-11-06 14:27:28,6738.44,0.0
903147,703034,Debit Card,Completed,2025-04-03 18:59:14,4943.7,88.99
903148,703035,UPI,Completed,2023-01-29 20:05:16,12877.73,0.0
903149,703036,UPI,Completed,2024-11-02 23:16:47,12256.57,0.0
903150,703037,Cash on Delivery,Completed,2025-01-28 21:55:35,128973.17,0.0
903151,703038,Credit Card,Completed,2025-12-28 22:48:37,58531.55,1053.57
903152,703039,Wallet,Completed,2025-12-29 21:11:32,6174.71,0.0
903153,703040,Cash on Delivery,Pending,2025-10-04 23:11:03,12961.93,0.0
903154,703041,UPI,Completed,2023-04-24 17:43:22,45479.19,0.0
903155,703042,Net Banking,Refunded,2025-11-20 11:25:35,5636.79,0.0
903156,703043,UPI,Completed,2025-01-12 21:26:38,3356.54,0.0
903157,703044,UPI,Completed,2025-08-09 20:54:20,351962.16,0.0
903158,703045,UPI,Completed,2024-07-04 16:45:08,14808.43,0.0
903159,703046,Credit Card,Completed,2024-03-09 19:14:56,122773.71,2209.93
903160,703047,Credit Card,Completed,2024-09-11 19:52:44,114466.58,2060.4
903161,703048,Credit Card,Failed,2023-08-29 23:10:31,10715.38,192.88
903162,703049,Debit Card,Completed,2024-05-02 16:50:15,8047.58,144.86
903163,703050,Cash on Delivery,Completed,2025-10-04 17:18:03,8189.93,0.0
903164,703051,UPI,Completed,2023-03-07 23:25:22,32305.87,0.0
903165,703052,Wallet,Refunded,2023-09-05 16:17:09,113886.42,0.0
903166,703053,UPI,Completed,2023-07-31 22:01:12,2511.12,0.0
903167,703054,Net Banking,Completed,2024-06-28 15:40:16,182164.13,0.0
903168,703055,Debit Card,Completed,2025-12-30 17:15:53,12929.86,232.74
903169,703055,Debit Card,Failed,2025-12-30 17:03:53,12929.86,0.0
903170,703056,UPI,Completed,2023-10-05 18:51:01,86577.73,0.0
903171,703057,UPI,Completed,2023-08-27 22:17:59,128596.1,0.0
903172,703058,UPI,Completed,2025-10-31 22:21:37,79410.8,0.0
903173,703059,Credit Card,Completed,2025-10-15 19:08:58,53787.17,968.17
903174,703060,Cash on Delivery,Completed,2023-02-24 23:03:39,9231.88,0.0
903175,703061,UPI,Completed,2025-06-15 13:18:16,9631.08,0.0
903176,703062,UPI,Completed,2025-02-28 17:06:44,167424.39,0.0
903177,703063,Cash on Delivery,Completed,2025-07-04 20:16:54,8046.97,0.0
903178,703064,UPI,Completed,2024-10-10 22:45:16,8534.48,0.0
903179,703065,Cash on Delivery,Refunded,2025-12-26 23:32:44,8903.85,0.0
903180,703066,UPI,Failed,2023-03-18 21:33:25,3951.95,0.0
903181,703067,UPI,Completed,2023-11-15 13:13:30,4044.69,0.0
903182,703068,Cash on Delivery,Completed,2024-06-19 20:25:24,19717.6,0.0
903183,703069,Net Banking,Completed,2024-08-24 19:14:25,5055.86,0.0
903184,703070,UPI,Failed,2025-11-02 18:54:56,10608.05,0.0
903185,703071,Debit Card,Completed,2024-11-15 21:35:06,10098143.0,181766.57
903186,703072,UPI,Completed,2023-03-20 20:38:13,42221.43,0.0
903187,703073,UPI,Completed,2024-07-05 16:54:08,8637.84,0.0
903188,703074,Cash on Delivery,Completed,2024-07-17 21:18:00,47009.97,0.0
903189,703075,UPI,Completed,2025-12-03 16:15:49,498.03,0.0
903190,703076,Cash on Delivery,Completed,2024-12-28 20:49:45,127793.84,0.0
903191,703077,UPI,Completed,2025-02-03 15:28:23,340609.3,0.0
903192,703078,Credit Card,Completed,2025-05-07 19:35:18,154656.06,2783.81
903193,703079,Cash on Delivery,Completed,2025-07-07 10:47:06,161623.53,0.0
903194,703080,UPI,Completed,2025-02-02 15:30:33,48953.9,0.0
903195,703081,Debit Card,Completed,2023-11-19 19:53:41,143910.8,2590.39
903196,703082,Cash on Delivery,Completed,2025-10-11 15:31:24,43150.06,0.0
903197,703083,Credit Card,Pending,2025-05-25 21:53:56,281330.1,5063.94
903198,703084,UPI,Completed,2025-06-03 14:00:13,14410.42,0.0
903199,703085,Debit Card,Completed,2025-12-29 18:38:23,3574.27,64.34
903200,703086,Debit Card,Pending,2025-08-10 23:25:02,2764.72,49.76
903201,703087,UPI,Completed,2025-09-06 18:12:11,58348.0,0.0
903202,703088,UPI,Refunded,2025-11-18 14:56:15,10009.71,0.0
903203,703088,UPI,Failed,2025-11-18 14:52:15,10009.71,0.0
903204,703089,Credit Card,Completed,2023-09-05 18:16:39,377.67,6.8
903205,703090,Credit Card,Completed,2024-10-12 14:21:17,6192.61,111.47
903206,703091,Debit Card,Refunded,2024-12-11 18:28:54,82897.08,1492.15
903207,703092,UPI,Completed,2024-03-23 21:39:02,9106.46,0.0
903208,703093,UPI,Completed,2025-09-17 21:04:38,4035.22,0.0
903209,703094,UPI,Completed,2025-06-28 11:55:21,12516.32,0.0
903210,703095,Cash on Delivery,Pending,2025-05-14 19:39:24,1543.76,0.0
903211,703096,UPI,Completed,2025-12-30 18:02:42,3113.62,0.0
903212,703097,Credit Card,Completed,2023-12-22 23:21:30,231528.72,4167.52
903213,703098,Debit Card,Completed,2025-05-28 13:57:54,1118.08,20.13
903214,703099,UPI,Completed,2024-11-10 11:55:47,45360.53,0.0
903215,703100,Credit Card,Completed,2024-02-27 09:43:31,104129.07,1874.32
903216,703101,Credit Card,Completed,2023-09-21 19:56:13,515.87,9.29
903217,703102,Wallet,Completed,2025-10-22 20:06:57,525.19,0.0
903218,703103,Debit Card,Completed,2024-12-25 23:51:04,104176.36,1875.17
903219,703104,Cash on Delivery,Refunded,2025-09-01 23:06:24,3016.23,0.0
903220,703105,UPI,Completed,2024-11-07 23:11:14,118954.09,0.0
903221,703106,Wallet,Pending,2023-11-06 08:07:02,131504.23,0.0
903222,703107,UPI,Completed,2024-04-04 12:35:58,7161.64,0.0
903223,703108,Wallet,Refunded,2024-05-29 19:09:24,71129.17,0.0
903224,703109,Credit Card,Failed,2025-12-12 22:35:53,8510.15,153.18
903225,703110,Credit Card,Completed,2023-01-12 18:49:37,6096.06,109.73
903226,703111,Credit Card,Failed,2025-12-23 17:35:39,8663.6,155.94
903227,703112,Debit Card,Completed,2025-12-20 18:10:16,3908.82,70.36
903228,703113,Debit Card,Completed,2025-12-29 20:39:56,25085.2,451.53
903229,703114,Debit Card,Completed,2024-09-29 19:06:46,3900.66,70.21
903230,703115,Credit Card,Completed,2025-12-01 20:21:56,5729.43,103.13
903231,703116,Debit Card,Completed,2024-06-17 19:03:45,99359.35,1788.47
903232,703117,UPI,Completed,2023-02-13 21:13:07,9090.96,0.0
903233,703118,Wallet,Completed,2023-11-09 13:31:01,12325.01,0.0
903234,703119,Debit Card,Completed,2025-11-14 17:39:53,1111.63,20.01
903235,703120,UPI,Completed,2023-01-24 19:54:06,2930.36,0.0
903236,703120,UPI,Failed,2023-01-24 19:51:06,2930.36,0.0
903237,703121,Credit Card,Completed,2024-11-07 15:47:46,40747.56,733.46
903238,703122,Credit Card,Pending,2023-05-12 17:26:02,36427.31,655.69
903239,703123,UPI,Refunded,2024-01-23 15:07:03,61264.99,0.0
903240,703124,Net Banking,Completed,2023-05-29 15:28:49,10722.12,0.0
903241,703125,UPI,Completed,2025-10-05 19:33:47,31419.04,0.0
903242,703126,Debit Card,Completed,2024-12-22 21:42:57,46269.88,832.86
903243,703127,Debit Card,Completed,2025-10-25 22:29:59,59962.91,1079.33
903244,703128,UPI,Refunded,2025-04-09 15:37:45,1122.26,0.0
903245,703129,Net Banking,Completed,2025-12-09 12:09:57,6554.17,0.0
903246,703130,Credit Card,Completed,2024-10-19 19:58:38,4080.96,73.46
903247,703131,UPI,Completed,2025-02-07 23:26:40,8130.96,0.0
903248,703132,Credit Card,Completed,2024-12-06 16:23:32,6236.97,112.27
903249,703133,Credit Card,Completed,2024-10-04 20:42:46,72571.92,1306.29
903250,703134,Wallet,Completed,2025-09-25 18:04:58,5690.26,0.0
903251,703135,UPI,Failed,2025-02-14 23:37:47,615.37,0.0
903252,703136,UPI,Completed,2025-08-09 18:03:50,87893.57,0.0
903253,703137,UPI,Completed,2025-07-26 23:07:35,501.93,0.0
903254,703138,Debit Card,Completed,2023-10-17 19:06:30,8508.53,153.15
903255,703139,Debit Card,Refunded,2025-02-21 12:16:03,486.53,8.76
903256,703140,Cash on Delivery,Completed,2023-10-23 22:18:07,926.36,0.0
903257,703141,UPI,Completed,2024-12-15 17:26:43,8972.62,0.0
903258,703142,Credit Card,Completed,2025-03-27 13:09:30,136919.88,2464.56
903259,703143,Credit Card,Completed,2025-12-30 22:56:28,2828.28,50.91
903260,703144,UPI,Completed,2023-02-21 12:29:06,2527.93,0.0
903261,703145,Net Banking,Completed,2023-06-03 10:20:00,10329.45,0.0
903262,703146,Net Banking,Completed,2023-05-14 17:11:44,12878.44,0.0
903263,703147,Net Banking,Completed,2024-06-21 23:58:01,61973.87,0.0
903264,703148,Wallet,Completed,2025-08-28 16:06:31,24716.9,0.0
903265,703149,Debit Card,Completed,2025-09-23 18:55:10,136730.04,2461.14
903266,703150,Credit Card,Completed,2025-05-29 16:19:15,8046.97,144.85
903267,703151,Credit Card,Completed,2025-10-22 13:14:36,3917.47,70.51
903268,703152,Debit Card,Completed,2024-03-13 21:26:17,8130.96,146.36
903269,703153,Debit Card,Completed,2023-05-29 23:52:18,121945.2,2195.01
903270,703154,UPI,Completed,2023-04-14 18:32:10,2475.48,0.0
903271,703155,Credit Card,Completed,2025-10-01 22:01:25,75348.8,1356.28
903272,703156,UPI,Completed,2025-05-23 20:22:02,5595.77,0.0
903273,703157,Credit Card,Completed,2025-04-21 17:16:01,512.56,9.23
903274,703158,UPI,Completed,2024-04-07 23:08:09,59418.29,0.0
903275,703159,UPI,Completed,2024-05-27 18:24:28,3269.02,0.0
903276,703160,Debit Card,Completed,2025-11-25 13:41:00,75909.31,1366.37
903277,703161,UPI,Completed,2023-04-24 13:17:10,207524.3,0.0
903278,703162,Cash on Delivery,Completed,2025-07-11 22:36:17,103755.96,0.0
903279,703163,Net Banking,Completed,2024-02-22 20:44:10,22776.43,0.0
903280,703164,Wallet,Completed,2023-03-09 16:29:35,926.36,0.0
903281,703165,UPI,Failed,2025-06-04 18:15:33,56138.9,0.0
903282,703166,Credit Card,Refunded,2024-03-25 18:11:07,441.61,7.95
903283,703167,Wallet,Completed,2025-05-16 23:48:59,3616.24,0.0
903284,703168,UPI,Completed,2025-05-02 17:53:23,90356.25,0.0
903285,703169,Wallet,Completed,2024-11-01 12:01:28,75706.79,0.0
903286,703170,UPI,Completed,2025-07-15 23:23:31,267929.89,0.0
903287,703171,Debit Card,Completed,2024-12-12 23:39:23,95186.43,1713.36
903288,703172,UPI,Failed,2024-01-23 20:56:51,8510.15,0.0
903289,703173,Credit Card,Refunded,2025-05-26 23:12:21,12423.56,223.62
903290,703174,Wallet,Completed,2024-12-21 17:44:34,8594.14,0.0
903291,703175,Wallet,Completed,2023-01-23 23:59:20,128191.11,0.0
903292,703176,UPI,Completed,2025-10-24 15:25:15,5982.22,0.0
903293,703176,UPI,Failed,2025-10-24 15:18:15,5982.22,0.0
903294,703177,UPI,Completed,2024-11-07 19:21:42,105109.03,0.0
903295,703178,Credit Card,Completed,2025-10-09 17:51:48,512.65,9.23
903296,703179,Credit Card,Completed,2025-10-15 18:04:55,2982.46,53.68
903297,703180,Credit Card,Completed,2024-08-17 13:16:37,120941.59,2176.95
903298,703181,Debit Card,Completed,2024-10-17 18:11:29,131512.61,2367.23
903299,703182,Credit Card,Completed,2024-07-15 14:51:55,121439.61,2185.91
903300,703182,Credit Card,Failed,2024-07-15 14:47:55,121439.61,0.0
903301,703183,Debit Card,Completed,2024-08-23 23:39:31,182322.16,3281.8
903302,703184,UPI,Failed,2025-10-21 15:17:26,76433.78,0.0
903303,703185,Credit Card,Completed,2025-07-28 22:04:20,9520.5,171.37
903304,703186,UPI,Completed,2023-08-03 17:27:49,15376.26,0.0
903305,703187,UPI,Failed,2025-01-09 16:08:54,79920.3,0.0
903306,703188,Cash on Delivery,Refunded,2025-12-29 23:02:47,76915.48,0.0
903307,703189,Cash on Delivery,Completed,2024-12-26 20:00:06,1852.72,0.0
903308,703190,Credit Card,Completed,2025-07-25 14:06:10,2315.9,41.69
903309,703191,Credit Card,Completed,2025-07-06 18:35:34,3374.21,60.74
903310,703192,UPI,Completed,2024-04-23 19:38:56,2250.14,0.0
903311,703193,UPI,Completed,2024-05-18 20:19:35,76601.39,0.0
903312,703194,Debit Card,Completed,2025-05-17 22:32:07,127779.84,2300.04
903313,703195,Wallet,Completed,2024-10-13 19:00:46,4604.88,0.0
903314,703195,Wallet,Failed,2024-10-13 18:42:46,4604.88,0.0
903315,703196,Credit Card,Pending,2024-11-28 13:34:51,3153.08,56.76
903316,703196,Credit Card,Failed,2024-11-28 13:16:51,3153.08,0.0
903317,703197,UPI,Completed,2025-05-07 23:02:34,17256.98,0.0
903318,703198,Debit Card,Completed,2025-07-15 13:18:45,9739.64,175.31
903319,703198,Debit Card,Failed,2025-07-15 13:13:45,9739.64,0.0
903320,703199,Cash on Delivery,Completed,2024-01-02 14:44:46,102482.94,0.0
903321,703200,Net Banking,Failed,2023-08-29 21:45:14,8695.42,0.0
903322,703201,UPI,Failed,2024-01-28 16:52:42,5665.45,0.0
903323,703202,UPI,Completed,2024-10-17 18:02:40,8084.64,0.0
903324,703203,Debit Card,Completed,2024-04-11 12:04:06,4068.98,73.24
903325,703204,Credit Card,Failed,2024-11-25 23:26:01,8465.5,152.38
903326,703205,Cash on Delivery,Completed,2023-04-05 15:58:56,158914.24,0.0
903327,703206,UPI,Completed,2024-10-18 18:28:53,4644.74,0.0
903328,703207,Net Banking,Completed,2024-05-14 17:07:09,40678.47,0.0
903329,703208,Net Banking,Completed,2024-11-01 18:25:49,129254.18,0.0
903330,703209,UPI,Refunded,2024-07-25 22:17:39,82550.94,0.0
903331,703210,Debit Card,Completed,2024-01-21 22:16:37,77635.07,1397.43
903332,703211,UPI,Completed,2025-10-25 18:24:00,147918.48,0.0
903333,703212,Debit Card,Completed,2023-10-13 20:05:46,129995.78,2339.92
903334,703213,UPI,Completed,2025-03-31 20:43:22,1622.09,0.0
903335,703214,Debit Card,Completed,2025-11-04 23:48:26,36268.6,652.83
903336,703215,Credit Card,Completed,2024-11-03 22:58:32,332461.16,5984.3
903337,703216,UPI,Completed,2025-10-12 15:36:39,465.17,0.0
903338,703217,UPI,Completed,2023-07-31 17:36:43,260788.38,0.0
903339,703218,Debit Card,Completed,2024-10-10 13:17:22,6683.5,120.3
903340,703219,UPI,Completed,2024-09-03 23:46:45,1320.06,0.0
903341,703220,Credit Card,Completed,2023-01-16 23:56:08,87083.32,1567.5
903342,703220,Credit Card,Failed,2023-01-16 23:50:08,87083.32,0.0
903343,703221,Wallet,Completed,2024-08-15 19:17:57,92430.58,0.0
903344,703222,Credit Card,Completed,2024-05-15 23:06:58,136571.14,2458.28
903345,703223,Debit Card,Completed,2025-03-17 17:42:55,5796.95,104.35
903346,703224,UPI,Completed,2025-11-10 22:49:23,6375.92,0.0
903347,703225,UPI,Completed,2023-05-26 23:07:32,265178.68,0.0
903348,703226,Cash on Delivery,Completed,2024-03-20 14:12:36,8923.1,0.0
903349,703227,UPI,Completed,2024-08-16 23:02:33,206868.61,0.0
903350,703228,UPI,Completed,2024-08-31 17:59:17,38803.03,0.0
903351,703229,Credit Card,Completed,2025-07-12 15:33:22,880.04,15.84
903352,703230,Debit Card,Completed,2024-08-15 18:37:11,4813.41,86.64
903353,703231,Credit Card,Completed,2023-02-15 15:24:39,194562.07,3502.12
903354,703232,UPI,Completed,2025-05-04 16:38:26,8463.83,0.0
903355,703233,Credit Card,Completed,2025-10-16 22:10:08,39258.52,706.65
903356,703234,Net Banking,Completed,2024-10-21 22:51:11,100679.72,0.0
903357,703235,Cash on Delivery,Completed,2024-12-12 23:07:34,5485.42,0.0
903358,703236,UPI,Completed,2023-09-25 16:38:45,540.44,0.0
903359,703237,Debit Card,Failed,2023-11-06 21:35:52,88991.94,1601.85
903360,703238,Debit Card,Completed,2023-11-16 18:59:52,880.04,15.84
903361,703238,Debit Card,Failed,2023-11-16 18:43:52,880.04,0.0
903362,703239,UPI,Completed,2024-08-05 17:31:05,102152.84,0.0
903363,703240,Cash on Delivery,Completed,2025-11-06 17:23:55,926.36,0.0
903364,703241,Net Banking,Completed,2024-10-25 14:24:42,2454.74,0.0
903365,703242,Cash on Delivery,Completed,2023-10-18 13:49:23,10180.19,0.0
903366,703243,Cash on Delivery,Completed,2023-12-28 15:56:53,741.09,0.0
903367,703244,Credit Card,Completed,2024-06-01 23:39:04,68725.04,1237.05
903368,703245,Debit Card,Completed,2025-01-23 13:15:47,97797.62,1760.36
903369,703246,Debit Card,Pending,2024-08-12 20:42:47,74897.65,1348.16
903370,703247,Debit Card,Completed,2024-06-13 23:40:03,8006.52,144.12
903371,703248,UPI,Refunded,2024-11-21 23:47:16,210680.3,0.0
903372,703249,UPI,Completed,2023-11-27 23:48:03,3737.3,0.0
903373,703250,Credit Card,Completed,2023-05-16 19:18:00,56297.55,1013.36
903374,703251,Debit Card,Completed,2023-02-10 23:47:29,202820.44,3650.77
903375,703251,Debit Card,Failed,2023-02-10 23:43:29,202820.44,0.0
903376,703252,UPI,Completed,2023-12-11 14:41:34,10194.34,0.0
903377,703253,Credit Card,Completed,2023-06-03 16:39:48,1111.63,20.01
903378,703254,Net Banking,Refunded,2024-04-02 16:59:47,42765.21,0.0
903379,703255,UPI,Completed,2025-07-10 18:37:14,89262.63,0.0
903380,703256,Cash on Delivery,Completed,2025-05-10 23:23:56,469.7,0.0
903381,703257,UPI,Refunded,2025-01-09 12:29:29,67753.44,0.0
903382,703258,Credit Card,Completed,2025-10-01 23:03:10,4769.56,85.85
903383,703259,Credit Card,Completed,2024-01-19 15:56:22,5729.43,103.13
903384,703260,Debit Card,Completed,2025-10-17 19:18:33,2147.37,38.65
903385,703260,Debit Card,Failed,2025-10-17 19:04:33,2147.37,0.0
903386,703261,UPI,Completed,2024-06-22 20:12:33,3075.1,0.0
903387,703262,Cash on Delivery,Completed,2024-06-25 11:49:34,18797.9,0.0
903388,703263,Cash on Delivery,Completed,2024-07-01 18:32:55,4441.47,0.0
903389,703264,UPI,Completed,2023-06-15 22:50:01,8753.27,0.0
903390,703265,Credit Card,Completed,2025-12-14 16:40:44,484.45,8.72
903391,703266,Cash on Delivery,Failed,2023-08-15 13:50:38,6445.4,0.0
903392,703267,Wallet,Completed,2024-04-09 20:30:03,74082.83,0.0
903393,703268,Debit Card,Completed,2024-03-08 16:53:15,163143.94,2936.59
903394,703269,UPI,Completed,2023-05-10 14:08:41,84101.56,0.0
903395,703270,UPI,Completed,2023-09-07 16:20:19,3943.89,0.0
903396,703271,UPI,Failed,2023-03-20 23:42:45,99464.45,0.0
903397,703272,Credit Card,Failed,2024-01-29 20:47:28,19301.86,347.43
903398,703273,UPI,Completed,2025-10-08 17:33:48,5476.63,0.0
903399,703274,Wallet,Completed,2024-04-07 23:45:26,164100.17,0.0
903400,703275,UPI,Completed,2023-07-29 14:20:39,8130.96,0.0
903401,703276,UPI,Completed,2025-02-15 15:50:37,173348.56,0.0
903402,703277,Debit Card,Completed,2025-12-29 23:45:35,183206.11,3297.71
903403,703278,UPI,Completed,2023-11-14 14:40:21,496.55,0.0
903404,703279,UPI,Completed,2024-01-15 23:31:36,72818.63,0.0
903405,703280,UPI,Completed,2025-12-10 16:32:58,9255.43,0.0
903406,703281,UPI,Failed,2023-10-09 18:18:49,836.36,0.0
903407,703282,Net Banking,Completed,2024-10-19 18:43:29,132556.72,0.0
903408,703283,UPI,Completed,2023-11-23 11:40:40,40423.33,0.0
903409,703284,UPI,Completed,2025-11-08 21:01:02,6793.5,0.0
903410,703285,UPI,Completed,2025-12-20 21:50:01,140670.15,0.0
903411,703286,Debit Card,Completed,2025-08-20 22:52:26,120663.07,2171.94
903412,703287,UPI,Completed,2024-03-01 19:20:05,44076.67,0.0
903413,703288,Credit Card,Failed,2024-06-28 15:06:16,132513.41,2385.24
903414,703289,Debit Card,Completed,2023-11-27 23:36:44,8371.2,150.68
903415,703290,UPI,Completed,2025-10-19 16:50:42,1181.11,0.0
903416,703290,UPI,Failed,2025-10-19 16:40:42,1181.11,0.0
903417,703291,Cash on Delivery,Pending,2025-10-30 18:40:22,8115.61,0.0
903418,703292,Cash on Delivery,Pending,2024-07-20 12:57:11,3454.29,0.0
903419,703293,Cash on Delivery,Completed,2025-03-01 23:11:30,3454.29,0.0
903420,703294,Wallet,Completed,2023-09-29 18:46:44,8280.24,0.0
903421,703295,Credit Card,Completed,2024-08-08 21:45:42,76391.07,1375.04
903422,703296,Cash on Delivery,Completed,2025-01-30 17:12:54,47891.97,0.0
903423,703297,UPI,Completed,2024-06-03 21:22:07,1667.45,0.0
903424,703298,Credit Card,Completed,2024-05-03 19:47:21,1631.44,29.37
903425,703299,UPI,Completed,2023-01-02 15:58:16,7583.79,0.0
903426,703300,UPI,Completed,2025-08-11 13:14:27,441.36,0.0
903427,703301,Debit Card,Completed,2025-10-19 20:28:13,24686.63,444.36
903428,703302,Debit Card,Completed,2025-12-08 19:08:24,10026.91,180.48
903429,703303,UPI,Failed,2025-05-13 23:03:13,5935.9,0.0
903430,703304,Net Banking,Completed,2024-11-09 23:37:28,42686.87,0.0
903431,703304,Net Banking,Failed,2024-11-09 23:20:28,42686.87,0.0
903432,703305,Debit Card,Refunded,2023-12-31 17:04:40,7919.75,142.56
903433,703305,Debit Card,Failed,2023-12-31 16:49:40,7919.75,0.0
903434,703306,Credit Card,Refunded,2025-12-31 18:05:42,94000.3,1692.01
903435,703307,UPI,Completed,2024-12-21 21:16:25,11668.57,0.0
903436,703308,Credit Card,Completed,2025-03-31 17:38:48,8801.34,158.42
903437,703309,Cash on Delivery,Refunded,2025-04-02 21:09:50,6693.73,0.0
903438,703310,UPI,Refunded,2025-09-24 14:48:59,306931.99,0.0
903439,703311,UPI,Completed,2023-01-19 17:24:27,171706.74,0.0
903440,703312,Credit Card,Completed,2023-11-06 14:47:03,27452.25,494.14
903441,703313,Credit Card,Completed,2025-03-12 16:24:59,127624.93,2297.25
903442,703314,Net Banking,Completed,2025-10-21 17:23:20,170269.94,0.0
903443,703315,UPI,Failed,2025-04-05 18:24:31,5057.51,0.0
903444,703315,UPI,Failed,2025-04-05 18:05:31,5057.51,0.0
903445,703316,Credit Card,Completed,2024-07-12 23:48:05,5304.49,95.48
903446,703317,Credit Card,Completed,2024-05-07 14:44:14,8122.2,146.2
903447,703318,Credit Card,Completed,2025-05-30 13:24:17,5636.79,101.46
903448,703319,Debit Card,Completed,2025-06-02 20:04:11,109690.6,1974.43
903449,703320,UPI,Completed,2025-01-04 17:40:50,147200.47,0.0
903450,703321,Credit Card,Completed,2024-01-28 19:59:15,120394.63,2167.1
903451,703322,Debit Card,Completed,2025-11-04 15:55:58,52944.13,952.99
903452,703323,UPI,Completed,2024-11-10 14:16:14,10461.18,0.0
903453,703323,UPI,Failed,2024-11-10 14:04:14,10461.18,0.0
903454,703324,Credit Card,Completed,2025-07-31 17:04:40,13300.83,239.41
903455,703325,Debit Card,Refunded,2023-11-02 19:25:13,48822.72,878.81
903456,703326,Credit Card,Completed,2024-04-13 23:24:09,133601.07,2404.82
903457,703327,Credit Card,Completed,2025-10-12 20:43:04,7961.07,143.3
903458,703328,Credit Card,Completed,2023-03-30 19:29:55,787.41,14.17
903459,703329,UPI,Completed,2024-10-20 19:32:06,123181.07,0.0
903460,703330,Cash on Delivery,Completed,2024-10-03 18:48:55,68325.96,0.0
903461,703331,Net Banking,Completed,2025-06-14 17:44:46,186687.9,0.0
903462,703332,UPI,Completed,2024-01-18 23:40:15,42136.89,0.0
903463,703333,UPI,Failed,2023-11-05 17:30:59,106925.34,0.0
903464,703334,UPI,Completed,2025-11-05 16:37:47,124936.31,0.0
903465,703335,UPI,Completed,2024-11-30 14:44:03,5694.04,0.0
903466,703336,Net Banking,Failed,2023-06-26 16:37:45,5519.04,0.0
903467,703337,Cash on Delivery,Completed,2023-10-19 16:44:37,220218.45,0.0
903468,703338,UPI,Completed,2025-12-31 11:48:38,430222.43,0.0
903469,703339,Debit Card,Pending,2023-10-20 12:11:52,2852.16,51.34
903470,703340,UPI,Refunded,2025-01-09 10:36:15,118490.91,0.0
903471,703341,Debit Card,Completed,2024-07-21 19:13:08,62215.04,1119.87
903472,703342,UPI,Completed,2025-10-17 17:52:16,2232.73,0.0
903473,703343,UPI,Refunded,2025-06-19 13:27:48,30478.66,0.0
903474,703344,UPI,Completed,2024-12-27 16:23:31,1389.54,0.0
903475,703345,Cash on Delivery,Completed,2023-01-21 18:38:04,195924.67,0.0
903476,703346,Net Banking,Completed,2025-10-14 19:44:40,3664.68,0.0
903477,703347,Credit Card,Completed,2024-08-17 17:50:26,2823.1,50.82
903478,703348,UPI,Completed,2025-11-07 18:58:23,16430.47,0.0
903479,703349,Credit Card,Completed,2024-10-11 16:14:44,165184.75,2973.33
903480,703350,Credit Card,Completed,2025-04-16 11:34:20,1852.72,33.35
903481,703350,Credit Card,Failed,2025-04-16 11:19:20,1852.72,0.0
903482,703351,Debit Card,Completed,2023-05-03 18:12:00,4039.71,72.71
903483,703352,Debit Card,Completed,2025-06-07 07:55:45,115367.78,2076.62
903484,703353,UPI,Completed,2024-04-05 15:15:22,53818.14,0.0
903485,703354,Debit Card,Completed,2024-04-24 20:39:31,274860.32,4947.49
903486,703355,UPI,Failed,2023-07-20 17:22:51,41898.5,0.0
903487,703356,Credit Card,Completed,2023-08-29 23:10:26,37822.41,680.8
903488,703357,Debit Card,Completed,2023-10-14 20:31:17,10071.75,181.29
903489,703358,UPI,Refunded,2024-03-21 18:02:29,8960.25,0.0
903490,703359,Cash on Delivery,Completed,2025-10-20 13:48:00,11038.08,0.0
903491,703360,UPI,Completed,2024-05-14 20:22:46,1389.54,0.0
903492,703360,UPI,Failed,2024-05-14 20:03:46,1389.54,0.0
903493,703361,UPI,Completed,2025-05-18 17:30:20,120379.17,0.0
903494,703362,Credit Card,Refunded,2023-05-21 12:22:48,18331.65,329.97
903495,703363,Credit Card,Completed,2024-12-22 16:07:41,1685.7,30.34
903496,703363,Credit Card,Failed,2024-12-22 16:05:41,1685.7,0.0
903497,703364,Cash on Delivery,Pending,2024-10-03 17:35:57,61643.98,0.0
903498,703365,UPI,Completed,2025-12-17 15:52:26,75970.6,0.0
903499,703366,Cash on Delivery,Completed,2025-09-25 23:16:16,2393.16,0.0
903500,703367,Cash on Delivery,Completed,2024-08-31 22:37:13,8417.51,0.0
903501,703368,Debit Card,Completed,2025-07-13 16:49:46,85336.79,1536.06
903502,703369,UPI,Completed,2023-10-19 20:53:24,25333.78,0.0
903503,703370,UPI,Completed,2024-11-17 20:59:14,41117.25,0.0
903504,703371,Debit Card,Completed,2023-05-10 22:17:47,69853.27,1257.36
903505,703372,Cash on Delivery,Pending,2024-04-19 09:30:36,1852.72,0.0
903506,703373,Credit Card,Completed,2023-11-10 18:55:59,5683.11,102.3
903507,703374,UPI,Completed,2025-05-12 21:07:39,251831.83,0.0
903508,703375,UPI,Completed,2024-10-07 23:31:18,52160.67,0.0
903509,703376,Credit Card,Completed,2025-06-14 12:15:18,36145.64,650.62
903510,703377,Credit Card,Completed,2024-10-21 12:07:38,6948.37,125.07
903511,703378,Debit Card,Completed,2023-05-27 14:00:16,5889.58,106.01
903512,703379,Debit Card,Completed,2025-05-28 14:39:30,9204.89,165.69
903513,703380,Cash on Delivery,Completed,2025-09-10 18:17:22,926.36,0.0
903514,703381,UPI,Completed,2025-10-25 23:15:26,34242.12,0.0
903515,703382,Cash on Delivery,Refunded,2024-11-30 18:47:59,5223.84,0.0
903516,703383,UPI,Completed,2025-06-17 22:38:35,7159.74,0.0
903517,703384,Net Banking,Completed,2025-06-15 23:46:14,39553.5,0.0
903518,703385,UPI,Completed,2023-09-13 20:28:41,518.54,0.0
903519,703386,Debit Card,Completed,2023-09-27 17:32:47,125901.36,2266.22
903520,703387,Wallet,Completed,2023-05-05 19:41:55,9141.11,0.0
903521,703388,UPI,Completed,2024-03-09 23:51:40,191439.83,0.0
903522,703389,UPI,Completed,2024-09-25 21:16:50,187874.44,0.0
903523,703390,UPI,Completed,2025-12-30 19:27:15,200793.91,0.0
903524,703391,UPI,Completed,2024-08-05 19:16:30,78349.41,0.0
903525,703392,Credit Card,Completed,2025-05-19 13:40:10,7446.23,134.03
903526,703393,Credit Card,Failed,2025-04-15 15:32:29,44709.72,804.77
903527,703394,Cash on Delivery,Completed,2023-10-26 17:04:50,32876.85,0.0
903528,703395,UPI,Completed,2023-04-14 23:35:48,926.36,0.0
903529,703396,Debit Card,Completed,2024-11-07 21:23:31,9990.03,179.82
903530,703397,UPI,Completed,2025-04-24 21:14:08,79873.98,0.0
903531,703397,UPI,Failed,2025-04-24 21:12:08,79873.98,0.0
903532,703398,Wallet,Completed,2025-12-30 20:58:03,3454.29,0.0
903533,703399,Cash on Delivery,Refunded,2024-05-04 23:22:47,54781.24,0.0
903534,703400,Debit Card,Completed,2025-10-22 23:24:20,320892.03,5776.06
903535,703400,Debit Card,Failed,2025-10-22 23:04:20,320892.03,0.0
903536,703401,UPI,Completed,2024-05-29 19:04:36,158198.09,0.0
903537,703402,Net Banking,Completed,2025-04-10 20:18:26,3525.73,0.0
903538,703403,UPI,Completed,2024-12-28 21:30:06,195651.08,0.0
903539,703404,UPI,Failed,2023-04-04 21:56:58,77372.18,0.0
903540,703405,Credit Card,Completed,2023-05-15 22:21:15,5055.86,91.01
903541,703406,UPI,Completed,2023-02-03 21:56:45,926.36,0.0
903542,703407,Debit Card,Completed,2024-05-17 15:59:58,7958.24,143.25
903543,703407,Debit Card,Failed,2024-05-17 15:45:58,7958.24,0.0
903544,703408,UPI,Completed,2025-06-08 20:51:10,4211.06,0.0
903545,703409,UPI,Completed,2023-10-05 15:38:25,130329.77,0.0
903546,703410,Cash on Delivery,Completed,2025-01-03 18:48:40,107357.32,0.0
903547,703411,Credit Card,Completed,2024-01-25 17:32:41,74400.81,1339.21
903548,703412,Credit Card,Refunded,2025-08-06 17:30:12,4184.79,75.33
903549,703413,UPI,Failed,2025-08-07 23:03:37,376.01,0.0
903550,703414,UPI,Completed,2025-07-13 23:46:15,58912.47,0.0
903551,703415,Credit Card,Completed,2024-10-27 20:36:31,9831.84,176.97
903552,703416,UPI,Completed,2024-01-21 16:20:59,33229.05,0.0
903553,703417,UPI,Completed,2025-08-15 21:48:03,4238.37,0.0
903554,703418,UPI,Completed,2023-10-14 20:02:28,5889.58,0.0
903555,703419,UPI,Completed,2024-01-26 23:39:57,6794.45,0.0
903556,703419,UPI,Failed,2024-01-26 23:23:57,6794.45,0.0
903557,703420,Net Banking,Pending,2023-10-12 17:39:14,139334.7,0.0
903558,703421,Cash on Delivery,Completed,2025-03-23 18:22:09,3394.43,0.0
903559,703422,Cash on Delivery,Completed,2025-04-06 15:22:18,9275.76,0.0
903560,703423,Cash on Delivery,Refunded,2025-02-24 14:21:39,2991.11,0.0
903561,703424,Debit Card,Completed,2024-07-15 23:47:22,5055.86,91.01
903562,703425,UPI,Completed,2023-06-18 23:28:20,89086.36,0.0
903563,703426,Cash on Delivery,Completed,2025-10-29 21:46:50,8558.05,0.0
903564,703427,UPI,Completed,2024-10-17 19:51:40,11023.26,0.0
903565,703428,Credit Card,Completed,2024-07-03 23:37:50,141228.88,2542.12
903566,703428,Credit Card,Failed,2024-07-03 23:19:50,141228.88,0.0
903567,703429,Net Banking,Completed,2024-12-21 18:42:32,469.38,0.0
903568,703430,Debit Card,Completed,2023-10-18 16:12:44,532.5,9.58
903569,703431,UPI,Completed,2023-08-09 23:21:39,8775.21,0.0
903570,703432,Debit Card,Refunded,2024-07-01 19:55:39,2401.53,43.23
903571,703433,UPI,Pending,2023-11-11 21:44:01,52005.01,0.0
903572,703434,Cash on Delivery,Completed,2023-12-01 12:02:26,172485.83,0.0
903573,703435,Wallet,Completed,2025-10-20 23:11:04,25817.47,0.0
903574,703436,Debit Card,Completed,2024-10-30 22:35:15,152821.02,2750.78
903575,703436,Debit Card,Failed,2024-10-30 22:28:15,152821.02,0.0
903576,703437,Debit Card,Completed,2024-10-04 13:30:55,50507.94,909.14
903577,703438,Cash on Delivery,Refunded,2025-04-10 18:36:56,210044.6,0.0
903578,703439,Debit Card,Completed,2025-11-18 21:07:18,1260.9,22.7
903579,703440,Cash on Delivery,Completed,2023-07-09 19:30:06,1338.43,0.0
903580,703441,Credit Card,Completed,2025-09-11 21:55:56,99726.99,1795.09
903581,703442,Net Banking,Completed,2024-12-15 23:53:33,5947.81,0.0
903582,703442,Net Banking,Failed,2024-12-15 23:34:33,5947.81,0.0
903583,703443,Credit Card,Refunded,2023-08-28 14:16:43,202528.72,3645.52
903584,703444,Cash on Delivery,Pending,2024-02-03 23:49:59,48007.12,0.0
903585,703445,Credit Card,Completed,2024-10-03 19:27:28,478.97,8.62
903586,703446,Debit Card,Completed,2025-04-12 12:26:02,2967.95,53.42
903587,703447,Cash on Delivery,Completed,2023-11-28 17:59:22,101264.36,0.0
903588,703448,Debit Card,Completed,2024-11-01 20:50:15,10574.9,190.35
903589,703449,Debit Card,Completed,2025-04-05 17:20:47,880.04,15.84
903590,703450,UPI,Failed,2024-08-22 17:22:00,89243.62,0.0
903591,703451,Net Banking,Completed,2025-10-06 13:52:51,7801.52,0.0
903592,703452,Debit Card,Completed,2025-10-09 22:35:04,60846.09,1095.23
903593,703453,Wallet,Completed,2024-09-21 14:51:20,1852.72,0.0
903594,703454,UPI,Refunded,2025-12-12 22:31:32,115498.29,0.0
903595,703455,Credit Card,Completed,2023-05-12 21:40:09,53496.51,962.94
903596,703456,UPI,Completed,2023-01-07 20:07:01,244969.53,0.0
903597,703457,UPI,Completed,2024-05-28 20:29:47,9042.83,0.0
903598,703458,Net Banking,Completed,2024-12-29 23:24:00,260443.25,0.0
903599,703459,UPI,Completed,2025-01-28 14:43:52,4803.07,0.0
903600,703460,UPI,Completed,2024-09-29 20:40:24,4647.48,0.0
903601,703461,UPI,Completed,2023-07-31 20:01:45,101604.39,0.0
903602,703462,Wallet,Completed,2023-10-03 14:02:02,489.44,0.0
903603,703463,Debit Card,Failed,2025-10-01 11:02:41,7288.59,131.19
903604,703464,UPI,Completed,2025-10-08 16:30:01,91880.07,0.0
903605,703465,Credit Card,Refunded,2025-03-22 20:43:02,360747.9,6493.46
903606,703466,Debit Card,Completed,2025-03-10 19:39:15,717.95,12.92
903607,703467,Debit Card,Failed,2024-12-27 23:44:54,183294.84,3299.31
903608,703468,UPI,Completed,2023-10-25 21:14:50,59230.57,0.0
903609,703469,Debit Card,Completed,2024-08-02 22:18:31,41748.82,751.48
903610,703470,UPI,Completed,2025-04-18 19:20:49,2053.43,0.0
903611,703471,Credit Card,Completed,2024-11-02 19:02:33,8566.48,154.2
903612,703472,Debit Card,Completed,2023-01-30 19:48:49,47881.57,861.87
903613,703473,Debit Card,Completed,2025-11-20 21:16:17,7099.6,127.79
903614,703474,UPI,Completed,2025-09-23 19:25:44,110967.88,0.0
903615,703474,UPI,Failed,2025-09-23 19:22:44,110967.88,0.0
903616,703475,UPI,Completed,2023-12-23 19:46:02,2781.56,0.0
903617,703476,Credit Card,Completed,2025-01-16 23:45:35,10281.66,185.07
903618,703477,Cash on Delivery,Completed,2025-11-03 23:57:46,80091.13,0.0
903619,703478,Debit Card,Completed,2023-06-11 19:34:51,6445.4,116.02
903620,703479,UPI,Completed,2024-10-15 18:20:06,186316.0,0.0
903621,703480,Credit Card,Completed,2024-09-01 17:07:47,57978.25,1043.61
903622,703481,Debit Card,Failed,2024-07-08 21:28:13,2527.93,45.5
903623,703481,Debit Card,Failed,2024-07-08 21:08:13,2527.93,0.0
903624,703482,UPI,Completed,2025-09-13 18:32:07,73160.16,0.0
903625,703483,Debit Card,Completed,2024-05-28 14:58:35,280642.6,5051.57
903626,703483,Debit Card,Failed,2024-05-28 14:39:35,280642.6,0.0
903627,703484,UPI,Refunded,2023-04-23 22:18:24,2920.39,0.0
903628,703485,UPI,Completed,2023-04-27 17:06:23,228180.96,0.0
903629,703486,UPI,Completed,2023-03-16 16:16:59,1768.1,0.0
903630,703487,Debit Card,Completed,2024-07-06 20:28:14,4799.2,86.39
903631,703488,Wallet,Pending,2025-05-12 23:26:06,7557.03,0.0
903632,703489,UPI,Completed,2023-10-26 15:28:25,168435.86,0.0
903633,703490,Cash on Delivery,Completed,2025-02-16 22:48:56,509.91,0.0
903634,703491,UPI,Refunded,2025-04-07 18:47:40,84933.75,0.0
903635,703492,Credit Card,Completed,2023-12-18 21:23:02,5308.65,95.56
903636,703493,Wallet,Completed,2024-12-29 15:32:39,1684.19,0.0
903637,703494,Cash on Delivery,Pending,2025-04-05 14:41:14,6549.48,0.0
903638,703495,Cash on Delivery,Completed,2024-09-16 20:49:31,1276.35,0.0
903639,703496,Debit Card,Completed,2024-04-03 21:02:57,139446.75,2510.04
903640,703497,Cash on Delivery,Completed,2025-01-20 20:52:05,160187.98,0.0
903641,703498,Credit Card,Completed,2025-12-17 17:49:16,7933.36,142.8
903642,703499,UPI,Completed,2024-07-31 10:02:54,150788.77,0.0
903643,703500,UPI,Completed,2024-06-12 19:11:27,6452.32,0.0
903644,703501,Net Banking,Completed,2024-09-13 14:42:32,34961.96,0.0
903645,703502,Cash on Delivery,Completed,2023-05-13 20:47:38,2984.98,0.0
903646,703503,Debit Card,Refunded,2024-11-11 19:23:16,2527.93,45.5
903647,703504,Debit Card,Completed,2024-03-22 21:51:56,3605.03,64.89
903648,703505,UPI,Completed,2023-07-25 12:52:29,5694.91,0.0
903649,703506,Cash on Delivery,Refunded,2024-09-15 20:31:53,4744.62,0.0
903650,703507,Cash on Delivery,Pending,2023-01-07 14:38:12,172577.27,0.0
903651,703508,Net Banking,Completed,2024-06-26 19:28:15,511.79,0.0
903652,703509,Debit Card,Completed,2023-06-28 21:57:11,7944.42,143.0
903653,703509,Debit Card,Failed,2023-06-28 21:40:11,7944.42,0.0
903654,703510,Net Banking,Completed,2023-02-09 13:18:42,39579.15,0.0
903655,703511,Cash on Delivery,Completed,2025-08-31 21:48:57,1357357.0,0.0
903656,703512,Cash on Delivery,Completed,2025-10-31 23:10:27,166450.82,0.0
903657,703513,Cash on Delivery,Completed,2023-10-28 16:12:18,279553.59,0.0
903658,703514,UPI,Completed,2024-11-04 19:21:24,926.36,0.0
903659,703515,Credit Card,Completed,2024-01-12 16:27:46,102653.9,1847.77
903660,703516,Credit Card,Completed,2024-10-09 21:16:07,97374.7,1752.74
903661,703517,Debit Card,Completed,2024-08-10 23:36:42,9223.48,166.02
903662,703518,Wallet,Completed,2023-12-30 19:40:23,6048.37,0.0
903663,703519,UPI,Completed,2025-04-24 23:23:25,12821.45,0.0
903664,703520,Cash on Delivery,Completed,2023-08-03 23:57:17,81858.65,0.0
903665,703521,UPI,Pending,2023-04-04 17:44:00,10787.59,0.0
903666,703522,UPI,Completed,2025-07-04 17:25:12,177966.86,0.0
903667,703523,Debit Card,Completed,2025-03-12 23:11:42,128889.08,2320.0
903668,703524,UPI,Completed,2024-10-12 23:06:46,139353.29,0.0
903669,703525,UPI,Completed,2024-09-17 15:28:15,107246.58,0.0
903670,703526,UPI,Completed,2024-10-12 17:28:28,3656.1,0.0
903671,703527,Net Banking,Completed,2024-08-10 18:39:21,531.85,0.0
903672,703528,Wallet,Completed,2024-06-13 22:54:18,5519.04,0.0
903673,703529,UPI,Pending,2024-10-13 19:45:29,2084.31,0.0
903674,703530,Wallet,Completed,2024-10-29 15:36:18,157288.19,0.0
903675,703531,Cash on Delivery,Pending,2025-04-13 13:04:12,3711.84,0.0
903676,703532,Credit Card,Completed,2025-05-05 18:40:56,4372.1,78.7
903677,703533,Cash on Delivery,Completed,2024-05-25 22:46:48,1389.54,0.0
903678,703534,Cash on Delivery,Pending,2024-07-13 13:16:45,1667.45,0.0
903679,703535,Net Banking,Completed,2024-05-20 14:00:58,9642.19,0.0
903680,703536,UPI,Refunded,2024-11-02 09:57:28,5804.77,0.0
903681,703537,UPI,Completed,2024-08-29 18:12:04,169351.88,0.0
903682,703538,Debit Card,Completed,2025-10-19 15:49:13,13708.4,246.75
903683,703539,Cash on Delivery,Completed,2025-04-19 18:21:15,72157.36,0.0
903684,703540,UPI,Refunded,2025-10-23 18:13:35,40423.33,0.0
903685,703541,UPI,Completed,2025-05-03 19:41:20,8156.8,0.0
903686,703542,Cash on Delivery,Completed,2025-12-09 20:25:17,1117.06,0.0
903687,703543,UPI,Completed,2025-02-03 20:10:15,65573.43,0.0
903688,703544,Debit Card,Completed,2025-12-01 19:07:55,7937.26,142.87
903689,703545,Wallet,Completed,2023-09-17 18:44:47,88385.8,0.0
903690,703546,Credit Card,Completed,2023-04-03 19:12:04,75997.03,1367.95
903691,703547,UPI,Failed,2024-12-09 19:42:57,117397.05,0.0
903692,703548,Net Banking,Completed,2025-12-21 19:06:23,239468.7,0.0
903693,703549,Net Banking,Failed,2024-07-18 19:55:20,398934.86,0.0
903694,703549,Net Banking,Failed,2024-07-18 19:41:20,398934.86,0.0
903695,703550,UPI,Pending,2023-10-31 20:49:27,122535.6,0.0
903696,703551,Credit Card,Completed,2024-10-25 15:15:45,1389.54,25.01
903697,703552,Credit Card,Completed,2025-02-19 22:02:09,11478.19,206.61
903698,703553,UPI,Completed,2024-03-02 19:51:09,3539.1,0.0
903699,703554,Debit Card,Completed,2025-05-09 18:40:38,499.41,8.99
903700,703555,Debit Card,Completed,2025-12-14 22:40:50,119324.63,2147.84
903701,703556,UPI,Completed,2025-10-22 23:57:27,104405.53,0.0
903702,703557,Cash on Delivery,Completed,2024-01-28 18:21:02,81978.92,0.0
903703,703558,Debit Card,Completed,2024-03-19 23:03:33,5196.77,93.54
903704,703559,UPI,Completed,2024-05-18 17:30:54,8510.15,0.0
903705,703560,UPI,Completed,2024-06-16 16:41:01,498.98,0.0
903706,703561,Debit Card,Completed,2023-06-18 18:02:36,2697.3,48.55
903707,703562,Credit Card,Completed,2025-06-27 23:55:27,9409.44,169.37
903708,703563,Credit Card,Completed,2024-05-11 13:03:34,11278.23,203.01
903709,703564,Debit Card,Completed,2025-10-14 20:25:35,3719.16,66.94
903710,703564,Debit Card,Failed,2025-10-14 20:16:35,3719.16,0.0
903711,703565,UPI,Completed,2025-11-05 12:30:12,21418.79,0.0
903712,703566,Debit Card,Completed,2023-02-10 19:05:59,8046.97,144.85
903713,703567,Wallet,Completed,2025-12-25 22:12:39,41372.73,0.0
903714,703568,UPI,Completed,2025-05-04 23:01:58,509.24,0.0
903715,703569,Debit Card,Completed,2024-10-24 18:11:25,73594.8,1324.71
903716,703570,Debit Card,Completed,2024-06-09 20:41:59,926.36,16.67
903717,703571,Credit Card,Completed,2024-10-23 16:20:57,79242.67,1426.37
903718,703572,Debit Card,Completed,2024-03-16 18:53:33,52906.87,952.32
903719,703573,UPI,Completed,2025-01-23 21:29:14,5219.93,0.0
903720,703574,Cash on Delivery,Completed,2023-06-06 22:11:09,158451.06,0.0
903721,703575,UPI,Refunded,2025-01-21 15:13:11,158295.51,0.0
903722,703576,UPI,Completed,2024-01-08 15:11:49,259374.71,0.0
903723,703577,Debit Card,Completed,2023-01-29 18:37:42,39496.97,710.95
903724,703578,Cash on Delivery,Completed,2024-11-11 23:57:18,271784.4,0.0
903725,703579,Credit Card,Refunded,2024-12-08 18:23:18,926.36,16.67
903726,703580,UPI,Completed,2024-07-30 23:25:50,1320.06,0.0
903727,703581,UPI,Completed,2023-05-07 23:34:03,757.83,0.0
903728,703582,Cash on Delivery,Completed,2025-10-20 18:53:36,5055.86,0.0
903729,703583,Credit Card,Completed,2025-01-10 23:17:48,56471.07,1016.48
903730,703584,UPI,Completed,2023-07-15 17:38:53,16504.5,0.0
903731,703585,Cash on Delivery,Refunded,2024-10-19 21:23:40,3281.57,0.0
903732,703586,UPI,Refunded,2024-10-12 22:17:53,16525.53,0.0
903733,703587,UPI,Failed,2023-04-17 18:23:02,926.36,0.0
903734,703588,UPI,Completed,2025-01-04 23:29:02,15792.26,0.0
903735,703589,Wallet,Completed,2025-08-14 18:07:28,165289.08,0.0
903736,703590,UPI,Completed,2025-06-12 18:50:14,7892.78,0.0
903737,703591,Cash on Delivery,Refunded,2023-10-25 10:00:18,9430.03,0.0
903738,703592,UPI,Completed,2025-10-06 23:07:51,121142.64,0.0
903739,703593,Debit Card,Completed,2024-04-11 20:16:01,1181.11,21.26
903740,703594,Cash on Delivery,Completed,2025-11-14 23:01:05,926.36,0.0
903741,703595,Cash on Delivery,Completed,2023-05-06 14:58:58,1232.39,0.0
903742,703596,UPI,Completed,2024-10-05 21:00:54,83948.09,0.0
903743,703597,UPI,Completed,2024-12-27 17:24:03,5982.22,0.0
903744,703598,Debit Card,Completed,2023-12-06 19:47:17,56674.94,1020.15
903745,703599,Cash on Delivery,Completed,2025-07-08 13:59:14,55826.99,0.0
903746,703600,Cash on Delivery,Completed,2025-01-26 23:06:18,130420.58,0.0
903747,703601,Debit Card,Completed,2023-01-29 19:09:12,10411.22,187.4
903748,703602,UPI,Completed,2025-01-06 18:44:28,202446.56,0.0
903749,703603,Debit Card,Completed,2024-10-08 21:20:29,128588.91,2314.6
903750,703604,UPI,Completed,2023-10-21 22:38:42,13380.74,0.0
903751,703605,UPI,Refunded,2025-12-29 19:38:57,1389.54,0.0
903752,703606,UPI,Completed,2025-10-22 20:52:21,1023.97,0.0
903753,703607,Cash on Delivery,Completed,2024-01-29 19:14:40,833.72,0.0
903754,703608,Cash on Delivery,Completed,2024-11-05 15:26:14,121659.63,0.0
903755,703609,Wallet,Completed,2024-03-04 23:05:30,9976.67,0.0
903756,703610,Cash on Delivery,Completed,2025-07-13 11:07:15,10058.0,0.0
903757,703611,UPI,Completed,2025-11-07 23:11:51,2410.89,0.0
903758,703612,Debit Card,Completed,2024-05-04 18:06:03,285562.51,5140.13
903759,703613,Debit Card,Completed,2025-08-12 20:01:10,149338.96,2688.1
903760,703614,Credit Card,Completed,2024-10-12 20:23:56,5476.63,98.58
903761,703615,Net Banking,Completed,2024-06-19 16:42:19,75970.6,0.0
903762,703616,UPI,Completed,2025-11-10 15:31:21,6253.4,0.0
903763,703617,Debit Card,Completed,2024-10-19 19:55:43,271694.25,4890.5
903764,703618,Credit Card,Completed,2024-09-17 16:31:44,204044.0,3672.79
903765,703619,Credit Card,Completed,2025-03-21 20:20:33,137920.48,2482.57
903766,703620,UPI,Completed,2023-12-24 17:45:58,121970.12,0.0
903767,703621,Debit Card,Completed,2024-03-16 21:25:52,183191.94,3297.45
903768,703622,Credit Card,Completed,2025-11-08 17:06:20,77694.32,1398.5
903769,703623,UPI,Completed,2025-03-28 18:46:16,14549.32,0.0
903770,703624,UPI,Completed,2025-09-03 23:32:19,17808.16,0.0
903771,703625,UPI,Completed,2024-01-02 13:28:13,46508.76,0.0
903772,703626,Debit Card,Completed,2024-11-06 22:28:04,85049.53,1530.89
903773,703627,Credit Card,Completed,2025-12-10 20:16:05,98077.02,1765.39
903774,703627,Credit Card,Failed,2025-12-10 20:01:05,98077.02,0.0
903775,703628,Cash on Delivery,Completed,2024-03-07 12:25:38,44608.71,0.0
903776,703629,UPI,Completed,2023-09-21 18:20:41,7372.58,0.0
903777,703630,UPI,Completed,2024-10-19 17:52:00,15167.58,0.0
903778,703631,Wallet,Completed,2024-06-06 18:41:50,5889.58,0.0
903779,703632,UPI,Completed,2023-09-19 15:58:05,71120.53,0.0
903780,703633,Wallet,Completed,2025-10-18 18:41:56,274478.58,0.0
903781,703634,Cash on Delivery,Completed,2025-12-26 14:28:13,2983.87,0.0
903782,703635,UPI,Completed,2024-11-25 19:05:42,6161.38,0.0
903783,703636,Wallet,Completed,2025-07-12 18:29:10,150505.35,0.0
903784,703637,Cash on Delivery,Completed,2025-10-04 22:30:37,5476.63,0.0
903785,703638,Credit Card,Refunded,2025-04-24 23:53:27,7863.71,141.55
903786,703639,UPI,Completed,2023-03-19 21:04:42,90015.08,0.0
903787,703640,Credit Card,Completed,2023-09-16 21:25:46,151664.95,2729.97
903788,703641,Cash on Delivery,Completed,2023-05-05 17:35:52,2465.17,0.0
903789,703642,Debit Card,Completed,2023-01-20 20:04:07,10895.6,196.12
903790,703643,Net Banking,Completed,2024-02-17 12:48:44,154230.55,0.0
903791,703644,UPI,Completed,2024-06-13 14:53:04,34039.22,0.0
903792,703645,Debit Card,Completed,2023-11-25 17:20:56,8854.01,159.37
903793,703646,Credit Card,Completed,2023-04-25 16:09:17,499.47,8.99
903794,703647,Credit Card,Completed,2024-10-29 17:41:27,5075.83,91.36
903795,703648,Debit Card,Completed,2024-01-05 15:05:27,3201.5,57.63
903796,703649,UPI,Completed,2025-08-05 23:33:51,113676.53,0.0
903797,703650,Net Banking,Completed,2023-01-16 15:44:21,333958.87,0.0
903798,703651,Net Banking,Completed,2025-09-21 19:44:27,112353.98,0.0
903799,703652,Debit Card,Completed,2025-11-22 17:48:31,5590.48,100.63
903800,703653,Credit Card,Completed,2025-05-10 20:48:59,833.72,15.01
903801,703654,Net Banking,Completed,2025-05-26 16:55:17,4478.26,0.0
903802,703654,Net Banking,Failed,2025-05-26 16:52:17,4478.26,0.0
903803,703655,UPI,Completed,2025-11-08 20:49:20,40044.68,0.0
903804,703656,Credit Card,Completed,2023-10-29 16:13:30,2379.44,42.83
903805,703657,UPI,Completed,2025-12-28 23:18:41,43484.53,0.0
903806,703658,Debit Card,Completed,2025-07-11 22:40:06,4385.82,78.94
903807,703659,UPI,Completed,2025-05-20 21:54:43,3900.66,0.0
903808,703660,Credit Card,Completed,2024-05-06 23:36:53,40886.51,735.96
903809,703661,UPI,Failed,2024-11-07 10:07:35,2084.31,0.0
903810,703661,UPI,Failed,2024-11-07 10:02:35,2084.31,0.0
903811,703662,UPI,Completed,2025-02-25 23:44:43,4639.39,0.0
903812,703663,Debit Card,Completed,2025-01-21 13:40:18,833.72,15.01
903813,703664,Debit Card,Completed,2025-04-29 22:15:17,1595.44,28.72
903814,703665,Credit Card,Completed,2023-05-21 12:41:54,4277.08,76.99
903815,703666,Cash on Delivery,Completed,2024-04-30 21:38:30,10026.91,0.0
903816,703667,UPI,Completed,2024-08-08 17:27:32,4803.07,0.0
903817,703668,UPI,Completed,2023-12-23 12:53:15,741.09,0.0
903818,703669,Debit Card,Completed,2023-10-05 18:30:51,8221.78,147.99
903819,703670,UPI,Completed,2023-08-16 22:50:36,197484.85,0.0
903820,703671,UPI,Completed,2024-05-12 20:47:07,6866.17,0.0
903821,703672,UPI,Refunded,2024-10-09 15:36:44,3437.48,0.0
903822,703672,UPI,Failed,2024-10-09 15:23:44,3437.48,0.0
903823,703673,Cash on Delivery,Completed,2023-04-22 18:10:36,8510.15,0.0
903824,703674,UPI,Completed,2025-11-14 17:50:42,14109.99,0.0
903825,703675,Wallet,Completed,2025-07-01 20:58:36,32005.09,0.0
903826,703676,UPI,Pending,2025-05-24 22:28:46,182331.59,0.0
903827,703677,UPI,Completed,2023-10-05 18:25:13,9874.13,0.0
903828,703678,UPI,Failed,2024-12-31 23:18:04,539.18,0.0
903829,703679,Credit Card,Pending,2024-10-29 18:55:17,137262.7,2470.73
903830,703680,UPI,Completed,2025-12-21 13:59:57,42699.64,0.0
903831,703681,Net Banking,Failed,2025-06-10 21:41:57,103194.3,0.0
903832,703682,UPI,Completed,2024-12-05 19:47:47,101634.9,0.0
903833,703683,UPI,Completed,2025-09-30 18:05:48,173281.47,0.0
903834,703684,UPI,Completed,2023-09-12 18:07:29,100551.79,0.0
903835,703685,Debit Card,Failed,2023-01-26 22:35:09,57533.03,1035.59
903836,703686,UPI,Completed,2025-04-11 19:11:21,10059.27,0.0
903837,703687,Wallet,Completed,2023-06-15 18:00:52,3525.73,0.0
903838,703688,Wallet,Completed,2023-07-15 23:48:57,12992.19,0.0
903839,703689,Wallet,Refunded,2025-06-07 23:29:44,50863.77,0.0
903840,703690,Net Banking,Completed,2024-01-01 19:12:17,189980.4,0.0
903841,703691,UPI,Refunded,2025-01-27 23:12:09,101218.04,0.0
903842,703692,Cash on Delivery,Completed,2025-11-01 21:44:31,13031.64,0.0
903843,703693,UPI,Completed,2024-03-04 23:50:06,11487.78,0.0
903844,703693,UPI,Failed,2024-03-04 23:40:06,11487.78,0.0
903845,703694,Credit Card,Pending,2023-11-04 14:11:02,8510.15,153.18
903846,703695,Wallet,Completed,2023-06-29 22:16:07,58157.7,0.0
903847,703696,Cash on Delivery,Completed,2023-08-07 23:39:45,7269.55,0.0
903848,703697,UPI,Completed,2023-04-21 15:21:03,11221.24,0.0
903849,703698,Cash on Delivery,Completed,2023-05-28 15:54:50,16093.94,0.0
903850,703699,UPI,Completed,2024-08-06 19:55:57,13614.13,0.0
903851,703700,UPI,Completed,2024-03-10 19:22:44,6886.24,0.0
903852,703701,Wallet,Refunded,2025-05-01 18:45:38,15598.26,0.0
903853,703702,Cash on Delivery,Completed,2025-10-10 19:11:31,9540.57,0.0
903854,703703,Net Banking,Completed,2025-07-24 22:22:29,7113.92,0.0
903855,703704,Credit Card,Completed,2024-10-30 23:06:27,136544.77,2457.81
903856,703705,UPI,Completed,2023-06-22 22:15:20,190549.8,0.0
903857,703706,Cash on Delivery,Completed,2025-05-04 23:04:15,14011.6,0.0
903858,703707,Credit Card,Completed,2024-05-08 23:01:30,4899.22,88.19
903859,703708,Cash on Delivery,Completed,2023-05-26 16:43:02,108340.94,0.0
903860,703709,Credit Card,Completed,2025-09-21 22:25:36,8791.05,158.24
903861,703710,UPI,Completed,2024-04-05 16:52:18,122418.45,0.0
903862,703711,Cash on Delivery,Completed,2023-11-04 20:46:08,206590.94,0.0
903863,703712,Credit Card,Completed,2025-10-10 23:10:58,195827.33,3524.89
903864,703713,Cash on Delivery,Pending,2025-10-25 17:33:48,787.41,0.0
903865,703714,Credit Card,Completed,2024-04-06 17:55:51,274726.48,4945.08
903866,703715,UPI,Completed,2024-04-29 19:48:46,82263.85,0.0
903867,703716,Wallet,Completed,2024-12-10 15:53:06,3407.97,0.0
903868,703717,Net Banking,Completed,2025-05-26 20:22:35,1181.11,0.0
903869,703718,Credit Card,Completed,2023-04-23 14:39:10,2527.93,45.5
903870,703719,Credit Card,Completed,2024-12-24 19:27:52,85364.96,1536.57
903871,703720,Cash on Delivery,Completed,2025-11-19 23:03:33,4924.63,0.0
903872,703721,Debit Card,Completed,2023-12-24 17:51:38,11038.08,198.69
903873,703722,UPI,Completed,2025-10-28 17:39:14,135096.35,0.0
903874,703723,Cash on Delivery,Completed,2025-11-16 17:19:17,3539.1,0.0
903875,703724,Wallet,Completed,2023-12-31 11:50:49,42951.26,0.0
903876,703725,Wallet,Refunded,2025-06-18 10:40:17,7488.67,0.0
903877,703726,Wallet,Failed,2023-11-22 18:34:07,12970.81,0.0
903878,703727,UPI,Completed,2025-05-30 16:03:42,5519.04,0.0
903879,703728,Credit Card,Completed,2025-08-06 23:19:53,166955.17,3005.19
903880,703728,Credit Card,Failed,2025-08-06 23:02:53,166955.17,0.0
903881,703729,Wallet,Completed,2023-12-05 19:56:00,76613.59,0.0
903882,703730,Debit Card,Completed,2025-05-10 19:22:20,46194.25,831.5
903883,703731,UPI,Completed,2025-08-17 13:58:16,1677.76,0.0
903884,703732,Debit Card,Completed,2024-05-04 15:49:32,5496.1,98.93
903885,703733,Debit Card,Completed,2023-10-01 21:36:41,35714.27,642.86
903886,703734,UPI,Completed,2023-06-04 23:51:59,389573.13,0.0
903887,703735,UPI,Completed,2024-12-04 20:31:30,29186.39,0.0
903888,703736,Credit Card,Completed,2025-12-17 17:21:32,2974.3,53.54
903889,703737,Debit Card,Completed,2025-08-30 23:04:23,5702.04,102.64
903890,703738,UPI,Completed,2024-08-09 21:56:54,90787.33,0.0
903891,703738,UPI,Failed,2024-08-09 21:54:54,90787.33,0.0
903892,703739,Debit Card,Completed,2024-11-02 18:24:26,108173.76,1947.13
903893,703740,UPI,Completed,2024-01-15 13:41:56,3507.85,0.0
903894,703741,Net Banking,Completed,2023-09-25 20:05:06,8401.19,0.0
903895,703742,Credit Card,Completed,2024-10-03 19:27:44,85791.97,1544.26
903896,703743,Debit Card,Completed,2024-09-11 23:37:21,5662.18,101.92
903897,703743,Debit Card,Failed,2024-09-11 23:28:21,5662.18,0.0
903898,703744,UPI,Pending,2024-10-25 17:31:13,1830.8,0.0
903899,703745,UPI,Failed,2025-11-19 14:03:14,119417.27,0.0
903900,703746,Cash on Delivery,Pending,2024-12-31 18:29:00,3821.12,0.0
903901,703747,Wallet,Completed,2025-01-03 23:40:41,76225.35,0.0
903902,703748,Cash on Delivery,Completed,2023-08-05 19:34:37,183951.04,0.0
903903,703749,Cash on Delivery,Completed,2025-12-29 18:57:00,8705.74,0.0
903904,703750,Credit Card,Completed,2025-07-10 23:23:33,11501.26,207.02
903905,703751,Credit Card,Completed,2025-10-13 14:06:25,9158.6,164.85
903906,703752,Debit Card,Completed,2024-07-13 21:44:19,7255.96,130.61
903907,703753,Debit Card,Completed,2024-10-14 18:59:30,7583.79,136.51
903908,703754,Debit Card,Completed,2024-10-25 21:58:20,5291.36,95.24
903909,703755,Cash on Delivery,Completed,2023-10-19 22:53:08,5345.89,0.0
903910,703756,Credit Card,Completed,2025-04-10 18:01:21,11031.95,198.58
903911,703757,Net Banking,Completed,2025-10-25 16:28:39,3468.8,0.0
903912,703758,Cash on Delivery,Completed,2023-09-26 18:10:58,14017.88,0.0
903913,703759,UPI,Refunded,2023-05-26 19:30:35,33628.39,0.0
903914,703760,UPI,Failed,2025-05-30 23:44:44,28967.94,0.0
903915,703761,Debit Card,Completed,2024-01-05 15:06:36,364079.17,6553.43
903916,703762,Cash on Delivery,Completed,2025-01-24 23:54:26,9521.32,0.0
903917,703763,UPI,Completed,2025-04-18 23:59:47,39282.2,0.0
903918,703764,Debit Card,Completed,2024-03-12 14:45:28,222977.38,4013.59
903919,703765,Credit Card,Failed,2025-08-21 14:28:16,42015.36,756.28
903920,703765,Credit Card,Failed,2025-08-21 14:16:16,42015.36,0.0
903921,703766,Wallet,Refunded,2024-11-09 16:16:03,537.39,0.0
903922,703767,UPI,Completed,2025-10-09 19:59:44,4914.42,0.0
903923,703768,Wallet,Completed,2025-06-29 20:17:00,148156.18,0.0
903924,703768,Wallet,Failed,2025-06-29 20:03:00,148156.18,0.0
903925,703769,Debit Card,Completed,2025-10-09 09:41:31,2984.98,53.73
903926,703770,Net Banking,Completed,2023-02-01 23:15:02,7192.27,0.0
903927,703771,Cash on Delivery,Completed,2023-11-29 23:55:40,32720.96,0.0
903928,703772,Credit Card,Completed,2023-05-31 11:02:22,3075.1,55.35
903929,703773,UPI,Completed,2024-08-14 21:01:36,8845.96,0.0
903930,703774,UPI,Failed,2025-10-19 11:17:27,80175.05,0.0
903931,703775,Debit Card,Completed,2024-09-17 22:03:00,93208.57,1677.75
903932,703775,Debit Card,Failed,2024-09-17 21:52:00,93208.57,0.0
903933,703776,UPI,Completed,2025-09-29 23:45:26,40168.98,0.0
903934,703777,Cash on Delivery,Pending,2024-03-20 19:29:24,142394.03,0.0
903935,703778,Debit Card,Pending,2024-04-07 18:18:46,5519.04,99.34
903936,703779,UPI,Completed,2025-10-21 17:23:26,59413.6,0.0
903937,703780,UPI,Completed,2024-07-29 18:37:38,127464.24,0.0
903938,703781,UPI,Completed,2025-07-30 23:08:20,2779.08,0.0
903939,703782,Credit Card,Completed,2023-11-18 16:12:33,42353.03,762.35
903940,703783,UPI,Completed,2025-11-15 22:47:05,2921.63,0.0
903941,703784,Debit Card,Completed,2024-12-03 15:42:57,137111.92,2468.01
903942,703785,Credit Card,Completed,2025-06-24 17:11:43,2064.46,37.16
903943,703786,UPI,Refunded,2023-05-31 17:23:36,150887.29,0.0
903944,703787,Cash on Delivery,Completed,2024-10-09 19:06:21,90044.82,0.0
903945,703788,UPI,Completed,2025-10-24 20:53:59,67985.08,0.0
903946,703789,Cash on Delivery,Completed,2025-10-13 23:40:27,49347.55,0.0
903947,703790,Credit Card,Completed,2023-03-24 18:51:30,1613.17,29.04
903948,703791,Debit Card,Failed,2024-02-13 23:53:52,328351.86,5910.33
903949,703792,Credit Card,Completed,2024-08-15 15:57:14,191438.33,3445.89
903950,703793,Net Banking,Completed,2023-10-05 19:29:25,21197.9,0.0
903951,703794,Credit Card,Completed,2025-05-23 18:24:06,192734.36,3469.22
903952,703795,Cash on Delivery,Completed,2023-10-13 22:17:24,2527.93,0.0
903953,703796,Wallet,Completed,2024-04-17 14:23:48,29027.76,0.0
903954,703797,Credit Card,Completed,2025-03-09 19:16:43,12959.85,233.28
903955,703798,Wallet,Completed,2024-10-03 18:14:11,68812.3,0.0
903956,703799,Cash on Delivery,Completed,2025-05-31 14:05:54,198411.21,0.0
903957,703800,Credit Card,Completed,2025-11-29 23:40:08,6006.99,108.13
903958,703801,Net Banking,Completed,2023-07-17 16:17:49,139420.5,0.0
903959,703802,UPI,Completed,2025-05-04 19:45:10,111809.65,0.0
903960,703803,UPI,Completed,2023-11-12 12:36:05,36079.02,0.0
903961,703804,Credit Card,Completed,2024-07-14 17:33:58,18036.2,324.65
903962,703804,Credit Card,Failed,2024-07-14 17:31:58,18036.2,0.0
903963,703805,Debit Card,Completed,2023-02-26 20:36:42,70719.6,1272.95
903964,703806,UPI,Completed,2023-08-13 19:55:34,75222.41,0.0
903965,703807,UPI,Completed,2024-03-09 16:50:37,194204.66,0.0
903966,703808,Cash on Delivery,Completed,2024-04-10 23:47:53,12526.78,0.0
903967,703809,Cash on Delivery,Completed,2025-10-23 10:01:41,318986.48,0.0
903968,703810,UPI,Pending,2025-06-03 22:30:25,158451.06,0.0
903969,703811,Credit Card,Completed,2025-12-11 21:36:30,10242.43,184.36
903970,703811,Credit Card,Failed,2025-12-11 21:27:30,10242.43,0.0
903971,703812,UPI,Completed,2024-12-28 23:17:54,207978.28,0.0
903972,703813,UPI,Completed,2023-11-26 18:54:34,6692.49,0.0
903973,703814,Credit Card,Completed,2024-03-20 11:34:36,6402.99,115.25
903974,703815,Debit Card,Completed,2024-03-09 15:29:27,1760.08,31.68
903975,703816,UPI,Completed,2024-03-19 23:03:44,4065.51,0.0
903976,703817,Cash on Delivery,Completed,2025-03-21 23:12:57,131613.23,0.0
903977,703818,Wallet,Completed,2024-10-30 14:53:16,17794.55,0.0
903978,703819,Debit Card,Failed,2024-06-03 16:39:13,4044.69,72.8
903979,703820,Debit Card,Refunded,2023-09-02 21:31:54,39209.4,705.77
903980,703821,Debit Card,Completed,2023-02-05 17:48:54,53383.05,960.89
903981,703822,UPI,Completed,2023-11-05 15:40:23,61892.28,0.0
903982,703823,Debit Card,Completed,2023-07-01 12:57:46,108245.98,1948.43
903983,703824,UPI,Refunded,2025-07-25 17:26:31,259152.22,0.0
903984,703825,Debit Card,Completed,2023-07-10 22:50:28,59458.93,1070.26
903985,703826,UPI,Completed,2025-05-17 16:07:17,215322.99,0.0
903986,703827,Wallet,Completed,2024-06-03 17:54:29,59462.88,0.0
903987,703828,Credit Card,Refunded,2023-05-09 20:47:01,6306.45,113.52
903988,703829,Debit Card,Completed,2025-08-18 18:16:39,240197.09,4323.55
903989,703830,UPI,Completed,2024-12-10 19:39:44,136123.79,0.0
903990,703831,Cash on Delivery,Completed,2023-11-17 20:51:20,3368.0,0.0
903991,703832,Net Banking,Completed,2025-10-21 17:40:13,3190.88,0.0
903992,703833,Debit Card,Completed,2023-03-21 18:59:47,110846.19,1995.23
903993,703834,UPI,Completed,2023-10-24 15:21:45,142881.68,0.0
903994,703835,Net Banking,Completed,2025-06-15 17:48:43,10675.91,0.0
903995,703836,UPI,Completed,2025-05-04 18:44:17,11640667.0,0.0
903996,703837,UPI,Completed,2024-01-26 23:21:01,6428.3,0.0
903997,703838,Debit Card,Completed,2023-04-21 19:49:00,6717.74,120.92
903998,703839,Wallet,Completed,2025-10-04 23:30:08,50859.28,0.0
903999,703840,Credit Card,Completed,2024-02-28 14:09:30,1756.22,31.61
904000,703841,Credit Card,Failed,2023-10-20 14:56:35,213613.1,3845.04
904001,703842,UPI,Completed,2024-10-22 14:37:17,7728.97,0.0
904002,703843,UPI,Completed,2025-10-28 19:27:52,148847.4,0.0
904003,703844,Wallet,Completed,2023-03-18 19:27:51,114938.89,0.0
904004,703845,UPI,Completed,2025-07-02 22:11:49,45099.82,0.0
904005,703846,Wallet,Completed,2024-12-01 15:16:34,2359.36,0.0
904006,703847,UPI,Completed,2024-07-29 23:52:51,5982.22,0.0
904007,703848,UPI,Failed,2025-06-06 11:03:30,533.73,0.0
904008,703849,Wallet,Refunded,2025-12-04 14:14:30,148634.49,0.0
904009,703850,Cash on Delivery,Completed,2023-11-12 19:33:16,115427.25,0.0
904010,703851,Debit Card,Completed,2023-08-24 19:06:26,112027.62,2016.5
904011,703852,Credit Card,Completed,2025-10-30 20:07:24,186703.7,3360.67
904012,703853,UPI,Completed,2025-03-16 10:21:01,926.36,0.0
904013,703854,UPI,Completed,2024-08-11 23:11:22,5397.54,0.0
904014,703855,Debit Card,Completed,2024-12-01 20:22:27,45780.22,824.04
904015,703856,Debit Card,Completed,2025-06-08 22:39:32,3082.79,55.49
904016,703857,Cash on Delivery,Completed,2025-07-10 23:02:01,5125.98,0.0
904017,703858,Cash on Delivery,Pending,2025-11-02 08:13:48,106168.4,0.0
904018,703859,UPI,Completed,2024-07-31 18:37:01,132715.38,0.0
904019,703860,Credit Card,Completed,2024-01-30 18:19:14,10111.72,182.01
904020,703861,UPI,Completed,2025-02-08 22:55:45,43098.96,0.0
904021,703862,Net Banking,Completed,2024-07-15 16:18:06,399.73,0.0
904022,703863,UPI,Completed,2024-12-25 23:40:22,84680.96,0.0
904023,703864,UPI,Completed,2024-07-21 15:44:11,49607.4,0.0
904024,703865,Cash on Delivery,Completed,2023-09-08 20:16:02,6150.2,0.0
904025,703866,UPI,Completed,2024-09-19 12:06:34,81058.92,0.0
904026,703867,Debit Card,Completed,2025-04-12 18:57:06,127709.88,2298.78
904027,703868,Debit Card,Completed,2025-08-08 14:22:06,14918.27,268.53
904028,703868,Debit Card,Failed,2025-08-08 14:14:06,14918.27,0.0
904029,703869,Credit Card,Completed,2024-10-09 20:52:14,17640.89,317.54
904030,703870,Cash on Delivery,Completed,2023-09-29 18:03:23,127889.76,0.0
904031,703871,Credit Card,Refunded,2024-07-14 19:27:43,11544.09,207.79
904032,703872,Credit Card,Completed,2025-07-26 19:13:36,2692.0,48.46
904033,703873,UPI,Completed,2024-07-12 21:13:46,2439.2,0.0
904034,703874,Credit Card,Completed,2025-04-19 20:47:56,126661.16,2279.9
904035,703875,Debit Card,Completed,2024-10-17 12:19:24,4914.96,88.47
904036,703876,UPI,Completed,2023-11-26 17:19:40,75013.57,0.0
904037,703877,Net Banking,Failed,2025-08-05 20:47:15,56685.3,0.0
904038,703878,Net Banking,Completed,2023-05-23 13:55:28,5890.36,0.0
904039,703879,Credit Card,Completed,2024-10-27 17:05:29,53091.24,955.64
904040,703880,Debit Card,Completed,2023-10-29 19:10:22,236683.92,4260.31
904041,703881,UPI,Refunded,2023-04-30 23:12:10,127464.24,0.0
904042,703882,UPI,Completed,2024-10-15 18:17:55,102180.85,0.0
904043,703883,Credit Card,Completed,2024-10-13 19:15:44,42261.31,760.7
904044,703884,Cash on Delivery,Completed,2025-05-01 22:45:29,85594.61,0.0
904045,703885,Net Banking,Refunded,2025-06-07 19:15:46,4380.65,0.0
904046,703886,Debit Card,Completed,2025-05-21 20:53:17,3176.38,57.17
904047,703887,Net Banking,Completed,2024-07-07 20:33:27,8873.35,0.0
904048,703888,UPI,Pending,2025-01-30 12:16:31,192959.43,0.0
904049,703889,Cash on Delivery,Completed,2024-12-06 12:03:18,14639.88,0.0
904050,703890,Cash on Delivery,Pending,2024-07-24 16:45:55,17372.2,0.0
904051,703891,Cash on Delivery,Completed,2024-12-27 17:55:39,3407.97,0.0
904052,703892,Debit Card,Completed,2025-11-15 21:53:47,4984.29,89.72
904053,703893,Net Banking,Completed,2023-10-18 23:14:04,926.36,0.0
904054,703893,Net Banking,Failed,2023-10-18 23:12:04,926.36,0.0
904055,703894,Debit Card,Completed,2025-10-26 20:16:04,233926.09,4210.67
904056,703895,UPI,Completed,2023-04-05 18:04:08,11906.27,0.0
904057,703896,Wallet,Completed,2024-02-20 19:50:44,17694.17,0.0
904058,703897,Debit Card,Completed,2024-01-25 15:11:27,325494.49,5858.9
904059,703898,UPI,Completed,2025-01-25 20:18:39,503.28,0.0
904060,703898,UPI,Failed,2025-01-25 19:58:39,503.28,0.0
904061,703899,UPI,Completed,2023-08-08 17:13:23,3847.99,0.0
904062,703900,UPI,Completed,2025-10-15 18:01:56,6107.88,0.0
904063,703901,UPI,Completed,2025-09-05 23:23:25,2022.34,0.0
904064,703902,UPI,Completed,2025-02-23 09:05:52,8337.19,0.0
904065,703903,UPI,Completed,2024-09-05 21:46:44,67608.03,0.0
904066,703904,UPI,Completed,2025-11-08 19:17:36,121427.06,0.0
904067,703905,Net Banking,Completed,2025-09-07 23:23:26,43877.17,0.0
904068,703906,Credit Card,Completed,2024-10-13 19:00:11,926.36,16.67
904069,703907,UPI,Completed,2025-04-26 22:54:28,335572.88,0.0
904070,703908,Credit Card,Completed,2024-11-23 23:38:30,6909.4,124.37
904071,703909,Debit Card,Completed,2024-12-20 14:00:06,113029.54,2034.53
904072,703910,Cash on Delivery,Pending,2024-03-25 21:04:52,4901.67,0.0
904073,703911,Credit Card,Completed,2024-09-09 16:10:58,1240.83,22.33
904074,703912,Net Banking,Completed,2023-05-15 18:16:00,132172.22,0.0
904075,703913,UPI,Completed,2024-05-02 14:24:21,5149.78,0.0
904076,703914,Wallet,Refunded,2025-04-18 13:59:25,10434.18,0.0
904077,703915,UPI,Refunded,2025-11-20 19:54:05,111101.73,0.0
904078,703916,UPI,Completed,2025-12-01 16:02:53,78805.25,0.0
904079,703917,UPI,Completed,2024-11-13 22:53:35,113110.68,0.0
904080,703917,UPI,Failed,2024-11-13 22:42:35,113110.68,0.0
904081,703918,Credit Card,Completed,2025-01-04 20:21:03,7461.78,134.31
904082,703919,UPI,Failed,2023-10-14 23:59:04,64584.69,0.0
904083,703920,UPI,Completed,2025-04-18 22:58:57,9995.81,0.0
904084,703921,Debit Card,Completed,2023-05-05 16:30:25,206122.29,3710.2
904085,703922,Net Banking,Completed,2024-01-21 18:44:55,257283.38,0.0
904086,703923,Debit Card,Completed,2025-03-15 22:31:31,514.03,9.25
904087,703924,Cash on Delivery,Completed,2024-02-23 22:58:32,2967.95,0.0
904088,703925,Credit Card,Completed,2023-03-29 17:20:30,35459.98,638.28
904089,703926,UPI,Completed,2025-09-09 18:11:19,11854.14,0.0
904090,703927,UPI,Pending,2024-02-24 23:24:37,160784.96,0.0
904091,703928,Debit Card,Refunded,2023-04-22 16:26:48,2846.03,51.23
904092,703929,Credit Card,Completed,2023-05-11 19:21:54,10986.51,197.76
904093,703930,Cash on Delivery,Completed,2023-12-12 17:10:31,200012.94,0.0
904094,703931,UPI,Completed,2023-10-08 22:07:19,5617.54,0.0
904095,703932,UPI,Failed,2025-07-12 18:24:03,39496.97,0.0
904096,703932,UPI,Failed,2025-07-12 18:20:03,39496.97,0.0
904097,703933,Credit Card,Completed,2024-03-11 15:36:31,10988.99,197.8
904098,703934,Cash on Delivery,Failed,2025-08-11 17:35:10,373741.47,0.0
904099,703935,UPI,Completed,2023-10-06 19:35:24,3466.41,0.0
904100,703936,UPI,Failed,2024-10-09 23:46:18,2473.02,0.0
904101,703937,Credit Card,Completed,2025-04-09 12:17:47,6903.79,124.27
904102,703938,Credit Card,Failed,2025-02-23 23:49:09,797.72,14.36
904103,703939,Cash on Delivery,Pending,2024-12-29 23:33:34,11078.31,0.0
904104,703940,UPI,Completed,2025-11-04 17:54:02,13011.93,0.0
904105,703941,UPI,Completed,2023-11-11 13:28:42,204242.49,0.0
904106,703942,UPI,Completed,2024-10-09 19:56:11,1852.72,0.0
904107,703943,Debit Card,Completed,2025-10-16 21:28:02,8541.8,153.75
904108,703944,Cash on Delivery,Completed,2023-05-15 23:46:36,7223.24,0.0
904109,703945,UPI,Completed,2023-04-09 16:09:55,6908.58,0.0
904110,703946,Wallet,Completed,2023-11-14 18:34:05,44385.5,0.0
904111,703946,Wallet,Failed,2023-11-14 18:15:05,44385.5,0.0
904112,703947,UPI,Completed,2025-01-31 22:04:57,90285.98,0.0
904113,703948,Debit Card,Completed,2023-12-23 20:30:09,158410.68,2851.39
904114,703949,Debit Card,Completed,2023-10-17 23:29:25,201663.09,3629.94
904115,703950,Credit Card,Completed,2024-09-05 15:20:16,8012.23,144.22
904116,703951,Debit Card,Completed,2025-01-13 14:20:02,5935.38,106.84
904117,703952,Debit Card,Completed,2023-12-07 23:05:44,5519.04,99.34
904118,703953,Cash on Delivery,Failed,2024-02-09 13:45:47,5315.76,0.0
904119,703954,UPI,Completed,2025-01-13 18:00:57,1250.59,0.0
904120,703955,Debit Card,Completed,2025-11-14 23:11:32,5742.32,103.36
904121,703956,UPI,Completed,2025-03-23 23:27:06,252984.83,0.0
904122,703957,Cash on Delivery,Completed,2025-07-22 23:30:51,281018.82,0.0
904123,703958,UPI,Failed,2024-05-13 23:31:08,264525.05,0.0
904124,703959,Cash on Delivery,Completed,2024-01-04 17:52:11,92878.78,0.0
904125,703960,UPI,Completed,2024-08-30 15:19:37,5935.9,0.0
904126,703960,UPI,Failed,2024-08-30 14:59:37,5935.9,0.0
904127,703961,UPI,Refunded,2025-08-13 13:50:09,4803.07,0.0
904128,703962,Cash on Delivery,Completed,2024-09-02 16:11:47,10041.93,0.0
904129,703963,Credit Card,Completed,2025-09-26 15:34:14,7835.76,141.04
904130,703964,Cash on Delivery,Refunded,2025-12-25 17:58:17,39960.15,0.0
904131,703965,UPI,Completed,2023-05-07 17:43:36,85191.46,0.0
904132,703966,UPI,Completed,2023-03-21 17:22:37,99023.69,0.0
904133,703967,Debit Card,Completed,2023-09-03 22:44:29,926.36,16.67
904134,703968,Credit Card,Completed,2024-06-01 19:55:34,235943.84,4246.99
904135,703969,UPI,Completed,2023-08-08 16:10:21,108722.32,0.0
904136,703970,Credit Card,Failed,2025-10-10 20:13:26,132617.51,2387.12
904137,703971,Debit Card,Completed,2023-02-07 10:34:02,268793.29,4838.28
904138,703972,UPI,Completed,2024-03-03 18:02:50,5055.86,0.0
904139,703973,Credit Card,Completed,2023-10-13 20:10:45,5141.45,92.55
904140,703974,Net Banking,Completed,2025-11-07 23:15:29,147762.45,0.0
904141,703975,Cash on Delivery,Completed,2025-03-17 11:21:39,24251.37,0.0
904142,703976,Credit Card,Failed,2025-10-29 20:39:06,230634.09,4151.41
904143,703977,Debit Card,Completed,2025-12-11 19:24:48,513.96,9.25
904144,703978,Credit Card,Refunded,2024-10-11 20:25:56,111061.22,1999.1
904145,703979,Wallet,Completed,2023-11-15 16:55:47,1852.72,0.0
904146,703980,Credit Card,Refunded,2023-10-19 12:08:49,77378.84,1392.82
904147,703981,Debit Card,Completed,2023-11-08 19:32:31,2075.39,37.36
904148,703982,Net Banking,Completed,2025-05-03 15:39:09,64550.03,0.0
904149,703983,Debit Card,Completed,2023-03-12 19:02:51,4000.05,72.0
904150,703984,UPI,Completed,2023-04-01 23:24:39,207916.14,0.0
904151,703985,Cash on Delivery,Completed,2025-01-06 23:51:59,81606.58,0.0
904152,703986,Debit Card,Completed,2025-02-11 17:52:57,24309.92,437.58
904153,703987,UPI,Completed,2025-03-12 22:53:34,12163.09,0.0
904154,703988,Credit Card,Completed,2024-05-18 13:07:48,5539.6,99.71
904155,703989,Debit Card,Completed,2025-08-12 23:27:24,28675.42,516.16
904156,703990,Credit Card,Completed,2024-11-01 15:15:54,123311.5,2219.61
904157,703990,Credit Card,Failed,2024-11-01 15:13:54,123311.5,0.0
904158,703991,Cash on Delivery,Completed,2023-06-27 12:17:27,8594.14,0.0
904159,703992,Credit Card,Completed,2025-08-06 23:51:20,138954.0,2501.17
904160,703993,UPI,Failed,2025-11-20 23:44:54,137050.15,0.0
904161,703994,UPI,Completed,2023-04-17 23:36:55,5982.22,0.0
904162,703995,Net Banking,Completed,2024-06-11 21:00:18,202332.14,0.0
904163,703996,Credit Card,Refunded,2024-10-06 19:03:40,100801.18,1814.42
904164,703997,UPI,Completed,2023-08-28 17:03:16,90218.89,0.0
904165,703998,Net Banking,Completed,2025-10-08 17:33:36,5055.86,0.0
904166,703999,Debit Card,Completed,2024-01-21 12:16:23,168825.5,3038.86
904167,703999,Debit Card,Failed,2024-01-21 12:13:23,168825.5,0.0
904168,704000,Cash on Delivery,Completed,2025-07-22 18:20:58,79601.7,0.0
904169,704001,UPI,Completed,2025-03-19 16:07:57,5468.92,0.0
904170,704002,UPI,Refunded,2024-12-27 22:58:31,66477.97,0.0
904171,704003,UPI,Completed,2023-10-18 22:34:32,52267.14,0.0
904172,704004,Debit Card,Completed,2023-11-06 13:19:01,86518.08,1557.33
904173,704005,Wallet,Completed,2023-03-25 20:20:50,98707.99,0.0
904174,704006,Credit Card,Completed,2023-11-25 18:14:11,4462.4,80.32
904175,704007,Cash on Delivery,Completed,2024-04-15 13:34:23,88015.13,0.0
904176,704008,Net Banking,Completed,2025-09-10 20:23:57,192620.52,0.0
904177,704009,Credit Card,Refunded,2024-05-12 23:16:29,10522.6,189.41
904178,704010,Cash on Delivery,Completed,2025-06-18 23:32:30,926.36,0.0
904179,704011,Credit Card,Completed,2024-08-12 23:23:07,5519.04,99.34
904180,704012,UPI,Failed,2025-07-24 17:44:07,190670.22,0.0
904181,704013,UPI,Completed,2025-12-15 22:01:22,3368.56,0.0
904182,704014,Debit Card,Completed,2023-11-24 11:01:45,37081.55,667.47
904183,704015,UPI,Completed,2025-10-06 15:02:17,4803.07,0.0
904184,704016,Cash on Delivery,Completed,2025-01-22 13:38:58,46863.94,0.0
904185,704017,UPI,Failed,2025-08-23 23:49:09,3089.61,0.0
904186,704018,Net Banking,Completed,2025-02-23 23:50:49,111068.88,0.0
904187,704019,UPI,Completed,2024-07-27 18:37:16,101321.11,0.0
904188,704020,Credit Card,Completed,2023-11-11 22:39:12,120654.16,2171.77
904189,704021,Net Banking,Completed,2023-05-04 16:23:11,42082.57,0.0
904190,704022,UPI,Completed,2024-11-02 18:03:23,189418.8,0.0
904191,704023,Cash on Delivery,Completed,2025-12-26 16:28:05,33481.27,0.0
904192,704024,Credit Card,Completed,2025-05-30 17:52:54,136184.45,2451.32
904193,704025,Credit Card,Completed,2024-03-20 20:54:19,128801.42,2318.43
904194,704026,Cash on Delivery,Completed,2025-09-03 13:34:52,3429.45,0.0
904195,704027,Credit Card,Completed,2025-07-05 23:57:27,31653.5,569.76
904196,704028,Credit Card,Failed,2024-01-18 19:27:19,158755.1,2857.59
904197,704029,Wallet,Completed,2023-01-25 16:44:12,90360.74,0.0
904198,704030,Cash on Delivery,Completed,2023-07-19 17:20:44,11670.06,0.0
904199,704031,UPI,Completed,2025-10-13 23:17:23,1389.54,0.0
904200,704032,Credit Card,Completed,2025-09-14 21:02:48,153193.36,2757.48
904201,704033,Cash on Delivery,Pending,2024-02-01 16:58:18,119790.69,0.0
904202,704034,UPI,Completed,2024-01-22 18:50:41,142967.83,0.0
904203,704035,UPI,Completed,2025-08-02 22:37:30,5982.22,0.0
904204,704036,Cash on Delivery,Completed,2025-11-10 23:43:48,36010.45,0.0
904205,704037,Wallet,Completed,2025-07-17 23:00:17,926.36,0.0
904206,704038,UPI,Completed,2025-01-03 17:52:14,163277.08,0.0
904207,704039,UPI,Failed,2023-11-28 15:06:42,1621.13,0.0
904208,704040,Cash on Delivery,Completed,2024-10-27 15:20:01,21399.99,0.0
904209,704041,UPI,Completed,2023-11-15 20:42:09,16186.69,0.0
904210,704041,UPI,Failed,2023-11-15 20:31:09,16186.69,0.0
904211,704042,Debit Card,Completed,2025-08-14 16:15:49,1418.04,25.52
904212,704043,Credit Card,Completed,2024-06-05 17:27:32,59661.34,1073.9
904213,704044,Cash on Delivery,Refunded,2025-09-11 18:41:09,6928.62,0.0
904214,704045,UPI,Completed,2024-05-29 21:10:29,141938.07,0.0
904215,704046,Cash on Delivery,Completed,2025-08-31 19:26:27,9409.44,0.0
904216,704047,Credit Card,Completed,2024-03-29 15:01:22,540.73,9.73
904217,704048,Debit Card,Failed,2024-08-13 23:53:35,343449.58,6182.09
904218,704049,Debit Card,Completed,2025-01-15 17:12:56,12530.95,225.56
904219,704049,Debit Card,Failed,2025-01-15 16:52:56,12530.95,0.0
904220,704050,Debit Card,Completed,2023-05-04 21:34:10,926.36,16.67
904221,704051,Credit Card,Completed,2025-11-15 18:43:29,109493.24,1970.88
904222,704052,Cash on Delivery,Pending,2024-12-02 22:25:08,13903474.0,0.0
904223,704053,Cash on Delivery,Refunded,2024-10-17 18:32:42,34542.37,0.0
904224,704054,Debit Card,Completed,2025-09-17 17:25:29,4843.83,87.19
904225,704055,Credit Card,Refunded,2025-10-07 11:32:41,8214.95,147.87
904226,704056,Cash on Delivery,Completed,2024-10-25 19:36:24,3454.29,0.0
904227,704057,Wallet,Completed,2025-11-05 14:49:56,3454.29,0.0
904228,704058,UPI,Refunded,2023-04-25 20:58:33,41157.7,0.0
904229,704059,Debit Card,Completed,2023-07-11 16:37:03,1852.72,33.35
904230,704060,Wallet,Completed,2024-12-26 18:10:34,15649.95,0.0
904231,704061,Cash on Delivery,Refunded,2024-04-28 16:01:27,23792.97,0.0
904232,704062,UPI,Completed,2024-09-12 23:43:28,68862.68,0.0
904233,704063,UPI,Completed,2024-03-21 15:06:42,1320.06,0.0
904234,704064,UPI,Completed,2024-06-30 23:38:28,102106.81,0.0
904235,704064,UPI,Failed,2024-06-30 23:35:28,102106.81,0.0
904236,704065,Net Banking,Completed,2025-08-29 13:33:13,179141.55,0.0
904237,704065,Net Banking,Failed,2025-08-29 13:14:13,179141.55,0.0
904238,704066,UPI,Refunded,2024-12-24 17:58:54,200324.31,0.0
904239,704067,UPI,Completed,2025-12-30 15:58:33,1667.45,0.0
904240,704067,UPI,Failed,2025-12-30 15:48:33,1667.45,0.0
904241,704068,UPI,Failed,2025-07-26 14:57:34,3917.47,0.0
904242,704069,UPI,Completed,2024-01-06 14:50:20,17802.0,0.0
904243,704070,Debit Card,Completed,2023-12-26 13:58:47,4550.27,81.9
904244,704071,UPI,Completed,2024-04-01 19:13:04,7096.38,0.0
904245,704072,Cash on Delivery,Completed,2025-09-22 22:27:47,507.06,0.0
904246,704073,Debit Card,Completed,2023-02-15 16:40:38,75973.23,1367.52
904247,704074,Cash on Delivery,Refunded,2023-11-12 23:14:40,6445.4,0.0
904248,704075,UPI,Completed,2025-10-26 23:46:35,216259.36,0.0
904249,704076,Cash on Delivery,Completed,2025-02-08 15:33:11,2148.74,0.0
904250,704077,Debit Card,Failed,2023-11-10 09:53:15,6445.4,116.02
904251,704078,UPI,Completed,2023-11-05 16:56:55,7963.51,0.0
904252,704078,UPI,Failed,2023-11-05 16:52:55,7963.51,0.0
904253,704079,UPI,Refunded,2025-10-06 23:21:50,203206.78,0.0
904254,704080,Credit Card,Completed,2025-10-21 17:06:15,124490.8,2240.83
904255,704081,Wallet,Refunded,2023-12-19 14:52:10,43766.86,0.0
904256,704082,Debit Card,Completed,2024-07-22 23:24:08,249621.47,4493.19
904257,704083,Debit Card,Completed,2025-09-12 20:46:16,1852.72,33.35
904258,704084,UPI,Completed,2025-07-08 16:34:10,138256.32,0.0
904259,704085,Net Banking,Failed,2025-08-19 16:22:41,151119.53,0.0
904260,704086,Debit Card,Completed,2024-10-23 23:02:33,1111.63,20.01
904261,704087,Credit Card,Completed,2025-10-29 21:28:33,11372.49,204.7
904262,704088,Cash on Delivery,Completed,2024-03-18 18:57:00,64605.67,0.0
904263,704089,UPI,Completed,2023-09-15 17:28:18,176795.17,0.0
904264,704090,Credit Card,Completed,2025-05-03 19:38:39,133670.08,2406.06
904265,704091,UPI,Completed,2024-11-04 23:27:21,5142.95,0.0
904266,704092,Credit Card,Completed,2025-10-02 20:54:19,312525.93,5625.47
904267,704093,UPI,Completed,2023-05-19 19:27:25,11391.81,0.0
904268,704094,Debit Card,Refunded,2025-09-22 23:38:03,86311.77,1553.61
904269,704095,Net Banking,Completed,2024-01-30 23:26:30,242504.3,0.0
904270,704096,Net Banking,Completed,2025-02-27 15:01:06,133521.63,0.0
904271,704097,Net Banking,Completed,2023-03-11 19:14:33,8171.51,0.0
904272,704098,Credit Card,Completed,2025-01-08 22:14:35,106138.29,1910.49
904273,704099,Debit Card,Completed,2025-05-11 19:15:39,71947.92,1295.06
904274,704100,UPI,Completed,2024-05-15 16:42:48,8273.33,0.0
904275,704101,UPI,Completed,2023-11-03 13:22:41,45452.91,0.0
904276,704102,UPI,Completed,2024-11-03 23:26:11,243519.7,0.0
904277,704103,Credit Card,Completed,2025-09-10 18:05:03,3159.4,56.87
904278,704104,Wallet,Completed,2024-03-14 23:17:41,187115.18,0.0
904279,704105,UPI,Completed,2023-12-13 23:12:31,133215.4,0.0
904280,704106,Wallet,Completed,2024-01-14 23:37:10,1389.54,0.0
904281,704107,Credit Card,Completed,2025-11-15 21:23:00,2835.35,51.04
904282,704108,Debit Card,Refunded,2024-05-04 22:09:52,173038.63,3114.7
904283,704109,UPI,Completed,2023-01-08 15:24:40,42235.29,0.0
904284,704110,UPI,Completed,2025-07-20 20:18:38,157207.48,0.0
904285,704111,UPI,Completed,2025-04-22 16:00:03,323840.1,0.0
904286,704112,UPI,Completed,2023-08-05 20:53:42,179215.6,0.0
904287,704113,Cash on Delivery,Completed,2025-12-22 22:19:59,216449.93,0.0
904288,704114,UPI,Completed,2025-01-06 23:06:30,40469.65,0.0
904289,704115,Cash on Delivery,Completed,2024-10-13 23:08:41,1023.97,0.0
904290,704116,Debit Card,Completed,2024-05-30 11:55:48,55787.1,1004.17
904291,704116,Debit Card,Failed,2024-05-30 11:43:48,55787.1,0.0
904292,704117,Cash on Delivery,Completed,2025-10-23 21:11:52,330515.67,0.0
904293,704118,Debit Card,Completed,2023-11-30 14:43:35,133593.87,2404.69
904294,704119,UPI,Completed,2024-01-22 19:43:59,7583.79,0.0
904295,704120,Debit Card,Completed,2023-07-27 16:12:10,512.76,9.23
904296,704121,UPI,Completed,2025-06-24 14:57:25,151664.95,0.0
904297,704121,UPI,Failed,2025-06-24 14:41:25,151664.95,0.0
904298,704122,UPI,Pending,2024-12-26 23:03:40,8903.85,0.0
904299,704123,UPI,Failed,2025-01-07 23:58:04,5982.22,0.0
904300,704124,Wallet,Completed,2023-11-05 13:42:58,299111.0,0.0
904301,704125,Cash on Delivery,Completed,2025-02-22 16:02:01,68522.82,0.0
904302,704126,UPI,Failed,2025-07-01 23:09:29,10574.9,0.0
904303,704127,Credit Card,Completed,2024-05-03 18:19:53,2506.35,45.11
904304,704128,Cash on Delivery,Completed,2025-08-09 23:26:21,7977.49,0.0
904305,704129,Credit Card,Completed,2024-04-20 23:43:43,926.36,16.67
904306,704130,UPI,Completed,2025-06-23 17:12:18,126684.47,0.0
904307,704131,Credit Card,Completed,2023-02-27 21:16:05,51738.41,931.29
904308,704131,Credit Card,Failed,2023-02-27 20:58:05,51738.41,0.0
904309,704132,Credit Card,Completed,2024-11-10 18:23:44,171593.93,3088.69
904310,704133,Cash on Delivery,Completed,2025-12-08 19:53:57,2944.79,0.0
904311,704134,UPI,Failed,2025-12-20 14:31:21,7583.79,0.0
904312,704135,UPI,Completed,2024-01-18 14:31:59,6116.78,0.0
904313,704136,UPI,Completed,2024-08-14 15:03:16,3847.99,0.0
904314,704137,Debit Card,Failed,2023-04-22 17:10:50,2102.46,37.84
904315,704138,Cash on Delivery,Pending,2025-10-11 17:10:48,242221.15,0.0
904316,704139,UPI,Completed,2024-11-25 19:55:06,12078.47,0.0
904317,704140,Cash on Delivery,Completed,2024-06-02 13:14:01,142762.94,0.0
904318,704141,Credit Card,Completed,2023-07-10 17:08:38,51872.49,933.7
904319,704142,Debit Card,Completed,2025-11-14 21:41:49,1940.84,34.94
904320,704143,Cash on Delivery,Failed,2024-10-30 21:09:37,84891.02,0.0
904321,704144,UPI,Completed,2024-01-20 15:29:33,10125.22,0.0
904322,704145,UPI,Completed,2024-04-22 15:44:41,162904.61,0.0
904323,704146,Net Banking,Completed,2024-01-01 20:54:57,48074.01,0.0
904324,704147,Cash on Delivery,Completed,2024-12-30 21:40:40,168057.19,0.0
904325,704148,Debit Card,Completed,2025-11-07 22:58:39,82309.28,1481.57
904326,704149,Cash on Delivery,Completed,2025-10-03 23:47:51,6067.03,0.0
904327,704150,Debit Card,Completed,2024-09-07 15:49:18,7152.77,128.75
904328,704150,Debit Card,Failed,2024-09-07 15:33:18,7152.77,0.0
904329,704151,Wallet,Completed,2025-09-03 07:40:57,83044.89,0.0
904330,704152,UPI,Completed,2024-07-26 23:28:35,151201.77,0.0
904331,704153,Credit Card,Failed,2023-12-13 23:32:10,257271.17,4630.88
904332,704154,UPI,Completed,2025-12-21 22:40:16,93704.81,0.0
904333,704155,Credit Card,Completed,2024-02-14 17:27:22,1389.54,25.01
904334,704156,UPI,Failed,2024-03-15 22:49:03,8467.74,0.0
904335,704157,UPI,Completed,2025-12-25 14:00:21,247494.46,0.0
904336,704158,UPI,Completed,2023-08-11 22:05:23,162056.49,0.0
904337,704159,Debit Card,Completed,2025-06-25 22:43:22,94792.73,1706.27
904338,704160,Wallet,Completed,2025-11-09 16:09:49,230545.88,0.0
904339,704161,Cash on Delivery,Pending,2024-10-19 23:17:03,10422.09,0.0
904340,704162,UPI,Completed,2023-01-06 18:32:49,118409.63,0.0
904341,704163,Wallet,Completed,2024-05-22 22:04:46,103256.56,0.0
904342,704164,Debit Card,Completed,2023-07-08 20:18:15,5559.06,100.06
904343,704165,UPI,Completed,2024-07-16 07:50:41,442.38,0.0
904344,704166,Cash on Delivery,Completed,2025-07-30 12:13:44,10093.97,0.0
904345,704167,UPI,Completed,2024-08-11 22:10:04,8169.31,0.0
904346,704168,Credit Card,Failed,2024-08-06 21:19:40,1564.54,28.16
904347,704169,Debit Card,Completed,2024-11-13 23:05:20,11110.23,199.98
904348,704170,UPI,Refunded,2024-12-13 23:35:32,118455.94,0.0
904349,704171,Cash on Delivery,Completed,2025-10-03 16:29:03,7091.0,0.0
904350,704172,Cash on Delivery,Completed,2024-02-20 21:54:01,1906.29,0.0
904351,704173,UPI,Refunded,2025-08-28 22:23:41,130723.94,0.0
904352,704174,Cash on Delivery,Completed,2024-11-22 22:24:42,45931.45,0.0
904353,704175,UPI,Refunded,2024-02-09 23:25:11,84466.66,0.0
904354,704176,Debit Card,Completed,2024-01-31 21:56:12,1389.54,25.01
904355,704177,UPI,Completed,2024-05-06 21:00:49,108346.95,0.0
904356,704178,UPI,Completed,2025-01-23 20:47:31,8463.83,0.0
904357,704179,Net Banking,Completed,2023-11-13 18:50:47,5502.23,0.0
904358,704180,UPI,Completed,2025-11-02 22:31:31,17200.65,0.0
904359,704181,Debit Card,Completed,2024-12-04 14:12:39,68303.27,1229.46
904360,704182,Credit Card,Completed,2025-11-02 19:12:24,13928.56,250.71
904361,704183,Debit Card,Completed,2023-03-23 13:19:23,187940.59,3382.93
904362,704184,Debit Card,Refunded,2024-04-11 20:51:37,787.41,14.17
904363,704185,UPI,Failed,2023-02-06 23:58:23,448.19,0.0
904364,704186,Cash on Delivery,Completed,2024-01-04 22:10:25,1852.72,0.0
904365,704187,Cash on Delivery,Pending,2025-10-06 11:01:06,57098.55,0.0
904366,704188,UPI,Refunded,2023-03-05 17:22:06,161802.36,0.0
904367,704189,Cash on Delivery,Completed,2024-08-09 20:10:30,880.04,0.0
904368,704190,Wallet,Completed,2023-07-18 22:51:34,12209.4,0.0
904369,704191,UPI,Completed,2024-07-17 16:21:47,100801.18,0.0
904370,704192,Wallet,Completed,2025-09-17 21:41:28,80661.39,0.0
904371,704193,Cash on Delivery,Completed,2025-01-23 13:50:42,38689.36,0.0
904372,704194,UPI,Completed,2025-05-29 19:52:31,2315.9,0.0
904373,704195,UPI,Completed,2024-04-21 23:39:53,108583.58,0.0
904374,704196,Credit Card,Completed,2025-11-13 17:24:23,66076.89,1189.38
904375,704197,Credit Card,Completed,2025-05-04 13:51:01,86815.17,1562.67
904376,704198,UPI,Completed,2024-07-24 13:19:42,1250.59,0.0
904377,704199,UPI,Completed,2024-07-30 23:52:52,3454.29,0.0
904378,704200,UPI,Completed,2025-11-01 15:56:29,14556.6,0.0
904379,704201,UPI,Completed,2024-12-06 20:40:08,97332.78,0.0
904380,704202,UPI,Completed,2025-05-01 23:03:55,4268.16,0.0
904381,704203,Cash on Delivery,Completed,2024-07-17 19:00:21,7501.58,0.0
904382,704204,Credit Card,Refunded,2023-11-08 16:53:57,541.49,9.75
904383,704205,Credit Card,Completed,2025-05-17 13:29:40,270375.68,4866.76
904384,704206,Net Banking,Completed,2025-01-05 23:45:55,24012.23,0.0
904385,704207,UPI,Completed,2024-10-14 19:24:49,166548.26,0.0
904386,704208,Credit Card,Completed,2025-01-24 14:43:39,349659.98,6293.88
904387,704209,Wallet,Completed,2023-10-29 23:47:56,7204.6,0.0
904388,704210,Net Banking,Completed,2025-08-03 17:50:13,1760.08,0.0
904389,704211,Cash on Delivery,Completed,2025-11-15 20:01:28,317613.58,0.0
904390,704212,Cash on Delivery,Refunded,2025-10-19 16:12:46,507.7,0.0
904391,704213,UPI,Completed,2024-03-11 16:16:41,5291.36,0.0
904392,704214,Cash on Delivery,Completed,2024-07-02 21:07:37,3963.49,0.0
904393,704215,Wallet,Completed,2025-08-14 21:17:20,106067.43,0.0
904394,704216,Cash on Delivery,Completed,2024-12-25 19:41:24,5190.56,0.0
904395,704217,Debit Card,Completed,2024-11-08 22:42:12,741.09,13.34
904396,704218,Cash on Delivery,Pending,2025-11-05 23:59:45,8417.51,0.0
904397,704219,Credit Card,Completed,2024-11-02 22:28:42,110237.69,1984.28
904398,704220,Cash on Delivery,Completed,2024-10-21 23:59:14,4612.65,0.0
904399,704221,Wallet,Completed,2023-03-15 19:00:41,13288.1,0.0
904400,704222,UPI,Completed,2023-05-03 21:57:34,638.18,0.0
904401,704223,Debit Card,Completed,2023-01-15 15:07:50,492.74,8.87
904402,704224,Credit Card,Completed,2025-10-30 14:28:08,124473.13,2240.52
904403,704225,Debit Card,Completed,2024-07-05 20:17:17,11277.49,202.99
904404,704226,Debit Card,Completed,2024-09-18 17:04:39,880.04,15.84
904405,704227,Debit Card,Completed,2025-09-24 18:43:24,54950.86,989.12
904406,704228,UPI,Failed,2025-01-07 16:03:45,352873.19,0.0
904407,704229,Credit Card,Completed,2025-01-08 20:49:05,2967.95,53.42
904408,704230,UPI,Failed,2024-02-03 23:23:21,17035.07,0.0
904409,704231,Cash on Delivery,Completed,2025-09-11 17:23:26,127380.51,0.0
904410,704232,Debit Card,Completed,2023-09-30 19:29:56,12950.68,233.11
904411,704233,UPI,Completed,2023-04-04 17:30:30,5449.56,0.0
904412,704234,Cash on Delivery,Failed,2023-10-18 12:00:27,12007.67,0.0
904413,704235,Wallet,Completed,2023-12-29 17:01:50,11038.08,0.0
904414,704236,UPI,Completed,2024-01-19 20:50:19,108931.33,0.0
904415,704237,Cash on Delivery,Completed,2025-03-18 19:19:44,7815.81,0.0
904416,704238,UPI,Completed,2023-11-04 19:55:26,1181.11,0.0
904417,704239,Wallet,Completed,2025-03-26 23:21:14,101542.27,0.0
904418,704240,Net Banking,Completed,2023-06-02 14:00:20,10382.11,0.0
904419,704241,Credit Card,Refunded,2023-08-30 12:10:34,138954.0,2501.17
904420,704242,Cash on Delivery,Refunded,2024-10-18 22:33:04,154502.0,0.0
904421,704243,Debit Card,Completed,2025-11-03 18:12:03,51326.95,923.89
904422,704244,UPI,Completed,2025-10-05 09:22:55,7925.98,0.0
904423,704245,Cash on Delivery,Completed,2025-12-07 10:03:27,79491.12,0.0
904424,704246,UPI,Completed,2025-02-21 17:38:03,3620.84,0.0
904425,704247,UPI,Pending,2025-03-25 12:03:21,8872.05,0.0
904426,704248,Wallet,Completed,2025-01-24 17:29:42,1487.15,0.0
904427,704249,UPI,Completed,2025-01-23 22:28:38,4569.91,0.0
904428,704250,UPI,Completed,2023-08-30 15:36:18,741.09,0.0
904429,704251,Wallet,Completed,2024-11-06 22:39:24,254867.78,0.0
904430,704252,UPI,Completed,2024-06-04 16:26:52,130455.35,0.0
904431,704253,Debit Card,Completed,2024-08-15 15:55:59,880.04,15.84
904432,704254,UPI,Completed,2024-10-26 19:48:31,4405.6,0.0
904433,704255,UPI,Completed,2023-08-05 12:28:54,11102.6,0.0
904434,704256,UPI,Pending,2024-05-05 17:09:16,9129.32,0.0
904435,704257,UPI,Refunded,2023-04-23 21:33:47,81197.87,0.0
904436,704258,Debit Card,Completed,2025-12-19 18:11:28,531.55,9.57
904437,704259,Debit Card,Completed,2023-07-20 17:00:55,12526.38,225.47
904438,704260,Debit Card,Completed,2023-12-21 18:57:20,209463.82,3770.35
904439,704261,Credit Card,Failed,2025-10-19 16:22:01,47074.43,847.34
904440,704262,Cash on Delivery,Completed,2024-10-03 21:48:51,10574.9,0.0
904441,704263,UPI,Completed,2023-08-12 18:54:09,3454.29,0.0
904442,704264,UPI,Completed,2024-06-01 15:28:48,2315.9,0.0
904443,704265,Cash on Delivery,Completed,2023-07-15 16:34:10,10212.73,0.0
904444,704266,Credit Card,Completed,2023-10-23 19:18:48,1497.61,26.96
904445,704267,Credit Card,Completed,2023-04-02 19:53:53,188427.7,3391.7
904446,704268,Net Banking,Completed,2024-08-11 17:26:50,9915.0,0.0
904447,704269,Debit Card,Failed,2025-08-13 12:40:10,86930.61,1564.75
904448,704270,Net Banking,Refunded,2024-12-18 17:36:26,469.32,0.0
904449,704271,UPI,Refunded,2025-01-04 17:07:56,9899.5,0.0
904450,704272,Credit Card,Completed,2023-10-24 17:46:04,53731.98,967.18
904451,704273,UPI,Completed,2024-04-13 15:01:01,143641.68,0.0
904452,704274,Wallet,Completed,2025-09-24 17:19:27,82996.22,0.0
904453,704275,Credit Card,Completed,2023-05-28 14:49:22,7803.66,140.47
904454,704276,UPI,Completed,2025-10-04 23:48:14,129022.47,0.0
904455,704277,UPI,Completed,2024-10-04 20:35:36,8524.66,0.0
904456,704278,Cash on Delivery,Completed,2025-09-15 22:04:39,2084.31,0.0
904457,704279,Credit Card,Completed,2024-03-06 12:53:34,8524.66,153.44
904458,704280,Net Banking,Completed,2024-04-06 15:54:27,147360.85,0.0
904459,704281,UPI,Completed,2025-06-15 17:33:04,122258.61,0.0
904460,704282,UPI,Completed,2025-07-24 21:57:40,172953.11,0.0
904461,704283,UPI,Completed,2023-11-12 14:06:30,34452.46,0.0
904462,704284,UPI,Completed,2025-12-12 21:17:10,9183.71,0.0
904463,704285,Cash on Delivery,Pending,2023-05-24 20:03:35,8545.59,0.0
904464,704286,Debit Card,Completed,2023-05-02 10:33:47,588.57,10.59
904465,704287,Debit Card,Completed,2024-12-25 23:43:00,1852.72,33.35
904466,704288,Debit Card,Failed,2025-05-16 17:45:43,40688.39,732.39
904467,704289,UPI,Completed,2025-11-28 17:30:11,2715.16,0.0
904468,704289,UPI,Failed,2025-11-28 17:27:11,2715.16,0.0
904469,704290,UPI,Completed,2024-06-30 20:12:05,45181.25,0.0
904470,704291,Cash on Delivery,Completed,2023-02-11 10:55:26,54964.81,0.0
904471,704292,Credit Card,Completed,2024-12-31 21:37:35,59551.97,1071.94
904472,704293,UPI,Completed,2024-01-26 23:43:19,175403.51,0.0
904473,704294,Debit Card,Completed,2024-08-07 17:26:16,13790.17,248.22
904474,704295,UPI,Completed,2024-10-06 17:53:22,515.63,0.0
904475,704296,Cash on Delivery,Completed,2023-04-25 15:38:36,249269.77,0.0
904476,704297,UPI,Completed,2024-10-05 19:08:55,250842.58,0.0
904477,704298,Credit Card,Completed,2024-07-30 23:39:53,6333.67,114.01
904478,704299,Cash on Delivery,Completed,2025-05-07 20:48:31,2283.17,0.0
904479,704300,UPI,Completed,2025-02-15 21:20:36,8100.74,0.0
904480,704301,Debit Card,Completed,2023-10-13 15:32:11,63612.01,1145.02
904481,704302,UPI,Completed,2023-10-27 18:47:23,53609.09,0.0
904482,704303,Debit Card,Refunded,2023-12-11 19:34:50,112711.45,2028.81
904483,704304,Debit Card,Completed,2023-10-09 13:00:07,81968.24,1475.43
904484,704305,UPI,Completed,2025-03-02 15:30:25,19278.38,0.0
904485,704306,Wallet,Refunded,2025-12-28 17:23:55,57946.87,0.0
904486,704307,UPI,Refunded,2025-02-23 19:57:23,4971.05,0.0
904487,704308,UPI,Completed,2025-01-04 20:57:59,8603.75,0.0
904488,704308,UPI,Failed,2025-01-04 20:49:59,8603.75,0.0
904489,704309,Net Banking,Completed,2024-07-07 11:39:31,215104.88,0.0
904490,704310,UPI,Completed,2024-02-27 15:10:52,39872.7,0.0
904491,704311,Debit Card,Failed,2025-10-29 22:14:09,58013.41,1044.24
904492,704312,Wallet,Completed,2025-12-07 23:06:47,89999.22,0.0
904493,704313,UPI,Completed,2024-10-11 19:30:50,1410.76,0.0
904494,704314,UPI,Completed,2024-01-27 16:27:10,279416.32,0.0
904495,704315,Credit Card,Completed,2025-07-07 18:14:23,165609.34,2980.97
904496,704316,Credit Card,Completed,2023-08-09 23:54:44,30929.45,556.73
904497,704317,Cash on Delivery,Completed,2025-07-01 15:02:57,121002.03,0.0
904498,704318,UPI,Completed,2025-08-25 13:10:39,43023.11,0.0
904499,704319,Credit Card,Completed,2023-07-31 23:34:10,7583.79,136.51
904500,704320,Cash on Delivery,Pending,2025-12-16 18:22:33,51326.95,0.0
904501,704321,Credit Card,Completed,2025-12-23 12:36:12,5939.81,106.92
904502,704322,Cash on Delivery,Failed,2025-11-10 23:48:10,143115.45,0.0
904503,704323,Cash on Delivery,Pending,2024-10-11 18:29:46,7453.18,0.0
904504,704324,UPI,Completed,2023-12-03 12:33:03,5075.83,0.0
904505,704325,UPI,Pending,2024-12-13 18:43:08,106641.82,0.0
904506,704326,Credit Card,Refunded,2024-07-21 13:45:42,27972.11,503.5
904507,704327,UPI,Completed,2023-10-27 14:23:54,8463.83,0.0
904508,704328,UPI,Refunded,2024-07-27 17:54:08,2115.23,0.0
904509,704329,Cash on Delivery,Completed,2025-03-10 18:13:53,20092.73,0.0
904510,704330,Credit Card,Completed,2023-05-05 19:53:57,6763.17,121.74
904511,704331,UPI,Completed,2024-03-29 15:59:21,25213.33,0.0
904512,704332,UPI,Failed,2023-01-29 21:44:43,502.76,0.0
904513,704333,Cash on Delivery,Completed,2025-06-12 18:28:37,107710.58,0.0
904514,704334,UPI,Completed,2025-02-09 16:00:33,3791.07,0.0
904515,704335,Wallet,Completed,2023-04-22 16:54:21,6130.56,0.0
904516,704336,UPI,Failed,2025-12-02 19:37:35,119779.37,0.0
904517,704337,Debit Card,Completed,2023-02-06 19:41:50,926.36,16.67
904518,704338,UPI,Completed,2024-12-22 21:24:51,2401.53,0.0
904519,704339,Credit Card,Completed,2025-07-14 14:54:12,51790.13,932.22
904520,704340,Debit Card,Completed,2025-07-27 20:51:18,10321.29,185.78
904521,704341,Cash on Delivery,Completed,2023-02-28 17:59:24,208475.9,0.0
904522,704342,Credit Card,Completed,2025-10-26 20:09:00,42209.97,759.78
904523,704343,Credit Card,Completed,2025-11-01 22:50:17,10531.07,189.56
904524,704344,Debit Card,Completed,2024-11-16 23:51:08,36279.97,653.04
904525,704345,Cash on Delivery,Completed,2024-10-03 22:07:13,3108.86,0.0
904526,704346,Credit Card,Completed,2023-03-20 18:04:35,50941.1,916.94
904527,704347,Debit Card,Failed,2024-11-17 20:36:37,172263.78,3100.75
904528,704348,UPI,Completed,2024-07-07 21:04:02,8260.82,0.0
904529,704349,Debit Card,Completed,2025-07-10 18:33:46,926.36,16.67
904530,704350,Credit Card,Completed,2024-06-29 23:09:37,926.36,16.67
904531,704351,Cash on Delivery,Pending,2025-04-03 15:19:44,2288.91,0.0
904532,704352,Cash on Delivery,Completed,2023-06-20 20:23:44,118674.73,0.0
904533,704353,Credit Card,Completed,2023-08-10 20:06:48,11760.0,211.68
904534,704354,UPI,Completed,2023-08-17 19:40:00,133781.13,0.0
904535,704355,UPI,Completed,2023-03-21 23:41:48,4290.79,0.0
904536,704356,Wallet,Completed,2024-11-05 22:02:43,13065.59,0.0
904537,704357,Debit Card,Completed,2025-08-04 21:08:13,118954.09,2141.17
904538,704358,Credit Card,Pending,2025-01-09 12:39:37,833.72,15.01
904539,704359,UPI,Completed,2024-12-04 23:56:32,230183.79,0.0
904540,704360,Debit Card,Completed,2025-03-30 23:33:04,121537.67,2187.68
904541,704360,Debit Card,Failed,2025-03-30 23:28:04,121537.67,0.0
904542,704361,Credit Card,Completed,2024-04-07 18:18:38,9446.34,170.03
904543,704362,Wallet,Refunded,2024-05-07 22:25:01,7097.06,0.0
904544,704363,UPI,Refunded,2024-02-29 16:01:32,186128.4,0.0
904545,704364,Cash on Delivery,Pending,2025-05-06 19:18:16,83127.43,0.0
904546,704365,UPI,Completed,2023-09-23 13:53:31,41787.37,0.0
904547,704366,Credit Card,Completed,2023-01-23 19:11:27,2408.72,43.36
904548,704367,Debit Card,Completed,2024-12-26 19:13:55,157118.59,2828.13
904549,704368,Cash on Delivery,Pending,2025-11-12 22:04:45,2852.16,0.0
904550,704369,Credit Card,Completed,2025-01-07 14:59:32,6711.94,120.81
904551,704370,Debit Card,Completed,2025-07-22 22:57:19,243479.42,4382.63
904552,704371,Cash on Delivery,Completed,2025-03-21 23:30:36,88295.94,0.0
904553,704372,Credit Card,Completed,2024-10-12 23:49:24,7583.79,136.51
904554,704373,Debit Card,Completed,2025-05-12 14:07:35,157293.64,2831.29
904555,704374,UPI,Refunded,2025-08-31 20:04:51,73387.89,0.0
904556,704375,Cash on Delivery,Completed,2023-11-09 18:29:10,159614.75,0.0
904557,704376,Credit Card,Completed,2024-04-02 21:44:57,2234.12,40.21
904558,704377,Net Banking,Failed,2023-11-08 23:24:22,6825.41,0.0
904559,704378,UPI,Completed,2024-08-27 18:00:13,25977.44,0.0
904560,704379,UPI,Failed,2025-10-17 16:08:04,3012.74,0.0
904561,704380,UPI,Completed,2024-04-15 11:48:01,1934.05,0.0
904562,704381,UPI,Completed,2024-05-21 23:08:31,9478.92,0.0
904563,704382,UPI,Completed,2025-10-05 23:55:05,96196.36,0.0
904564,704383,Debit Card,Completed,2024-10-21 18:01:26,294711.54,5304.81
904565,704384,Credit Card,Refunded,2024-11-02 13:24:22,3327.89,59.9
904566,704385,Debit Card,Completed,2025-10-05 23:25:05,1181.11,21.26
904567,704386,UPI,Failed,2024-10-08 20:36:22,497.02,0.0
904568,704387,Net Banking,Failed,2025-04-01 23:52:04,8960.88,0.0
904569,704388,Cash on Delivery,Completed,2023-05-26 19:48:20,926.36,0.0
904570,704389,Credit Card,Completed,2023-10-09 16:55:40,8510.15,153.18
904571,704390,UPI,Failed,2024-06-30 19:01:04,2090.76,0.0
904572,704391,Credit Card,Completed,2024-10-10 17:11:01,64149.51,1154.69
904573,704392,UPI,Completed,2025-12-04 21:54:05,174777.07,0.0
904574,704393,Cash on Delivery,Pending,2025-12-09 21:58:48,4745.28,0.0
904575,704394,Wallet,Completed,2025-10-01 20:24:05,62068.42,0.0
904576,704394,Wallet,Failed,2025-10-01 20:08:05,62068.42,0.0
904577,704395,UPI,Completed,2024-03-02 14:31:09,109934.26,0.0
904578,704396,UPI,Completed,2025-12-02 18:18:23,5049.31,0.0
904579,704397,Credit Card,Completed,2025-04-10 22:35:00,7683.96,138.31
904580,704398,Wallet,Completed,2024-06-14 19:44:43,133930.4,0.0
904581,704399,UPI,Completed,2025-04-25 18:23:01,110110.62,0.0
904582,704400,UPI,Completed,2023-01-28 16:26:08,7249.49,0.0
904583,704400,UPI,Failed,2023-01-28 16:06:08,7249.49,0.0
904584,704401,Cash on Delivery,Completed,2023-08-28 12:17:24,13886.29,0.0
904585,704402,Debit Card,Completed,2025-09-06 16:02:56,1389.54,25.01
904586,704403,Credit Card,Completed,2025-02-15 21:21:06,194985.8,3509.74
904587,704404,Credit Card,Completed,2024-05-10 22:37:25,4700.09,84.6
904588,704405,UPI,Completed,2024-10-13 11:59:37,81376.52,0.0
904589,704405,UPI,Failed,2024-10-13 11:48:37,81376.52,0.0
904590,704406,UPI,Completed,2025-10-26 15:05:40,1320.06,0.0
904591,704407,Wallet,Completed,2025-01-30 23:26:26,51188.0,0.0
904592,704408,Net Banking,Completed,2024-06-21 10:14:50,244946.62,0.0
904593,704409,Credit Card,Completed,2023-07-23 19:23:30,225683.91,4062.31
904594,704410,UPI,Completed,2024-01-30 18:37:20,8074.09,0.0
904595,704410,UPI,Failed,2024-01-30 18:18:20,8074.09,0.0
904596,704411,UPI,Completed,2025-12-17 21:19:06,44627.68,0.0
904597,704412,UPI,Completed,2024-08-10 23:23:02,435.21,0.0
904598,704413,Cash on Delivery,Pending,2024-09-23 22:07:17,207656.02,0.0
904599,704414,Wallet,Completed,2024-10-12 20:53:50,175477.23,0.0
904600,704415,Credit Card,Completed,2025-10-16 23:40:57,83793.14,1508.28
904601,704416,UPI,Pending,2024-12-31 21:45:43,93560.0,0.0
904602,704417,Credit Card,Refunded,2025-04-16 22:41:10,152128.13,2738.31
904603,704418,Wallet,Completed,2024-06-08 23:41:58,119741.5,0.0
904604,704419,UPI,Pending,2023-02-18 21:00:06,84883.52,0.0
904605,704420,UPI,Pending,2025-11-07 21:33:35,926.36,0.0
904606,704421,UPI,Failed,2025-11-15 14:53:38,110760.84,0.0
904607,704422,UPI,Completed,2025-11-15 17:02:29,75044.24,0.0
904608,704423,UPI,Completed,2025-11-13 16:37:59,4760.66,0.0
904609,704424,UPI,Completed,2025-08-21 22:30:40,48714.28,0.0
904610,704425,Net Banking,Completed,2025-04-05 23:06:56,8626.34,0.0
904611,704426,Credit Card,Completed,2025-09-23 17:43:40,6948.0,125.06
904612,704427,UPI,Completed,2024-12-29 11:12:46,103539.5,0.0
904613,704428,Credit Card,Completed,2023-08-11 23:34:56,164287.01,2957.17
904614,704429,Net Banking,Completed,2024-06-11 14:50:10,12272.52,0.0
904615,704429,Net Banking,Failed,2024-06-11 14:31:10,12272.52,0.0
904616,704430,Cash on Delivery,Completed,2025-12-10 18:31:05,5458.86,0.0
904617,704431,Cash on Delivery,Failed,2024-04-24 15:24:50,8130.96,0.0
904618,704432,UPI,Completed,2025-10-08 21:31:24,6845.52,0.0
904619,704433,UPI,Completed,2023-06-06 16:09:46,7346.25,0.0
904620,704434,Cash on Delivery,Completed,2024-03-30 23:59:28,926.36,0.0
904621,704435,Credit Card,Completed,2024-04-23 11:04:55,160337.01,2886.07
904622,704436,Credit Card,Completed,2023-04-01 21:00:35,38934.04,700.81
904623,704437,UPI,Completed,2023-07-21 17:57:01,26312.51,0.0
904624,704438,UPI,Completed,2023-10-19 16:30:12,83020.36,0.0
904625,704439,Credit Card,Completed,2025-09-15 22:08:51,123294.25,2219.3
904626,704440,Credit Card,Completed,2023-04-23 19:13:26,139544.85,2511.81
904627,704441,Credit Card,Completed,2024-02-06 22:01:36,68118.79,1226.14
904628,704442,Credit Card,Completed,2023-01-20 23:03:41,3397.35,61.15
904629,704443,Debit Card,Refunded,2025-04-18 16:42:19,7348.26,132.27
904630,704444,Cash on Delivery,Completed,2025-01-21 23:26:00,2501.17,0.0
904631,704445,Net Banking,Completed,2025-02-14 15:31:03,18248.99,0.0
904632,704446,Net Banking,Completed,2024-05-21 20:10:21,77599.89,0.0
904633,704447,UPI,Completed,2023-10-29 12:42:05,13300.29,0.0
904634,704448,Cash on Delivery,Completed,2025-05-14 15:26:11,3917.47,0.0
904635,704449,UPI,Completed,2025-08-16 21:58:36,8903.85,0.0
904636,704450,UPI,Failed,2023-08-15 21:23:17,236808.93,0.0
904637,704451,Cash on Delivery,Completed,2024-10-06 22:28:39,114447.99,0.0
904638,704452,UPI,Completed,2023-12-08 18:35:17,11425.39,0.0
904639,704453,Cash on Delivery,Completed,2023-10-02 14:12:39,66774.77,0.0
904640,704454,Cash on Delivery,Completed,2025-05-27 18:54:39,13311.58,0.0
904641,704455,UPI,Completed,2024-11-03 22:57:06,204478.24,0.0
904642,704456,UPI,Completed,2023-11-03 20:56:34,64571.43,0.0
904643,704457,Credit Card,Completed,2024-02-23 15:42:22,51032.37,918.58
904644,704458,Debit Card,Completed,2025-12-05 22:03:50,6255.96,112.61
904645,704459,Wallet,Completed,2025-09-28 20:26:53,1111.63,0.0
904646,704460,Cash on Delivery,Completed,2025-10-14 17:52:22,5729.43,0.0
904647,704461,Credit Card,Completed,2024-09-07 16:57:03,9347.54,168.26
904648,704462,UPI,Refunded,2025-01-23 20:47:43,135340.56,0.0
904649,704463,Debit Card,Completed,2024-05-24 23:19:15,1652.22,29.74
904650,704464,UPI,Failed,2023-05-14 12:29:56,43553.8,0.0
904651,704465,UPI,Completed,2024-06-25 17:10:32,61367.95,0.0
904652,704466,UPI,Refunded,2024-12-24 19:22:40,5449.56,0.0
904653,704467,Debit Card,Completed,2024-01-24 08:15:33,181823.3,3272.82
904654,704468,Credit Card,Completed,2025-09-27 22:00:15,5025.3,90.46
904655,704469,UPI,Completed,2023-09-05 20:46:34,68326.35,0.0
904656,704470,Debit Card,Completed,2024-05-13 17:34:48,196998.02,3545.96
904657,704471,Credit Card,Completed,2023-07-31 23:54:33,117548.41,2115.87
904658,704472,Debit Card,Completed,2024-06-30 19:54:13,103580.26,1864.44
904659,704473,UPI,Failed,2023-03-10 16:54:55,44994.03,0.0
904660,704474,UPI,Completed,2024-01-04 19:31:14,2292.83,0.0
904661,704475,Debit Card,Completed,2024-06-24 14:51:03,1111.63,20.01
904662,704476,UPI,Completed,2024-10-01 23:01:06,2991.34,0.0
904663,704477,UPI,Completed,2024-11-06 23:25:37,15341.37,0.0
904664,704478,UPI,Completed,2024-01-08 16:37:55,10497.48,0.0
904665,704479,UPI,Completed,2024-10-26 14:54:31,16600.49,0.0
904666,704479,UPI,Failed,2024-10-26 14:41:31,16600.49,0.0
904667,704480,UPI,Completed,2024-10-18 20:31:18,6445.4,0.0
904668,704481,Debit Card,Completed,2024-03-03 12:01:54,219669.08,3954.04
904669,704482,Cash on Delivery,Completed,2025-09-07 23:07:56,9730.62,0.0
904670,704483,Debit Card,Refunded,2024-11-07 15:29:51,151084.87,2719.53
904671,704484,Wallet,Completed,2024-03-27 15:19:15,169439.88,0.0
904672,704485,Credit Card,Completed,2025-11-15 19:20:47,117681.92,2118.27
904673,704486,UPI,Completed,2025-09-24 18:20:38,8046.97,0.0
904674,704487,Debit Card,Completed,2025-12-21 19:11:47,833.72,15.01
904675,704488,Cash on Delivery,Completed,2025-04-14 16:13:10,252419.81,0.0
904676,704489,Cash on Delivery,Completed,2024-05-25 18:31:48,8678.13,0.0
904677,704490,Cash on Delivery,Refunded,2024-01-17 23:55:40,10894.03,0.0
904678,704491,Cash on Delivery,Completed,2025-03-09 16:42:02,5434.23,0.0
904679,704492,Credit Card,Completed,2025-12-20 19:48:20,81104.12,1459.87
904680,704493,UPI,Completed,2025-01-26 23:43:14,9872.75,0.0
904681,704494,UPI,Completed,2025-10-15 23:25:33,499.7,0.0
904682,704495,UPI,Completed,2024-03-23 18:24:51,5147.55,0.0
904683,704496,Cash on Delivery,Completed,2024-07-03 15:27:02,3454.29,0.0
904684,704497,UPI,Completed,2025-10-26 23:40:05,1852.72,0.0
904685,704498,UPI,Completed,2025-06-21 18:10:43,19815.98,0.0
904686,704499,UPI,Completed,2025-12-20 10:47:15,79642.39,0.0
904687,704500,Credit Card,Refunded,2025-07-12 18:29:15,3335.08,60.03
904688,704501,Credit Card,Completed,2024-08-22 23:04:33,1389.54,25.01
904689,704502,UPI,Completed,2024-10-30 21:22:55,8471.51,0.0
904690,704503,UPI,Completed,2025-10-24 17:47:35,7070.18,0.0
904691,704504,Debit Card,Completed,2024-11-10 16:47:18,7279.94,131.04
904692,704505,UPI,Completed,2023-12-18 17:01:28,156541.12,0.0
904693,704506,Credit Card,Failed,2024-08-09 22:56:50,13228.4,238.11
904694,704507,UPI,Refunded,2024-10-22 23:17:52,104757.14,0.0
904695,704508,Net Banking,Completed,2023-06-12 21:26:55,41680.47,0.0
904696,704509,Wallet,Completed,2025-06-06 12:12:04,11568.62,0.0
904697,704510,UPI,Completed,2023-07-04 16:20:37,140784.58,0.0
904698,704511,Debit Card,Completed,2024-06-30 14:40:46,108826.12,1958.87
904699,704512,Wallet,Completed,2025-08-11 17:33:56,98627.13,0.0
904700,704513,Cash on Delivery,Completed,2024-09-17 22:02:07,352955.21,0.0
904701,704514,Cash on Delivery,Completed,2025-09-20 20:23:30,3684.44,0.0
904702,704515,UPI,Refunded,2024-04-10 16:56:06,5636.79,0.0
904703,704516,Debit Card,Completed,2025-11-25 23:33:33,3450.6,62.11
904704,704517,UPI,Completed,2023-10-30 09:16:57,328802.98,0.0
904705,704518,UPI,Completed,2023-03-08 16:48:42,6065.52,0.0
904706,704519,Net Banking,Refunded,2025-10-11 17:51:45,113886.42,0.0
904707,704520,Credit Card,Completed,2025-06-15 18:27:04,269138.78,4844.5
904708,704521,Debit Card,Completed,2023-11-14 16:02:59,17164.99,308.97
904709,704522,Debit Card,Pending,2025-12-22 23:27:53,4111.83,74.01
904710,704523,UPI,Refunded,2024-10-14 14:44:05,24457.05,0.0
904711,704524,Net Banking,Failed,2025-11-17 19:08:48,521.65,0.0
904712,704525,Debit Card,Refunded,2024-10-16 14:00:19,332238.71,5980.3
904713,704526,Debit Card,Pending,2024-09-23 15:49:57,5380.09,96.84
904714,704527,UPI,Completed,2024-08-23 18:36:07,226664.67,0.0
904715,704528,Credit Card,Completed,2024-03-31 23:16:37,48043.94,864.79
904716,704529,Credit Card,Completed,2024-11-01 20:44:26,532.67,9.59
904717,704530,UPI,Completed,2024-08-28 17:46:30,926.36,0.0
904718,704531,UPI,Pending,2023-03-05 23:31:51,99449.05,0.0
904719,704532,UPI,Completed,2023-12-23 20:22:57,55766.99,0.0
904720,704533,UPI,Completed,2023-11-01 23:44:32,145841.97,0.0
904721,704534,Cash on Delivery,Completed,2025-10-08 16:05:12,263801.75,0.0
904722,704535,UPI,Pending,2024-12-28 16:26:03,73127.07,0.0
904723,704536,UPI,Completed,2025-06-29 13:58:46,124493.1,0.0
904724,704537,UPI,Completed,2025-11-24 22:00:09,13761.71,0.0
904725,704538,Cash on Delivery,Completed,2025-02-13 18:00:30,512.86,0.0
904726,704539,Debit Card,Completed,2025-12-21 14:16:33,106511.36,1917.2
904727,704540,Cash on Delivery,Completed,2024-02-25 20:01:15,95046.86,0.0
904728,704541,Cash on Delivery,Completed,2023-10-14 18:30:34,926.36,0.0
904729,704542,UPI,Completed,2024-06-28 18:32:42,304457.45,0.0
904730,704543,Debit Card,Completed,2024-09-21 14:38:41,50700.02,912.6
904731,704544,Cash on Delivery,Completed,2025-10-21 15:14:48,246496.57,0.0
904732,704545,Net Banking,Completed,2024-11-15 15:57:09,16508.55,0.0
904733,704546,UPI,Completed,2024-01-29 17:33:06,206531.0,0.0
904734,704547,Debit Card,Completed,2025-06-04 19:37:20,10482.26,188.68
904735,704548,UPI,Completed,2024-10-16 15:33:46,3714.82,0.0
904736,704549,UPI,Completed,2023-09-23 17:11:02,112121.21,0.0
904737,704550,UPI,Completed,2024-12-06 17:32:26,3309.04,0.0
904738,704551,Cash on Delivery,Refunded,2025-10-29 11:27:51,115052.25,0.0
904739,704552,Debit Card,Completed,2025-09-21 20:03:52,8463.83,152.35
904740,704552,Debit Card,Failed,2025-09-21 19:43:52,8463.83,0.0
904741,704553,Debit Card,Completed,2024-12-19 13:17:24,10676.25,192.17
904742,704554,UPI,Completed,2024-05-24 14:45:04,6993.39,0.0
904743,704555,Debit Card,Completed,2023-05-27 18:16:18,252373.49,4542.72
904744,704556,UPI,Completed,2024-09-20 18:55:10,1570.02,0.0
904745,704557,Debit Card,Completed,2025-06-15 20:26:08,12410.94,223.4
904746,704558,UPI,Completed,2024-05-05 14:21:25,5939.81,0.0
904747,704559,UPI,Completed,2023-11-17 10:41:35,168374.29,0.0
904748,704560,Credit Card,Completed,2025-11-07 16:14:51,259330.62,4667.95
904749,704561,Credit Card,Completed,2025-08-28 16:26:01,75452.84,1358.15
904750,704562,UPI,Completed,2025-02-06 22:56:41,4170.07,0.0
904751,704563,UPI,Completed,2023-08-13 23:26:35,75033.89,0.0
904752,704563,UPI,Failed,2023-08-13 23:13:35,75033.89,0.0
904753,704564,Cash on Delivery,Completed,2023-08-26 20:49:30,4547.11,0.0
904754,704565,Debit Card,Completed,2023-06-24 23:26:37,101588.59,1828.59
904755,704566,Credit Card,Completed,2025-01-16 16:56:26,6107.44,109.93
904756,704567,Credit Card,Completed,2023-07-15 16:15:30,104358.68,1878.46
904757,704568,UPI,Refunded,2025-09-21 19:55:32,1111.63,0.0
904758,704569,Cash on Delivery,Completed,2025-12-27 20:28:30,2542.44,0.0
904759,704570,UPI,Completed,2024-05-12 20:23:36,7299.33,0.0
904760,704571,UPI,Completed,2024-08-29 15:21:32,409.81,0.0
904761,704572,Debit Card,Completed,2025-05-06 15:51:32,8618.56,155.13
904762,704573,Credit Card,Refunded,2025-11-10 19:56:36,155180.9,2793.26
904763,704574,Wallet,Completed,2025-10-21 21:24:02,2047.94,0.0
904764,704575,Credit Card,Completed,2023-04-12 15:00:11,106717.31,1920.91
904765,704576,Cash on Delivery,Completed,2023-10-02 19:40:03,498.21,0.0
904766,704577,UPI,Failed,2025-06-18 13:33:11,14489.02,0.0
904767,704578,Net Banking,Failed,2025-04-10 16:35:34,13566.01,0.0
904768,704579,Debit Card,Completed,2023-08-10 18:46:00,146630.9,2639.36
904769,704580,UPI,Completed,2024-10-14 23:48:10,1389.54,0.0
904770,704581,UPI,Completed,2025-07-19 12:50:32,163970.1,0.0
904771,704582,Wallet,Completed,2023-11-05 16:05:40,50863.77,0.0
904772,704583,Debit Card,Completed,2025-10-10 21:35:00,45360.53,816.49
904773,704584,Credit Card,Completed,2023-04-04 12:54:07,495.22,8.91
904774,704585,Credit Card,Completed,2025-07-21 18:52:37,1392.98,25.07
904775,704585,Credit Card,Failed,2025-07-21 18:35:37,1392.98,0.0
904776,704586,Cash on Delivery,Failed,2025-01-16 20:54:46,314380.14,0.0
904777,704587,UPI,Completed,2024-03-02 18:50:13,1389.54,0.0
904778,704588,Cash on Delivery,Pending,2025-05-14 23:02:10,12363.18,0.0
904779,704589,Net Banking,Refunded,2025-07-21 13:37:18,10111.72,0.0
904780,704589,Net Banking,Failed,2025-07-21 13:23:18,10111.72,0.0
904781,704590,Wallet,Pending,2025-11-08 23:23:28,8900.53,0.0
904782,704591,Credit Card,Completed,2024-05-14 09:33:24,92852.05,1671.34
904783,704592,UPI,Completed,2025-04-06 16:00:43,95507.89,0.0
904784,704593,Debit Card,Completed,2024-12-30 18:50:21,202645.0,3647.61
904785,704594,UPI,Completed,2024-10-27 19:20:30,93838.44,0.0
904786,704595,Credit Card,Completed,2025-10-19 17:53:18,3407.97,61.34
904787,704596,UPI,Completed,2023-01-07 21:49:01,8413.61,0.0
904788,704597,Debit Card,Completed,2024-01-19 21:26:56,3048.77,54.88
904789,704598,Cash on Delivery,Completed,2024-11-03 14:05:28,2984.98,0.0
904790,704599,Credit Card,Completed,2023-10-08 15:51:44,2974.3,53.54
904791,704600,Credit Card,Completed,2025-10-27 11:24:38,136109.68,2449.97
904792,704601,Debit Card,Completed,2025-02-18 21:05:18,926.36,16.67
904793,704602,UPI,Completed,2024-10-01 14:56:52,131296.14,0.0
904794,704603,Cash on Delivery,Completed,2025-08-20 22:21:29,47631.6,0.0
904795,704604,Credit Card,Completed,2024-08-25 17:23:16,2846.03,51.23
904796,704605,UPI,Completed,2024-11-14 20:12:17,9378.63,0.0
904797,704606,UPI,Completed,2023-01-06 17:15:55,145788.66,0.0
904798,704607,UPI,Completed,2024-05-12 20:19:38,1250.59,0.0
904799,704608,Debit Card,Completed,2023-08-16 18:24:46,85999.72,1547.99
904800,704609,Debit Card,Completed,2025-04-11 23:59:46,132808.86,2390.56
904801,704610,Cash on Delivery,Completed,2024-10-01 11:33:35,506.6,0.0
904802,704611,UPI,Completed,2024-02-10 13:01:12,5982.22,0.0
904803,704612,Cash on Delivery,Completed,2024-09-17 21:33:28,40423.33,0.0
904804,704613,Cash on Delivery,Completed,2023-10-30 15:08:51,7008.2,0.0
904805,704614,Debit Card,Completed,2025-11-04 15:36:56,12571.88,226.29
904806,704615,Debit Card,Completed,2023-04-06 14:55:10,106560.54,1918.09
904807,704616,Wallet,Completed,2025-10-07 16:13:56,3914.06,0.0
904808,704617,Credit Card,Completed,2024-10-19 20:18:13,816.98,14.71
904809,704618,UPI,Completed,2025-01-19 18:12:17,110912.9,0.0
904810,704619,UPI,Refunded,2024-02-12 23:39:38,81350.69,0.0
904811,704620,Credit Card,Completed,2025-12-05 15:21:25,26171.87,471.09
904812,704621,Wallet,Completed,2024-01-18 22:35:31,12840.93,0.0
904813,704622,Credit Card,Completed,2024-12-21 15:41:13,201815.08,3632.67
904814,704623,UPI,Completed,2025-12-27 18:12:28,3652.12,0.0
904815,704624,Debit Card,Failed,2025-10-15 19:50:03,9485.99,170.75
904816,704625,Credit Card,Completed,2024-11-02 15:29:30,21356.26,384.41
904817,704626,UPI,Completed,2025-12-26 15:51:37,6657.22,0.0
904818,704627,UPI,Completed,2025-04-25 23:08:17,7705.45,0.0
904819,704628,UPI,Completed,2023-10-29 14:05:37,56984.04,0.0
904820,704629,Wallet,Completed,2024-07-01 12:28:37,5422.15,0.0
904821,704629,Wallet,Failed,2024-07-01 12:17:37,5422.15,0.0
904822,704630,Credit Card,Completed,2024-03-30 19:21:16,89898.46,1618.17
904823,704631,Cash on Delivery,Completed,2024-04-13 18:39:56,188350.7,0.0
904824,704632,UPI,Completed,2025-06-25 17:13:35,6260.38,0.0
904825,704633,Cash on Delivery,Completed,2024-12-16 23:28:25,1389.54,0.0
904826,704634,Net Banking,Completed,2023-03-07 20:07:15,137007.95,0.0
904827,704635,UPI,Completed,2025-10-13 19:34:33,1612.26,0.0
904828,704636,Debit Card,Failed,2024-02-03 18:37:25,9183.54,165.3
904829,704637,Credit Card,Completed,2025-12-30 19:30:33,7890.61,142.03
904830,704638,Credit Card,Completed,2025-11-21 23:19:07,27369.11,492.64
904831,704639,Net Banking,Completed,2025-11-11 19:02:47,97708.78,0.0
904832,704640,Cash on Delivery,Completed,2025-08-16 14:18:50,10637.44,0.0
904833,704641,Cash on Delivery,Completed,2023-11-06 21:17:11,926.36,0.0
904834,704642,UPI,Completed,2024-10-31 20:08:23,23296.14,0.0
904835,704643,Credit Card,Completed,2023-11-09 11:30:35,18004.13,324.07
904836,704644,UPI,Completed,2023-12-23 16:16:29,14136.99,0.0
904837,704645,Credit Card,Completed,2025-01-09 19:03:29,5863.99,105.55
904838,704646,Credit Card,Completed,2023-03-12 23:15:39,4559.06,82.06
904839,704647,Debit Card,Completed,2025-12-08 22:00:15,100801.18,1814.42
904840,704648,UPI,Refunded,2025-11-01 16:56:01,11410.23,0.0
904841,704649,Debit Card,Pending,2024-05-28 18:38:38,75044.24,1350.8
904842,704649,Debit Card,Failed,2024-05-28 18:25:38,75044.24,0.0
904843,704650,Debit Card,Completed,2024-10-21 15:34:31,27925.96,502.67
904844,704651,Credit Card,Completed,2024-09-15 14:30:22,8009.64,144.17
904845,704652,UPI,Completed,2025-10-15 23:43:39,1094.92,0.0
904846,704653,UPI,Completed,2025-04-09 07:11:20,36936.81,0.0
904847,704654,UPI,Failed,2024-01-13 22:39:59,2401.53,0.0
904848,704655,Cash on Delivery,Completed,2024-08-20 18:43:51,7766.28,0.0
904849,704656,UPI,Completed,2024-08-03 23:05:48,23376.85,0.0
904850,704657,Debit Card,Completed,2025-11-27 23:25:11,23892.42,430.06
904851,704658,Debit Card,Completed,2023-10-07 17:48:54,1667.45,30.01
904852,704659,Debit Card,Pending,2023-05-31 17:14:50,117002.21,2106.04
904853,704660,Wallet,Pending,2025-10-14 22:50:34,2004.0,0.0
904854,704661,Wallet,Completed,2025-10-22 15:09:47,8361.59,0.0
904855,704662,Cash on Delivery,Completed,2025-10-10 20:39:33,186328.27,0.0
904856,704663,UPI,Failed,2024-10-19 21:39:16,1166.21,0.0
904857,704664,UPI,Pending,2025-03-05 19:17:36,12540.88,0.0
904858,704665,Cash on Delivery,Completed,2024-11-19 14:14:25,8556.47,0.0
904859,704666,UPI,Completed,2023-05-03 22:51:15,6908.58,0.0
904860,704667,Credit Card,Completed,2024-12-26 18:18:06,41141.26,740.54
904861,704668,Credit Card,Completed,2023-01-24 17:10:03,125273.66,2254.93
904862,704669,UPI,Pending,2024-03-16 13:44:11,49676.28,0.0
904863,704670,Debit Card,Completed,2025-11-08 23:58:32,48954.78,881.19
904864,704671,Credit Card,Failed,2024-02-14 11:50:43,926.36,16.67
904865,704671,Credit Card,Failed,2024-02-14 11:41:43,926.36,0.0
904866,704672,UPI,Completed,2025-11-11 21:54:24,236963.0,0.0
904867,704673,Wallet,Completed,2023-12-10 18:25:33,2429.16,0.0
904868,704674,UPI,Completed,2024-03-01 17:02:59,6135.42,0.0
904869,704675,Credit Card,Completed,2025-01-27 19:12:05,12330.26,221.94
904870,704676,Credit Card,Completed,2025-06-27 19:17:57,8627.91,155.3
904871,704677,Wallet,Completed,2024-10-14 21:20:32,232130.06,0.0
904872,704678,Credit Card,Completed,2025-10-15 18:27:33,10486.17,188.75
904873,704679,UPI,Completed,2023-03-11 20:51:11,207786.59,0.0
904874,704680,Cash on Delivery,Pending,2025-11-03 19:53:36,462.92,0.0
904875,704681,Debit Card,Completed,2023-10-21 20:53:21,5729.43,103.13
904876,704682,Debit Card,Pending,2025-10-16 14:57:09,45872.89,825.71
904877,704683,Credit Card,Completed,2024-06-25 20:50:20,7034.71,126.62
904878,704684,Cash on Delivery,Refunded,2025-09-10 23:26:55,217895.35,0.0
904879,704685,UPI,Completed,2025-03-20 23:53:53,14932.03,0.0
904880,704686,UPI,Completed,2023-10-07 17:04:00,7953.7,0.0
904881,704687,Credit Card,Completed,2025-11-01 15:40:41,4550.27,81.9
904882,704688,UPI,Completed,2023-12-03 23:40:26,133129.54,0.0
904883,704689,UPI,Completed,2023-11-30 23:40:27,3775.24,0.0
904884,704690,Cash on Delivery,Completed,2025-08-19 23:18:27,3269.02,0.0
904885,704691,Wallet,Completed,2023-06-28 16:42:51,6356.13,0.0
904886,704692,Net Banking,Completed,2023-11-07 15:17:47,86023.84,0.0
904887,704693,UPI,Failed,2024-10-15 20:16:19,72222.93,0.0
904888,704694,UPI,Completed,2025-09-07 22:52:48,4143.31,0.0
904889,704695,UPI,Refunded,2023-08-30 20:32:57,13394.56,0.0
904890,704696,Net Banking,Completed,2024-11-08 19:13:52,3539.88,0.0
904891,704697,Net Banking,Completed,2025-05-05 21:52:40,5055.86,0.0
904892,704698,UPI,Completed,2025-10-05 20:45:52,16133.62,0.0
904893,704699,Credit Card,Pending,2025-11-09 12:42:55,6634.58,119.42
904894,704700,Credit Card,Completed,2025-07-24 19:31:44,9645.35,173.62
904895,704701,UPI,Completed,2025-02-24 15:50:32,101743.34,0.0
904896,704702,UPI,Completed,2024-08-07 23:21:54,18887.76,0.0
904897,704703,Credit Card,Completed,2023-07-09 17:49:02,8035.53,144.64
904898,704704,UPI,Pending,2025-05-04 19:32:55,2008.84,0.0
904899,704705,UPI,Completed,2025-12-27 20:34:56,3407.97,0.0
904900,704706,UPI,Completed,2025-05-29 14:22:42,79364.48,0.0
904901,704707,UPI,Completed,2023-01-28 21:22:04,1389.54,0.0
904902,704708,Cash on Delivery,Completed,2024-10-11 17:42:40,121651.39,0.0
904903,704709,UPI,Completed,2025-01-14 22:39:50,1320.06,0.0
904904,704710,UPI,Completed,2025-04-11 18:40:28,56845.99,0.0
904905,704711,Credit Card,Completed,2025-05-13 19:14:07,518.94,9.34
904906,704712,UPI,Completed,2024-11-14 14:48:38,880.04,0.0
904907,704713,Debit Card,Completed,2023-11-08 19:08:35,7676.92,138.18
904908,704714,UPI,Completed,2025-11-12 23:01:03,3454.29,0.0
904909,704715,Cash on Delivery,Pending,2025-04-19 16:46:48,56378.14,0.0
904910,704716,UPI,Completed,2023-11-19 19:22:59,1574.81,0.0
904911,704717,UPI,Completed,2024-03-12 18:15:00,7518.22,0.0
904912,704718,Debit Card,Completed,2025-11-03 11:54:02,3513.16,63.24
904913,704719,UPI,Completed,2025-10-18 12:48:40,79920.3,0.0
904914,704720,Wallet,Completed,2024-07-01 10:10:56,25069.03,0.0
904915,704721,Debit Card,Completed,2023-03-08 23:43:23,160306.01,2885.51
904916,704722,UPI,Completed,2023-03-27 13:46:24,138665.43,0.0
904917,704723,UPI,Completed,2024-01-21 22:31:23,328054.0,0.0
904918,704724,Debit Card,Completed,2025-01-28 16:28:34,50209.04,903.76
904919,704725,Cash on Delivery,Completed,2024-12-16 18:38:15,35172.03,0.0
904920,704726,UPI,Failed,2025-01-31 23:18:13,7001.58,0.0
904921,704727,Debit Card,Completed,2025-05-11 18:05:34,191962.26,3455.32
904922,704728,UPI,Completed,2023-01-31 21:35:28,146802.6,0.0
904923,704729,UPI,Completed,2023-06-27 13:33:54,123293.98,0.0
904924,704730,Net Banking,Completed,2024-05-05 17:30:11,126118.24,0.0
904925,704731,UPI,Completed,2023-09-11 21:12:00,29407.96,0.0
904926,704732,Cash on Delivery,Completed,2023-05-11 20:52:23,79360.45,0.0
904927,704733,UPI,Completed,2025-02-09 21:43:33,38855.23,0.0
904928,704734,UPI,Completed,2025-08-21 18:44:46,119084.39,0.0
904929,704735,Debit Card,Completed,2025-06-16 21:21:55,23625.47,425.26
904930,704736,UPI,Completed,2025-08-23 20:47:24,5118800.0,0.0
904931,704737,Debit Card,Completed,2025-03-12 21:10:28,237165.73,4268.98
904932,704738,UPI,Completed,2025-05-28 18:32:28,82448.23,0.0
904933,704739,Cash on Delivery,Pending,2024-01-03 21:03:50,23243.03,0.0
904934,704740,Cash on Delivery,Completed,2025-12-27 13:02:42,1250.59,0.0
904935,704741,Credit Card,Completed,2023-10-12 15:21:56,424.98,7.65
904936,704742,UPI,Completed,2023-11-02 16:58:03,5055.86,0.0
904937,704743,Cash on Delivery,Failed,2024-01-26 20:01:40,62994.78,0.0
904938,704744,UPI,Completed,2025-12-14 17:58:34,74581.78,0.0
904939,704745,UPI,Completed,2025-12-24 23:39:10,8978.3,0.0
904940,704746,Cash on Delivery,Completed,2025-08-05 21:16:52,120012.86,0.0
904941,704747,UPI,Completed,2025-01-28 23:30:15,57775.11,0.0
904942,704748,UPI,Completed,2024-10-24 22:34:41,8089.38,0.0
904943,704748,UPI,Failed,2024-10-24 22:30:41,8089.38,0.0
904944,704749,Net Banking,Completed,2025-12-09 15:11:03,39960.15,0.0
904945,704750,Wallet,Completed,2025-04-18 23:11:39,6908.58,0.0
904946,704751,UPI,Completed,2025-11-13 19:40:16,88656.93,0.0
904947,704752,UPI,Completed,2024-03-04 18:40:49,8130.96,0.0
904948,704753,Cash on Delivery,Pending,2024-03-29 18:30:04,10897.88,0.0
904949,704754,UPI,Refunded,2025-10-02 13:36:14,2328.8,0.0
904950,704755,UPI,Completed,2023-09-03 20:23:08,335096.81,0.0
904951,704756,UPI,Completed,2025-11-14 22:43:57,120154.16,0.0
904952,704756,UPI,Failed,2025-11-14 22:29:57,120154.16,0.0
904953,704757,Debit Card,Completed,2024-10-17 15:05:40,1644.31,29.6
904954,704758,UPI,Completed,2025-11-05 22:10:36,4843.56,0.0
904955,704759,Debit Card,Completed,2024-04-03 23:18:04,5266.25,94.79
904956,704760,Credit Card,Completed,2025-05-10 16:17:13,72732.42,1309.18
904957,704760,Credit Card,Failed,2025-05-10 16:06:13,72732.42,0.0
904958,704761,UPI,Completed,2024-10-03 20:09:35,34498.78,0.0
904959,704762,Net Banking,Completed,2025-01-26 15:13:08,12452.7,0.0
904960,704763,Wallet,Completed,2024-10-15 18:17:30,926.36,0.0
904961,704763,Wallet,Failed,2024-10-15 18:03:30,926.36,0.0
904962,704764,Cash on Delivery,Completed,2025-12-05 21:03:27,3454.29,0.0
904963,704765,UPI,Completed,2025-04-14 23:15:31,8973.33,0.0
904964,704766,Cash on Delivery,Completed,2023-12-12 18:10:04,41344.27,0.0
904965,704767,UPI,Completed,2025-10-28 19:07:02,114515.56,0.0
904966,704768,Net Banking,Pending,2024-01-30 12:01:32,10111.72,0.0
904967,704769,Debit Card,Failed,2024-05-18 21:53:34,34012.44,612.22
904968,704770,Debit Card,Completed,2023-06-22 20:29:03,926.36,16.67
904969,704771,Debit Card,Completed,2025-10-24 15:40:55,5564.77,100.17
904970,704772,Debit Card,Failed,2024-01-23 17:23:29,2640.13,47.52
904971,704772,Debit Card,Failed,2024-01-23 17:14:29,2640.13,0.0
904972,704773,Debit Card,Completed,2023-12-22 18:51:46,104883.05,1887.89
904973,704774,Debit Card,Completed,2025-11-02 17:46:20,1667.45,30.01
904974,704775,Cash on Delivery,Completed,2025-08-12 22:49:31,3917.47,0.0
904975,704776,UPI,Completed,2023-08-19 16:53:01,6375.92,0.0
904976,704777,UPI,Refunded,2025-07-06 20:37:53,13315.47,0.0
904977,704778,Cash on Delivery,Completed,2025-10-30 18:33:18,8762.12,0.0
904978,704779,UPI,Completed,2023-05-16 12:25:20,129006.57,0.0
904979,704779,UPI,Failed,2023-05-16 12:23:20,129006.57,0.0
904980,704780,Credit Card,Completed,2025-09-01 16:18:20,1667.45,30.01
904981,704781,Cash on Delivery,Completed,2024-11-08 08:01:16,2527.93,0.0
904982,704782,UPI,Failed,2025-03-16 20:11:01,178995.61,0.0
904983,704782,UPI,Failed,2025-03-16 20:05:01,178995.61,0.0
904984,704783,Cash on Delivery,Completed,2024-10-09 23:25:49,8046.97,0.0
904985,704784,UPI,Completed,2025-04-20 13:16:28,3454.29,0.0
904986,704785,UPI,Completed,2023-02-28 17:39:27,144041.9,0.0
904987,704786,Net Banking,Completed,2025-06-28 16:27:13,926.36,0.0
904988,704787,Debit Card,Completed,2023-02-26 15:30:54,118268.85,2128.84
904989,704788,UPI,Completed,2024-08-31 23:03:12,90832.32,0.0
904990,704789,UPI,Completed,2023-09-05 21:51:11,7070.18,0.0
904991,704790,Credit Card,Completed,2025-08-30 23:55:01,105857.04,1905.43
904992,704791,Credit Card,Completed,2024-02-28 17:47:58,5031.76,90.57
904993,704792,UPI,Completed,2024-08-30 17:52:40,2795.23,0.0
904994,704793,Cash on Delivery,Completed,2024-08-03 23:45:27,2650.98,0.0
904995,704794,UPI,Completed,2025-07-10 14:49:23,2200.1,0.0
904996,704795,Cash on Delivery,Completed,2024-10-02 19:56:14,465.75,0.0
904997,704796,UPI,Failed,2025-07-29 22:53:49,157234.1,0.0
904998,704797,UPI,Completed,2023-05-09 13:06:08,26579.4,0.0
904999,704798,Wallet,Completed,2023-10-18 23:06:00,17993.56,0.0
905000,704799,UPI,Completed,2024-11-10 17:54:42,74011.02,0.0
905001,704800,Cash on Delivery,Completed,2025-11-15 14:14:58,1667.45,0.0
905002,704801,Cash on Delivery,Completed,2023-05-11 19:21:09,516.38,0.0
905003,704802,Debit Card,Completed,2023-03-17 16:28:07,5536.19,99.65
905004,704803,Cash on Delivery,Completed,2023-09-14 21:59:25,1320.06,0.0
905005,704804,UPI,Failed,2025-02-09 22:41:27,7731.23,0.0
905006,704805,Debit Card,Completed,2024-06-22 22:19:06,129580.81,2332.45
905007,704806,UPI,Completed,2025-09-01 21:55:38,13467.98,0.0
905008,704807,Credit Card,Completed,2023-05-07 16:12:40,105901.14,1906.22
905009,704808,Cash on Delivery,Refunded,2023-10-21 21:11:20,2898.47,0.0
905010,704809,Net Banking,Completed,2024-02-08 23:24:34,5935.9,0.0
905011,704810,UPI,Completed,2025-01-26 18:31:45,167830.36,0.0
905012,704811,Credit Card,Completed,2025-04-05 19:53:36,4717.47,84.91
905013,704812,Cash on Delivery,Completed,2023-07-30 15:24:02,114576.9,0.0
905014,704813,UPI,Completed,2025-11-13 17:42:41,17210.75,0.0
905015,704814,UPI,Completed,2024-04-09 14:01:06,9198.76,0.0
905016,704814,UPI,Failed,2024-04-09 13:48:06,9198.76,0.0
905017,704815,Credit Card,Completed,2025-05-07 16:45:41,135616.61,2441.1
905018,704816,Credit Card,Completed,2024-10-26 15:51:04,194733.84,3505.21
905019,704817,Net Banking,Refunded,2023-11-07 21:39:39,127847.68,0.0
905020,704818,UPI,Completed,2025-09-25 23:14:09,95073.17,0.0
905021,704819,UPI,Completed,2025-08-24 23:58:31,82222.73,0.0
905022,704820,Cash on Delivery,Completed,2024-06-18 18:04:44,21804.77,0.0
905023,704821,Net Banking,Completed,2024-12-21 20:41:38,63146.72,0.0
905024,704822,Cash on Delivery,Completed,2023-12-21 21:14:14,53611.94,0.0
905025,704823,Credit Card,Completed,2025-04-11 22:05:25,79457.12,1430.23
905026,704824,Net Banking,Completed,2024-02-21 22:52:37,107984.56,0.0
905027,704825,Debit Card,Pending,2025-09-23 19:48:32,143641.68,2585.55
905028,704826,Cash on Delivery,Completed,2023-11-04 18:26:25,22697.28,0.0
905029,704827,UPI,Completed,2023-01-26 21:50:58,40747.56,0.0
905030,704828,Cash on Delivery,Completed,2023-12-30 17:34:03,128337.27,0.0
905031,704829,Debit Card,Refunded,2023-10-17 17:40:33,4127.86,74.3
905032,704830,Debit Card,Completed,2024-10-18 23:52:36,4803.07,86.46
905033,704831,UPI,Completed,2023-10-26 22:33:03,7721.78,0.0
905034,704832,Cash on Delivery,Pending,2025-06-29 23:58:48,3454.29,0.0
905035,704833,Cash on Delivery,Completed,2023-11-26 14:09:18,82865.86,0.0
905036,704834,Cash on Delivery,Completed,2025-05-01 19:27:29,47643.57,0.0
905037,704835,Cash on Delivery,Refunded,2024-12-08 18:51:34,67144.85,0.0
905038,704836,Net Banking,Completed,2025-12-23 16:15:01,195326.55,0.0
905039,704837,UPI,Completed,2025-12-31 22:08:38,91857.28,0.0
905040,704838,Credit Card,Completed,2025-10-09 23:46:19,9436.51,169.86
905041,704839,Credit Card,Completed,2025-06-25 20:40:11,112228.04,2020.1
905042,704840,Cash on Delivery,Completed,2024-06-04 20:43:10,4839.04,0.0
905043,704841,Cash on Delivery,Completed,2025-06-17 23:02:35,122120.71,0.0
905044,704842,UPI,Completed,2025-11-23 19:33:50,50702.37,0.0
905045,704843,Credit Card,Completed,2023-02-07 19:57:13,69893.66,1258.09
905046,704844,UPI,Completed,2024-11-03 21:21:33,1389.54,0.0
905047,704845,Debit Card,Completed,2023-11-04 15:53:35,5399.83,97.2
905048,704846,UPI,Completed,2024-11-14 20:17:00,180687.03,0.0
905049,704847,Credit Card,Refunded,2024-09-15 21:55:47,42479.43,764.63
905050,704848,UPI,Completed,2024-12-05 14:27:21,83216.27,0.0
905051,704849,Debit Card,Completed,2024-11-10 17:25:54,13684.83,246.33
905052,704850,Net Banking,Completed,2025-11-27 17:48:07,53815.8,0.0
905053,704851,UPI,Completed,2024-11-11 23:23:04,9780.34,0.0
905054,704852,Credit Card,Pending,2025-09-25 19:42:09,1250.59,22.51
905055,704853,Cash on Delivery,Completed,2024-03-09 15:29:01,180203.49,0.0
905056,704854,Debit Card,Completed,2024-08-11 14:01:22,165635.16,2981.43
905057,704855,Credit Card,Refunded,2024-09-21 23:33:02,131015.73,2358.28
905058,704856,Credit Card,Completed,2024-01-14 23:29:33,7580.24,136.44
905059,704857,UPI,Completed,2024-05-27 17:15:07,1636.93,0.0
905060,704857,UPI,Failed,2024-05-27 16:56:07,1636.93,0.0
905061,704858,Debit Card,Completed,2024-12-28 22:49:15,12420.45,223.57
905062,704859,UPI,Completed,2024-12-11 14:11:40,203420.75,0.0
905063,704860,Cash on Delivery,Completed,2025-02-04 16:18:52,8973.33,0.0
905064,704861,Credit Card,Completed,2024-04-25 23:24:55,69325.86,1247.87
905065,704862,Debit Card,Completed,2024-03-03 23:51:15,5748.67,103.48
905066,704863,UPI,Refunded,2025-01-10 17:53:22,5078.55,0.0
905067,704864,UPI,Completed,2023-08-10 17:06:06,55636.55,0.0
905068,704864,UPI,Failed,2023-08-10 17:01:06,55636.55,0.0
905069,704865,UPI,Completed,2023-12-14 22:18:43,4924.63,0.0
905070,704866,Debit Card,Completed,2023-03-15 23:42:43,87504.09,1575.07
905071,704867,Net Banking,Completed,2023-05-07 13:32:52,6750.34,0.0
905072,704868,Wallet,Completed,2023-11-29 11:16:18,59373.92,0.0
905073,704869,Credit Card,Completed,2023-01-31 23:43:06,47058.52,847.05
905074,704870,UPI,Completed,2023-12-02 18:56:28,120933.34,0.0
905075,704871,UPI,Completed,2025-02-27 19:24:41,5291.36,0.0
905076,704872,Cash on Delivery,Completed,2023-04-19 13:53:38,3847.99,0.0
905077,704873,Wallet,Completed,2024-08-10 18:06:43,787.41,0.0
905078,704874,UPI,Failed,2025-10-30 14:58:16,1842.82,0.0
905079,704874,UPI,Failed,2025-10-30 14:50:16,1842.82,0.0
905080,704875,Credit Card,Completed,2025-08-01 14:01:50,41070.16,739.26
905081,704876,Credit Card,Completed,2024-02-16 20:36:40,114372.8,2058.71
905082,704877,Credit Card,Completed,2025-11-04 20:06:38,60493.44,1088.88
905083,704878,UPI,Completed,2024-03-23 22:47:18,4691.18,0.0
905084,704879,Debit Card,Completed,2023-05-07 14:29:26,10370.43,186.67
905085,704880,UPI,Refunded,2025-12-28 11:40:20,1852.72,0.0
905086,704881,Credit Card,Completed,2025-10-10 16:00:59,1389.54,25.01
905087,704882,UPI,Completed,2024-09-15 22:20:26,787.41,0.0
905088,704882,UPI,Failed,2024-09-15 22:18:26,787.41,0.0
905089,704883,UPI,Completed,2025-03-13 18:35:00,2232.73,0.0
905090,704883,UPI,Failed,2025-03-13 18:30:00,2232.73,0.0
905091,704884,Debit Card,Completed,2025-03-19 19:55:33,80965.61,1457.38
905092,704884,Debit Card,Failed,2025-03-19 19:46:33,80965.61,0.0
905093,704885,UPI,Completed,2023-10-20 23:00:00,2807.48,0.0
905094,704886,Cash on Delivery,Completed,2023-10-23 11:09:34,3249.85,0.0
905095,704887,Credit Card,Completed,2024-09-20 14:47:30,926.36,16.67
905096,704888,UPI,Completed,2025-10-29 23:40:09,7751.94,0.0
905097,704889,UPI,Completed,2023-01-20 13:00:29,2004.57,0.0
905098,704890,UPI,Completed,2025-07-21 20:04:57,68596.12,0.0
905099,704891,UPI,Refunded,2023-04-12 19:10:13,3454.29,0.0
905100,704892,Debit Card,Completed,2024-10-01 19:25:10,324466.68,5840.4
905101,704893,Credit Card,Completed,2025-02-05 20:54:44,13997.5,251.96
905102,704894,Credit Card,Completed,2025-04-07 20:03:28,41493.92,746.89
905103,704895,Credit Card,Completed,2023-04-14 22:08:29,38815.86,698.69
905104,704896,UPI,Refunded,2024-07-20 11:52:44,71881.96,0.0
905105,704897,Net Banking,Completed,2024-12-15 19:09:42,119232.0,0.0
905106,704898,Cash on Delivery,Completed,2023-04-28 16:49:54,2773.81,0.0
905107,704899,UPI,Completed,2023-08-12 22:10:45,82075.2,0.0
905108,704900,Credit Card,Failed,2025-03-10 14:57:40,201995.36,3635.92
905109,704901,Credit Card,Completed,2024-10-25 21:39:20,9248.99,166.48
905110,704902,UPI,Completed,2023-09-23 23:09:49,43344.96,0.0
905111,704903,Cash on Delivery,Completed,2024-11-01 19:54:33,202119.26,0.0
905112,704904,Credit Card,Completed,2025-10-29 17:54:09,1498.7,26.98
905113,704905,UPI,Failed,2023-01-27 15:41:13,8886.64,0.0
905114,704906,Credit Card,Completed,2025-02-11 22:27:05,165329.0,2975.92
905115,704907,UPI,Completed,2023-05-09 23:58:35,127787.34,0.0
905116,704907,UPI,Failed,2023-05-09 23:52:35,127787.34,0.0
905117,704908,Debit Card,Completed,2023-01-13 20:37:26,289259.76,5206.68
905118,704909,UPI,Completed,2023-09-04 14:42:48,833.72,0.0
905119,704910,UPI,Completed,2024-07-26 21:54:52,8473.82,0.0
905120,704911,Credit Card,Completed,2025-08-10 13:36:20,111080.36,1999.45
905121,704912,Cash on Delivery,Pending,2024-01-18 21:38:49,4845.13,0.0
905122,704913,Credit Card,Completed,2025-01-25 20:46:44,68885.09,1239.93
905123,704914,UPI,Failed,2024-07-09 20:59:34,1719.64,0.0
905124,704915,Cash on Delivery,Pending,2023-11-15 23:39:07,7217.87,0.0
905125,704916,Cash on Delivery,Completed,2024-10-21 15:32:17,12224.69,0.0
905126,704917,Credit Card,Completed,2025-08-06 17:19:34,258213.25,4647.84
905127,704918,Credit Card,Completed,2025-09-09 19:53:02,3782.42,68.08
905128,704919,UPI,Completed,2025-09-25 19:35:58,87967.27,0.0
905129,704920,UPI,Completed,2024-04-05 12:34:53,1852.72,0.0
905130,704921,UPI,Completed,2025-08-03 14:11:01,7557.85,0.0
905131,704922,Wallet,Completed,2023-10-31 14:22:29,202291.98,0.0
905132,704923,UPI,Completed,2025-05-31 14:18:55,16443.4,0.0
905133,704924,Debit Card,Completed,2025-11-15 19:20:28,193884.67,3489.92
905134,704925,Cash on Delivery,Pending,2023-01-24 23:39:08,120605.45,0.0
905135,704926,UPI,Completed,2024-08-13 21:52:57,14762.71,0.0
905136,704927,UPI,Completed,2025-02-18 17:01:44,3407.97,0.0
905137,704928,UPI,Completed,2025-04-25 20:46:00,41137.75,0.0
905138,704929,UPI,Completed,2023-10-07 17:35:07,125048.94,0.0
905139,704930,Cash on Delivery,Completed,2025-12-11 17:09:17,216631.3,0.0
905140,704931,UPI,Failed,2025-01-15 22:41:43,14608.93,0.0
905141,704932,Cash on Delivery,Completed,2023-09-27 13:00:08,10326.63,0.0
905142,704933,UPI,Completed,2023-02-02 14:44:02,10574.9,0.0
905143,704934,Credit Card,Completed,2025-07-22 18:08:19,3576.8,64.38
905144,704935,Credit Card,Completed,2023-05-17 23:23:51,34925.46,628.66
905145,704936,Wallet,Completed,2023-08-19 16:53:18,6825.41,0.0
905146,704937,Net Banking,Completed,2024-12-04 16:24:15,94417.49,0.0
905147,704938,Cash on Delivery,Completed,2024-12-31 22:21:28,127085.05,0.0
905148,704939,Credit Card,Completed,2025-04-07 20:38:01,99012.77,1782.23
905149,704940,Cash on Delivery,Completed,2024-06-14 13:03:02,11118.88,0.0
905150,704941,UPI,Completed,2025-07-11 18:41:29,3729.71,0.0
905151,704942,Credit Card,Completed,2025-12-13 15:32:00,81309.84,1463.58
905152,704943,Credit Card,Refunded,2024-01-02 11:43:09,103230.73,1858.15
905153,704944,Wallet,Pending,2025-04-27 17:55:36,1852.72,0.0
905154,704945,UPI,Completed,2025-11-06 23:13:49,3177.84,0.0
905155,704946,UPI,Completed,2025-04-06 18:48:11,8000.65,0.0
905156,704947,UPI,Completed,2025-03-31 16:28:23,926.36,0.0
905157,704948,Credit Card,Completed,2023-11-08 18:26:35,6806.7,122.52
905158,704949,UPI,Completed,2024-11-01 15:23:01,5519.04,0.0
905159,704950,UPI,Completed,2024-11-18 18:32:30,14709.52,0.0
905160,704951,UPI,Refunded,2025-04-23 13:55:32,72617.45,0.0
905161,704951,UPI,Failed,2025-04-23 13:52:32,72617.45,0.0
905162,704952,Net Banking,Completed,2025-12-29 18:11:21,9507.46,0.0
905163,704953,UPI,Completed,2023-02-27 23:21:54,137001.32,0.0
905164,704954,Credit Card,Completed,2023-04-26 17:32:22,101706.97,1830.73
905165,704955,Debit Card,Completed,2023-05-15 19:32:18,8035.55,144.64
905166,704956,Credit Card,Completed,2025-06-05 23:07:44,5330.36,95.95
905167,704957,Credit Card,Refunded,2023-08-13 16:47:24,47013.89,846.25
905168,704958,Credit Card,Refunded,2025-01-22 21:27:38,21867.98,393.62
905169,704959,Debit Card,Completed,2024-03-16 22:33:06,62068.42,1117.23
905170,704960,Cash on Delivery,Completed,2024-09-03 18:34:41,2744.34,0.0
905171,704961,UPI,Completed,2023-11-03 20:23:41,926.36,0.0
905172,704962,Wallet,Completed,2025-10-08 15:10:11,1335.51,0.0
905173,704963,UPI,Refunded,2024-12-18 23:12:15,4214.98,0.0
905174,704964,UPI,Completed,2025-11-13 14:39:29,528.12,0.0
905175,704964,UPI,Failed,2025-11-13 14:34:29,528.12,0.0
905176,704965,UPI,Completed,2024-12-03 10:45:44,142526.99,0.0
905177,704966,UPI,Completed,2023-07-29 23:18:52,7721.21,0.0
905178,704967,Credit Card,Completed,2023-10-04 17:34:39,161960.92,2915.3
905179,704968,Debit Card,Completed,2025-12-25 23:38:09,129527.72,2331.5
905180,704969,Credit Card,Completed,2025-05-19 12:43:26,9093.36,163.68
905181,704970,UPI,Completed,2023-03-28 17:38:13,80510.61,0.0
905182,704971,UPI,Completed,2025-04-28 22:33:34,81072.26,0.0
905183,704972,Credit Card,Completed,2024-07-11 16:05:25,6825.41,122.86
905184,704973,Wallet,Completed,2024-02-19 18:30:51,74844.9,0.0
905185,704974,Debit Card,Completed,2023-09-10 15:20:33,327276.44,5890.98
905186,704975,UPI,Completed,2025-09-18 23:50:39,10026.91,0.0
905187,704976,Credit Card,Completed,2023-04-24 23:04:57,8332.72,149.99
905188,704977,UPI,Completed,2024-01-26 23:40:50,4044.59,0.0
905189,704978,Debit Card,Completed,2024-02-17 23:04:08,37040.65,666.73
905190,704979,Net Banking,Completed,2023-09-22 18:54:31,100984.45,0.0
905191,704980,Cash on Delivery,Completed,2024-10-18 22:51:34,1890.0,0.0
905192,704981,UPI,Completed,2023-01-22 22:39:23,11468.57,0.0
905193,704982,UPI,Completed,2024-02-09 22:27:36,3454.29,0.0
905194,704983,Debit Card,Completed,2025-11-08 14:06:40,20139.45,362.51
905195,704984,UPI,Completed,2024-02-24 19:02:31,8427.42,0.0
905196,704985,Net Banking,Completed,2024-05-06 19:06:50,122778.92,0.0
905197,704986,Net Banking,Completed,2024-09-24 21:37:58,1904.01,0.0
905198,704987,UPI,Completed,2024-11-17 17:48:47,140099.67,0.0
905199,704988,Net Banking,Completed,2025-08-14 14:12:11,2315.9,0.0
905200,704989,UPI,Completed,2023-10-17 20:47:11,47887.45,0.0
905201,704990,UPI,Completed,2025-10-10 18:04:58,1760.08,0.0
905202,704991,Wallet,Completed,2025-06-22 23:51:44,217995.51,0.0
905203,704992,Cash on Delivery,Pending,2025-05-16 19:06:58,50676.26,0.0
905204,704993,Credit Card,Completed,2023-05-27 14:32:52,5617.54,101.12
905205,704994,Cash on Delivery,Completed,2023-02-04 21:03:09,170638.05,0.0
905206,704995,Credit Card,Completed,2024-12-24 14:16:40,115150.09,2072.7
905207,704996,Credit Card,Completed,2025-10-06 18:02:24,2522.39,45.4
905208,704997,Wallet,Completed,2024-12-16 18:24:14,59395.92,0.0
905209,704998,Wallet,Completed,2023-11-01 19:43:26,3075.1,0.0
905210,704999,Credit Card,Completed,2023-06-01 19:56:47,175042.6,3150.77
905211,705000,UPI,Completed,2025-04-23 23:46:23,5056.09,0.0
905212,705001,UPI,Completed,2025-05-15 22:40:11,5847.17,0.0
905213,705002,Net Banking,Completed,2023-10-05 18:31:02,194049.56,0.0
905214,705003,Debit Card,Refunded,2023-02-17 19:46:46,125724.54,2263.04
905215,705004,UPI,Completed,2024-07-05 23:46:14,7583.79,0.0
905216,705005,Debit Card,Completed,2024-12-14 23:08:41,3500.61,63.01
905217,705006,UPI,Completed,2025-05-01 23:23:02,2039.91,0.0
905218,705007,Debit Card,Completed,2025-08-15 14:19:34,926.36,16.67
905219,705008,Credit Card,Completed,2025-01-09 19:56:48,7114.48,128.06
905220,705009,Cash on Delivery,Completed,2023-07-07 16:21:18,166470.05,0.0
905221,705010,Debit Card,Failed,2025-04-02 16:10:16,20651.88,371.73
905222,705011,Cash on Delivery,Completed,2025-12-22 21:59:23,6780.25,0.0
905223,705012,UPI,Completed,2025-10-26 23:25:57,176967.34,0.0
905224,705013,UPI,Completed,2025-10-10 20:39:01,75507.42,0.0
905225,705014,Net Banking,Completed,2024-02-11 18:58:38,105585.37,0.0
905226,705015,UPI,Completed,2025-06-14 22:10:12,104626.91,0.0
905227,705016,Credit Card,Completed,2025-10-01 17:48:23,91391.33,1645.04
905228,705017,Cash on Delivery,Completed,2025-03-28 22:42:14,6306.45,0.0
905229,705018,Cash on Delivery,Completed,2023-12-10 16:22:25,8324.88,0.0
905230,705019,Net Banking,Completed,2025-11-20 20:37:35,53428.63,0.0
905231,705020,Credit Card,Completed,2024-08-25 14:16:56,336879.1,6063.82
905232,705021,Cash on Delivery,Completed,2023-08-07 21:19:33,3089.44,0.0
905233,705022,Wallet,Completed,2023-07-05 21:02:02,926.36,0.0
905234,705023,Cash on Delivery,Pending,2025-02-17 19:13:52,1181.11,0.0
905235,705024,UPI,Completed,2024-08-11 15:00:29,79457.12,0.0
905236,705025,Credit Card,Refunded,2023-06-08 19:25:40,7960082.0,143281.48
905237,705026,UPI,Completed,2025-06-01 16:00:19,1501.23,0.0
905238,705027,UPI,Completed,2025-08-08 19:01:06,7705.45,0.0
905239,705027,UPI,Failed,2025-08-08 18:46:06,7705.45,0.0
905240,705028,UPI,Completed,2025-05-18 19:43:53,1389.54,0.0
905241,705029,UPI,Completed,2023-10-25 20:38:48,2713.66,0.0
905242,705030,Wallet,Completed,2025-04-11 18:41:25,79433.96,0.0
905243,705031,Net Banking,Completed,2023-01-21 20:37:31,120784.52,0.0
905244,705032,Wallet,Completed,2024-02-16 21:11:02,103610.76,0.0
905245,705033,UPI,Completed,2024-06-22 18:15:44,1389.54,0.0
905246,705034,UPI,Completed,2025-09-13 19:52:27,1320.06,0.0
905247,705035,Credit Card,Completed,2024-06-10 10:47:54,5670.4,102.07
905248,705036,UPI,Completed,2023-01-21 20:37:05,141127.53,0.0
905249,705037,UPI,Completed,2024-04-26 23:09:53,55738.27,0.0
905250,705038,Wallet,Completed,2024-10-12 23:25:06,11360.51,0.0
905251,705039,Credit Card,Completed,2025-11-15 18:35:26,143534.78,2583.63
905252,705040,Cash on Delivery,Pending,2025-11-12 18:08:40,193340.04,0.0
905253,705041,UPI,Completed,2023-10-10 16:19:08,54225.42,0.0
905254,705042,Debit Card,Completed,2023-10-13 22:10:18,26956.19,485.21
905255,705043,Credit Card,Completed,2023-09-25 23:08:49,202343.45,3642.18
905256,705044,UPI,Failed,2025-07-29 23:08:28,143136.51,0.0
905257,705045,Credit Card,Completed,2023-01-12 20:42:43,17981.32,323.66
905258,705046,Cash on Delivery,Completed,2023-08-04 20:03:41,121852.56,0.0
905259,705047,UPI,Completed,2024-11-03 23:36:06,10680.93,0.0
905260,705048,Credit Card,Completed,2023-12-06 15:38:20,46755.34,841.6
905261,705049,Cash on Delivery,Completed,2023-06-04 19:26:11,104186.53,0.0
905262,705050,Debit Card,Completed,2024-05-05 22:47:44,5634.22,101.42
905263,705051,Debit Card,Pending,2024-01-07 23:51:24,13572.4,244.3
905264,705052,UPI,Completed,2024-10-19 23:48:57,3917.47,0.0
905265,705053,Debit Card,Refunded,2025-12-19 23:59:23,3166.11,56.99
905266,705054,UPI,Failed,2023-07-30 16:00:35,10037190.0,0.0
905267,705055,Net Banking,Completed,2024-05-19 22:38:03,7407.48,0.0
905268,705056,UPI,Completed,2025-11-08 14:24:03,16695.56,0.0
905269,705057,Debit Card,Completed,2025-10-13 23:07:46,3947.05,71.05
905270,705058,UPI,Completed,2024-06-15 23:10:26,79387.64,0.0
905271,705059,UPI,Completed,2025-04-22 17:49:12,6698.19,0.0
905272,705060,Credit Card,Completed,2023-05-28 21:20:51,199694.35,3594.5
905273,705061,Net Banking,Completed,2025-05-07 21:45:28,78252.45,0.0
905274,705062,UPI,Completed,2025-12-12 19:11:44,9725.7,0.0
905275,705063,Wallet,Completed,2024-11-03 15:04:17,202528.72,0.0
905276,705064,Debit Card,Completed,2024-10-12 21:11:10,40775.4,733.96
905277,705065,UPI,Failed,2023-10-15 17:46:50,79217.67,0.0
905278,705066,UPI,Completed,2025-01-31 13:20:11,255803.76,0.0
905279,705067,Debit Card,Completed,2024-12-22 12:01:24,59699.88,1074.6
905280,705067,Debit Card,Failed,2024-12-22 11:41:24,59699.88,0.0
905281,705068,UPI,Completed,2025-02-23 21:55:45,50817.45,0.0
905282,705069,UPI,Refunded,2023-02-13 21:02:56,233164.13,0.0
905283,705070,UPI,Completed,2024-11-09 22:10:19,155150.26,0.0
905284,705071,UPI,Completed,2024-12-25 10:09:16,15641.8,0.0
905285,705072,Cash on Delivery,Completed,2023-10-28 18:33:42,4420.88,0.0
905286,705073,UPI,Completed,2023-10-29 19:45:14,926.36,0.0
905287,705074,Credit Card,Refunded,2024-01-10 22:10:44,278713.44,5016.84
905288,705075,UPI,Completed,2025-05-06 23:29:17,1250.59,0.0
905289,705076,UPI,Pending,2025-01-04 06:21:35,264710.83,0.0
905290,705077,Debit Card,Refunded,2025-09-25 22:32:41,190812.11,3434.62
905291,705078,UPI,Completed,2024-02-01 14:46:57,168388.89,0.0
905292,705079,Cash on Delivery,Completed,2025-10-29 17:02:37,17560.33,0.0
905293,705080,Debit Card,Completed,2025-06-06 16:30:23,15021.74,270.39
905294,705081,UPI,Completed,2024-06-16 18:11:22,6195.98,0.0
905295,705082,Debit Card,Failed,2023-06-10 23:44:43,1667.45,30.01
905296,705083,Cash on Delivery,Completed,2023-12-20 19:35:26,121269.99,0.0
905297,705084,Cash on Delivery,Completed,2025-11-24 18:38:52,98077.02,0.0
905298,705085,Debit Card,Failed,2024-02-24 22:19:25,88198.43,1587.57
905299,705086,Debit Card,Completed,2024-03-24 16:48:22,108918.7,1960.54
905300,705087,UPI,Completed,2023-10-16 23:35:15,8668.56,0.0
905301,705088,UPI,Completed,2025-08-13 11:23:02,5434.17,0.0
905302,705089,UPI,Refunded,2024-01-09 12:08:42,47273.26,0.0
905303,705090,UPI,Pending,2024-03-24 16:59:42,5055.86,0.0
905304,705091,UPI,Completed,2024-07-14 16:08:43,202807.1,0.0
905305,705092,Credit Card,Completed,2024-08-07 18:45:16,14066.98,253.21
905306,705093,Credit Card,Completed,2024-07-09 18:03:57,209033.11,3762.6
905307,705094,Cash on Delivery,Refunded,2024-10-15 19:41:19,18138.47,0.0
905308,705095,UPI,Completed,2025-08-20 23:42:26,15300.17,0.0
905309,705096,Debit Card,Refunded,2025-08-25 14:01:50,28111.06,506.0
905310,705097,Credit Card,Completed,2025-08-07 20:47:20,489.13,8.8
905311,705098,Net Banking,Completed,2023-06-20 21:27:52,58165.51,0.0
905312,705099,Debit Card,Completed,2025-08-08 18:49:20,15245.36,274.42
905313,705100,Cash on Delivery,Completed,2023-07-23 18:27:20,7591.88,0.0
905314,705101,UPI,Completed,2023-07-31 20:46:14,88040.49,0.0
905315,705102,Cash on Delivery,Pending,2025-11-15 20:18:14,126823.88,0.0
905316,705103,UPI,Completed,2025-08-25 20:44:42,234948.13,0.0
905317,705104,Cash on Delivery,Completed,2024-11-11 17:56:53,34250.92,0.0
905318,705105,UPI,Completed,2025-10-12 20:07:02,186504.77,0.0
905319,705106,UPI,Completed,2025-12-25 21:59:26,327834.6,0.0
905320,705107,Net Banking,Completed,2025-01-09 12:39:58,8539.19,0.0
905321,705108,Credit Card,Completed,2025-01-12 18:04:47,2273.5,40.92
905322,705109,Cash on Delivery,Completed,2025-06-18 18:47:55,3266.92,0.0
905323,705110,Credit Card,Completed,2023-11-14 23:28:18,7834.94,141.03
905324,705111,UPI,Completed,2023-10-01 12:28:41,10091.01,0.0
905325,705112,Credit Card,Failed,2025-06-24 20:26:40,45885.51,825.94
905326,705113,UPI,Completed,2024-04-15 16:47:01,157834.85,0.0
905327,705114,Cash on Delivery,Completed,2023-08-12 19:46:04,49548.01,0.0
905328,705115,UPI,Completed,2024-03-01 15:18:53,833.72,0.0
905329,705115,UPI,Failed,2024-03-01 15:04:53,833.72,0.0
905330,705116,Wallet,Completed,2024-05-04 18:38:40,6993.39,0.0
905331,705117,Debit Card,Completed,2025-12-03 22:47:32,7310.3,131.59
905332,705118,Debit Card,Completed,2025-04-21 22:01:01,76445.82,1376.02
905333,705119,Debit Card,Completed,2024-10-30 20:03:42,14790.39,266.23
905334,705120,Credit Card,Refunded,2025-12-07 19:44:04,432836.78,7791.06
905335,705121,UPI,Completed,2025-10-25 12:01:18,8784.36,0.0
905336,705121,UPI,Failed,2025-10-25 11:46:18,8784.36,0.0
905337,705122,UPI,Completed,2024-10-20 19:18:03,3709.04,0.0
905338,705123,Debit Card,Completed,2025-10-26 17:29:02,35987.29,647.77
905339,705124,Wallet,Completed,2024-06-30 15:01:51,10111.72,0.0
905340,705124,Wallet,Failed,2024-06-30 14:57:51,10111.72,0.0
905341,705125,Cash on Delivery,Completed,2023-11-12 10:23:46,126529.23,0.0
905342,705126,UPI,Refunded,2023-11-14 23:35:20,15776.62,0.0
905343,705126,UPI,Failed,2023-11-14 23:20:20,15776.62,0.0
905344,705127,Net Banking,Completed,2025-03-08 20:28:51,64376.71,0.0
905345,705128,UPI,Completed,2024-10-13 23:16:33,509.46,0.0
905346,705129,UPI,Completed,2025-03-04 20:36:22,59955.43,0.0
905347,705130,Credit Card,Completed,2025-04-06 20:29:30,140005.79,2520.1
905348,705131,UPI,Completed,2023-02-05 15:49:14,6192.61,0.0
905349,705132,Net Banking,Completed,2023-04-06 23:21:07,496.14,0.0
905350,705133,Net Banking,Completed,2024-10-31 16:46:30,113853.91,0.0
905351,705134,UPI,Pending,2023-10-17 21:39:12,138480.98,0.0
905352,705135,UPI,Completed,2025-01-30 14:41:54,5008.05,0.0
905353,705135,UPI,Failed,2025-01-30 14:31:54,5008.05,0.0
905354,705136,Wallet,Pending,2024-11-11 17:44:55,134059.04,0.0
905355,705137,Credit Card,Completed,2024-12-18 15:13:07,77561.05,1396.1
905356,705138,UPI,Completed,2024-02-11 22:04:11,880.04,0.0
905357,705139,Credit Card,Completed,2025-02-08 15:46:02,8182.81,147.29
905358,705140,Cash on Delivery,Pending,2025-09-06 12:52:46,207319.95,0.0
905359,705141,Wallet,Completed,2025-12-30 17:01:35,6483.89,0.0
905360,705142,UPI,Completed,2025-09-16 18:47:39,11461.45,0.0
905361,705143,UPI,Completed,2024-11-14 18:49:14,21458.05,0.0
905362,705144,Debit Card,Completed,2023-10-19 23:00:59,3176.38,57.17
905363,705145,Cash on Delivery,Completed,2025-04-01 21:15:50,2611.92,0.0
905364,705146,Cash on Delivery,Completed,2025-11-10 17:37:06,69992.4,0.0
905365,705147,UPI,Completed,2023-10-31 16:01:51,66154.81,0.0
905366,705148,UPI,Completed,2023-12-19 22:10:53,5476.63,0.0
905367,705149,Credit Card,Completed,2023-09-02 17:50:37,6058.32,109.05
905368,705150,UPI,Completed,2025-05-29 17:41:11,5549.03,0.0
905369,705151,UPI,Completed,2024-07-03 17:19:46,160129.76,0.0
905370,705152,Debit Card,Completed,2023-04-22 23:57:16,2315.9,41.69
905371,705153,Net Banking,Completed,2025-10-12 22:40:12,4803.07,0.0
905372,705154,Cash on Delivery,Pending,2024-11-14 17:09:25,437760.93,0.0
905373,705155,Debit Card,Completed,2024-03-25 22:11:30,56266.44,1012.8
905374,705156,UPI,Completed,2024-04-13 14:40:38,5230.76,0.0
905375,705157,UPI,Refunded,2024-01-27 20:35:04,4929.6,0.0
905376,705158,UPI,Refunded,2024-09-01 16:49:10,106025.02,0.0
905377,705159,Credit Card,Completed,2024-04-03 20:56:29,533.14,9.6
905378,705160,Debit Card,Completed,2024-11-08 15:31:30,5372.86,96.71
905379,705161,UPI,Completed,2025-07-11 20:24:29,16856.84,0.0
905380,705161,UPI,Failed,2025-07-11 20:22:29,16856.84,0.0
905381,705162,Wallet,Completed,2025-03-23 18:32:44,72501.24,0.0
905382,705163,Cash on Delivery,Completed,2024-01-31 20:39:50,4733.84,0.0
905383,705164,UPI,Completed,2024-10-29 14:05:45,10682.63,0.0
905384,705165,Credit Card,Completed,2025-09-18 23:22:29,16247.37,292.45
905385,705166,UPI,Completed,2023-05-01 16:42:15,11431.78,0.0
905386,705167,Credit Card,Completed,2023-05-15 19:24:41,8222.56,148.01
905387,705168,Wallet,Completed,2024-11-13 19:58:09,7597.76,0.0
905388,705169,Net Banking,Completed,2025-02-07 23:07:43,152551.62,0.0
905389,705170,Debit Card,Completed,2023-10-31 15:25:03,1389.54,25.01
905390,705171,Net Banking,Completed,2025-06-07 17:37:27,8838.56,0.0
905391,705172,UPI,Completed,2025-02-16 18:01:35,391747.0,0.0
905392,705173,Credit Card,Completed,2025-11-03 18:01:47,18089.68,325.61
905393,705174,UPI,Completed,2023-10-02 17:30:25,787.41,0.0
905394,705175,Cash on Delivery,Completed,2025-06-15 23:49:33,126036.02,0.0
905395,705176,UPI,Completed,2023-05-23 21:51:13,105772.23,0.0
905396,705177,Debit Card,Completed,2024-11-21 18:22:02,136322.41,2453.8
905397,705178,UPI,Completed,2024-11-10 23:31:27,11899.12,0.0
905398,705179,Net Banking,Completed,2024-06-07 15:01:33,5687.02,0.0
905399,705180,Wallet,Refunded,2025-09-23 23:58:03,1595.44,0.0
905400,705181,Net Banking,Completed,2023-01-09 21:26:40,501.52,0.0
905401,705182,Debit Card,Completed,2024-10-24 14:48:32,10899.13,196.18
905402,705183,Credit Card,Completed,2023-11-04 18:23:57,4832.1,86.98
905403,705184,Credit Card,Completed,2025-06-05 22:04:37,31664.04,569.95
905404,705185,Credit Card,Completed,2023-03-17 15:54:08,91184.08,1641.31
905405,705186,UPI,Failed,2025-09-08 20:03:23,3917.47,0.0
905406,705187,UPI,Completed,2025-09-16 15:48:37,35154.68,0.0
905407,705188,UPI,Completed,2025-09-10 16:05:37,5013.45,0.0
905408,705189,Debit Card,Completed,2023-09-08 20:47:57,5336.52,96.06
905409,705190,Debit Card,Completed,2025-01-29 23:26:31,140181.16,2523.26
905410,705190,Debit Card,Failed,2025-01-29 23:20:31,140181.16,0.0
905411,705191,UPI,Completed,2023-01-25 14:53:05,10551.74,0.0
905412,705192,Cash on Delivery,Completed,2025-09-27 21:44:05,11387.54,0.0
905413,705193,UPI,Completed,2025-05-16 18:27:28,101264.36,0.0
905414,705194,UPI,Refunded,2024-10-30 18:42:50,42072.39,0.0
905415,705195,UPI,Failed,2025-05-23 18:21:41,4760.66,0.0
905416,705196,Credit Card,Completed,2023-06-08 21:52:28,2200.1,39.6
905417,705197,Cash on Delivery,Completed,2024-10-29 17:08:57,926.36,0.0
905418,705198,Cash on Delivery,Completed,2024-01-28 23:03:45,1111.63,0.0
905419,705199,UPI,Completed,2025-12-11 18:35:25,7956.94,0.0
905420,705200,UPI,Failed,2025-10-03 20:03:13,107331.33,0.0
905421,705201,Cash on Delivery,Completed,2025-05-26 21:28:54,3201.5,0.0
905422,705202,Cash on Delivery,Failed,2025-11-08 17:30:23,77387.36,0.0
905423,705203,Credit Card,Completed,2024-04-18 18:20:04,5568.48,100.23
905424,705204,UPI,Completed,2025-10-24 23:31:18,26893.08,0.0
905425,705205,UPI,Completed,2024-03-17 23:00:33,188006.4,0.0
905426,705206,Debit Card,Completed,2025-05-25 18:02:48,208919.27,3760.55
905427,705207,Net Banking,Completed,2025-05-29 16:54:00,24791495.0,0.0
905428,705208,Cash on Delivery,Completed,2023-01-30 21:51:55,76045.06,0.0
905429,705209,UPI,Completed,2024-05-06 12:54:15,5119.85,0.0
905430,705210,UPI,Completed,2023-01-31 23:25:00,16906.9,0.0
905431,705210,UPI,Failed,2023-01-31 23:09:00,16906.9,0.0
905432,705211,Cash on Delivery,Completed,2025-12-30 23:22:31,42469.21,0.0
905433,705212,Cash on Delivery,Completed,2023-07-26 18:50:22,9720.16,0.0
905434,705213,Debit Card,Completed,2024-11-06 16:25:05,717.95,12.92
905435,705214,UPI,Completed,2025-07-31 16:16:19,536.97,0.0
905436,705215,Credit Card,Completed,2023-10-24 21:37:18,301642.11,5429.56
905437,705216,Debit Card,Completed,2024-10-05 13:41:09,1223.4,22.02
905438,705217,Cash on Delivery,Completed,2025-01-05 15:44:53,429.31,0.0
905439,705218,Net Banking,Completed,2023-09-20 18:21:17,69747.19,0.0
905440,705219,Debit Card,Completed,2025-07-17 16:47:54,23130.97,416.36
905441,705220,UPI,Failed,2024-02-07 23:50:26,3227.9,0.0
905442,705221,Cash on Delivery,Completed,2023-10-31 19:57:05,15800.12,0.0
905443,705222,UPI,Refunded,2024-11-14 13:24:34,5909.13,0.0
905444,705223,Credit Card,Completed,2024-07-08 18:55:39,4817.17,86.71
905445,705224,Debit Card,Refunded,2025-11-02 20:42:37,204764.87,3685.77
905446,705225,Wallet,Completed,2025-10-14 17:56:38,1852.72,0.0
905447,705226,Net Banking,Completed,2024-10-04 19:34:18,9229.43,0.0
905448,705227,Credit Card,Completed,2024-05-04 20:40:19,4145.2,74.61
905449,705228,UPI,Refunded,2024-03-17 05:54:14,10482.26,0.0
905450,705229,Debit Card,Completed,2023-12-29 13:41:41,6134.71,110.42
905451,705230,UPI,Completed,2024-11-07 15:32:21,75003.37,0.0
905452,705231,UPI,Completed,2025-08-11 22:29:38,14059.21,0.0
905453,705232,UPI,Completed,2024-02-24 13:06:33,6771.61,0.0
905454,705233,Debit Card,Completed,2023-10-17 19:36:01,453.78,8.17
905455,705234,Debit Card,Completed,2024-09-28 20:31:34,13478.62,242.62
905456,705235,Debit Card,Completed,2023-05-03 17:25:46,155543.87,2799.79
905457,705236,UPI,Completed,2025-04-25 23:57:10,111201.63,0.0
905458,705237,UPI,Completed,2024-10-23 23:25:47,90305.76,0.0
905459,705238,UPI,Completed,2024-10-11 15:26:02,3291.46,0.0
905460,705239,UPI,Completed,2024-02-09 21:27:55,151664.95,0.0
905461,705240,Credit Card,Completed,2025-10-26 17:32:43,11984.29,215.72
905462,705241,Cash on Delivery,Completed,2023-06-01 22:23:54,5174.93,0.0
905463,705242,UPI,Completed,2025-10-09 16:08:48,833.72,0.0
905464,705243,Wallet,Completed,2024-05-24 18:16:44,2764.72,0.0
905465,705244,Debit Card,Refunded,2025-10-14 18:18:40,10154.79,182.79
905466,705245,UPI,Completed,2025-05-22 15:36:35,49522.79,0.0
905467,705246,Credit Card,Completed,2023-06-25 11:12:47,5519.04,99.34
905468,705247,Credit Card,Completed,2025-09-08 21:24:38,15607.6,280.94
905469,705248,Credit Card,Completed,2025-04-01 17:18:38,39960.15,719.28
905470,705248,Credit Card,Failed,2025-04-01 17:04:38,39960.15,0.0
905471,705249,Cash on Delivery,Completed,2023-02-25 16:50:21,249429.51,0.0
905472,705250,Net Banking,Refunded,2023-08-11 17:35:45,67860.21,0.0
905473,705251,UPI,Completed,2025-02-02 23:59:12,11452.51,0.0
905474,705252,Cash on Delivery,Completed,2025-03-08 20:38:51,158775.29,0.0
905475,705253,UPI,Completed,2025-06-09 18:50:18,5475.0,0.0
905476,705254,Cash on Delivery,Pending,2025-05-14 18:01:04,79433.96,0.0
905477,705255,Debit Card,Completed,2025-03-04 18:45:48,200856.97,3615.43
905478,705256,Wallet,Completed,2025-07-02 19:17:51,124430.79,0.0
905479,705257,Debit Card,Completed,2024-12-04 21:09:38,156468.02,2816.42
905480,705258,Cash on Delivery,Completed,2023-12-23 23:32:13,5889.58,0.0
905481,705259,Debit Card,Completed,2025-10-29 23:35:33,4391.97,79.06
905482,705260,Credit Card,Completed,2023-01-30 23:57:45,78035.35,1404.64
905483,705261,Cash on Delivery,Pending,2024-05-12 15:29:51,833.72,0.0
905484,705262,UPI,Completed,2025-05-22 17:54:08,38231.48,0.0
905485,705263,Net Banking,Completed,2024-07-31 20:52:43,74241.86,0.0
905486,705264,Debit Card,Failed,2023-02-10 23:28:32,10528.58,189.51
905487,705265,UPI,Completed,2023-04-28 15:21:00,187887.52,0.0
905488,705266,Net Banking,Completed,2025-02-19 16:47:20,63982.56,0.0
905489,705267,UPI,Completed,2025-12-03 23:40:57,91601.1,0.0
905490,705268,Net Banking,Completed,2024-11-10 20:25:54,1111.63,0.0
905491,705269,UPI,Completed,2024-10-17 17:04:17,12875.25,0.0
905492,705270,Net Banking,Completed,2024-03-06 23:05:22,108455.44,0.0
905493,705271,Cash on Delivery,Completed,2023-12-20 19:09:39,5808.83,0.0
905494,705272,Cash on Delivery,Completed,2023-02-03 17:45:04,125910.82,0.0
905495,705273,Wallet,Refunded,2024-01-05 20:49:50,4948.74,0.0
905496,705274,Wallet,Failed,2024-08-23 23:15:26,12296.49,0.0
905497,705275,Debit Card,Completed,2023-10-22 19:33:10,135325.94,2435.87
905498,705276,Cash on Delivery,Completed,2023-05-28 21:30:12,5256.22,0.0
905499,705277,Credit Card,Pending,2025-05-11 23:04:16,78891.52,1420.05
905500,705278,UPI,Completed,2025-10-21 22:16:49,70306.6,0.0
905501,705279,UPI,Completed,2025-11-10 23:57:46,3319.52,0.0
905502,705280,Debit Card,Completed,2025-01-18 15:09:20,11451.05,206.12
905503,705281,Cash on Delivery,Completed,2023-04-04 18:57:54,101743.34,0.0
905504,705282,UPI,Completed,2025-06-02 16:41:58,3064.37,0.0
905505,705283,Cash on Delivery,Completed,2023-07-06 16:15:40,926.36,0.0
905506,705284,Credit Card,Completed,2025-03-17 19:30:24,204213.26,3675.84
905507,705285,Credit Card,Completed,2025-07-18 23:19:30,93796.16,1688.33
905508,705286,Debit Card,Completed,2025-05-19 23:12:28,212380.6,3822.85
905509,705286,Debit Card,Failed,2025-05-19 23:06:28,212380.6,0.0
905510,705287,UPI,Completed,2025-11-18 16:34:41,2921.63,0.0
905511,705288,Net Banking,Completed,2025-05-30 20:52:41,6831.14,0.0
905512,705289,Net Banking,Refunded,2025-04-15 17:14:58,85836.43,0.0
905513,705290,Debit Card,Completed,2023-12-24 15:29:23,506861.6,9123.51
905514,705291,Wallet,Completed,2025-11-04 11:00:14,201707.93,0.0
905515,705292,Credit Card,Completed,2023-10-09 21:48:36,15295.05,275.31
905516,705293,UPI,Completed,2025-10-26 16:22:21,67185.33,0.0
905517,705294,Debit Card,Completed,2024-02-27 16:10:11,94864.85,1707.57
905518,705295,Debit Card,Completed,2023-08-07 23:02:21,926.36,16.67
905519,705296,UPI,Completed,2025-09-03 18:25:22,56036.43,0.0
905520,705297,Credit Card,Completed,2023-01-05 16:39:42,18160.74,326.89
905521,705298,Credit Card,Completed,2025-09-09 18:41:29,741.09,13.34
905522,705299,Debit Card,Completed,2023-12-25 22:10:53,134364.62,2418.56
905523,705300,Credit Card,Completed,2025-10-16 18:32:34,398.47,7.17
905524,705301,UPI,Completed,2025-04-13 23:28:04,997.76,0.0
905525,705302,Debit Card,Completed,2025-03-13 23:17:41,72254.34,1300.58
905526,705303,Wallet,Completed,2024-05-11 16:37:39,12972.3,0.0
905527,705304,Net Banking,Completed,2023-04-16 22:20:19,6049.74,0.0
905528,705305,UPI,Completed,2025-09-07 14:17:03,8613.48,0.0
905529,705306,UPI,Completed,2023-10-04 20:16:52,7040.76,0.0
905530,705307,Debit Card,Completed,2024-05-19 17:27:32,105814.63,1904.66
905531,705308,UPI,Completed,2024-12-29 18:40:39,1652.9,0.0
905532,705308,UPI,Failed,2024-12-29 18:24:39,1652.9,0.0
905533,705309,UPI,Completed,2024-10-03 23:25:12,15630.76,0.0
905534,705310,Net Banking,Completed,2023-10-22 17:10:19,3454.29,0.0
905535,705311,Credit Card,Completed,2023-08-19 19:22:28,2697.3,48.55
905536,705312,UPI,Completed,2023-07-28 17:34:05,133434.15,0.0
905537,705313,Credit Card,Completed,2025-10-06 19:56:25,7044.7,126.8
905538,705314,UPI,Completed,2023-02-23 14:24:59,191491.03,0.0
905539,705315,Credit Card,Completed,2025-12-16 20:33:46,29037.42,522.67
905540,705316,Debit Card,Completed,2023-10-22 18:44:40,11431.78,205.77
905541,705317,Wallet,Refunded,2023-07-06 17:53:07,46869.55,0.0
905542,705318,Credit Card,Refunded,2024-12-07 17:45:07,102669.74,1848.06
905543,705319,UPI,Completed,2023-05-18 21:42:25,10253.86,0.0
905544,705320,Debit Card,Failed,2024-12-30 21:36:41,10528.58,189.51
905545,705321,Wallet,Failed,2025-09-30 17:11:59,9680.08,0.0
905546,705322,Debit Card,Completed,2023-03-26 20:29:36,13332.52,239.99
905547,705323,Cash on Delivery,Refunded,2025-08-08 18:41:56,14622.68,0.0
905548,705324,UPI,Completed,2024-06-16 15:02:43,127162.36,0.0
905549,705325,Debit Card,Failed,2023-09-19 14:05:40,6226.64,112.08
905550,705326,Debit Card,Completed,2023-10-07 12:29:39,9046.07,162.83
905551,705327,Credit Card,Completed,2025-11-01 19:44:11,40514.4,729.26
905552,705328,UPI,Completed,2023-07-06 23:38:32,4548.94,0.0
905553,705328,UPI,Failed,2023-07-06 23:30:32,4548.94,0.0
905554,705329,UPI,Completed,2025-10-08 23:18:48,197484.85,0.0
905555,705330,UPI,Completed,2024-11-06 19:16:21,6946.22,0.0
905556,705331,UPI,Completed,2023-03-09 19:53:55,307374.59,0.0
905557,705332,Debit Card,Completed,2024-09-13 20:20:33,166210.12,2991.78
905558,705333,UPI,Completed,2025-08-23 16:35:07,79662.6,0.0
905559,705334,Cash on Delivery,Completed,2025-05-19 18:50:38,5729.43,0.0
905560,705335,UPI,Completed,2024-10-07 21:01:27,133109.52,0.0
905561,705336,UPI,Completed,2025-10-05 13:42:38,10822.81,0.0
905562,705337,Debit Card,Completed,2023-07-23 23:06:50,76711.92,1380.81
905563,705338,Net Banking,Completed,2025-10-28 17:15:35,4691.18,0.0
905564,705339,Wallet,Completed,2025-09-25 10:10:22,86117.92,0.0
905565,705340,Debit Card,Completed,2025-05-03 18:23:15,7108.35,127.95
905566,705341,Cash on Delivery,Refunded,2025-08-24 17:46:11,4990.29,0.0
905567,705342,Debit Card,Completed,2024-11-06 14:10:21,4380.65,78.85
905568,705343,UPI,Pending,2025-03-24 10:49:54,11002.46,0.0
905569,705344,Credit Card,Completed,2024-11-15 14:42:38,12937.93,232.88
905570,705345,Debit Card,Completed,2024-04-30 21:48:28,45823.71,824.83
905571,705346,Net Banking,Completed,2024-11-26 22:51:30,182642.1,0.0
905572,705347,UPI,Completed,2023-12-21 20:46:08,6236.97,0.0
905573,705348,Debit Card,Completed,2024-08-13 17:04:57,4989.84,89.82
905574,705349,Wallet,Completed,2024-01-17 19:19:23,7087.19,0.0
905575,705350,Wallet,Completed,2023-07-28 21:50:25,8419.19,0.0
905576,705351,Net Banking,Refunded,2024-03-12 22:51:14,15346.22,0.0
905577,705352,UPI,Completed,2025-10-01 17:40:54,448.69,0.0
905578,705353,UPI,Refunded,2024-05-28 13:37:32,8878.44,0.0
905579,705354,Cash on Delivery,Pending,2025-06-11 19:12:48,41140.89,0.0
905580,705355,UPI,Completed,2023-10-07 22:55:28,11066.92,0.0
905581,705356,UPI,Completed,2024-07-28 18:24:52,6651.3,0.0
905582,705357,Credit Card,Completed,2023-07-14 18:37:18,13810.84,248.6
905583,705358,Debit Card,Completed,2023-08-15 16:48:04,8046.97,144.85
905584,705359,UPI,Completed,2025-01-18 22:28:16,4391.97,0.0
905585,705360,Credit Card,Completed,2025-01-05 12:21:03,44408.2,799.35
905586,705361,Debit Card,Completed,2023-11-01 13:57:10,2362.31,42.52
905587,705362,Credit Card,Completed,2024-09-26 18:32:30,81111.72,1460.01
905588,705363,Cash on Delivery,Completed,2025-10-06 18:59:01,4153.9,0.0
905589,705364,Wallet,Completed,2023-10-06 17:46:37,880.04,0.0
905590,705365,Net Banking,Completed,2023-01-31 12:52:38,5434.23,0.0
905591,705366,UPI,Completed,2025-02-23 22:49:42,5848.97,0.0
905592,705367,Debit Card,Pending,2023-04-05 16:31:27,48806.92,878.52
905593,705368,Credit Card,Completed,2025-12-19 16:03:46,1844.22,33.2
905594,705369,Credit Card,Completed,2025-01-08 20:02:19,3935.36,70.84
905595,705370,Cash on Delivery,Pending,2024-09-21 22:43:44,53725.65,0.0
905596,705371,Credit Card,Completed,2024-08-04 14:33:01,10532.49,189.58
905597,705372,Debit Card,Refunded,2024-12-01 15:07:52,1389.54,25.01
905598,705373,UPI,Completed,2023-06-02 19:00:58,9054.86,0.0
905599,705374,Cash on Delivery,Pending,2025-11-07 23:06:47,57967.09,0.0
905600,705375,UPI,Completed,2025-01-25 21:22:17,68650.65,0.0
905601,705376,Wallet,Completed,2023-10-12 17:41:41,498.68,0.0
905602,705377,Wallet,Completed,2024-11-18 15:38:47,5849.41,0.0
905603,705378,Credit Card,Completed,2023-08-10 18:56:39,4524.54,81.44
905604,705379,UPI,Failed,2023-01-29 15:24:18,6125.08,0.0
905605,705380,UPI,Completed,2025-01-29 18:44:36,5419.43,0.0
905606,705381,Credit Card,Completed,2025-02-19 15:23:36,19469.37,350.45
905607,705382,UPI,Completed,2024-12-15 15:25:01,21023.32,0.0
905608,705383,Debit Card,Completed,2023-10-12 13:04:26,464216.19,8355.89
905609,705384,UPI,Failed,2024-12-31 19:21:57,926.36,0.0
905610,705385,Net Banking,Pending,2023-04-10 20:39:24,8890.3,0.0
905611,705386,UPI,Completed,2025-01-07 19:40:54,926.36,0.0
905612,705387,UPI,Completed,2024-11-12 23:31:13,13065.16,0.0
905613,705388,Wallet,Completed,2025-02-27 20:26:02,46500.14,0.0
905614,705389,Debit Card,Failed,2025-10-21 19:51:40,261191.63,4701.45
905615,705390,UPI,Completed,2025-09-30 22:49:22,311819.31,0.0
905616,705391,UPI,Completed,2025-12-20 16:43:35,5472.72,0.0
905617,705392,Credit Card,Completed,2025-12-15 18:44:52,169849.62,3057.29
905618,705393,UPI,Completed,2025-07-09 19:38:31,51069.47,0.0
905619,705394,UPI,Completed,2025-11-23 18:56:44,926.36,0.0
905620,705395,Debit Card,Completed,2025-10-08 17:06:43,164670.75,2964.07
905621,705396,Credit Card,Completed,2025-05-20 17:45:18,7954.33,143.18
905622,705397,Credit Card,Completed,2023-05-11 23:40:57,126667.94,2280.02
905623,705398,Cash on Delivery,Pending,2023-03-28 13:50:18,9239.89,0.0
905624,705399,Debit Card,Completed,2025-09-15 23:40:36,1852.72,33.35
905625,705400,Wallet,Completed,2024-10-07 20:40:00,140670.15,0.0
905626,705401,Debit Card,Completed,2025-08-20 14:04:44,12096.47,217.74
905627,705402,UPI,Completed,2024-02-27 17:28:43,6723.18,0.0
905628,705403,UPI,Completed,2024-06-20 18:23:09,194989.48,0.0
905629,705404,Debit Card,Completed,2025-04-23 19:21:43,2022.34,36.4
905630,705405,UPI,Completed,2025-10-31 17:56:45,58105.13,0.0
905631,705406,Debit Card,Completed,2023-05-28 18:38:16,9112.11,164.02
905632,705406,Debit Card,Failed,2023-05-28 18:20:16,9112.11,0.0
905633,705407,Debit Card,Completed,2025-10-05 18:43:42,119417.27,2149.51
905634,705408,Credit Card,Completed,2025-08-02 14:49:58,5291.36,95.24
905635,705409,Credit Card,Completed,2024-03-02 21:32:50,5800.86,104.42
905636,705410,Credit Card,Completed,2024-04-30 19:34:02,926.36,16.67
905637,705411,Net Banking,Completed,2023-03-23 23:30:13,86839.59,0.0
905638,705412,Credit Card,Completed,2023-01-27 14:35:50,19775.85,355.97
905639,705413,UPI,Completed,2024-09-29 18:19:33,10787.54,0.0
905640,705414,Cash on Delivery,Completed,2023-06-10 14:16:33,10574.9,0.0
905641,705415,Credit Card,Completed,2023-10-19 15:04:51,2390.39,43.03
905642,705415,Credit Card,Failed,2023-10-19 14:44:51,2390.39,0.0
905643,705416,UPI,Completed,2025-09-26 18:22:44,8925.11,0.0
905644,705416,UPI,Failed,2025-09-26 18:19:44,8925.11,0.0
905645,705417,UPI,Completed,2024-11-29 20:47:04,134581.99,0.0
905646,705418,Cash on Delivery,Completed,2025-01-31 19:45:24,4278.8,0.0
905647,705419,Cash on Delivery,Completed,2023-10-15 15:02:00,341988.55,0.0
905648,705420,Cash on Delivery,Pending,2025-09-05 19:32:52,123859.19,0.0
905649,705421,UPI,Refunded,2025-10-09 22:42:06,25261.04,0.0
905650,705422,Credit Card,Failed,2024-10-26 22:32:59,97280.88,1751.06
905651,705423,Debit Card,Completed,2025-10-29 13:18:43,217748.37,3919.47
905652,705424,Net Banking,Refunded,2025-09-23 20:15:44,122871.56,0.0
905653,705425,Net Banking,Completed,2025-05-24 23:23:27,36867.33,0.0
905654,705426,UPI,Completed,2025-05-26 10:09:42,315086.19,0.0
905655,705427,Credit Card,Completed,2023-06-27 22:58:53,8961.49,161.31
905656,705428,Cash on Delivery,Completed,2024-01-01 20:07:21,12639.62,0.0
905657,705429,UPI,Completed,2023-04-29 17:06:31,54330.83,0.0
905658,705430,UPI,Completed,2023-01-17 19:54:19,376871.35,0.0
905659,705431,Wallet,Completed,2023-09-17 15:48:45,7583.79,0.0
905660,705432,Debit Card,Completed,2025-10-14 20:59:48,121711.02,2190.8
905661,705433,Net Banking,Pending,2023-11-24 22:04:08,99246.53,0.0
905662,705434,UPI,Completed,2025-12-08 16:45:36,1389.54,0.0
905663,705435,Net Banking,Completed,2024-12-27 17:54:40,126270.0,0.0
905664,705436,Cash on Delivery,Refunded,2023-11-19 19:45:13,10705.8,0.0
905665,705437,Net Banking,Completed,2024-10-11 19:01:07,5055.86,0.0
905666,705438,Debit Card,Refunded,2023-11-05 15:21:23,121843.01,2193.17
905667,705439,Credit Card,Completed,2025-12-22 18:11:14,113047.41,2034.85
905668,705440,Cash on Delivery,Completed,2025-09-26 23:12:24,9317.3,0.0
905669,705441,UPI,Completed,2023-02-13 17:18:15,106656.89,0.0
905670,705442,Cash on Delivery,Failed,2025-11-15 22:11:51,9966.65,0.0
905671,705443,UPI,Completed,2025-05-15 12:31:16,52222.13,0.0
905672,705444,UPI,Completed,2023-05-21 20:12:32,67521.67,0.0
905673,705444,UPI,Failed,2023-05-21 19:59:32,67521.67,0.0
905674,705445,UPI,Completed,2025-03-18 23:00:39,56398.61,0.0
905675,705446,Cash on Delivery,Completed,2025-02-17 22:27:34,3917.47,0.0
905676,705447,UPI,Completed,2023-11-05 18:21:28,159307.94,0.0
905677,705447,UPI,Failed,2023-11-05 18:03:28,159307.94,0.0
905678,705448,UPI,Completed,2025-06-23 18:31:11,55205.09,0.0
905679,705449,UPI,Completed,2023-05-27 18:03:53,38285.59,0.0
905680,705450,Debit Card,Completed,2024-10-07 22:58:22,6265.91,112.79
905681,705451,Debit Card,Completed,2023-01-20 13:47:53,11514.85,207.27
905682,705452,UPI,Failed,2025-12-07 16:35:19,2852.16,0.0
905683,705453,Cash on Delivery,Completed,2025-06-15 18:23:10,120343.63,0.0
905684,705454,UPI,Completed,2023-09-18 17:15:40,120465.91,0.0
905685,705455,Cash on Delivery,Refunded,2024-04-10 21:12:08,260841.61,0.0
905686,705456,Credit Card,Completed,2023-09-21 21:16:49,80671.7,1452.09
905687,705457,Debit Card,Completed,2025-07-03 11:10:36,160487.48,2888.77
905688,705458,UPI,Completed,2023-04-15 21:57:09,88863.02,0.0
905689,705459,Debit Card,Refunded,2025-09-19 18:11:24,559614.16,10073.05
905690,705460,Cash on Delivery,Completed,2025-11-12 18:15:46,926.36,0.0
905691,705461,UPI,Completed,2025-03-26 18:19:40,10476.91,0.0
905692,705462,UPI,Completed,2023-11-01 17:07:15,926.36,0.0
905693,705463,Credit Card,Completed,2024-05-05 21:55:24,208119.12,3746.14
905694,705464,Cash on Delivery,Pending,2024-09-30 19:13:03,1852.72,0.0
905695,705465,Credit Card,Completed,2025-01-01 18:04:14,8594.14,154.69
905696,705466,UPI,Completed,2025-03-16 18:04:18,4990.29,0.0
905697,705467,UPI,Failed,2024-11-12 16:05:18,1389.54,0.0
905698,705468,UPI,Completed,2024-04-24 21:43:55,79920.3,0.0
905699,705469,UPI,Completed,2025-10-19 13:42:58,3327.89,0.0
905700,705470,Cash on Delivery,Refunded,2023-05-20 15:30:30,4496.45,0.0
905701,705471,Debit Card,Completed,2024-09-15 22:08:27,5982.22,107.68
905702,705472,Credit Card,Completed,2025-07-13 23:25:39,7583.79,136.51
905703,705473,UPI,Completed,2023-04-18 18:33:59,6769.82,0.0
905704,705474,Net Banking,Completed,2025-04-30 23:42:37,1181.11,0.0
905705,705475,UPI,Completed,2025-08-26 17:04:13,20257.99,0.0
905706,705476,Cash on Delivery,Refunded,2025-03-06 19:27:50,4496.47,0.0
905707,705477,UPI,Completed,2023-01-23 18:24:28,64718.95,0.0
905708,705478,Debit Card,Completed,2023-10-10 19:12:13,43120.63,776.17
905709,705478,Debit Card,Failed,2023-10-10 19:09:13,43120.63,0.0
905710,705479,Credit Card,Completed,2024-04-11 23:28:07,9447.12,170.05
905711,705480,UPI,Completed,2023-11-15 15:20:03,3241.82,0.0
905712,705481,UPI,Completed,2025-11-30 20:06:04,81938.73,0.0
905713,705482,UPI,Completed,2025-02-23 15:30:52,9251.24,0.0
905714,705483,UPI,Completed,2024-02-03 16:44:23,115436.34,0.0
905715,705484,UPI,Completed,2025-11-06 16:45:58,4228.56,0.0
905716,705485,UPI,Failed,2025-06-02 23:51:19,3621.92,0.0
905717,705486,UPI,Completed,2024-01-21 20:04:27,245.98,0.0
905718,705487,UPI,Completed,2024-05-26 20:19:43,5889.58,0.0
905719,705488,Cash on Delivery,Completed,2023-10-23 16:31:02,93534.93,0.0
905720,705489,UPI,Completed,2025-12-09 23:38:33,258621.08,0.0
905721,705490,Cash on Delivery,Completed,2024-10-22 22:07:07,18543.05,0.0
905722,705491,Debit Card,Completed,2025-10-22 21:57:29,41422.17,745.6
905723,705492,Debit Card,Completed,2024-04-17 14:12:31,10574.9,190.35
905724,705493,Net Banking,Refunded,2025-10-05 13:59:33,8951.96,0.0
905725,705494,UPI,Completed,2023-04-06 23:08:13,208487.17,0.0
905726,705495,Credit Card,Completed,2025-12-21 23:19:21,2527.93,45.5
905727,705496,UPI,Completed,2025-10-29 15:45:24,61709.17,0.0
905728,705497,UPI,Completed,2024-05-09 23:51:17,2794.57,0.0
905729,705498,UPI,Completed,2025-07-12 20:55:01,2022.34,0.0
905730,705499,Debit Card,Completed,2025-06-16 21:44:29,4737.5,85.28
905731,705500,Credit Card,Completed,2025-10-24 23:54:31,90901.52,1636.23
905732,705501,UPI,Completed,2024-02-19 23:03:03,54154.74,0.0
905733,705502,UPI,Completed,2024-09-14 19:49:32,71488.25,0.0
905734,705503,Cash on Delivery,Completed,2025-10-07 23:59:14,202343.45,0.0
905735,705504,Wallet,Completed,2025-07-17 19:13:25,76364.3,0.0
905736,705505,Net Banking,Completed,2024-06-14 19:19:34,89042.66,0.0
905737,705506,Credit Card,Completed,2025-09-25 18:07:07,144672.78,2604.11
905738,705507,UPI,Completed,2023-03-24 18:33:10,11939.81,0.0
905739,705508,UPI,Completed,2025-07-21 15:18:52,6538.04,0.0
905740,705509,Debit Card,Completed,2023-10-28 20:28:33,3481.5,62.67
905741,705510,Debit Card,Completed,2024-01-23 15:57:15,120984.35,2177.72
905742,705511,Debit Card,Refunded,2024-10-09 23:40:33,83058.99,1495.06
905743,705512,Debit Card,Completed,2024-08-24 16:20:54,2974.3,53.54
905744,705513,Cash on Delivery,Completed,2024-10-24 17:21:17,8530.53,0.0
905745,705514,Credit Card,Completed,2024-11-07 22:28:38,1233.37,22.2
905746,705514,Credit Card,Failed,2024-11-07 22:12:38,1233.37,0.0
905747,705515,UPI,Completed,2024-03-26 20:38:50,101727.54,0.0
905748,705516,Credit Card,Completed,2023-10-07 12:03:53,6717.59,120.92
905749,705517,Credit Card,Failed,2025-07-05 11:13:01,20360.76,366.49
905750,705518,UPI,Completed,2024-06-23 17:49:59,2306.96,0.0
905751,705519,Debit Card,Completed,2024-10-16 11:22:37,102051.77,1836.93
905752,705520,Credit Card,Completed,2025-02-14 22:40:35,51720.65,930.97
905753,705521,Cash on Delivery,Refunded,2025-10-28 18:16:03,121869.52,0.0
905754,705522,Debit Card,Completed,2025-05-02 21:50:41,11436.86,205.86
905755,705523,UPI,Completed,2023-03-21 20:31:30,926.36,0.0
905756,705524,Debit Card,Failed,2025-09-16 13:20:09,9464.61,170.36
905757,705525,Credit Card,Completed,2025-12-25 23:56:47,584182.25,10515.28
905758,705526,Net Banking,Completed,2024-09-23 18:32:47,36797.86,0.0
905759,705526,Net Banking,Failed,2024-09-23 18:26:47,36797.86,0.0
905760,705527,Debit Card,Completed,2025-12-08 13:03:17,3228553.0,58113.95
905761,705528,UPI,Completed,2024-11-08 21:36:25,9381.88,0.0
905762,705529,UPI,Completed,2024-09-06 23:10:45,123604.44,0.0
905763,705530,UPI,Completed,2024-03-26 16:06:46,7520.66,0.0
905764,705531,Credit Card,Completed,2025-03-02 15:39:26,110765.39,1993.78
905765,705532,Credit Card,Failed,2023-11-12 21:23:02,17103.22,307.86
905766,705533,UPI,Failed,2023-06-27 19:07:47,6445.4,0.0
905767,705534,UPI,Failed,2023-02-15 19:39:12,55313.0,0.0
905768,705535,UPI,Completed,2024-01-29 23:27:46,111329.76,0.0
905769,705536,UPI,Completed,2024-06-17 12:24:58,125695.51,0.0
905770,705537,Debit Card,Completed,2024-11-11 19:21:58,2140.09,38.52
905771,705538,UPI,Completed,2024-01-29 22:22:08,302116.44,0.0
905772,705539,Credit Card,Completed,2025-12-22 21:16:04,5266.25,94.79
905773,705539,Credit Card,Failed,2025-12-22 21:13:04,5266.25,0.0
905774,705540,Credit Card,Completed,2024-01-28 14:50:56,8035.76,144.64
905775,705541,Credit Card,Completed,2024-08-13 19:31:25,16786.17,302.15
905776,705542,UPI,Completed,2023-06-24 19:26:09,103745.97,0.0
905777,705543,Debit Card,Completed,2023-12-23 17:23:07,271965.45,4895.38
905778,705544,Wallet,Completed,2023-03-26 18:30:37,42235.29,0.0
905779,705545,Cash on Delivery,Completed,2024-11-15 17:21:33,244705.64,0.0
905780,705546,UPI,Refunded,2025-06-14 23:05:17,209996.01,0.0
905781,705547,UPI,Completed,2023-10-20 18:02:31,4310.9,0.0
905782,705548,Credit Card,Completed,2024-05-14 23:50:43,123910.42,2230.39
905783,705549,Wallet,Completed,2023-01-28 15:10:09,125978.5,0.0
905784,705550,Net Banking,Completed,2025-09-17 19:38:55,164427.24,0.0
905785,705551,UPI,Completed,2025-07-18 14:46:25,189054.04,0.0
905786,705552,Wallet,Completed,2023-04-23 17:46:25,25366.61,0.0
905787,705553,UPI,Completed,2024-05-11 23:56:44,2921.63,0.0
905788,705554,UPI,Completed,2025-11-22 23:13:57,2315.9,0.0
905789,705555,Net Banking,Completed,2024-06-12 17:07:06,1250.59,0.0
905790,705555,Net Banking,Failed,2024-06-12 16:54:06,1250.59,0.0
905791,705556,Wallet,Completed,2024-10-27 23:11:43,18381.93,0.0
905792,705557,Credit Card,Completed,2024-04-30 19:14:23,15879.62,285.83
905793,705558,UPI,Refunded,2024-12-26 22:21:02,15195.47,0.0
905794,705559,Cash on Delivery,Completed,2025-12-17 18:01:25,204940.15,0.0
905795,705560,Credit Card,Refunded,2025-12-30 15:16:17,146462.95,2636.33
905796,705561,Credit Card,Refunded,2025-07-12 20:16:26,194232.84,3496.19
905797,705562,UPI,Completed,2024-06-30 21:59:45,55390.88,0.0
905798,705563,UPI,Failed,2024-10-10 19:47:23,926.36,0.0
905799,705564,Cash on Delivery,Completed,2024-05-02 15:37:15,5223.84,0.0
905800,705565,UPI,Completed,2025-12-23 17:36:30,187331.7,0.0
905801,705566,UPI,Failed,2025-05-02 22:19:42,10026.91,0.0
905802,705567,UPI,Completed,2024-08-23 17:53:47,186755.32,0.0
905803,705568,Credit Card,Completed,2023-01-22 21:04:03,83856.22,1509.41
905804,705569,Cash on Delivery,Completed,2024-10-24 17:42:48,131049.43,0.0
905805,705570,Cash on Delivery,Pending,2025-12-22 18:05:37,2993.9,0.0
905806,705571,Credit Card,Completed,2024-10-26 23:16:12,50400.59,907.21
905807,705571,Credit Card,Failed,2024-10-26 23:01:12,50400.59,0.0
905808,705572,Cash on Delivery,Refunded,2023-10-11 18:29:59,95649.7,0.0
905809,705573,UPI,Completed,2023-02-05 17:13:20,7896.43,0.0
905810,705574,UPI,Completed,2024-04-29 15:15:28,38355.84,0.0
905811,705575,Cash on Delivery,Completed,2025-11-01 18:42:17,17971.53,0.0
905812,705576,UPI,Completed,2025-12-29 11:51:25,6445.4,0.0
905813,705577,Credit Card,Completed,2025-11-14 15:56:22,95255.91,1714.61
905814,705578,UPI,Completed,2025-05-22 09:58:25,136491.71,0.0
905815,705579,UPI,Completed,2024-11-14 21:11:55,16090.25,0.0
905816,705580,Wallet,Failed,2024-12-22 20:04:48,13062.38,0.0
905817,705581,UPI,Completed,2024-11-03 14:21:07,65295.31,0.0
905818,705582,UPI,Completed,2025-05-02 19:43:29,8038.32,0.0
905819,705583,UPI,Refunded,2024-07-20 17:25:38,3791.07,0.0
905820,705584,Credit Card,Completed,2025-03-16 16:08:56,499.28,8.99
905821,705585,Credit Card,Completed,2023-07-25 15:04:35,741.09,13.34
905822,705586,UPI,Completed,2023-12-28 18:59:24,94261.4,0.0
905823,705587,UPI,Completed,2025-09-13 13:31:10,77287.16,0.0
905824,705588,Credit Card,Completed,2025-10-25 16:59:23,83403.01,1501.25
905825,705589,Net Banking,Completed,2024-11-03 23:55:56,37563.58,0.0
905826,705589,Net Banking,Failed,2024-11-03 23:35:56,37563.58,0.0
905827,705590,UPI,Refunded,2023-02-23 22:35:13,87331.32,0.0
905828,705591,Credit Card,Completed,2025-11-05 21:32:12,4970.69,89.47
905829,705592,UPI,Completed,2025-04-26 23:54:40,51504.64,0.0
905830,705593,UPI,Pending,2024-07-13 22:11:54,82959.42,0.0
905831,705594,Cash on Delivery,Completed,2024-12-28 21:41:33,4760.66,0.0
905832,705595,Wallet,Completed,2024-08-04 21:01:30,3539.1,0.0
905833,705596,Debit Card,Failed,2024-09-14 17:03:01,14268.14,256.83
905834,705597,UPI,Completed,2025-10-17 18:23:00,84333.18,0.0
905835,705598,Debit Card,Completed,2023-09-22 22:52:01,243544.36,4383.8
905836,705598,Debit Card,Failed,2023-09-22 22:46:01,243544.36,0.0
905837,705599,Cash on Delivery,Refunded,2023-06-24 14:35:02,3454.29,0.0
905838,705600,UPI,Completed,2023-01-06 21:28:51,482.26,0.0
905839,705601,Cash on Delivery,Completed,2024-02-29 15:30:18,7154.7,0.0
905840,705602,Debit Card,Completed,2023-08-30 19:31:52,10579.38,190.43
905841,705603,UPI,Completed,2023-11-06 20:09:43,1320.06,0.0
905842,705604,UPI,Completed,2023-01-21 13:39:17,202498.3,0.0
905843,705605,UPI,Completed,2023-11-11 17:52:26,9093.87,0.0
905844,705606,UPI,Completed,2024-03-28 15:48:15,107246.58,0.0
905845,705607,UPI,Completed,2023-02-23 18:32:13,112621.77,0.0
905846,705607,UPI,Failed,2023-02-23 18:15:13,112621.77,0.0
905847,705608,Credit Card,Completed,2025-01-05 23:11:51,6089.03,109.6
905848,705609,Wallet,Completed,2024-11-26 16:53:22,3319.52,0.0
905849,705610,Net Banking,Completed,2023-06-13 23:42:26,6825.41,0.0
905850,705610,Net Banking,Failed,2023-06-13 23:24:26,6825.41,0.0
905851,705611,UPI,Completed,2024-12-25 18:52:48,154529.66,0.0
905852,705612,UPI,Completed,2025-12-31 18:03:16,16927.66,0.0
905853,705613,Debit Card,Completed,2025-11-13 16:46:11,926.36,16.67
905854,705614,Debit Card,Completed,2023-01-06 13:19:21,10841.81,195.15
905855,705615,UPI,Completed,2025-08-05 15:16:08,6147.49,0.0
905856,705616,Debit Card,Completed,2024-04-27 23:44:45,5982.22,107.68
905857,705617,Credit Card,Completed,2023-04-23 18:06:51,109453.8,1970.17
905858,705618,UPI,Completed,2024-02-02 15:20:03,9258.48,0.0
905859,705619,UPI,Completed,2024-03-11 16:12:49,2501.18,0.0
905860,705620,Cash on Delivery,Completed,2024-10-26 17:16:23,87815.15,0.0
905861,705621,Credit Card,Completed,2025-03-06 23:42:25,11573.12,208.32
905862,705622,Debit Card,Completed,2025-06-12 16:50:04,20060.31,361.09
905863,705623,Cash on Delivery,Completed,2023-12-03 16:49:18,72295.76,0.0
905864,705624,UPI,Completed,2024-03-11 17:56:06,69417.87,0.0
905865,705625,Wallet,Completed,2024-02-20 17:52:46,11375.45,0.0
905866,705626,UPI,Completed,2024-05-08 13:52:29,3319.52,0.0
905867,705627,UPI,Completed,2025-12-31 14:25:25,537.52,0.0
905868,705628,UPI,Completed,2025-07-16 19:05:32,5982.22,0.0
905869,705629,Credit Card,Completed,2025-12-14 23:42:00,6781.78,122.07
905870,705630,Debit Card,Completed,2025-04-15 20:07:37,5982.22,107.68
905871,705631,Cash on Delivery,Failed,2024-07-02 21:21:59,30344.7,0.0
905872,705632,Credit Card,Completed,2024-06-09 20:49:26,8485.19,152.73
905873,705633,UPI,Completed,2024-10-07 23:54:32,12606.59,0.0
905874,705634,UPI,Completed,2024-07-17 22:24:29,127001.06,0.0
905875,705635,UPI,Completed,2025-09-05 16:39:39,183202.01,0.0
905876,705636,Cash on Delivery,Completed,2024-09-14 19:24:52,926.36,0.0
905877,705637,Credit Card,Completed,2024-02-01 21:25:03,5724.83,103.05
905878,705638,Cash on Delivery,Completed,2025-07-12 22:19:36,131032.62,0.0
905879,705639,Cash on Delivery,Completed,2025-10-02 18:22:43,82522.26,0.0
905880,705640,Wallet,Completed,2024-07-22 22:15:28,25438.89,0.0
905881,705641,Cash on Delivery,Refunded,2025-03-15 16:43:16,926.36,0.0
905882,705642,UPI,Completed,2023-04-15 17:06:54,43224.51,0.0
905883,705643,UPI,Completed,2024-10-29 20:31:29,110189.25,0.0
905884,705644,UPI,Completed,2023-03-20 14:17:09,10278.9,0.0
905885,705645,Debit Card,Completed,2023-02-19 17:43:19,7456.39,134.22
905886,705646,UPI,Completed,2025-01-12 10:45:50,105013.61,0.0
905887,705647,UPI,Failed,2024-02-13 19:32:05,2275.14,0.0
905888,705648,UPI,Completed,2025-06-04 21:28:13,25175.11,0.0
905889,705649,Debit Card,Failed,2025-10-22 19:42:11,204032.48,3672.58
905890,705650,UPI,Completed,2023-08-17 22:46:35,12429.6,0.0
905891,705651,Debit Card,Completed,2025-05-18 17:15:10,1493.93,26.89
905892,705652,Cash on Delivery,Refunded,2024-10-21 15:13:47,13987.85,0.0
905893,705653,UPI,Completed,2023-07-09 19:13:20,54916.68,0.0
905894,705654,Cash on Delivery,Refunded,2025-02-23 14:45:18,342256.27,0.0
905895,705655,UPI,Completed,2025-01-07 16:28:04,105022.67,0.0
905896,705656,Credit Card,Refunded,2024-10-22 18:04:57,10479.16,188.62
905897,705657,UPI,Completed,2025-11-05 20:48:22,8826.6,0.0
905898,705658,Cash on Delivery,Completed,2024-10-25 21:22:55,31872.05,0.0
905899,705659,Credit Card,Completed,2025-12-26 16:13:15,72177.95,1299.2
905900,705660,UPI,Completed,2024-10-18 17:19:06,2066.35,0.0
905901,705661,UPI,Completed,2023-07-15 22:09:44,145392.54,0.0
905902,705662,UPI,Completed,2024-09-21 20:08:36,47823.39,0.0
905903,705663,UPI,Completed,2023-10-11 23:49:35,165139.97,0.0
905904,705664,UPI,Completed,2024-12-27 20:19:22,191611.9,0.0
905905,705665,Net Banking,Completed,2025-04-15 19:36:43,53012.51,0.0
905906,705666,Net Banking,Completed,2024-09-18 13:32:05,1362.69,0.0
905907,705667,Wallet,Failed,2023-06-14 21:18:38,9276.46,0.0
905908,705668,Debit Card,Completed,2024-09-18 15:20:15,7962.44,143.32
905909,705669,UPI,Completed,2023-05-20 18:58:33,4484.71,0.0
905910,705670,Net Banking,Completed,2025-04-01 16:29:44,5021.29,0.0
905911,705671,Debit Card,Completed,2025-07-30 19:06:27,5175.51,93.16
905912,705672,Debit Card,Completed,2025-11-30 17:28:43,470.06,8.46
905913,705673,Net Banking,Pending,2023-09-01 20:15:24,43288.04,0.0
905914,705674,Credit Card,Completed,2024-10-31 22:16:30,117250.82,2110.51
905915,705675,Net Banking,Completed,2024-11-24 14:54:23,134326.42,0.0
905916,705676,Cash on Delivery,Completed,2025-11-03 19:29:50,4945.93,0.0
905917,705677,UPI,Completed,2025-01-26 23:38:19,55578.66,0.0
905918,705678,UPI,Completed,2023-08-27 20:49:28,149121.19,0.0
905919,705679,Debit Card,Completed,2024-08-10 20:09:54,73868.16,1329.63
905920,705680,UPI,Refunded,2025-02-27 17:10:39,91532.61,0.0
905921,705681,UPI,Refunded,2025-04-24 23:06:41,2157.74,0.0
905922,705682,UPI,Completed,2025-10-06 23:56:40,14667.36,0.0
905923,705683,UPI,Completed,2023-10-10 23:35:24,11115.26,0.0
905924,705684,UPI,Completed,2025-11-18 18:56:49,9298.66,0.0
905925,705685,UPI,Failed,2023-04-15 23:23:22,6543.01,0.0
905926,705686,UPI,Completed,2025-12-22 19:21:20,1023.97,0.0
905927,705687,UPI,Failed,2025-10-04 18:27:07,527.48,0.0
905928,705688,UPI,Completed,2025-03-05 23:59:17,672.67,0.0
905929,705689,UPI,Completed,2025-05-27 14:08:54,49304.02,0.0
905930,705690,Cash on Delivery,Completed,2023-05-08 20:28:26,44050.03,0.0
905931,705691,Credit Card,Completed,2023-03-14 20:37:18,1181.13,21.26
905932,705692,Cash on Delivery,Refunded,2023-06-21 19:42:48,3891.86,0.0
905933,705693,UPI,Completed,2023-05-28 20:25:12,3528.73,0.0
905934,705694,Cash on Delivery,Completed,2024-11-08 20:32:21,16325.6,0.0
905935,705695,Cash on Delivery,Completed,2023-11-03 23:48:33,102027.79,0.0
905936,705696,Debit Card,Completed,2025-10-05 19:13:09,122212.52,2199.83
905937,705697,Cash on Delivery,Completed,2024-08-18 20:32:13,82058.69,0.0
905938,705698,Cash on Delivery,Completed,2025-04-18 17:22:34,86419.82,0.0
905939,705699,UPI,Completed,2025-02-24 23:06:55,3713.22,0.0
905940,705700,Credit Card,Completed,2024-03-09 22:26:15,203342.13,3660.16
905941,705701,UPI,Completed,2023-11-29 08:45:51,6365.8,0.0
905942,705702,Cash on Delivery,Completed,2024-04-11 23:41:44,8150.75,0.0
905943,705703,Debit Card,Completed,2025-08-06 21:44:26,10111.72,182.01
905944,705704,Credit Card,Refunded,2024-12-18 17:31:06,39960.15,719.28
905945,705705,UPI,Completed,2023-12-15 21:51:27,114324.81,0.0
905946,705706,UPI,Completed,2025-08-24 16:21:38,89818.86,0.0
905947,705707,Credit Card,Completed,2023-04-07 15:17:59,126623.51,2279.22
905948,705708,UPI,Pending,2025-04-22 21:36:33,1389.54,0.0
905949,705709,Cash on Delivery,Completed,2024-08-12 18:08:38,101857.02,0.0
905950,705710,Credit Card,Completed,2025-05-24 20:15:50,86564.62,1558.16
905951,705711,Debit Card,Completed,2025-11-05 13:45:09,17754.06,319.57
905952,705712,Debit Card,Completed,2025-06-13 19:17:07,122127.74,2198.3
905953,705713,Cash on Delivery,Completed,2024-08-14 17:49:39,1250.59,0.0
905954,705714,Credit Card,Completed,2023-09-05 22:05:19,21626.65,389.28
905955,705715,Debit Card,Completed,2025-08-12 15:58:04,435.32,7.84
905956,705716,Credit Card,Completed,2024-09-08 12:02:37,5063.85,91.15
905957,705717,Debit Card,Completed,2023-05-11 15:19:58,20868.63,375.64
905958,705718,UPI,Completed,2025-05-13 16:31:16,116342.21,0.0
905959,705719,Cash on Delivery,Completed,2024-01-28 17:23:10,118798.06,0.0
905960,705720,Debit Card,Completed,2023-03-27 16:29:59,4843.87,87.19
905961,705721,UPI,Completed,2025-10-25 10:29:27,106783.4,0.0
905962,705722,UPI,Completed,2024-10-04 14:14:03,8101.01,0.0
905963,705723,Credit Card,Failed,2024-01-17 08:28:36,2485.52,44.74
905964,705724,UPI,Completed,2025-05-10 17:41:00,111506.24,0.0
905965,705725,Credit Card,Completed,2025-10-17 15:22:49,259201.25,4665.62
905966,705726,UPI,Completed,2023-01-01 16:31:10,15656.14,0.0
905967,705727,UPI,Completed,2025-04-08 14:06:23,3454.29,0.0
905968,705728,UPI,Completed,2025-07-03 17:04:31,79827.66,0.0
905969,705729,UPI,Completed,2023-10-30 21:08:03,142922.78,0.0
905970,705730,UPI,Completed,2024-10-07 23:48:44,9158.6,0.0
905971,705730,UPI,Failed,2024-10-07 23:28:44,9158.6,0.0
905972,705731,UPI,Completed,2023-05-30 16:44:22,7987.12,0.0
905973,705732,Cash on Delivery,Completed,2025-06-09 23:19:28,132951.91,0.0
905974,705733,Debit Card,Completed,2025-09-27 21:53:54,78762.33,1417.72
905975,705734,Credit Card,Completed,2023-07-02 22:45:22,7437.78,133.88
905976,705735,UPI,Completed,2025-08-22 19:32:12,28407.46,0.0
905977,705736,UPI,Completed,2025-07-08 11:58:31,516.18,0.0
905978,705737,Credit Card,Completed,2024-04-18 18:59:34,80553.49,1449.96
905979,705738,Debit Card,Completed,2025-04-11 15:14:12,46480.19,836.64
905980,705739,Net Banking,Completed,2023-01-01 18:57:54,178677.38,0.0
905981,705740,UPI,Completed,2025-11-07 13:46:55,6727.57,0.0
905982,705741,Cash on Delivery,Completed,2024-11-10 21:02:13,27601.11,0.0
905983,705742,UPI,Completed,2025-01-21 15:50:03,1574.81,0.0
905984,705743,UPI,Refunded,2025-03-11 16:02:07,926.36,0.0
905985,705744,Net Banking,Pending,2024-11-16 16:49:50,2393.16,0.0
905986,705745,Debit Card,Completed,2025-10-03 12:51:37,1126.06,20.27
905987,705746,Wallet,Completed,2025-01-08 20:36:15,157186.05,0.0
905988,705747,Wallet,Completed,2025-10-27 21:31:43,83990.85,0.0
905989,705748,Credit Card,Completed,2024-12-13 15:12:13,197363.43,3552.54
905990,705749,UPI,Failed,2023-10-04 19:59:48,926.36,0.0
905991,705750,UPI,Completed,2025-10-30 10:58:58,3407.97,0.0
905992,705751,Credit Card,Completed,2025-04-01 21:09:53,144822.79,2606.81
905993,705752,Net Banking,Completed,2025-04-22 21:05:51,741.09,0.0
905994,705753,UPI,Completed,2025-12-23 20:42:12,107107.63,0.0
905995,705754,UPI,Completed,2023-05-11 17:33:59,2960.55,0.0
905996,705755,Debit Card,Completed,2024-08-02 23:33:07,5585.3,100.54
905997,705756,UPI,Completed,2023-11-22 20:34:51,3791.07,0.0
905998,705757,UPI,Completed,2025-01-29 23:58:34,8826.67,0.0
905999,705758,UPI,Refunded,2025-08-13 18:36:43,142457.51,0.0
906000,705759,Cash on Delivery,Pending,2025-12-04 14:08:51,62847.33,0.0
906001,705760,UPI,Completed,2024-08-30 19:56:20,81134.03,0.0
906002,705761,Debit Card,Failed,2025-07-26 20:17:42,240329.16,4325.92
906003,705762,UPI,Completed,2025-11-01 23:43:12,93727.97,0.0
906004,705763,Credit Card,Completed,2025-04-03 23:44:11,5337.68,96.08
906005,705764,Debit Card,Completed,2023-11-28 15:36:44,149648.84,2693.68
906006,705765,Credit Card,Completed,2025-01-05 23:42:10,214551.58,3861.93
906007,705766,Debit Card,Completed,2025-12-08 17:39:09,12532.51,225.59
906008,705767,UPI,Completed,2025-12-24 21:22:39,102424.65,0.0
906009,705767,UPI,Failed,2025-12-24 21:19:39,102424.65,0.0
906010,705768,Cash on Delivery,Completed,2025-02-11 14:38:41,2153.84,0.0
906011,705769,Debit Card,Completed,2025-10-18 18:39:43,152128.13,2738.31
906012,705770,UPI,Completed,2023-10-23 20:57:24,7286.75,0.0
906013,705771,Credit Card,Completed,2023-12-03 16:36:40,3067.84,55.22
906014,705772,Cash on Delivery,Completed,2025-11-19 17:30:14,89731.25,0.0
906015,705773,Debit Card,Failed,2023-08-12 19:33:11,5590.48,100.63
906016,705774,UPI,Completed,2023-10-17 23:52:13,3988.06,0.0
906017,705775,UPI,Failed,2024-07-22 19:11:44,1667.45,0.0
906018,705776,Debit Card,Refunded,2024-12-21 17:39:36,833.72,15.01
906019,705777,Wallet,Completed,2024-12-31 18:35:22,5243.09,0.0
906020,705777,Wallet,Failed,2024-12-31 18:33:22,5243.09,0.0
906021,705778,UPI,Completed,2024-01-28 20:43:59,3863.33,0.0
906022,705779,UPI,Completed,2025-11-02 14:57:44,260686.09,0.0
906023,705780,Wallet,Completed,2025-10-31 19:19:35,5035.33,0.0
906024,705781,UPI,Completed,2024-06-12 18:28:17,8283.76,0.0
906025,705782,UPI,Completed,2024-08-08 21:52:44,253772.47,0.0
906026,705783,UPI,Completed,2025-04-26 17:12:43,128406.4,0.0
906027,705784,Credit Card,Completed,2025-03-09 23:28:29,5483.25,98.7
906028,705785,Cash on Delivery,Completed,2024-05-30 16:22:49,5024.72,0.0
906029,705786,Net Banking,Completed,2024-07-13 22:40:38,2668.84,0.0
906030,705787,UPI,Completed,2024-04-19 17:13:11,6475.18,0.0
906031,705788,Debit Card,Completed,2023-11-17 19:03:14,4245.88,76.43
906032,705789,Credit Card,Completed,2024-09-04 22:03:09,14910.29,268.39
906033,705790,Credit Card,Completed,2025-04-07 15:52:53,159107.74,2863.94
906034,705791,UPI,Completed,2025-06-03 11:07:09,100165.87,0.0
906035,705792,UPI,Completed,2025-07-17 14:03:31,103980.19,0.0
906036,705793,Credit Card,Completed,2024-05-21 20:41:47,107653.1,1937.76
906037,705793,Credit Card,Failed,2024-05-21 20:34:47,107653.1,0.0
906038,705794,UPI,Completed,2025-06-30 18:10:22,48632.71,0.0
906039,705795,Credit Card,Failed,2023-01-13 23:53:34,42757.68,769.64
906040,705796,Debit Card,Pending,2024-09-30 19:10:31,118490.91,2132.84
906041,705797,Debit Card,Completed,2025-08-03 23:13:13,199930.61,3598.75
906042,705798,UPI,Failed,2025-01-28 14:22:35,741.09,0.0
906043,705799,Wallet,Completed,2024-09-26 20:25:59,1275.7,0.0
906044,705800,Net Banking,Completed,2025-02-14 23:10:38,7246.52,0.0
906045,705800,Net Banking,Failed,2025-02-14 22:50:38,7246.52,0.0
906046,705801,Debit Card,Failed,2025-10-27 18:19:55,2852.16,51.34
906047,705802,Credit Card,Refunded,2024-11-23 16:23:58,47430.34,853.75
906048,705803,UPI,Completed,2025-08-08 19:12:48,137743.99,0.0
906049,705804,UPI,Failed,2025-12-20 04:52:11,19678.9,0.0
906050,705805,UPI,Completed,2025-04-30 13:49:32,272606.28,0.0
906051,705806,Wallet,Completed,2024-12-02 16:31:27,202528.72,0.0
906052,705807,UPI,Completed,2023-03-06 21:20:43,6908.58,0.0
906053,705807,UPI,Failed,2023-03-06 21:15:43,6908.58,0.0
906054,705808,UPI,Completed,2024-05-21 20:35:26,6446.22,0.0
906055,705809,Cash on Delivery,Completed,2024-11-21 21:29:38,926.36,0.0
906056,705810,Credit Card,Completed,2025-08-06 21:17:55,79457.12,1430.23
906057,705811,Cash on Delivery,Completed,2024-08-11 12:41:00,11951.04,0.0
906058,705812,Debit Card,Pending,2025-11-27 18:55:53,47209.18,849.77
906059,705813,Net Banking,Completed,2024-01-03 23:19:55,75970.6,0.0
906060,705814,Net Banking,Completed,2025-06-07 17:39:31,3327.89,0.0
906061,705815,Credit Card,Completed,2024-07-20 19:34:03,27662.72,497.93
906062,705816,Cash on Delivery,Completed,2024-10-05 19:00:44,6762.38,0.0
906063,705817,Debit Card,Completed,2025-08-10 18:45:50,1250.59,22.51
906064,705817,Debit Card,Failed,2025-08-10 18:34:50,1250.59,0.0
906065,705818,UPI,Completed,2024-02-02 16:06:26,58388.34,0.0
906066,705819,Cash on Delivery,Completed,2023-06-12 13:54:51,5013.45,0.0
906067,705820,Wallet,Completed,2024-10-24 22:39:10,7766.28,0.0
906068,705821,Cash on Delivery,Completed,2024-10-29 15:49:49,6445.4,0.0
906069,705822,Cash on Delivery,Completed,2025-08-06 15:11:37,143289.26,0.0
906070,705823,Net Banking,Completed,2025-12-06 17:52:24,75044.24,0.0
906071,705824,Debit Card,Completed,2023-04-08 16:20:46,4384.65,78.92
906072,705825,Debit Card,Failed,2024-12-23 21:29:16,3016.23,54.29
906073,705826,Cash on Delivery,Completed,2025-03-31 15:20:42,2942.04,0.0
906074,705827,Net Banking,Completed,2025-12-23 19:38:21,68178.03,0.0
906075,705828,Wallet,Completed,2025-11-12 12:38:15,43318.73,0.0
906076,705829,UPI,Completed,2025-05-06 18:55:14,4516.06,0.0
906077,705830,Cash on Delivery,Completed,2024-10-25 18:36:38,160780.49,0.0
906078,705831,UPI,Completed,2023-09-23 13:53:48,95452.73,0.0
906079,705832,Debit Card,Completed,2024-06-01 14:22:59,66684.64,1200.32
906080,705833,Net Banking,Completed,2024-12-17 13:35:45,50863.77,0.0
906081,705834,UPI,Completed,2025-05-18 23:08:00,2946.47,0.0
906082,705835,UPI,Completed,2025-02-02 21:05:31,7024.38,0.0
906083,705836,UPI,Completed,2025-05-08 21:49:04,2991.11,0.0
906084,705837,UPI,Completed,2024-08-03 20:27:15,69025.87,0.0
906085,705837,UPI,Failed,2024-08-03 20:08:15,69025.87,0.0
906086,705838,Cash on Delivery,Completed,2025-05-21 19:39:45,11008.16,0.0
906087,705839,Wallet,Completed,2023-08-24 23:03:20,205815.94,0.0
906088,705840,Credit Card,Completed,2023-09-24 23:20:38,8000.65,144.01
906089,705841,Cash on Delivery,Completed,2023-09-25 15:41:28,5893.18,0.0
906090,705842,Credit Card,Completed,2025-10-19 18:54:45,127678.35,2298.21
906091,705843,Wallet,Completed,2023-05-12 23:33:13,97305.3,0.0
906092,705844,UPI,Refunded,2025-08-09 17:22:38,7531.07,0.0
906093,705844,UPI,Failed,2025-08-09 17:11:38,7531.07,0.0
906094,705845,Net Banking,Completed,2023-11-15 18:10:01,198276.29,0.0
906095,705846,Cash on Delivery,Completed,2024-09-18 20:56:32,18582.19,0.0
906096,705847,Net Banking,Completed,2025-10-31 23:59:26,9159.57,0.0
906097,705847,Net Banking,Failed,2025-10-31 23:43:26,9159.57,0.0
906098,705848,Credit Card,Completed,2024-12-18 17:35:28,79410.8,1429.39
906099,705848,Credit Card,Failed,2024-12-18 17:22:28,79410.8,0.0
906100,705849,Credit Card,Completed,2023-10-30 23:19:07,926.36,16.67
906101,705850,Wallet,Completed,2024-01-21 22:03:36,13258.26,0.0
906102,705851,Credit Card,Completed,2025-11-02 22:48:29,6613.47,119.04
906103,705852,Debit Card,Completed,2024-07-31 23:53:50,4118.94,74.14
906104,705853,Debit Card,Completed,2024-12-19 23:01:54,362615.94,6527.09
906105,705854,UPI,Completed,2024-09-07 20:37:17,298710.99,0.0
906106,705855,UPI,Completed,2024-05-26 22:06:10,926.36,0.0
906107,705856,UPI,Completed,2023-11-08 10:13:24,200886.19,0.0
906108,705857,Credit Card,Failed,2025-04-06 22:23:37,8203.34,147.66
906109,705858,Credit Card,Completed,2025-05-12 18:29:47,5439.19,97.91
906110,705859,Cash on Delivery,Completed,2024-01-08 21:54:08,79920.3,0.0
906111,705860,UPI,Completed,2025-07-29 14:53:42,926.36,0.0
906112,705861,UPI,Completed,2025-10-02 20:43:42,14397.57,0.0
906113,705862,UPI,Completed,2025-11-02 20:01:54,4415.23,0.0
906114,705863,Wallet,Failed,2023-09-22 18:07:01,5055.86,0.0
906115,705864,Debit Card,Completed,2024-02-14 20:52:04,11929.93,214.74
906116,705865,Cash on Delivery,Completed,2025-10-05 18:55:16,108050.99,0.0
906117,705866,Cash on Delivery,Pending,2023-10-22 22:45:49,152661.48,0.0
906118,705867,UPI,Completed,2023-01-07 23:21:49,1482.18,0.0
906119,705868,UPI,Completed,2025-10-10 21:16:56,21168.61,0.0
906120,705869,Cash on Delivery,Refunded,2024-03-18 18:42:27,2921.63,0.0
906121,705870,Wallet,Completed,2024-07-14 21:22:36,133502.46,0.0
906122,705871,Credit Card,Completed,2024-08-19 13:44:05,1247.14,22.45
906123,705872,Credit Card,Completed,2025-09-27 19:56:45,5939.81,106.92
906124,705872,Credit Card,Failed,2025-09-27 19:37:45,5939.81,0.0
906125,705873,Debit Card,Completed,2024-04-04 15:33:05,10991.76,197.85
906126,705874,Cash on Delivery,Completed,2025-10-20 23:50:30,56270.92,0.0
906127,705875,Wallet,Completed,2025-01-17 21:42:59,502.6,0.0
906128,705876,Credit Card,Completed,2024-10-28 19:17:05,106895.36,1924.12
906129,705877,UPI,Completed,2024-03-17 22:48:48,476.25,0.0
906130,705878,UPI,Completed,2023-11-30 23:26:15,10970.25,0.0
906131,705879,Cash on Delivery,Pending,2025-01-24 23:52:39,191201.05,0.0
906132,705880,Credit Card,Completed,2024-08-20 16:46:04,5266.25,94.79
906133,705881,UPI,Completed,2025-10-28 19:47:03,183996.07,0.0
906134,705882,Cash on Delivery,Completed,2024-10-08 15:03:19,89492.59,0.0
906135,705883,Cash on Delivery,Completed,2024-10-19 20:42:52,221904.58,0.0
906136,705884,Net Banking,Refunded,2024-07-17 07:07:38,6236.97,0.0
906137,705885,Cash on Delivery,Completed,2025-07-29 18:35:06,257901.97,0.0
906138,705886,Net Banking,Completed,2024-07-28 12:37:22,11431.78,0.0
906139,705887,Cash on Delivery,Completed,2023-12-31 19:51:18,1389.54,0.0
906140,705888,Credit Card,Failed,2025-10-06 16:21:39,2991.11,53.84
906141,705889,UPI,Failed,2024-12-26 20:55:40,5472.72,0.0
906142,705890,Net Banking,Completed,2024-12-23 16:17:48,33389.96,0.0
906143,705891,Credit Card,Completed,2025-01-09 23:34:51,8510.15,153.18
906144,705892,UPI,Refunded,2025-05-12 11:15:31,8437.35,0.0
906145,705893,Cash on Delivery,Completed,2024-02-28 19:02:14,2240.62,0.0
906146,705894,Credit Card,Completed,2023-02-27 18:47:42,520.88,9.38
906147,705895,Credit Card,Completed,2025-08-15 14:05:31,83374.59,1500.74
906148,705896,UPI,Completed,2023-08-06 17:33:07,121087.34,0.0
906149,705897,Cash on Delivery,Completed,2025-05-15 13:10:03,11458.85,0.0
906150,705898,UPI,Completed,2023-05-21 19:21:54,233561.78,0.0
906151,705899,UPI,Completed,2024-05-22 23:31:39,49143.86,0.0
906152,705900,UPI,Completed,2023-04-22 20:25:11,1667.45,0.0
906153,705901,Debit Card,Completed,2024-10-25 14:00:40,16428.41,295.71
906154,705901,Debit Card,Failed,2024-10-25 13:54:40,16428.41,0.0
906155,705902,Credit Card,Completed,2025-02-24 20:06:52,173370.91,3120.68
906156,705903,Cash on Delivery,Completed,2023-10-04 19:49:42,212999.19,0.0
906157,705904,UPI,Pending,2024-05-18 16:46:40,10906.04,0.0
906158,705905,Debit Card,Completed,2025-11-07 23:09:53,926.36,16.67
906159,705906,Net Banking,Completed,2024-08-14 19:15:56,7849.18,0.0
906160,705907,Debit Card,Completed,2025-08-10 13:06:15,6067.03,109.21
906161,705908,Credit Card,Completed,2025-11-05 23:34:58,107789.57,1940.21
906162,705909,UPI,Completed,2025-12-13 19:52:36,117297.68,0.0
906163,705910,UPI,Completed,2025-10-23 10:32:37,231651.8,0.0
906164,705911,Debit Card,Completed,2024-03-05 21:58:46,926.36,16.67
906165,705912,Cash on Delivery,Completed,2025-11-30 13:09:22,6816.76,0.0
906166,705913,UPI,Refunded,2025-08-17 19:09:42,926.36,0.0
906167,705914,UPI,Completed,2025-09-15 13:53:19,1724.08,0.0
906168,705915,Cash on Delivery,Completed,2023-01-26 13:23:26,118884.61,0.0
906169,705916,UPI,Completed,2025-11-21 10:37:00,122592.5,0.0
906170,705917,Cash on Delivery,Pending,2025-07-16 17:55:18,1181.11,0.0
906171,705918,Credit Card,Completed,2025-07-04 14:26:44,3778.52,68.01
906172,705919,UPI,Completed,2023-05-20 17:51:18,1852.72,0.0
906173,705920,UPI,Refunded,2023-11-14 19:56:32,122058.36,0.0
906174,705921,UPI,Completed,2025-11-30 20:19:24,926.36,0.0
906175,705922,Credit Card,Completed,2024-10-13 21:39:14,504.68,9.08
906176,705923,Cash on Delivery,Pending,2024-06-21 13:35:18,9015.78,0.0
906177,705924,Debit Card,Completed,2025-09-18 19:38:06,8498.3,152.97
906178,705925,Credit Card,Completed,2023-05-28 22:39:31,3006.01,54.11
906179,705926,Debit Card,Completed,2024-07-17 22:13:31,1956.93,35.22
906180,705927,Wallet,Completed,2024-05-23 20:47:49,144822.79,0.0
906181,705928,UPI,Completed,2024-04-22 23:16:53,5131.2,0.0
906182,705929,Debit Card,Completed,2024-02-19 19:20:48,9293.62,167.29
906183,705930,UPI,Completed,2023-10-30 22:43:13,506.88,0.0
906184,705931,Cash on Delivery,Completed,2023-10-05 23:11:14,2649.59,0.0
906185,705932,UPI,Completed,2025-02-09 20:02:28,343193.6,0.0
906186,705933,Cash on Delivery,Completed,2025-11-02 18:22:13,12778.31,0.0
906187,705934,Debit Card,Completed,2024-10-18 22:43:03,503.99,9.07
906188,705935,UPI,Completed,2024-02-05 23:38:35,129899.68,0.0
906189,705936,UPI,Completed,2023-09-19 23:13:14,47497.62,0.0
906190,705937,Debit Card,Failed,2025-09-07 11:33:21,501.64,9.03
906191,705938,Wallet,Completed,2025-12-10 19:43:59,1852.72,0.0
906192,705939,UPI,Completed,2024-04-21 22:26:14,16140.59,0.0
906193,705940,Cash on Delivery,Completed,2024-01-27 12:17:51,7770.03,0.0
906194,705941,Credit Card,Completed,2024-12-30 14:46:03,1389.54,25.01
906195,705942,Net Banking,Failed,2025-07-13 23:36:45,9405.54,0.0
906196,705943,UPI,Completed,2024-08-31 19:05:33,13317.66,0.0
906197,705944,UPI,Completed,2025-01-28 20:38:39,95761.12,0.0
906198,705945,Wallet,Completed,2025-05-10 15:52:56,5982.22,0.0
906199,705946,Debit Card,Completed,2025-11-28 12:41:00,1250.59,22.51
906200,705947,UPI,Completed,2023-09-28 20:58:37,8730.47,0.0
906201,705948,UPI,Completed,2025-12-30 22:12:12,13380.74,0.0
906202,705949,UPI,Completed,2024-06-12 19:06:49,153600.03,0.0
906203,705950,Net Banking,Completed,2025-05-17 21:17:03,3686.29,0.0
906204,705951,Net Banking,Refunded,2024-11-30 22:18:09,3454.29,0.0
906205,705952,Debit Card,Completed,2024-10-06 15:49:53,1250.59,22.51
906206,705953,Debit Card,Refunded,2025-04-21 20:05:43,207556.42,3736.02
906207,705954,Credit Card,Completed,2024-06-17 21:14:08,41879.82,753.84
906208,705954,Credit Card,Failed,2024-06-17 20:56:08,41879.82,0.0
906209,705955,UPI,Completed,2023-08-02 16:41:50,1394.51,0.0
906210,705956,Debit Card,Pending,2024-10-07 17:16:30,2081.38,37.46
906211,705957,Cash on Delivery,Failed,2024-10-25 17:01:59,244490.06,0.0
906212,705958,Cash on Delivery,Completed,2023-10-25 12:08:05,4760.66,0.0
906213,705959,Credit Card,Completed,2025-11-09 16:39:51,1574.81,28.35
906214,705960,Net Banking,Completed,2023-11-11 20:38:04,5789.47,0.0
906215,705961,UPI,Completed,2024-07-06 21:36:32,7470.66,0.0
906216,705962,Credit Card,Completed,2023-09-12 20:17:18,11667.88,210.02
906217,705963,Credit Card,Failed,2024-11-02 17:28:24,148126.96,2666.29
906218,705964,UPI,Completed,2024-02-19 19:22:09,1369.18,0.0
906219,705965,Credit Card,Completed,2024-10-07 19:49:36,2856.06,51.41
906220,705966,Credit Card,Completed,2023-11-09 16:06:27,136284.87,2453.13
906221,705967,UPI,Refunded,2023-04-05 14:59:06,1927.51,0.0
906222,705968,UPI,Completed,2025-07-17 11:18:01,1615.34,0.0
906223,705969,UPI,Completed,2025-02-09 20:07:42,76364.3,0.0
906224,705970,UPI,Completed,2024-04-09 18:21:53,104209.15,0.0
906225,705970,UPI,Failed,2024-04-09 18:18:53,104209.15,0.0
906226,705971,Credit Card,Completed,2023-03-25 17:01:13,11286.41,203.16
906227,705972,Cash on Delivery,Completed,2025-10-07 16:22:30,8076.0,0.0
906228,705973,Credit Card,Completed,2023-10-03 15:49:59,83661.96,1505.92
906229,705974,UPI,Completed,2025-11-07 20:17:54,7649.54,0.0
906230,705975,Credit Card,Completed,2024-10-01 11:05:47,3231.1,58.16
906231,705976,Cash on Delivery,Completed,2024-04-08 15:32:04,1343.2,0.0
906232,705977,Cash on Delivery,Completed,2025-06-03 23:03:59,109311.33,0.0
906233,705978,Cash on Delivery,Completed,2025-10-13 17:37:51,135510.33,0.0
906234,705979,UPI,Completed,2024-05-17 16:12:26,43821.84,0.0
906235,705980,Wallet,Failed,2024-07-04 22:08:21,209205.5,0.0
906236,705981,UPI,Completed,2024-08-07 12:33:59,89354.48,0.0
906237,705982,Credit Card,Completed,2025-11-03 16:48:46,1760.08,31.68
906238,705983,UPI,Completed,2025-04-14 16:14:28,248283.33,0.0
906239,705984,Credit Card,Completed,2023-12-06 21:29:43,61741.16,1111.34
906240,705985,Wallet,Completed,2023-10-13 22:43:22,56029.89,0.0
906241,705986,Debit Card,Completed,2023-11-12 20:10:20,6445.4,116.02
906242,705987,UPI,Completed,2023-12-26 16:21:52,7575.14,0.0
906243,705988,Net Banking,Completed,2023-11-12 17:04:27,46100.58,0.0
906244,705989,Debit Card,Completed,2025-03-03 23:57:38,103828.82,1868.92
906245,705990,Debit Card,Completed,2023-07-16 12:22:47,153401.87,2761.23
906246,705991,Credit Card,Completed,2024-06-06 11:28:10,38222.91,688.01
906247,705992,UPI,Completed,2025-01-25 23:24:47,2047.94,0.0
906248,705993,Debit Card,Completed,2024-01-27 14:30:24,45882.0,825.88
906249,705994,Net Banking,Completed,2023-04-26 19:37:00,2967.95,0.0
906250,705995,Wallet,Completed,2023-05-20 18:21:10,82696.71,0.0
906251,705996,Cash on Delivery,Completed,2023-08-02 21:44:02,208640.1,0.0
906252,705997,Net Banking,Completed,2025-09-13 18:27:16,50691.24,0.0
906253,705998,Credit Card,Completed,2025-03-02 18:34:03,234533.92,4221.61
906254,705999,Credit Card,Completed,2023-04-25 20:39:53,188438.91,3391.9
906255,706000,Net Banking,Completed,2024-06-11 19:18:54,89798.48,0.0
906256,706001,Credit Card,Completed,2024-01-13 21:14:04,513.59,9.24
906257,706002,Debit Card,Completed,2024-12-08 18:21:15,6903.08,124.26
906258,706003,UPI,Completed,2024-10-26 09:05:06,133246.88,0.0
906259,706004,Cash on Delivery,Pending,2024-10-02 16:00:05,199415.3,0.0
906260,706005,UPI,Completed,2024-03-01 13:47:16,9221.64,0.0
906261,706006,UPI,Completed,2023-08-15 17:50:03,37314.21,0.0
906262,706007,Wallet,Completed,2025-06-04 20:33:51,6039.11,0.0
906263,706008,Cash on Delivery,Completed,2025-10-14 19:47:23,29404.44,0.0
906264,706009,Credit Card,Completed,2025-11-13 20:41:14,128791.16,2318.24
906265,706010,Net Banking,Completed,2023-04-14 18:35:28,63425.63,0.0
906266,706011,UPI,Completed,2025-06-01 12:36:49,145777.68,0.0
906267,706012,Cash on Delivery,Completed,2025-05-19 23:18:59,206187.83,0.0
906268,706013,Net Banking,Completed,2025-11-15 16:41:03,1111.63,0.0
906269,706014,UPI,Completed,2023-12-14 21:51:30,4149.3,0.0
906270,706015,Debit Card,Completed,2025-06-04 23:31:56,189278.06,3407.01
906271,706016,UPI,Completed,2023-04-07 23:56:58,40423.33,0.0
906272,706017,Cash on Delivery,Completed,2025-01-29 08:27:58,833.49,0.0
906273,706018,UPI,Completed,2024-04-23 14:48:20,1111.63,0.0
906274,706019,Debit Card,Refunded,2025-07-05 18:21:33,3272.93,58.91
906275,706020,Cash on Delivery,Completed,2025-10-06 11:28:33,11146.93,0.0
906276,706021,Cash on Delivery,Pending,2024-05-11 12:06:06,926.36,0.0
906277,706022,Credit Card,Pending,2024-10-27 20:43:57,5472.72,98.51
906278,706023,Debit Card,Pending,2023-07-18 23:04:41,204943.71,3688.99
906279,706024,Wallet,Completed,2024-07-17 16:21:10,368768.76,0.0
906280,706025,Cash on Delivery,Completed,2024-05-06 23:56:00,8020.71,0.0
906281,706026,UPI,Completed,2023-10-12 23:39:50,2991.11,0.0
906282,706027,UPI,Completed,2025-10-21 19:12:20,14585.1,0.0
906283,706028,Wallet,Completed,2023-08-31 20:31:22,2428.15,0.0
906284,706029,Cash on Delivery,Completed,2025-02-03 18:11:02,146390.08,0.0
906285,706030,Cash on Delivery,Completed,2025-10-19 23:24:04,2527.93,0.0
906286,706031,UPI,Completed,2025-10-29 14:01:04,140749.71,0.0
906287,706032,UPI,Completed,2025-08-03 21:50:06,170343.15,0.0
906288,706033,UPI,Refunded,2023-10-07 15:36:53,102686.95,0.0
906289,706034,UPI,Completed,2025-08-23 16:27:31,1932.53,0.0
906290,706034,UPI,Failed,2025-08-23 16:07:31,1932.53,0.0
906291,706035,UPI,Completed,2024-01-10 14:49:46,507.24,0.0
906292,706036,Net Banking,Completed,2025-11-03 12:49:46,75021.08,0.0
906293,706037,Net Banking,Completed,2025-05-03 15:04:05,135801.16,0.0
906294,706038,Debit Card,Completed,2025-07-25 23:02:48,926.36,16.67
906295,706039,Debit Card,Completed,2023-05-25 19:39:29,89088.96,1603.6
906296,706040,Debit Card,Completed,2024-12-14 20:29:37,2527.93,45.5
906297,706041,Credit Card,Completed,2025-08-27 19:44:14,66641.67,1199.55
906298,706042,Cash on Delivery,Completed,2025-10-05 21:26:51,10273.57,0.0
906299,706043,Net Banking,Completed,2023-02-18 23:28:22,3824.92,0.0
906300,706044,Credit Card,Completed,2025-11-11 23:59:03,14307.1,257.53
906301,706045,UPI,Completed,2023-03-17 23:40:38,13522.78,0.0
906302,706046,Credit Card,Completed,2025-01-14 21:38:44,16231.94,292.17
906303,706047,Credit Card,Completed,2025-04-15 17:08:23,86652.68,1559.75
906304,706048,Net Banking,Completed,2023-07-01 11:34:00,787.41,0.0
906305,706049,Net Banking,Refunded,2023-03-26 15:21:50,17362.24,0.0
906306,706049,Net Banking,Failed,2023-03-26 15:04:50,17362.24,0.0
906307,706050,Wallet,Completed,2025-07-24 18:03:53,220940.12,0.0
906308,706051,Credit Card,Completed,2024-06-02 19:48:08,8417.51,151.52
906309,706052,Credit Card,Pending,2023-06-30 20:25:35,101588.59,1828.59
906310,706053,UPI,Refunded,2025-06-28 21:02:20,6949.87,0.0
906311,706053,UPI,Failed,2025-06-28 20:58:20,6949.87,0.0
906312,706054,UPI,Completed,2025-09-28 13:48:58,15090.56,0.0
906313,706055,Credit Card,Completed,2024-12-20 23:36:12,8854.79,159.39
906314,706056,Credit Card,Completed,2023-09-22 22:50:24,279064.43,5023.16
906315,706057,UPI,Failed,2023-01-26 19:30:53,5342.45,0.0
906316,706058,Credit Card,Completed,2025-04-24 23:18:39,3623.08,65.22
906317,706059,UPI,Completed,2024-11-10 08:49:27,5870.33,0.0
906318,706060,Credit Card,Completed,2025-02-22 16:47:09,2282.48,41.08
906319,706061,Credit Card,Refunded,2025-08-18 14:49:08,5119.85,92.16
906320,706062,Debit Card,Refunded,2024-08-08 20:24:07,362123.33,6518.22
906321,706063,UPI,Completed,2023-07-30 14:57:55,8834.38,0.0
906322,706064,UPI,Completed,2025-11-11 23:52:20,267951.59,0.0
906323,706065,Debit Card,Completed,2024-11-07 15:38:24,3198.82,57.58
906324,706066,Debit Card,Completed,2025-01-15 16:45:17,5914.7,106.46
906325,706067,Credit Card,Completed,2025-11-08 20:33:42,2315.9,41.69
906326,706068,Credit Card,Failed,2025-11-07 17:16:40,30308.73,545.56
906327,706069,Credit Card,Completed,2024-11-30 23:22:39,765931.0,13786.76
906328,706070,Cash on Delivery,Completed,2024-02-04 17:18:09,37513.25,0.0
906329,706071,Credit Card,Completed,2025-12-30 14:08:26,119370.95,2148.68
906330,706072,Net Banking,Completed,2025-03-31 23:14:07,148910.65,0.0
906331,706073,Credit Card,Completed,2024-07-05 20:28:31,14323.57,257.82
906332,706074,Debit Card,Completed,2024-11-15 18:09:00,37915.82,682.48
906333,706075,Credit Card,Completed,2024-07-16 16:13:39,492.9,8.87
906334,706076,Debit Card,Completed,2025-10-18 23:28:27,51149.61,920.69
906335,706077,UPI,Completed,2024-10-03 21:10:11,1389.54,0.0
906336,706078,Debit Card,Completed,2025-08-30 23:31:58,14989.16,269.8
906337,706078,Debit Card,Failed,2025-08-30 23:20:58,14989.16,0.0
906338,706079,Debit Card,Completed,2025-09-18 17:39:27,5729.43,103.13
906339,706080,UPI,Completed,2025-08-31 12:24:26,159037.53,0.0
906340,706081,Credit Card,Completed,2025-05-16 21:27:11,76651.26,1379.72
906341,706082,UPI,Refunded,2025-10-02 19:50:45,2025.7,0.0
906342,706083,Debit Card,Completed,2024-06-05 18:19:54,95007.26,1710.13
906343,706084,UPI,Completed,2023-07-13 23:40:02,179266.67,0.0
906344,706085,Credit Card,Completed,2025-09-21 17:26:19,254222.85,4576.01
906345,706086,Debit Card,Refunded,2024-10-12 12:53:20,787.41,14.17
906346,706087,Credit Card,Completed,2023-08-04 15:58:26,5660.67,101.89
906347,706088,Credit Card,Completed,2023-07-15 16:07:15,1389.54,25.01
906348,706089,Credit Card,Refunded,2023-09-19 20:10:29,529.5,9.53
906349,706090,UPI,Completed,2025-06-14 14:33:58,2401.43,0.0
906350,706091,UPI,Completed,2025-05-05 21:50:49,10732.44,0.0
906351,706092,UPI,Completed,2023-10-26 23:27:20,2084.31,0.0
906352,706093,Credit Card,Completed,2025-09-26 21:18:08,26747.15,481.45
906353,706094,Cash on Delivery,Completed,2024-01-18 21:49:51,82532.22,0.0
906354,706095,Credit Card,Completed,2025-08-02 17:44:19,46680.59,840.25
906355,706096,Debit Card,Completed,2024-10-07 21:12:57,5729.43,103.13
906356,706097,UPI,Refunded,2025-05-24 15:06:54,9831.92,0.0
906357,706098,Credit Card,Completed,2024-05-29 20:48:54,79949.91,1439.1
906358,706099,UPI,Completed,2024-04-18 23:12:35,1482.18,0.0
906359,706100,UPI,Completed,2025-09-20 13:08:15,485.33,0.0
906360,706101,Wallet,Completed,2023-03-02 23:22:24,152387.43,0.0
906361,706102,Net Banking,Completed,2025-12-14 23:08:49,171178.13,0.0
906362,706103,Credit Card,Completed,2025-02-18 18:26:52,124836.8,2247.06
906363,706104,Cash on Delivery,Completed,2024-08-06 19:19:38,91305.0,0.0
906364,706105,Credit Card,Failed,2025-01-27 16:50:14,52571.42,946.29
906365,706106,Wallet,Completed,2023-07-27 20:14:51,3595.2,0.0
906366,706107,Net Banking,Completed,2024-10-21 14:39:04,169497.42,0.0
906367,706108,Net Banking,Completed,2025-12-22 17:00:06,4277.6,0.0
906368,706109,UPI,Completed,2023-11-16 23:05:22,101727.54,0.0
906369,706110,Debit Card,Completed,2025-05-16 15:09:13,11223.35,202.02
906370,706111,UPI,Completed,2024-08-08 19:10:35,2686.63,0.0
906371,706112,UPI,Completed,2025-02-24 18:56:46,157183.99,0.0
906372,706113,UPI,Completed,2023-10-27 21:04:24,787.41,0.0
906373,706114,Wallet,Completed,2024-09-21 20:40:23,57214.6,0.0
906374,706115,UPI,Completed,2025-12-19 22:47:38,20311.85,0.0
906375,706116,UPI,Completed,2023-10-20 12:04:02,4297.48,0.0
906376,706117,Cash on Delivery,Completed,2025-02-04 23:01:41,10267.51,0.0
906377,706118,UPI,Completed,2024-12-05 20:18:14,833.72,0.0
906378,706119,UPI,Completed,2024-11-21 18:14:08,5476.63,0.0
906379,706120,UPI,Completed,2025-01-15 18:36:18,4406.29,0.0
906380,706121,Debit Card,Failed,2024-10-14 17:12:35,1389.54,25.01
906381,706122,Cash on Delivery,Completed,2023-01-28 23:24:55,3321.44,0.0
906382,706123,Debit Card,Completed,2025-10-24 16:55:25,27544.45,495.8
906383,706124,Credit Card,Refunded,2025-09-03 20:41:06,17535.65,315.64
906384,706125,Cash on Delivery,Refunded,2023-10-06 22:03:29,27392.41,0.0
906385,706126,UPI,Completed,2024-07-12 13:38:32,9031.52,0.0
906386,706127,Credit Card,Completed,2025-07-07 12:17:54,191866.83,3453.6
906387,706128,UPI,Completed,2025-12-19 11:08:37,1794.63,0.0
906388,706129,Credit Card,Completed,2025-11-17 20:51:16,130244.43,2344.4
906389,706130,Cash on Delivery,Completed,2025-10-23 15:12:32,39890.67,0.0
906390,706131,Net Banking,Completed,2023-09-17 19:46:32,5872.29,0.0
906391,706132,Debit Card,Completed,2025-10-30 15:46:08,427766.56,7699.8
906392,706133,UPI,Completed,2025-10-13 19:58:19,12639.65,0.0
906393,706134,Cash on Delivery,Completed,2024-05-24 14:30:16,7467.44,0.0
906394,706135,Debit Card,Completed,2024-06-16 16:37:18,3315.84,59.69
906395,706136,Cash on Delivery,Completed,2024-09-07 22:32:37,157416.05,0.0
906396,706137,Wallet,Completed,2025-02-28 15:10:41,2527.93,0.0
906397,706138,UPI,Completed,2023-12-23 20:58:36,8911.35,0.0
906398,706139,UPI,Completed,2023-02-07 17:11:59,11424.3,0.0
906399,706140,Wallet,Completed,2023-08-20 22:01:46,10856.72,0.0
906400,706140,Wallet,Failed,2023-08-20 21:56:46,10856.72,0.0
906401,706141,Debit Card,Completed,2024-08-13 17:19:40,92942.56,1672.97
906402,706142,Credit Card,Pending,2024-01-19 21:48:53,926.36,16.67
906403,706143,UPI,Failed,2025-06-30 20:17:23,49547.5,0.0
906404,706144,Debit Card,Completed,2023-06-30 14:02:46,50160.71,902.89
906405,706145,UPI,Refunded,2025-11-01 18:24:24,172736.77,0.0
906406,706146,Cash on Delivery,Completed,2025-10-21 18:11:54,3027.89,0.0
906407,706147,Wallet,Completed,2025-10-28 21:21:51,72002.41,0.0
906408,706148,UPI,Completed,2025-06-01 16:00:02,2610.55,0.0
906409,706149,UPI,Completed,2023-06-30 19:12:38,31577.62,0.0
906410,706150,Debit Card,Completed,2024-08-11 14:40:23,54255.63,976.6
906411,706151,UPI,Refunded,2023-08-08 23:52:31,926.36,0.0
906412,706152,Debit Card,Failed,2025-12-24 21:10:19,76896.96,1384.15
906413,706153,Cash on Delivery,Completed,2024-03-28 18:51:02,1389.54,0.0
906414,706154,Debit Card,Completed,2024-12-17 21:06:47,218002.41,3924.04
906415,706155,UPI,Refunded,2025-07-18 14:31:15,67515.39,0.0
906416,706156,UPI,Completed,2025-11-02 23:09:57,46378.78,0.0
906417,706157,UPI,Completed,2025-06-20 23:07:21,446.11,0.0
906418,706158,UPI,Completed,2025-03-23 18:35:31,11501.26,0.0
906419,706159,UPI,Completed,2024-09-15 20:04:14,12639.65,0.0
906420,706160,Wallet,Completed,2025-01-02 23:13:22,4761.45,0.0
906421,706161,UPI,Completed,2023-06-08 19:03:58,2963.89,0.0
906422,706162,UPI,Completed,2025-10-16 19:57:49,485.56,0.0
906423,706163,Debit Card,Completed,2024-11-06 16:13:39,5869.98,105.66
906424,706164,Cash on Delivery,Pending,2023-03-11 22:49:12,2362.22,0.0
906425,706165,Net Banking,Completed,2025-11-02 17:49:09,524.39,0.0
906426,706166,UPI,Completed,2024-10-07 20:26:42,3454.29,0.0
906427,706167,Credit Card,Completed,2025-10-09 18:35:18,41174.7,741.14
906428,706168,UPI,Completed,2025-10-03 23:21:06,120225.75,0.0
906429,706169,UPI,Refunded,2025-08-21 17:50:08,126419.31,0.0
906430,706170,Credit Card,Completed,2023-04-19 18:47:22,2640.13,47.52
906431,706171,UPI,Completed,2023-12-05 23:37:06,82702.98,0.0
906432,706172,UPI,Completed,2025-10-12 18:54:47,173957.98,0.0
906433,706173,UPI,Completed,2025-10-23 14:17:18,5266.25,0.0
906434,706174,Cash on Delivery,Refunded,2024-09-04 16:15:13,84672.5,0.0
906435,706175,Wallet,Completed,2024-08-12 20:05:05,83917.27,0.0
906436,706176,UPI,Completed,2023-10-07 19:34:20,18259.97,0.0
906437,706177,Debit Card,Completed,2025-12-07 14:47:53,166371.08,2994.68
906438,706177,Debit Card,Failed,2025-12-07 14:45:53,166371.08,0.0
906439,706178,Net Banking,Completed,2023-11-01 13:45:15,81356.2,0.0
906440,706179,UPI,Completed,2023-10-17 18:23:47,11830.67,0.0
906441,706180,Credit Card,Completed,2025-03-06 21:09:38,194840.05,3507.12
906442,706181,Debit Card,Refunded,2023-11-28 20:05:12,300079.0,5401.42
906443,706182,Net Banking,Completed,2025-11-11 23:15:51,5856.62,0.0
906444,706183,UPI,Failed,2023-01-21 07:41:42,147494.68,0.0
906445,706184,UPI,Completed,2023-01-12 23:17:19,926.36,0.0
906446,706185,Cash on Delivery,Completed,2024-10-16 15:18:50,134110.33,0.0
906447,706186,UPI,Completed,2024-10-06 12:48:57,10574.9,0.0
906448,706187,Cash on Delivery,Completed,2023-09-25 12:18:07,11469.23,0.0
906449,706188,Net Banking,Completed,2024-10-10 16:52:53,170307.55,0.0
906450,706189,Debit Card,Completed,2024-07-10 11:06:25,44923.37,808.62
906451,706190,Credit Card,Completed,2025-10-19 21:23:14,59582.17,1072.48
906452,706191,Wallet,Completed,2023-01-19 17:21:29,86948.27,0.0
906453,706192,Cash on Delivery,Completed,2025-12-15 15:24:25,1852.72,0.0
906454,706193,Debit Card,Refunded,2025-01-24 19:03:11,42638.39,767.49
906455,706194,UPI,Completed,2023-09-06 19:24:27,124499.58,0.0
906456,706195,Wallet,Completed,2023-03-24 22:41:43,1389.54,0.0
906457,706196,Cash on Delivery,Completed,2024-11-03 17:45:09,2275.14,0.0
906458,706197,UPI,Completed,2023-11-16 16:03:26,51234.31,0.0
906459,706198,Debit Card,Pending,2024-02-10 22:55:54,10111.96,182.02
906460,706199,UPI,Completed,2023-12-02 23:16:31,127796.1,0.0
906461,706200,Credit Card,Completed,2025-02-21 19:16:04,2076.95,37.39
906462,706200,Credit Card,Failed,2025-02-21 19:06:04,2076.95,0.0
906463,706201,Debit Card,Refunded,2024-11-11 16:12:36,926.36,16.67
906464,706202,UPI,Completed,2023-05-15 18:13:20,600.18,0.0
906465,706203,Debit Card,Completed,2024-10-27 21:00:00,12923.01,232.61
906466,706204,Cash on Delivery,Pending,2025-07-31 20:00:57,1875.7,0.0
906467,706205,UPI,Failed,2023-05-19 22:24:40,11274.51,0.0
906468,706206,Cash on Delivery,Completed,2025-10-19 18:37:13,6652.43,0.0
906469,706207,UPI,Completed,2024-12-08 23:09:30,3539.1,0.0
906470,706208,Credit Card,Completed,2025-11-17 20:36:51,16999.47,305.99
906471,706209,UPI,Completed,2023-08-31 20:39:34,357229.73,0.0
906472,706210,Credit Card,Completed,2025-12-28 13:26:21,90783.0,1634.09
906473,706211,Cash on Delivery,Completed,2025-02-14 17:04:29,75427.2,0.0
906474,706212,Credit Card,Completed,2024-11-24 16:47:00,9015.74,162.28
906475,706213,Wallet,Completed,2024-10-21 19:27:45,222251.35,0.0
906476,706214,Credit Card,Completed,2023-02-08 11:08:08,4354.27,78.38
906477,706215,UPI,Completed,2025-11-11 11:05:21,3539.88,0.0
906478,706216,Cash on Delivery,Refunded,2025-02-13 23:10:32,9747.27,0.0
906479,706217,UPI,Completed,2023-06-03 23:53:25,162589.99,0.0
906480,706218,UPI,Completed,2023-02-03 14:31:31,152081.81,0.0
906481,706219,Wallet,Completed,2023-03-31 17:39:49,27761.9,0.0
906482,706220,Net Banking,Completed,2025-01-07 15:07:15,146940.21,0.0
906483,706221,Net Banking,Completed,2025-01-13 23:47:31,4461.45,0.0
906484,706222,Debit Card,Completed,2024-10-13 18:22:21,91004.74,1638.09
906485,706223,UPI,Failed,2024-02-18 20:42:23,8298.81,0.0
906486,706224,Credit Card,Completed,2024-10-30 15:08:20,7405.25,133.29
906487,706225,Cash on Delivery,Completed,2024-10-22 18:49:21,8594.14,0.0
906488,706226,Credit Card,Completed,2023-01-31 21:38:07,115279.07,2075.02
906489,706227,Net Banking,Completed,2024-01-19 18:21:16,87967.27,0.0
906490,706228,Credit Card,Completed,2023-04-04 13:34:05,9816.34,176.69
906491,706229,Debit Card,Completed,2025-10-24 21:21:01,2957.03,53.23
906492,706230,Net Banking,Completed,2025-05-18 21:45:30,21193.7,0.0
906493,706231,Credit Card,Refunded,2025-12-29 18:40:32,89016.93,1602.3
906494,706232,UPI,Completed,2024-02-11 16:47:18,46940.58,0.0
906495,706233,Credit Card,Completed,2025-10-13 19:16:34,156928.92,2824.72
906496,706234,Credit Card,Completed,2024-12-31 10:54:31,5519.04,99.34
906497,706235,UPI,Completed,2024-08-28 21:11:06,494.13,0.0
906498,706236,UPI,Completed,2023-11-07 23:31:30,4250.85,0.0
906499,706237,UPI,Completed,2025-05-31 18:22:03,5982.22,0.0
906500,706238,Debit Card,Completed,2025-10-25 17:13:19,5800.86,104.42
906501,706239,UPI,Failed,2023-11-16 19:42:26,1389.54,0.0
906502,706240,Credit Card,Completed,2023-10-07 21:58:27,313602.58,5644.85
906503,706241,UPI,Completed,2025-04-19 22:18:30,73974.08,0.0
906504,706242,Credit Card,Failed,2025-12-16 13:10:21,79920.3,1438.57
906505,706243,Credit Card,Refunded,2025-06-13 23:44:59,926.36,16.67
906506,706244,Debit Card,Completed,2024-01-21 18:01:27,5476.63,98.58
906507,706245,UPI,Completed,2024-07-21 15:08:39,176865.24,0.0
906508,706246,Cash on Delivery,Pending,2024-06-01 21:24:23,1852.72,0.0
906509,706247,UPI,Completed,2025-10-01 18:45:49,2047.94,0.0
906510,706248,Debit Card,Completed,2025-07-08 23:40:03,9744.13,175.39
906511,706249,Debit Card,Completed,2024-12-21 15:24:28,134823.27,2426.82
906512,706250,UPI,Completed,2024-01-08 16:06:02,3979.12,0.0
906513,706251,Credit Card,Completed,2025-11-10 18:57:07,14754.11,265.57
906514,706252,Cash on Delivery,Completed,2025-02-25 23:03:57,17441.74,0.0
906515,706253,Cash on Delivery,Pending,2025-12-09 23:58:58,8510.15,0.0
906516,706254,Debit Card,Completed,2024-12-10 15:47:15,5127.3,92.29
906517,706255,Debit Card,Completed,2025-08-28 15:30:47,36044.35,648.8
906518,706256,Debit Card,Completed,2025-08-18 10:43:46,101602.11,1828.84
906519,706257,Cash on Delivery,Completed,2024-04-04 18:13:05,13078.26,0.0
906520,706258,Credit Card,Completed,2025-12-02 18:25:18,2991.11,53.84
906521,706259,Net Banking,Completed,2023-02-05 19:32:59,104827.29,0.0
906522,706260,UPI,Completed,2025-07-05 12:31:45,5994.69,0.0
906523,706261,Credit Card,Completed,2025-12-03 12:19:22,12212.84,219.83
906524,706262,UPI,Completed,2024-04-06 13:39:46,419646.1,0.0
906525,706263,Wallet,Failed,2025-02-18 18:05:06,15701.55,0.0
906526,706264,Cash on Delivery,Completed,2024-11-17 18:58:38,79026.73,0.0
906527,706265,Credit Card,Completed,2025-06-27 13:41:55,169804.74,3056.49
906528,706266,UPI,Completed,2025-10-08 15:45:58,158914.24,0.0
906529,706267,Cash on Delivery,Completed,2024-12-31 18:36:51,4110.48,0.0
906530,706268,UPI,Completed,2025-08-21 23:34:55,83722.37,0.0
906531,706269,Cash on Delivery,Completed,2024-02-26 23:42:33,2797.19,0.0
906532,706270,Debit Card,Completed,2023-11-11 18:54:27,134086.82,2413.56
906533,706271,Cash on Delivery,Completed,2024-08-05 18:36:33,111091.99,0.0
906534,706272,Net Banking,Completed,2025-03-27 21:01:14,26989.75,0.0
906535,706273,Debit Card,Completed,2023-10-15 17:21:03,4739.46,85.31
906536,706274,Debit Card,Completed,2025-03-30 17:58:08,124767.57,2245.82
906537,706275,Credit Card,Completed,2024-06-15 20:10:02,13387.34,240.97
906538,706276,Debit Card,Completed,2025-08-05 16:06:51,75507.42,1359.13
906539,706277,UPI,Completed,2023-03-05 21:36:18,86247.04,0.0
906540,706278,Wallet,Completed,2025-03-15 18:15:45,15418.73,0.0
906541,706279,Wallet,Completed,2025-02-20 11:01:34,880.04,0.0
906542,706280,UPI,Completed,2025-11-12 12:43:36,71748.32,0.0
906543,706281,UPI,Completed,2025-05-07 13:03:19,13525.41,0.0
906544,706282,Cash on Delivery,Completed,2025-08-06 19:34:28,6630.67,0.0
906545,706283,UPI,Completed,2025-10-26 23:44:48,288421.31,0.0
906546,706284,UPI,Completed,2025-03-24 18:09:07,81078.25,0.0
906547,706285,UPI,Completed,2024-01-27 19:25:48,83416.39,0.0
906548,706286,UPI,Completed,2025-10-09 17:54:07,387869.8,0.0
906549,706287,Net Banking,Completed,2025-06-10 15:58:32,9382.37,0.0
906550,706288,Wallet,Completed,2024-07-28 23:52:53,143236.87,0.0
906551,706289,UPI,Completed,2025-05-05 16:23:15,38081.78,0.0
906552,706290,Wallet,Completed,2025-10-08 19:03:02,121744.92,0.0
906553,706291,Cash on Delivery,Completed,2025-12-14 14:02:19,926.36,0.0
906554,706292,Debit Card,Completed,2025-11-19 18:01:55,1760.08,31.68
906555,706293,Credit Card,Completed,2024-03-17 23:28:02,5683.11,102.3
906556,706294,UPI,Completed,2024-07-24 23:56:15,1756.22,0.0
906557,706295,UPI,Completed,2023-07-05 23:13:19,141903.94,0.0
906558,706296,Credit Card,Completed,2023-12-06 22:40:28,4803.07,86.46
906559,706297,Credit Card,Failed,2025-10-15 19:30:55,160978.99,2897.62
906560,706298,Net Banking,Completed,2024-05-06 20:30:50,4803.07,0.0
906561,706299,Credit Card,Refunded,2025-01-21 19:52:46,1389.54,25.01
906562,706300,UPI,Completed,2025-03-13 21:41:39,7737.44,0.0
906563,706301,UPI,Completed,2025-07-20 11:31:08,536.8,0.0
906564,706302,Debit Card,Completed,2023-10-12 16:45:21,5294.93,95.31
906565,706303,Debit Card,Completed,2024-02-15 17:01:46,5519.04,99.34
906566,706304,UPI,Completed,2024-08-22 18:05:14,160978.99,0.0
906567,706305,Cash on Delivery,Completed,2024-05-11 15:55:46,6762.3,0.0
906568,706306,UPI,Completed,2025-12-21 16:52:05,76471.52,0.0
906569,706307,Credit Card,Refunded,2025-09-12 11:40:20,4506.65,81.12
906570,706308,UPI,Completed,2024-10-02 21:30:05,10798.99,0.0
906571,706309,Cash on Delivery,Completed,2025-10-14 17:27:20,94999.88,0.0
906572,706310,UPI,Completed,2024-04-19 20:27:49,1389.54,0.0
906573,706311,Net Banking,Completed,2025-07-25 23:59:54,67065.63,0.0
906574,706312,Debit Card,Failed,2023-11-08 17:48:28,100801.18,1814.42
906575,706313,UPI,Completed,2025-07-09 11:29:07,2219.4,0.0
906576,706314,UPI,Completed,2024-09-02 21:12:54,10283.65,0.0
906577,706315,Debit Card,Completed,2023-07-01 16:46:47,817641.0,14717.54
906578,706316,UPI,Completed,2024-01-05 15:31:40,14764061.0,0.0
906579,706317,Credit Card,Pending,2024-06-27 15:28:36,213267.16,3838.81
906580,706318,UPI,Completed,2025-06-12 18:19:21,4277.54,0.0
906581,706319,Cash on Delivery,Completed,2023-05-08 22:18:12,47871.6,0.0
906582,706320,UPI,Completed,2025-03-04 15:00:14,1264.07,0.0
906583,706321,Cash on Delivery,Completed,2025-05-10 23:48:02,201772.37,0.0
906584,706322,Debit Card,Completed,2025-02-25 20:18:27,7637.62,137.48
906585,706323,UPI,Completed,2025-06-26 20:38:05,76058.12,0.0
906586,706324,Cash on Delivery,Completed,2023-10-08 13:52:53,152591.31,0.0
906587,706325,Debit Card,Completed,2024-12-20 15:32:31,8443.26,151.98
906588,706326,UPI,Completed,2025-11-12 14:11:00,19139.53,0.0
906589,706327,UPI,Completed,2025-01-09 20:24:35,103286.7,0.0
906590,706327,UPI,Failed,2025-01-09 20:16:35,103286.7,0.0
906591,706328,UPI,Completed,2025-01-10 17:30:23,6217.72,0.0
906592,706329,Credit Card,Completed,2025-05-29 17:31:34,46543.56,837.78
906593,706330,Wallet,Completed,2024-03-29 23:30:45,490.2,0.0
906594,706331,Credit Card,Completed,2025-04-24 17:16:47,81940.23,1474.92
906595,706331,Credit Card,Failed,2025-04-24 16:58:47,81940.23,0.0
906596,706332,UPI,Completed,2025-10-31 13:07:14,1852.72,0.0
906597,706333,Credit Card,Completed,2023-01-21 19:29:23,5426.4,97.68
906598,706334,Wallet,Completed,2025-10-10 23:26:25,123074.73,0.0
906599,706335,Debit Card,Refunded,2023-11-05 20:23:46,49089.79,883.62
906600,706336,Credit Card,Completed,2024-09-01 23:20:23,10537.76,189.68
906601,706337,UPI,Completed,2025-10-01 22:36:09,513.27,0.0
906602,706338,Credit Card,Completed,2025-08-31 11:31:28,74109.0,1333.96
906603,706339,UPI,Completed,2025-10-20 20:09:51,310909.06,0.0
906604,706340,Cash on Delivery,Completed,2025-11-11 16:03:03,3861.48,0.0
906605,706341,Debit Card,Refunded,2024-08-20 22:33:49,2148.74,38.68
906606,706342,Net Banking,Completed,2025-03-01 15:07:40,93910.24,0.0
906607,706343,Net Banking,Completed,2024-06-10 17:38:53,11997.6,0.0
906608,706344,Credit Card,Completed,2024-04-23 16:42:55,71773.82,1291.93
906609,706345,UPI,Completed,2024-08-06 15:12:15,8973.33,0.0
906610,706346,Cash on Delivery,Completed,2025-06-05 06:28:52,79433.96,0.0
906611,706347,Debit Card,Completed,2024-10-14 21:13:35,518.28,9.33
906612,706348,UPI,Completed,2025-08-19 20:32:07,215725.67,0.0
906613,706349,Net Banking,Completed,2025-06-07 18:27:34,5935.9,0.0
906614,706350,UPI,Completed,2023-02-02 20:11:47,7237.42,0.0
906615,706350,UPI,Failed,2023-02-02 20:02:47,7237.42,0.0
906616,706351,Cash on Delivery,Completed,2025-01-28 19:30:34,216841.35,0.0
906617,706352,Credit Card,Completed,2024-08-10 21:40:23,24915.73,448.48
906618,706353,UPI,Completed,2024-09-02 17:01:24,241233.83,0.0
906619,706354,UPI,Completed,2025-08-24 18:25:01,149402.2,0.0
906620,706355,Credit Card,Completed,2024-11-08 16:11:38,1389.54,25.01
906621,706356,Credit Card,Failed,2025-10-17 21:25:29,172900.97,3112.22
906622,706357,Credit Card,Completed,2025-05-07 16:42:40,1384.54,24.92
906623,706358,UPI,Refunded,2024-11-11 22:03:28,15794.95,0.0
906624,706359,Credit Card,Completed,2025-06-18 23:28:51,5295.28,95.32
906625,706360,Credit Card,Completed,2023-03-08 22:42:45,40582.99,730.49
906626,706361,UPI,Completed,2023-02-15 20:34:04,880.04,0.0
906627,706362,Cash on Delivery,Completed,2023-05-22 14:28:16,926.36,0.0
906628,706363,Debit Card,Completed,2024-08-11 17:50:36,10572.12,190.3
906629,706363,Debit Card,Failed,2024-08-11 17:42:36,10572.12,0.0
906630,706364,Cash on Delivery,Completed,2023-11-17 23:44:31,155049.15,0.0
906631,706365,Credit Card,Completed,2025-12-22 19:27:10,86773.71,1561.93
906632,706366,Debit Card,Completed,2024-11-05 20:45:15,4824.63,86.84
906633,706367,Net Banking,Completed,2025-03-08 21:44:30,163343.22,0.0
906634,706368,Debit Card,Completed,2024-01-14 12:33:34,244774.36,4405.94
906635,706369,UPI,Completed,2024-03-12 23:34:52,137864.82,0.0
906636,706370,UPI,Completed,2024-04-01 22:09:37,2043.42,0.0
906637,706371,Net Banking,Completed,2025-04-22 10:23:30,47581.61,0.0
906638,706372,Wallet,Completed,2024-09-25 19:13:38,26143.38,0.0
906639,706373,Wallet,Completed,2024-10-23 14:51:25,3721.59,0.0
906640,706373,Wallet,Failed,2024-10-23 14:45:25,3721.59,0.0
906641,706374,Debit Card,Completed,2024-12-23 16:35:59,3407.97,61.34
906642,706375,Cash on Delivery,Pending,2025-07-05 23:45:44,1482.18,0.0
906643,706376,Cash on Delivery,Completed,2023-06-01 12:55:50,145863.95,0.0
906644,706377,UPI,Completed,2025-07-15 17:39:51,8467.74,0.0
906645,706378,UPI,Failed,2024-11-18 11:57:43,4309.7,0.0
906646,706379,UPI,Completed,2025-03-16 19:17:41,89978.48,0.0
906647,706380,Credit Card,Completed,2024-03-20 16:04:55,2952.76,53.15
906648,706381,UPI,Completed,2024-07-07 21:48:29,5636.2,0.0
906649,706382,Debit Card,Completed,2023-11-13 14:23:17,10048.59,180.87
906650,706383,Credit Card,Completed,2025-12-19 22:20:15,4575.87,82.37
906651,706384,Credit Card,Refunded,2024-10-11 23:25:06,25232.64,454.19
906652,706385,UPI,Completed,2025-12-29 15:36:38,87961.78,0.0
906653,706386,Debit Card,Failed,2024-10-07 23:09:44,9343.87,168.19
906654,706387,Credit Card,Completed,2023-11-05 23:46:43,2921.63,52.59
906655,706388,Debit Card,Completed,2024-10-17 17:15:15,4803.07,86.46
906656,706389,Credit Card,Completed,2023-03-10 18:08:29,1111.63,20.01
906657,706390,Credit Card,Completed,2025-10-26 23:30:53,40886.51,735.96
906658,706391,Debit Card,Failed,2025-08-24 22:39:30,119265.13,2146.77
906659,706392,UPI,Completed,2025-05-19 22:34:44,380842.91,0.0
906660,706393,Cash on Delivery,Completed,2025-01-08 15:22:15,3329.85,0.0
906661,706394,UPI,Completed,2024-12-10 11:38:43,186922.39,0.0
906662,706395,Debit Card,Completed,2025-12-29 14:57:55,8585.49,154.54
906663,706396,Credit Card,Completed,2024-01-13 20:02:31,7539.75,135.72
906664,706397,Cash on Delivery,Completed,2025-07-18 19:25:39,114747.62,0.0
906665,706398,UPI,Completed,2024-12-12 17:22:23,3842.06,0.0
906666,706399,Credit Card,Pending,2025-12-15 22:36:14,3538.28,63.69
906667,706400,Credit Card,Completed,2025-09-04 21:09:55,99252.31,1786.54
906668,706401,UPI,Completed,2025-12-31 23:27:21,8966.79,0.0
906669,706402,Cash on Delivery,Refunded,2024-12-20 21:19:47,4382.64,0.0
906670,706403,UPI,Completed,2023-10-26 12:19:17,167080.4,0.0
906671,706404,Debit Card,Refunded,2024-10-15 20:36:36,3336.01,60.05
906672,706405,Cash on Delivery,Completed,2025-05-05 15:25:36,3478.97,0.0
906673,706406,UPI,Completed,2025-07-12 23:03:15,48814.72,0.0
906674,706407,UPI,Completed,2023-01-01 10:20:37,1780.53,0.0
906675,706408,UPI,Refunded,2024-10-16 14:42:43,46006.97,0.0
906676,706409,Credit Card,Completed,2023-11-16 21:00:53,9970.28,179.47
906677,706410,Wallet,Refunded,2025-10-12 22:57:07,1389.54,0.0
906678,706411,UPI,Completed,2023-09-08 22:31:18,1389.54,0.0
906679,706412,Credit Card,Completed,2025-03-13 11:07:04,232596.9,4186.74
906680,706413,Cash on Delivery,Completed,2023-12-28 07:43:24,73461.4,0.0
906681,706414,Debit Card,Completed,2024-05-01 21:14:53,162285.36,2921.14
906682,706415,Debit Card,Refunded,2025-11-11 20:08:34,40817.03,734.71
906683,706416,Credit Card,Completed,2023-11-25 18:37:38,9505.12,171.09
906684,706417,Cash on Delivery,Completed,2023-06-09 19:32:36,79920.3,0.0
906685,706418,Debit Card,Completed,2023-05-03 18:41:11,186918.75,3364.54
906686,706419,Debit Card,Completed,2024-10-15 15:04:32,127293.75,2291.29
906687,706420,Credit Card,Completed,2025-02-10 22:03:35,50802.1,914.44
906688,706421,Credit Card,Completed,2024-03-20 12:09:41,16487.64,296.78
906689,706422,UPI,Completed,2025-04-11 23:34:22,23177.51,0.0
906690,706423,Debit Card,Completed,2023-04-19 14:39:59,231183.31,4161.3
906691,706424,Debit Card,Completed,2025-10-04 22:17:00,2047.94,36.86
906692,706425,Net Banking,Completed,2025-08-22 22:53:27,3764.08,0.0
906693,706426,Credit Card,Refunded,2025-12-23 19:39:49,6940.54,124.93
906694,706427,Credit Card,Failed,2025-11-09 17:03:43,4820.0,86.76
906695,706428,Wallet,Completed,2024-05-01 23:33:30,89854.57,0.0
906696,706429,Cash on Delivery,Completed,2024-06-22 18:14:01,398133.89,0.0
906697,706430,Cash on Delivery,Completed,2025-06-08 22:25:00,3201.5,0.0
906698,706431,Wallet,Completed,2023-08-11 21:19:17,6316.76,0.0
906699,706432,UPI,Completed,2024-02-29 14:54:06,926.36,0.0
906700,706433,UPI,Completed,2023-07-20 20:43:49,1181.11,0.0
906701,706434,Cash on Delivery,Completed,2024-08-31 15:25:40,114985.32,0.0
906702,706435,Debit Card,Completed,2024-11-10 23:27:53,98040.4,1764.73
906703,706436,Cash on Delivery,Pending,2023-10-31 22:01:22,5039.05,0.0
906704,706437,Cash on Delivery,Completed,2023-02-14 18:32:54,6530.21,0.0
906705,706438,Credit Card,Completed,2025-05-13 23:44:29,5180.61,93.25
906706,706439,UPI,Completed,2023-02-01 12:36:13,187749.44,0.0
906707,706440,UPI,Completed,2025-12-12 15:37:06,5266.25,0.0
906708,706441,Credit Card,Refunded,2023-11-07 23:29:09,45849.84,825.3
906709,706441,Credit Card,Failed,2023-11-07 23:21:09,45849.84,0.0
906710,706442,Debit Card,Completed,2025-03-10 16:20:55,40481.0,728.66
906711,706443,UPI,Failed,2024-08-08 10:49:36,6294.39,0.0
906712,706443,UPI,Failed,2024-08-08 10:44:36,6294.39,0.0
906713,706444,UPI,Completed,2023-04-16 18:01:08,122189.88,0.0
906714,706445,Debit Card,Completed,2024-09-23 16:31:04,6445.4,116.02
906715,706446,Cash on Delivery,Completed,2024-10-22 20:14:10,8413.83,0.0
906716,706447,Cash on Delivery,Completed,2025-10-02 21:52:40,8746.94,0.0
906717,706448,Credit Card,Completed,2025-05-25 20:27:41,127015.41,2286.28
906718,706449,UPI,Completed,2023-05-17 13:31:28,5173.61,0.0
906719,706450,Net Banking,Refunded,2023-10-29 23:06:50,72663.89,0.0
906720,706451,Net Banking,Refunded,2024-02-26 20:00:39,5863.8,0.0
906721,706452,Debit Card,Completed,2023-07-16 22:23:10,62022.22,1116.4
906722,706453,UPI,Completed,2024-09-02 12:50:00,74320.54,0.0
906723,706454,UPI,Completed,2025-12-22 15:12:47,5266.25,0.0
906724,706455,Credit Card,Completed,2024-10-21 22:09:51,229941.96,4138.96
906725,706456,Credit Card,Completed,2025-06-03 19:57:58,5476.63,98.58
906726,706457,Credit Card,Completed,2025-04-02 21:02:47,3407.97,61.34
906727,706457,Credit Card,Failed,2025-04-02 20:59:47,3407.97,0.0
906728,706458,Credit Card,Completed,2025-09-29 22:45:23,81420.55,1465.57
906729,706459,Debit Card,Refunded,2023-11-03 23:56:44,6445.4,116.02
906730,706460,UPI,Completed,2025-06-17 19:53:23,50794.29,0.0
906731,706461,UPI,Completed,2025-10-15 17:17:14,128371.49,0.0
906732,706462,UPI,Completed,2023-10-04 13:21:29,40817.03,0.0
906733,706463,Debit Card,Completed,2024-04-17 19:30:29,106165.93,1910.99
906734,706464,Debit Card,Completed,2025-12-08 16:17:39,97196.24,1749.53
906735,706465,UPI,Failed,2025-07-19 23:33:55,9987.42,0.0
906736,706466,Debit Card,Completed,2024-01-20 21:40:50,260271.65,4684.89
906737,706467,Credit Card,Completed,2024-11-19 13:26:05,5266.25,94.79
906738,706468,Debit Card,Completed,2024-06-30 23:07:29,2259.91,40.68
906739,706469,UPI,Completed,2024-10-07 22:26:58,83079.45,0.0
906740,706470,Credit Card,Completed,2024-04-30 22:25:25,15936.7,286.86
906741,706471,UPI,Completed,2024-01-14 22:54:50,166098.84,0.0
906742,706472,UPI,Refunded,2025-03-23 23:55:40,14063.67,0.0
906743,706473,UPI,Completed,2025-07-17 14:31:27,149121.65,0.0
906744,706474,UPI,Completed,2025-10-11 23:22:39,369514.02,0.0
906745,706475,Wallet,Completed,2023-09-12 21:17:18,1807.37,0.0
906746,706476,UPI,Completed,2025-08-29 19:06:53,105278.9,0.0
906747,706477,UPI,Completed,2023-12-17 16:17:32,38593.75,0.0
906748,706478,UPI,Completed,2024-08-01 18:41:25,41853.72,0.0
906749,706479,Debit Card,Completed,2025-10-24 18:35:33,2527.93,45.5
906750,706480,UPI,Completed,2024-08-30 12:34:03,13894.62,0.0
906751,706481,Debit Card,Completed,2023-10-21 22:42:23,78993.94,1421.89
906752,706482,UPI,Completed,2023-09-20 22:12:22,2223.31,0.0
906753,706483,Credit Card,Failed,2024-09-24 15:28:57,129214.03,2325.85
906754,706484,UPI,Completed,2025-06-28 18:30:12,140346.47,0.0
906755,706485,Wallet,Completed,2025-12-30 21:36:50,5006.59,0.0
906756,706486,Cash on Delivery,Refunded,2025-07-27 15:14:49,128204.01,0.0
906757,706487,Wallet,Completed,2025-10-13 18:47:07,66911.91,0.0
906758,706488,UPI,Failed,2025-06-10 22:44:55,107013.25,0.0
906759,706489,Wallet,Completed,2025-10-21 20:22:33,4886.28,0.0
906760,706490,Credit Card,Completed,2023-05-13 23:59:52,525.26,9.45
906761,706491,UPI,Failed,2025-11-07 12:48:20,5627.74,0.0
906762,706492,UPI,Completed,2024-06-18 20:19:28,205011.55,0.0
906763,706493,Net Banking,Completed,2025-11-03 20:39:30,5729.43,0.0
906764,706494,Debit Card,Completed,2023-05-12 23:47:31,38042.98,684.77
906765,706495,UPI,Completed,2025-05-09 17:37:36,1111.63,0.0
906766,706496,UPI,Completed,2025-05-28 11:15:47,13761.6,0.0
906767,706497,UPI,Completed,2025-12-30 17:05:32,80145.38,0.0
906768,706498,Cash on Delivery,Completed,2025-07-05 23:20:04,5843.27,0.0
906769,706499,UPI,Completed,2024-05-30 16:42:08,165670.76,0.0
906770,706500,Wallet,Completed,2024-11-13 10:32:27,368.79,0.0
906771,706501,Debit Card,Completed,2024-05-12 16:27:54,85191.3,1533.44
906772,706501,Debit Card,Failed,2024-05-12 16:13:54,85191.3,0.0
906773,706502,Cash on Delivery,Completed,2023-10-21 21:16:38,55969.29,0.0
906774,706503,UPI,Completed,2023-12-07 23:20:13,1320.06,0.0
906775,706504,Cash on Delivery,Completed,2023-11-07 17:53:11,10280.59,0.0
906776,706505,Debit Card,Failed,2024-11-09 18:23:24,11551.49,207.93
906777,706506,UPI,Completed,2025-10-26 17:43:06,25597.66,0.0
906778,706507,Credit Card,Completed,2025-10-29 18:04:22,154148.24,2774.67
906779,706508,Debit Card,Refunded,2023-04-07 21:57:33,12196.03,219.53
906780,706509,Credit Card,Completed,2023-05-18 18:12:17,88799.79,1598.4
906781,706510,Credit Card,Completed,2023-12-02 22:00:39,4960.36,89.29
906782,706511,Cash on Delivery,Completed,2023-12-17 21:30:41,880.04,0.0
906783,706512,UPI,Completed,2023-06-09 23:19:57,8000.65,0.0
906784,706513,Net Banking,Completed,2024-06-07 21:06:17,10805.09,0.0
906785,706514,UPI,Failed,2024-12-20 19:20:34,2825.58,0.0
906786,706515,Cash on Delivery,Completed,2024-12-08 10:24:35,9776.07,0.0
906787,706516,UPI,Completed,2024-11-06 20:29:11,5945.96,0.0
906788,706517,Debit Card,Completed,2024-04-06 17:54:55,1441.65,25.95
906789,706518,Wallet,Completed,2025-05-01 22:57:33,6187.4,0.0
906790,706519,Wallet,Completed,2025-09-03 13:34:19,3188.94,0.0
906791,706520,Wallet,Completed,2024-04-17 23:10:12,45350.03,0.0
906792,706521,Debit Card,Completed,2023-05-25 16:29:59,224163.7,4034.95
906793,706522,Debit Card,Completed,2024-02-02 19:24:17,2991.11,53.84
906794,706523,Credit Card,Completed,2023-08-14 22:42:00,86252.92,1552.55
906795,706524,Debit Card,Completed,2024-09-17 11:45:46,502.72,9.05
906796,706525,Cash on Delivery,Completed,2023-09-13 15:53:32,9799.71,0.0
906797,706526,Debit Card,Refunded,2024-09-11 23:03:01,67584.87,1216.53
906798,706527,UPI,Completed,2023-11-06 14:15:45,880.04,0.0
906799,706528,UPI,Completed,2025-05-31 21:10:13,5939.81,0.0
906800,706529,Debit Card,Completed,2023-02-16 22:54:20,140561.14,2530.1
906801,706530,Wallet,Completed,2024-11-12 21:58:41,9436.51,0.0
906802,706531,Cash on Delivery,Completed,2023-10-03 23:03:16,503.87,0.0
906803,706532,UPI,Completed,2023-01-02 17:53:09,105113.16,0.0
906804,706533,UPI,Refunded,2025-10-09 20:58:23,6543.01,0.0
906805,706534,UPI,Completed,2025-03-19 21:50:52,12639.65,0.0
906806,706535,Debit Card,Completed,2023-06-16 16:36:29,8038.08,144.69
906807,706536,Cash on Delivery,Completed,2025-03-10 23:06:12,3289.62,0.0
906808,706537,Cash on Delivery,Completed,2025-01-10 22:37:27,78993.94,0.0
906809,706538,UPI,Completed,2024-09-25 23:03:40,155582.42,0.0
906810,706539,UPI,Completed,2024-07-20 15:39:35,43877.62,0.0
906811,706540,UPI,Completed,2025-10-18 23:16:56,434.57,0.0
906812,706541,Debit Card,Completed,2023-12-02 13:15:07,355546.71,6399.84
906813,706542,Credit Card,Pending,2024-06-21 21:38:39,60772.99,1093.91
906814,706543,Cash on Delivery,Completed,2024-03-23 13:26:19,28379.1,0.0
906815,706544,UPI,Completed,2025-07-08 19:48:10,1250.59,0.0
906816,706545,Cash on Delivery,Completed,2025-10-31 14:11:27,18201.7,0.0
906817,706546,Net Banking,Completed,2025-09-29 19:08:34,9436.51,0.0
906818,706547,UPI,Completed,2025-08-07 22:33:16,2058.62,0.0
906819,706548,Credit Card,Completed,2025-12-23 23:58:39,101681.22,1830.26
906820,706549,UPI,Completed,2025-04-20 23:59:36,1760.08,0.0
906821,706550,Debit Card,Completed,2025-06-14 18:36:10,68924.58,1240.64
906822,706551,Debit Card,Refunded,2025-12-21 19:17:55,160958.44,2897.25
906823,706552,Debit Card,Completed,2023-01-14 13:39:28,38656.75,695.82
906824,706553,UPI,Pending,2025-02-01 18:06:10,2232.55,0.0
906825,706554,Credit Card,Completed,2025-05-31 20:43:56,7376.73,132.78
906826,706555,Debit Card,Completed,2025-11-01 23:12:34,133063.2,2395.14
906827,706556,UPI,Completed,2025-10-16 21:22:49,2084.31,0.0
906828,706557,Credit Card,Pending,2025-09-20 23:00:05,11127.06,200.29
906829,706558,Wallet,Completed,2025-11-14 15:14:41,18652.64,0.0
906830,706559,UPI,Completed,2024-11-03 23:41:49,787.41,0.0
906831,706560,Debit Card,Completed,2023-01-14 23:47:32,11787.03,212.17
906832,706561,UPI,Completed,2023-01-21 23:43:49,8686.78,0.0
906833,706562,UPI,Completed,2024-11-07 17:36:32,51089.19,0.0
906834,706563,Cash on Delivery,Completed,2024-08-09 19:27:56,74756.67,0.0
906835,706564,UPI,Completed,2024-08-26 17:35:44,1508.72,0.0
906836,706565,UPI,Completed,2024-06-24 23:18:13,8527.1,0.0
906837,706566,UPI,Completed,2025-11-01 18:21:44,1250.59,0.0
906838,706567,Cash on Delivery,Completed,2024-05-04 23:04:22,41826.67,0.0
906839,706568,Cash on Delivery,Completed,2025-10-03 15:43:18,466.86,0.0
906840,706569,Debit Card,Completed,2025-10-25 16:50:27,154707.45,2784.73
906841,706570,Credit Card,Completed,2024-10-13 18:51:45,82227.93,1480.1
906842,706571,Cash on Delivery,Completed,2024-08-20 21:06:22,3448.16,0.0
906843,706572,Cash on Delivery,Completed,2025-06-26 16:26:57,163443.79,0.0
906844,706573,UPI,Completed,2025-05-02 23:02:42,40530.32,0.0
906845,706574,UPI,Completed,2024-03-22 20:01:10,8973.33,0.0
906846,706575,Wallet,Completed,2023-06-22 23:13:37,7518.22,0.0
906847,706576,Cash on Delivery,Completed,2023-12-27 12:06:55,190511.8,0.0
906848,706577,Cash on Delivery,Completed,2023-08-08 21:14:08,6445.4,0.0
906849,706578,UPI,Completed,2024-01-31 17:22:58,34823.01,0.0
906850,706579,UPI,Completed,2023-12-24 14:59:10,8371.2,0.0
906851,706580,Cash on Delivery,Completed,2025-02-05 20:26:47,144815.91,0.0
906852,706581,Debit Card,Completed,2025-11-21 15:16:20,5897.41,106.15
906853,706582,UPI,Completed,2025-04-06 12:41:02,9191.42,0.0
906854,706583,Net Banking,Completed,2025-11-05 22:25:31,61997.96,0.0
906855,706584,UPI,Completed,2025-07-23 19:32:51,51326.95,0.0
906856,706585,UPI,Completed,2025-05-21 20:43:07,213208.05,0.0
906857,706586,Credit Card,Completed,2024-07-13 17:11:27,79604.7,1432.88
906858,706587,UPI,Completed,2024-03-16 19:11:45,94303.91,0.0
906859,706588,Wallet,Completed,2025-09-25 19:17:26,39410.38,0.0
906860,706589,UPI,Completed,2025-10-26 18:45:24,7314.17,0.0
906861,706590,Net Banking,Completed,2024-08-27 22:56:56,29519.33,0.0
906862,706591,Net Banking,Completed,2023-01-18 18:15:11,4459.64,0.0
906863,706592,Cash on Delivery,Completed,2025-08-02 22:18:21,9517.41,0.0
906864,706593,Credit Card,Completed,2024-01-22 23:35:46,1123.75,20.23
906865,706594,UPI,Completed,2023-01-20 19:40:24,3709.04,0.0
906866,706595,UPI,Refunded,2025-08-11 20:21:27,741.09,0.0
906867,706596,Debit Card,Pending,2024-10-23 21:14:00,7236.42,130.26
906868,706597,UPI,Completed,2025-04-05 16:27:32,101550.99,0.0
906869,706598,Credit Card,Completed,2025-10-30 20:23:00,9263.67,166.75
906870,706599,UPI,Completed,2024-11-05 23:36:25,36573.11,0.0
906871,706600,Credit Card,Completed,2024-10-15 23:42:33,207101.6,3727.83
906872,706601,UPI,Completed,2024-01-27 22:07:56,84162.0,0.0
906873,706602,UPI,Failed,2024-02-16 23:58:43,16984.94,0.0
906874,706603,Debit Card,Completed,2025-08-06 23:15:42,20059.06,361.06
906875,706604,UPI,Completed,2024-08-23 17:02:09,143641.68,0.0
906876,706605,Credit Card,Completed,2023-09-26 16:31:54,12195.0,219.51
906877,706606,Cash on Delivery,Completed,2023-06-08 18:13:57,96656.99,0.0
906878,706607,UPI,Completed,2024-09-24 14:13:12,4010.11,0.0
906879,706607,UPI,Failed,2024-09-24 13:55:12,4010.11,0.0
906880,706608,Debit Card,Completed,2024-09-13 21:49:52,297232.47,5350.18
906881,706609,Debit Card,Completed,2025-02-25 16:27:32,8463.83,152.35
906882,706610,Credit Card,Completed,2024-09-22 13:23:52,55744.33,1003.4
906883,706611,UPI,Completed,2023-08-24 15:04:05,6824.54,0.0
906884,706612,Credit Card,Completed,2024-10-17 23:45:42,52429.3,943.73
906885,706613,UPI,Pending,2025-10-27 13:05:19,2948.7,0.0
906886,706614,UPI,Completed,2023-09-19 18:50:39,1487.15,0.0
906887,706615,Cash on Delivery,Completed,2025-04-11 19:18:47,169514.59,0.0
906888,706616,Debit Card,Completed,2024-12-24 19:21:22,95423.66,1717.63
906889,706617,Credit Card,Completed,2025-06-11 14:59:13,23689.01,426.4
906890,706618,UPI,Completed,2023-09-04 19:29:21,171324.88,0.0
906891,706619,UPI,Completed,2025-11-12 15:40:34,25632.18,0.0
906892,706620,UPI,Completed,2025-01-21 23:39:28,156719.16,0.0
906893,706621,UPI,Completed,2025-09-26 13:33:19,6539.12,0.0
906894,706622,Debit Card,Completed,2023-12-04 18:06:16,880.04,15.84
906895,706623,Net Banking,Completed,2025-05-31 16:47:06,4507.87,0.0
906896,706624,UPI,Refunded,2025-07-20 22:59:35,16350.94,0.0
906897,706625,Wallet,Completed,2024-06-20 16:48:00,242421.32,0.0
906898,706626,UPI,Completed,2024-06-01 18:02:43,833.72,0.0
906899,706627,Cash on Delivery,Completed,2025-03-02 15:55:46,3454.29,0.0
906900,706628,Cash on Delivery,Refunded,2023-06-06 18:20:07,4763.92,0.0
906901,706629,Credit Card,Refunded,2025-05-28 20:18:00,121750.73,2191.51
906902,706630,UPI,Completed,2023-03-16 23:00:42,157908.85,0.0
906903,706631,Net Banking,Completed,2023-10-17 20:30:40,481.62,0.0
906904,706632,Debit Card,Completed,2025-03-10 18:58:14,458.59,8.25
906905,706633,Debit Card,Completed,2023-06-15 16:26:19,2189.84,39.42
906906,706634,Cash on Delivery,Pending,2025-12-10 23:44:14,5279.76,0.0
906907,706635,UPI,Completed,2025-10-09 16:11:18,1389.54,0.0
906908,706636,Debit Card,Completed,2025-01-25 19:25:00,2071.0,37.28
906909,706636,Debit Card,Failed,2025-01-25 19:21:00,2071.0,0.0
906910,706637,Credit Card,Completed,2025-08-25 22:29:18,167505.19,3015.09
906911,706638,Credit Card,Completed,2025-10-18 13:59:36,2936.15,52.85
906912,706639,Net Banking,Completed,2023-12-22 20:40:11,41114.09,0.0
906913,706640,UPI,Completed,2025-09-29 23:27:32,58450.9,0.0
906914,706641,Net Banking,Completed,2023-10-20 10:41:35,1250.59,0.0
906915,706642,Debit Card,Completed,2024-07-12 18:49:24,46472.16,836.5
906916,706643,Debit Card,Completed,2024-11-14 19:10:49,494.14,8.89
906917,706643,Debit Card,Failed,2024-11-14 19:08:49,494.14,0.0
906918,706644,UPI,Completed,2025-05-08 23:38:48,41961.77,0.0
906919,706644,UPI,Failed,2025-05-08 23:23:48,41961.77,0.0
906920,706645,Net Banking,Completed,2023-02-20 11:43:15,535.52,0.0
906921,706646,Debit Card,Completed,2024-01-27 23:20:39,11032.31,198.58
906922,706647,UPI,Completed,2025-01-06 13:13:15,82013.42,0.0
906923,706648,Cash on Delivery,Completed,2024-05-02 16:54:22,16475.98,0.0
906924,706649,Cash on Delivery,Completed,2025-07-13 13:38:30,3459.36,0.0
906925,706650,Cash on Delivery,Pending,2025-02-23 15:03:19,3315.34,0.0
906926,706651,UPI,Completed,2023-11-15 18:30:58,39644.55,0.0
906927,706652,Credit Card,Completed,2023-08-27 16:23:12,926.36,16.67
906928,706653,Net Banking,Completed,2025-01-28 16:43:07,411.06,0.0
906929,706653,Net Banking,Failed,2025-01-28 16:36:07,411.06,0.0
906930,706654,Wallet,Completed,2024-08-25 12:21:24,41044.04,0.0
906931,706655,Debit Card,Completed,2023-10-02 10:28:48,136853.31,2463.36
906932,706656,Credit Card,Completed,2024-03-18 23:59:57,81116.66,1460.1
906933,706657,Cash on Delivery,Completed,2024-02-12 20:05:38,6404.06,0.0
906934,706658,UPI,Completed,2023-07-02 22:39:18,53357.58,0.0
906935,706659,Credit Card,Completed,2024-11-08 20:10:09,156251.5,2812.53
906936,706660,Credit Card,Completed,2025-06-29 19:23:19,741.09,13.34
906937,706661,UPI,Completed,2024-12-04 19:39:01,247564.45,0.0
906938,706662,Debit Card,Completed,2025-09-02 21:19:44,49906.34,898.31
906939,706663,UPI,Completed,2023-08-05 20:52:24,32454.39,0.0
906940,706664,UPI,Completed,2024-08-09 21:24:27,201611.16,0.0
906941,706665,Credit Card,Refunded,2025-01-07 23:26:56,2401.53,43.23
906942,706666,UPI,Completed,2025-03-25 15:19:20,10088.33,0.0
906943,706667,Wallet,Completed,2025-04-18 15:08:13,39936.99,0.0
906944,706668,UPI,Completed,2025-05-22 18:53:19,5690.84,0.0
906945,706669,UPI,Completed,2025-02-22 17:52:45,98936.01,0.0
906946,706670,Credit Card,Completed,2023-06-08 14:13:45,3368.0,60.62
906947,706671,Credit Card,Failed,2025-04-18 21:28:29,127425.56,2293.66
906948,706672,UPI,Failed,2025-05-18 17:14:22,8076.0,0.0
906949,706673,Credit Card,Completed,2025-12-28 17:00:43,20775.96,373.97
906950,706674,Credit Card,Completed,2025-04-15 18:18:05,75104.74,1351.89
906951,706675,Cash on Delivery,Completed,2025-04-07 23:50:47,12198.24,0.0
906952,706676,Debit Card,Completed,2024-10-21 18:02:09,4193.28,75.48
906953,706677,Cash on Delivery,Completed,2025-10-09 22:13:00,93610.89,0.0
906954,706678,Debit Card,Completed,2025-12-29 17:00:06,6808.12,122.55
906955,706679,Cash on Delivery,Completed,2025-07-17 11:01:12,1613.17,0.0
906956,706680,Credit Card,Completed,2025-01-11 23:16:06,7286.58,131.16
906957,706681,Credit Card,Completed,2023-05-16 18:38:40,85809.88,1544.58
906958,706682,Wallet,Completed,2025-05-20 23:59:19,6885.44,0.0
906959,706683,Debit Card,Refunded,2025-05-03 23:04:11,7456.57,134.22
906960,706684,UPI,Completed,2025-07-13 18:20:18,179422.89,0.0
906961,706685,UPI,Completed,2023-07-30 14:41:49,157974.73,0.0
906962,706686,Wallet,Completed,2025-02-25 22:42:19,648.45,0.0
906963,706687,Debit Card,Completed,2024-02-01 14:11:24,99238.0,1786.28
906964,706688,Credit Card,Completed,2025-06-25 22:00:57,21235.46,382.24
906965,706689,Credit Card,Completed,2023-11-24 20:08:31,1250.59,22.51
906966,706690,Cash on Delivery,Completed,2025-04-04 23:46:35,214702.12,0.0
906967,706691,Wallet,Completed,2024-01-31 18:53:28,7356.67,0.0
906968,706692,Debit Card,Completed,2023-01-18 21:42:55,4866.59,87.6
906969,706693,UPI,Completed,2025-01-31 22:04:18,6360.59,0.0
906970,706694,Net Banking,Completed,2023-07-11 14:34:22,51964.82,0.0
906971,706695,Net Banking,Completed,2025-03-04 23:27:07,11393.08,0.0
906972,706696,Cash on Delivery,Completed,2025-11-04 16:34:18,2715.16,0.0
906973,706697,Debit Card,Completed,2025-12-07 23:44:09,82153.51,1478.76
906974,706698,UPI,Completed,2023-11-17 14:56:11,242964.04,0.0
906975,706699,UPI,Completed,2025-08-14 15:20:45,6961.16,0.0
906976,706700,Credit Card,Refunded,2024-04-27 23:48:00,398.91,7.18
906977,706701,Cash on Delivery,Pending,2025-10-24 21:23:39,14247.15,0.0
906978,706702,Cash on Delivery,Completed,2025-07-27 17:12:10,193689.13,0.0
906979,706703,Debit Card,Completed,2023-05-09 16:28:33,14658.14,263.85
906980,706704,Credit Card,Completed,2024-07-04 16:21:50,787.41,14.17
906981,706704,Credit Card,Failed,2024-07-04 16:18:50,787.41,0.0
906982,706705,Cash on Delivery,Completed,2024-04-04 21:52:45,74675.87,0.0
906983,706706,Credit Card,Completed,2025-07-24 22:47:30,8219.07,147.94
906984,706706,Credit Card,Failed,2025-07-24 22:30:30,8219.07,0.0
906985,706707,Cash on Delivery,Completed,2024-07-08 19:13:01,9297.43,0.0
906986,706708,Credit Card,Completed,2025-04-05 22:55:33,5519.04,99.34
906987,706709,UPI,Pending,2024-12-30 18:44:55,6908.58,0.0
906988,706710,Debit Card,Completed,2025-12-14 16:40:09,74365.66,1338.58
906989,706711,UPI,Completed,2025-11-10 17:02:50,79735.03,0.0
906990,706712,UPI,Completed,2024-08-01 23:09:14,97294.48,0.0
906991,706713,Cash on Delivery,Completed,2025-05-17 23:22:04,40301.2,0.0
906992,706714,Debit Card,Completed,2025-09-06 19:15:40,11362.31,204.52
906993,706715,Cash on Delivery,Completed,2025-10-23 20:30:58,9365.66,0.0
906994,706716,UPI,Completed,2023-05-01 20:42:29,106783.4,0.0
906995,706717,Net Banking,Completed,2024-02-11 20:29:24,7233.77,0.0
906996,706718,Cash on Delivery,Refunded,2024-03-09 19:15:25,272323.5,0.0
906997,706719,Credit Card,Completed,2024-08-08 18:45:18,27595.81,496.72
906998,706720,UPI,Refunded,2023-10-02 23:51:55,15874.13,0.0
906999,706721,Cash on Delivery,Completed,2024-10-11 20:43:16,926.36,0.0
907000,706722,Credit Card,Completed,2025-03-09 16:29:17,9894.9,178.11
907001,706723,Net Banking,Completed,2024-10-12 13:52:01,30116.86,0.0
907002,706724,Debit Card,Completed,2025-03-12 15:43:54,4184.9,75.33
907003,706725,UPI,Completed,2023-04-29 18:39:40,51326.95,0.0
907004,706726,Credit Card,Completed,2025-10-12 16:09:03,10405.28,187.3
907005,706727,Credit Card,Completed,2025-11-11 23:04:13,69644.74,1253.61
907006,706728,Debit Card,Completed,2025-01-18 18:15:59,4621.71,83.19
907007,706729,Net Banking,Completed,2025-10-15 23:57:05,4382.3,0.0
907008,706730,Cash on Delivery,Completed,2023-08-08 14:04:44,1250.59,0.0
907009,706731,Cash on Delivery,Completed,2025-08-06 14:15:57,356237.39,0.0
907010,706732,Credit Card,Failed,2023-07-21 12:21:00,5055.86,91.01
907011,706733,UPI,Pending,2024-07-05 19:21:03,8123.01,0.0
907012,706734,Cash on Delivery,Failed,2024-03-15 12:10:28,197883.73,0.0
907013,706735,UPI,Completed,2024-12-18 18:37:10,10710.44,0.0
907014,706736,Debit Card,Completed,2024-02-10 21:00:09,8004.56,144.08
907015,706737,UPI,Completed,2025-02-05 12:16:48,880.04,0.0
907016,706738,UPI,Completed,2024-05-13 19:43:24,926.36,0.0
907017,706739,Debit Card,Completed,2025-10-05 23:26:51,1389.54,25.01
907018,706740,Cash on Delivery,Refunded,2025-01-31 22:47:33,222444.46,0.0
907019,706741,Debit Card,Completed,2023-11-03 18:07:57,41257.05,742.63
907020,706742,Wallet,Completed,2024-04-02 17:06:12,1111.63,0.0
907021,706743,UPI,Completed,2025-09-27 20:20:30,197761.9,0.0
907022,706744,UPI,Completed,2024-06-04 18:26:59,128071.07,0.0
907023,706745,Cash on Delivery,Refunded,2024-11-02 23:21:38,104237.92,0.0
907024,706746,Credit Card,Completed,2025-02-19 16:20:08,20447.83,368.06
907025,706747,Cash on Delivery,Completed,2024-04-19 15:13:33,10026.91,0.0
907026,706748,UPI,Completed,2024-01-30 17:27:14,13298.18,0.0
907027,706749,UPI,Completed,2024-09-27 15:51:07,1704.09,0.0
907028,706750,UPI,Completed,2023-11-02 19:45:27,1852.72,0.0
907029,706751,Credit Card,Completed,2024-01-21 23:30:06,1250.59,22.51
907030,706752,Debit Card,Completed,2023-04-21 13:03:50,68299.21,1229.39
907031,706753,Credit Card,Completed,2024-02-14 22:53:38,122950.4,2213.11
907032,706754,UPI,Completed,2024-03-10 19:54:59,1200.02,0.0
907033,706755,Net Banking,Refunded,2025-11-29 18:35:23,9413.45,0.0
907034,706756,Debit Card,Failed,2024-12-21 23:03:06,139134.66,2504.42
907035,706757,Debit Card,Completed,2025-07-27 10:49:47,926.36,16.67
907036,706758,UPI,Completed,2023-03-21 21:50:37,212699.69,0.0
907037,706759,Wallet,Completed,2023-06-29 16:00:06,124936.31,0.0
907038,706760,Cash on Delivery,Completed,2025-08-20 14:54:08,42951.26,0.0
907039,706761,Cash on Delivery,Completed,2025-01-23 16:14:51,6440.61,0.0
907040,706762,UPI,Completed,2023-10-17 23:52:24,24994.76,0.0
907041,706763,UPI,Completed,2024-06-30 20:25:35,5055.86,0.0
907042,706764,Net Banking,Failed,2024-11-03 16:40:35,11734.86,0.0
907043,706765,UPI,Completed,2025-09-22 23:49:43,159508.1,0.0
907044,706766,Cash on Delivery,Completed,2023-04-18 12:54:39,7191.33,0.0
907045,706767,Wallet,Refunded,2024-12-26 16:34:14,84794.8,0.0
907046,706768,UPI,Completed,2025-05-11 18:47:02,5889.58,0.0
907047,706768,UPI,Failed,2025-05-11 18:37:02,5889.58,0.0
907048,706769,UPI,Completed,2025-12-17 19:30:14,4044.69,0.0
907049,706770,UPI,Completed,2025-08-13 15:11:33,81309.84,0.0
907050,706771,UPI,Completed,2024-01-10 11:45:05,40783.65,0.0
907051,706772,Debit Card,Completed,2025-05-04 21:40:56,4543.0,81.77
907052,706773,UPI,Completed,2025-06-29 23:14:01,5519.04,0.0
907053,706774,Debit Card,Completed,2025-05-23 17:36:29,7056.86,127.02
907054,706775,Credit Card,Completed,2025-08-26 22:50:20,5925.31,106.66
907055,706776,UPI,Completed,2025-10-25 23:59:53,3798.15,0.0
907056,706777,Credit Card,Completed,2023-06-15 16:37:28,107290.27,1931.22
907057,706778,Cash on Delivery,Completed,2023-06-26 16:14:15,5982.22,0.0
907058,706779,UPI,Completed,2025-08-06 13:03:16,139710.1,0.0
907059,706780,UPI,Completed,2023-12-13 17:05:12,320568.17,0.0
907060,706781,UPI,Completed,2023-04-14 21:24:54,4507.87,0.0
907061,706781,UPI,Failed,2023-04-14 21:19:54,4507.87,0.0
907062,706782,Cash on Delivery,Completed,2024-06-25 20:24:43,127582.51,0.0
907063,706783,Credit Card,Failed,2025-08-26 15:17:54,4643.45,83.58
907064,706784,UPI,Completed,2023-08-03 23:43:58,6446.22,0.0
907065,706785,Credit Card,Completed,2025-03-20 12:59:38,156070.71,2809.27
907066,706786,UPI,Completed,2023-01-08 23:49:33,57603.39,0.0
907067,706787,UPI,Completed,2023-07-05 19:36:25,78961.71,0.0
907068,706788,Debit Card,Completed,2024-04-23 16:16:57,7977.49,143.59
907069,706789,UPI,Completed,2023-05-23 22:09:54,56087.61,0.0
907070,706790,Debit Card,Refunded,2025-09-25 21:05:50,160603.83,2890.87
907071,706791,UPI,Failed,2025-10-07 12:12:41,58114.62,0.0
907072,706792,Cash on Delivery,Completed,2025-06-20 20:37:04,1550.5,0.0
907073,706793,Wallet,Completed,2023-11-28 15:42:17,7782.96,0.0
907074,706794,Debit Card,Completed,2024-10-26 23:07:30,60988.85,1097.8
907075,706795,UPI,Completed,2023-10-13 18:39:01,67609.05,0.0
907076,706796,Wallet,Completed,2024-01-18 23:24:27,4683.14,0.0
907077,706797,Cash on Delivery,Completed,2024-10-22 15:28:08,741.09,0.0
907078,706798,Cash on Delivery,Completed,2025-05-27 15:50:23,1852.72,0.0
907079,706799,Cash on Delivery,Completed,2023-06-09 21:53:22,11273.58,0.0
907080,706800,UPI,Completed,2024-02-03 20:46:46,8768.05,0.0
907081,706801,Credit Card,Refunded,2025-11-05 15:02:49,5307.01,95.53
907082,706802,UPI,Completed,2024-08-03 16:57:51,5966.22,0.0
907083,706803,UPI,Refunded,2025-11-11 20:22:24,9260.41,0.0
907084,706804,Credit Card,Pending,2025-12-26 22:25:24,8417.51,151.52
907085,706805,Debit Card,Completed,2024-10-28 15:49:50,6398.51,115.17
907086,706806,Credit Card,Completed,2024-01-25 22:08:02,10634.64,191.42
907087,706807,Credit Card,Completed,2025-07-31 20:42:01,11262.54,202.73
907088,706808,UPI,Completed,2023-09-19 16:12:48,2991.11,0.0
907089,706809,UPI,Refunded,2023-12-13 17:37:51,212721.24,0.0
907090,706810,Credit Card,Completed,2025-07-24 21:11:23,2281.36,41.06
907091,706811,UPI,Completed,2024-08-07 17:05:22,83916.32,0.0
907092,706812,UPI,Failed,2023-10-24 15:56:15,15125.08,0.0
907093,706813,UPI,Pending,2025-02-22 23:51:40,106273.9,0.0
907094,706814,Wallet,Completed,2025-05-25 16:53:33,255084.02,0.0
907095,706815,Debit Card,Completed,2023-07-31 22:48:42,7853.05,141.35
907096,706816,Credit Card,Completed,2024-01-11 23:00:52,88094.49,1585.7
907097,706817,Net Banking,Pending,2023-11-06 14:10:37,5250.0,0.0
907098,706818,Credit Card,Completed,2024-05-27 17:34:23,66558.13,1198.05
907099,706819,Credit Card,Refunded,2025-06-29 21:44:44,147739.9,2659.32
907100,706820,UPI,Completed,2025-05-08 23:57:37,83448.91,0.0
907101,706821,UPI,Completed,2025-03-08 10:36:00,1320.06,0.0
907102,706822,Debit Card,Completed,2023-01-13 20:59:52,79920.3,1438.57
907103,706823,Debit Card,Completed,2023-08-21 17:47:58,385299.98,6935.4
907104,706823,Debit Card,Failed,2023-08-21 17:36:58,385299.98,0.0
907105,706824,UPI,Completed,2023-11-08 23:02:56,4643.16,0.0
907106,706825,UPI,Completed,2024-01-03 14:09:53,13416.42,0.0
907107,706826,Cash on Delivery,Completed,2023-08-28 15:43:47,3444.84,0.0
907108,706827,Cash on Delivery,Completed,2024-07-08 14:20:39,8564.84,0.0
907109,706828,UPI,Completed,2023-05-11 20:58:29,147498.04,0.0
907110,706829,Debit Card,Completed,2025-06-13 23:12:25,112948.27,2033.07
907111,706830,UPI,Completed,2025-07-27 13:48:36,428741.9,0.0
907112,706831,UPI,Completed,2024-12-03 19:33:26,1519.76,0.0
907113,706832,UPI,Completed,2023-05-31 23:24:08,15316.92,0.0
907114,706833,Debit Card,Completed,2025-10-19 14:05:26,55245.04,994.41
907115,706834,UPI,Completed,2025-12-04 22:30:56,117295.98,0.0
907116,706835,UPI,Completed,2023-10-25 23:20:11,63510.71,0.0
907117,706836,Cash on Delivery,Completed,2025-04-29 22:36:45,17475.77,0.0
907118,706837,Debit Card,Completed,2025-09-20 16:50:11,10399.24,187.19
907119,706838,Credit Card,Completed,2024-11-04 13:17:45,3917.36,70.51
907120,706839,Wallet,Completed,2024-03-14 20:34:34,185270.12,0.0
907121,706840,UPI,Completed,2024-10-01 23:44:08,3535.09,0.0
907122,706841,Wallet,Completed,2024-10-20 09:28:48,40747.56,0.0
907123,706841,Wallet,Failed,2024-10-20 09:09:48,40747.56,0.0
907124,706842,UPI,Pending,2024-06-24 16:51:30,4380.65,0.0
907125,706842,UPI,Failed,2024-06-24 16:36:30,4380.65,0.0
907126,706843,Credit Card,Completed,2025-11-06 18:10:16,191139.52,3440.51
907127,706844,Cash on Delivery,Completed,2025-06-06 14:34:47,79827.66,0.0
907128,706845,Wallet,Completed,2023-11-26 21:52:58,2921.63,0.0
907129,706846,UPI,Completed,2024-12-17 23:45:23,440685.56,0.0
907130,706847,Debit Card,Completed,2025-04-09 20:07:58,36380.99,654.86
907131,706848,Credit Card,Completed,2023-08-18 14:28:58,7075.38,127.36
907132,706849,Cash on Delivery,Pending,2024-05-04 23:56:10,8510.15,0.0
907133,706850,Wallet,Completed,2025-10-26 23:17:53,6306.45,0.0
907134,706851,Wallet,Failed,2024-11-24 17:54:19,166628.36,0.0
907135,706852,UPI,Failed,2023-11-04 23:11:34,16894.23,0.0
907136,706853,UPI,Completed,2023-07-27 19:18:24,7711.29,0.0
907137,706854,Debit Card,Completed,2024-10-23 18:43:46,8667.26,156.01
907138,706855,Credit Card,Completed,2024-11-08 16:59:48,107454.9,1934.19
907139,706856,UPI,Completed,2024-03-30 15:30:58,5129.19,0.0
907140,706857,Debit Card,Completed,2025-01-29 23:36:00,49263.16,886.74
907141,706858,Net Banking,Completed,2023-05-02 20:19:25,145147.97,0.0
907142,706859,UPI,Completed,2023-08-26 17:48:11,1389.54,0.0
907143,706860,Cash on Delivery,Completed,2024-11-08 13:02:55,3917.47,0.0
907144,706861,Net Banking,Completed,2023-04-20 17:38:24,12785.01,0.0
907145,706862,Cash on Delivery,Refunded,2025-10-15 14:51:45,123249.25,0.0
907146,706863,Debit Card,Completed,2023-08-21 20:57:30,80383.48,1446.9
907147,706864,Credit Card,Completed,2025-03-22 20:04:44,102064.41,1837.16
907148,706865,Cash on Delivery,Completed,2024-06-11 17:40:41,8073.05,0.0
907149,706866,Credit Card,Completed,2024-06-23 20:52:59,122130.47,2198.35
907150,706867,UPI,Completed,2025-07-01 23:29:01,20334.5,0.0
907151,706868,UPI,Completed,2024-10-13 12:48:02,58989.54,0.0
907152,706869,UPI,Completed,2025-05-19 18:46:10,5013.45,0.0
907153,706870,Debit Card,Pending,2024-10-16 23:04:03,157987.88,2843.78
907154,706871,UPI,Completed,2024-12-24 18:22:29,7604.52,0.0
907155,706872,UPI,Completed,2025-06-26 17:01:01,126830.32,0.0
907156,706873,Debit Card,Completed,2025-01-05 21:04:22,11682.36,210.28
907157,706874,Debit Card,Refunded,2025-01-15 13:24:43,205329.41,3695.93
907158,706875,Credit Card,Refunded,2025-07-29 19:46:28,122470.03,2204.46
907159,706876,Credit Card,Refunded,2025-11-15 20:51:56,131324.19,2363.84
907160,706877,UPI,Completed,2024-05-24 18:20:34,4661.05,0.0
907161,706878,Credit Card,Completed,2024-12-07 18:13:36,11063.92,199.15
907162,706879,UPI,Refunded,2023-05-26 20:07:47,70586.11,0.0
907163,706880,Credit Card,Completed,2024-05-04 14:44:47,73621.27,1325.18
907164,706881,UPI,Completed,2024-07-10 23:11:00,3454.29,0.0
907165,706882,UPI,Completed,2025-09-13 22:33:38,36574.14,0.0
907166,706883,Cash on Delivery,Completed,2024-10-20 13:41:29,8903.85,0.0
907167,706884,Credit Card,Completed,2025-05-24 10:26:31,105035.49,1890.64
907168,706885,UPI,Completed,2023-01-31 23:24:24,9996.52,0.0
907169,706886,Net Banking,Refunded,2024-09-13 16:17:07,41905.6,0.0
907170,706887,Cash on Delivery,Completed,2025-10-24 20:41:35,118350.42,0.0
907171,706888,Cash on Delivery,Completed,2023-11-09 19:35:46,90825.84,0.0
907172,706889,Wallet,Completed,2023-02-23 23:28:22,1667.45,0.0
907173,706890,Cash on Delivery,Refunded,2024-08-07 16:27:50,3407.97,0.0
907174,706891,UPI,Completed,2025-04-29 20:43:47,197382.12,0.0
907175,706892,Net Banking,Completed,2024-08-30 15:19:23,4709.81,0.0
907176,706893,Debit Card,Completed,2024-09-07 23:17:08,157268.8,2830.84
907177,706894,UPI,Completed,2025-03-17 20:34:43,1389.54,0.0
907178,706895,Net Banking,Completed,2023-12-16 19:35:23,112875.3,0.0
907179,706896,UPI,Completed,2025-06-15 15:42:33,6705.41,0.0
907180,706897,UPI,Pending,2023-09-09 23:06:05,249718.0,0.0
907181,706898,Wallet,Completed,2024-06-17 16:15:16,4816.19,0.0
907182,706899,Debit Card,Completed,2025-02-28 19:30:42,9513.91,171.25
907183,706900,UPI,Completed,2025-09-05 15:26:49,188232.87,0.0
907184,706901,Credit Card,Failed,2025-08-01 18:04:01,8390.76,151.03
907185,706902,Cash on Delivery,Completed,2025-05-15 19:54:49,8634.31,0.0
907186,706903,UPI,Completed,2024-05-04 19:55:36,73015.5,0.0
907187,706904,Debit Card,Completed,2023-07-27 23:42:34,13318.32,239.73
907188,706905,Cash on Delivery,Completed,2023-11-04 22:28:42,101449.63,0.0
907189,706906,Debit Card,Failed,2025-10-07 23:11:00,7372.58,132.71
907190,706906,Debit Card,Failed,2025-10-07 22:59:00,7372.58,0.0
907191,706907,Debit Card,Completed,2025-10-04 19:30:34,128950.98,2321.12
907192,706908,UPI,Completed,2025-11-18 18:04:25,14549.57,0.0
907193,706909,UPI,Completed,2023-05-12 09:05:34,10362.87,0.0
907194,706910,Cash on Delivery,Completed,2024-11-02 13:22:14,8324.88,0.0
907195,706911,UPI,Completed,2025-02-19 13:18:57,6377.88,0.0
907196,706912,Debit Card,Failed,2025-05-05 23:33:08,4971.05,89.48
907197,706913,UPI,Completed,2025-02-13 18:39:03,8510.15,0.0
907198,706914,Debit Card,Failed,2025-07-07 18:42:32,3201.5,57.63
907199,706915,UPI,Completed,2024-05-05 13:40:16,45689.58,0.0
907200,706916,Wallet,Completed,2023-10-09 15:50:50,10971.71,0.0
907201,706917,Credit Card,Completed,2023-10-26 19:47:22,202994.32,3653.9
907202,706918,Credit Card,Completed,2023-01-22 07:02:06,6972.12,125.5
907203,706919,Wallet,Completed,2024-04-23 16:11:24,741.09,0.0
907204,706920,Cash on Delivery,Completed,2023-06-03 18:24:57,11226.68,0.0
907205,706921,UPI,Failed,2024-03-11 23:44:42,48377.91,0.0
907206,706922,UPI,Completed,2025-01-27 19:28:50,69305.24,0.0
907207,706923,Wallet,Failed,2025-10-21 21:34:15,126521.07,0.0
907208,706924,UPI,Completed,2025-09-18 17:10:51,6236.97,0.0
907209,706925,Cash on Delivery,Pending,2023-12-14 18:41:05,80314.0,0.0
907210,706926,UPI,Completed,2023-08-11 21:09:05,85022.48,0.0
907211,706927,Wallet,Failed,2023-10-19 18:46:48,10645.0,0.0
907212,706928,Debit Card,Failed,2025-12-09 18:20:52,5177.52,93.2
907213,706929,Cash on Delivery,Completed,2024-11-09 16:15:18,926.36,0.0
907214,706930,Cash on Delivery,Completed,2023-10-11 15:11:14,137028.02,0.0
907215,706931,Credit Card,Failed,2025-09-19 17:08:42,89629.5,1613.33
907216,706932,UPI,Completed,2024-06-17 16:15:26,206224.07,0.0
907217,706933,Credit Card,Completed,2025-10-23 15:16:39,9420.52,169.57
907218,706934,UPI,Completed,2023-12-23 15:41:00,195640.05,0.0
907219,706935,UPI,Completed,2024-06-14 11:52:48,8084.64,0.0
907220,706936,Cash on Delivery,Completed,2024-10-16 21:50:29,160806.27,0.0
907221,706937,Wallet,Completed,2025-10-20 16:48:21,190027.97,0.0
907222,706938,Credit Card,Completed,2025-10-09 07:41:12,169616.79,3053.1
907223,706939,Credit Card,Completed,2024-12-03 18:58:19,2274.56,40.94
907224,706940,UPI,Completed,2023-11-07 15:22:36,10076.22,0.0
907225,706941,UPI,Pending,2024-06-28 23:38:03,7717.21,0.0
907226,706942,Cash on Delivery,Completed,2025-12-14 23:36:19,15324.71,0.0
907227,706943,Cash on Delivery,Completed,2025-01-05 21:03:52,67568.64,0.0
907228,706944,Cash on Delivery,Completed,2025-07-20 20:54:27,3327.89,0.0
907229,706945,UPI,Refunded,2024-08-24 19:21:32,15738.09,0.0
907230,706946,UPI,Completed,2024-10-31 18:31:11,5170.66,0.0
907231,706947,Cash on Delivery,Pending,2024-08-03 19:58:15,880.04,0.0
907232,706948,Debit Card,Refunded,2025-04-27 14:33:43,17201.23,309.62
907233,706949,UPI,Completed,2025-10-01 18:02:37,1852.72,0.0
907234,706950,Cash on Delivery,Completed,2024-10-17 21:43:36,2084.31,0.0
907235,706951,Cash on Delivery,Completed,2024-10-02 21:05:43,1420.2,0.0
907236,706952,Credit Card,Completed,2024-04-08 23:02:11,250900.51,4516.21
907237,706953,UPI,Completed,2023-10-08 11:08:41,354686.43,0.0
907238,706954,UPI,Completed,2025-11-11 17:32:17,4752.3,0.0
907239,706955,UPI,Completed,2024-03-03 23:45:24,111997.93,0.0
907240,706956,UPI,Completed,2025-08-09 17:00:00,2273.14,0.0
907241,706957,UPI,Refunded,2025-05-09 17:30:23,415518.5,0.0
907242,706958,Wallet,Completed,2025-07-31 20:13:11,48806.92,0.0
907243,706959,UPI,Refunded,2025-11-10 17:30:15,5729.43,0.0
907244,706960,Wallet,Refunded,2025-01-23 16:47:18,3652.12,0.0
907245,706961,UPI,Completed,2025-10-23 23:16:56,24495.98,0.0
907246,706962,Credit Card,Completed,2023-10-01 19:40:14,48309.23,869.57
907247,706963,UPI,Refunded,2025-01-26 23:13:08,1433.56,0.0
907248,706964,UPI,Completed,2025-07-09 23:42:51,365377.61,0.0
907249,706965,UPI,Completed,2024-01-03 17:45:27,5729.43,0.0
907250,706966,Debit Card,Completed,2025-06-02 20:35:21,102577.06,1846.39
907251,706967,UPI,Completed,2025-07-17 16:56:47,126705.19,0.0
907252,706968,UPI,Completed,2025-09-08 19:39:26,4549.79,0.0
907253,706969,Credit Card,Completed,2024-02-27 18:05:58,7489.18,134.81
907254,706970,Credit Card,Completed,2025-04-01 19:09:22,43839.01,789.1
907255,706971,Credit Card,Completed,2024-02-14 19:33:12,4971.05,89.48
907256,706972,UPI,Completed,2025-05-31 19:30:34,1080.51,0.0
907257,706973,Debit Card,Failed,2024-09-11 19:49:49,10526.94,189.48
907258,706974,UPI,Completed,2024-12-27 15:28:57,51036.62,0.0
907259,706975,Credit Card,Completed,2024-07-16 08:45:43,3454.29,62.18
907260,706976,Credit Card,Refunded,2023-09-23 12:57:45,119527.23,2151.49
907261,706977,Debit Card,Completed,2023-10-08 23:30:20,7751.77,139.53
907262,706978,Net Banking,Completed,2023-05-14 17:14:53,3288.62,0.0
907263,706979,Credit Card,Completed,2025-01-18 23:26:51,7905.08,142.29
907264,706980,Credit Card,Refunded,2025-09-28 21:43:02,9431.72,169.77
907265,706981,Credit Card,Failed,2023-02-03 23:18:20,45376.33,816.77
907266,706982,Cash on Delivery,Completed,2023-04-28 16:14:36,16745.91,0.0
907267,706983,Debit Card,Completed,2024-09-03 19:33:18,4924.73,88.65
907268,706984,Credit Card,Completed,2025-05-30 16:51:00,26386.59,474.96
907269,706985,Cash on Delivery,Completed,2023-09-16 20:35:43,8510.15,0.0
907270,706986,Cash on Delivery,Completed,2024-01-03 15:30:08,11582.06,0.0
907271,706987,Credit Card,Completed,2023-11-14 19:11:44,218486.84,3932.76
907272,706988,Debit Card,Completed,2024-06-22 22:31:40,36444.32,656.0
907273,706989,Debit Card,Completed,2023-11-09 22:11:07,4803.07,86.46
907274,706990,Credit Card,Completed,2024-04-26 17:28:52,3774.86,67.95
907275,706991,Cash on Delivery,Completed,2025-05-21 14:53:35,51600.95,0.0
907276,706992,UPI,Completed,2025-01-10 11:27:26,14899.16,0.0
907277,706993,Cash on Delivery,Completed,2023-05-19 23:24:41,140342.29,0.0
907278,706994,Net Banking,Completed,2025-02-05 22:37:45,3836393.0,0.0
907279,706995,UPI,Completed,2024-09-30 18:40:07,9543.63,0.0
907280,706996,UPI,Completed,2025-11-09 23:52:17,174434.55,0.0
907281,706997,Cash on Delivery,Completed,2024-01-26 20:15:22,6460.73,0.0
907282,706998,Net Banking,Completed,2025-05-19 17:37:21,5806.41,0.0
907283,706999,UPI,Completed,2025-05-24 20:55:07,162208.25,0.0
907284,707000,Credit Card,Completed,2023-11-07 17:00:02,478142.63,8606.57
907285,707001,Credit Card,Refunded,2025-10-25 19:03:22,4868.2,87.63
907286,707002,UPI,Completed,2024-10-08 18:34:37,8420.45,0.0
907287,707003,Cash on Delivery,Completed,2025-03-29 18:49:03,125854.94,0.0
907288,707004,UPI,Completed,2023-08-27 23:01:18,114419.08,0.0
907289,707005,Net Banking,Completed,2023-12-21 19:07:53,10734.74,0.0
907290,707006,Debit Card,Completed,2024-12-18 20:55:34,482.2,8.68
907291,707007,Cash on Delivery,Failed,2024-03-08 15:36:39,6192.61,0.0
907292,707008,UPI,Failed,2024-10-13 20:57:31,332992.47,0.0
907293,707009,UPI,Completed,2024-05-21 22:26:20,9172.67,0.0
907294,707010,Debit Card,Failed,2025-02-09 19:40:46,5055.86,91.01
907295,707011,Credit Card,Completed,2024-10-06 23:49:02,5935.9,106.85
907296,707012,Cash on Delivery,Pending,2023-01-09 23:07:27,58045.21,0.0
907297,707013,UPI,Completed,2025-02-20 21:22:03,139411.46,0.0
907298,707014,UPI,Failed,2024-07-24 20:21:00,930.46,0.0
907299,707015,Credit Card,Completed,2024-04-10 21:08:47,30679.7,552.23
907300,707016,Credit Card,Completed,2023-06-08 21:59:44,48477.29,872.59
907301,707017,Cash on Delivery,Completed,2023-11-06 18:58:05,361509.82,0.0
907302,707018,Wallet,Refunded,2023-11-08 21:16:49,56445.5,0.0
907303,707019,Debit Card,Completed,2025-11-09 23:34:26,103021.5,1854.39
907304,707020,UPI,Completed,2024-08-06 15:59:42,12925.62,0.0
907305,707021,Credit Card,Completed,2023-03-15 19:07:17,5309.22,95.57
907306,707022,Cash on Delivery,Completed,2023-08-16 15:01:00,741.09,0.0
907307,707023,Cash on Delivery,Completed,2023-05-16 18:07:13,2967.95,0.0
907308,707024,UPI,Completed,2024-12-21 21:28:32,516.64,0.0
907309,707025,UPI,Completed,2023-10-14 20:15:32,23065.65,0.0
907310,707026,UPI,Completed,2024-10-12 20:20:54,51234.31,0.0
907311,707027,Debit Card,Completed,2024-05-16 15:27:49,9057.32,163.03
907312,707028,UPI,Completed,2025-08-11 21:13:46,459.29,0.0
907313,707029,Debit Card,Completed,2024-03-10 19:07:30,330768.77,5953.84
907314,707030,Net Banking,Completed,2024-09-04 20:26:52,8388.65,0.0
907315,707031,Net Banking,Completed,2025-05-15 17:03:02,36473.63,0.0
907316,707032,Credit Card,Completed,2024-08-07 20:54:07,3723.55,67.02
907317,707033,Net Banking,Completed,2025-08-03 19:46:17,131855.64,0.0
907318,707034,UPI,Completed,2025-03-07 19:13:40,45985.95,0.0
907319,707035,UPI,Refunded,2024-07-08 20:36:05,207908.81,0.0
907320,707036,UPI,Completed,2024-10-15 15:37:41,13887.07,0.0
907321,707037,Debit Card,Completed,2025-12-05 19:05:20,72638.31,1307.49
907322,707038,UPI,Completed,2025-03-07 23:03:41,19657.85,0.0
907323,707039,UPI,Completed,2025-10-26 23:49:21,136893.66,0.0
907324,707040,Credit Card,Completed,2023-10-09 18:13:07,3454.29,62.18
907325,707041,UPI,Completed,2024-10-04 17:46:35,7696.0,0.0
907326,707042,UPI,Completed,2025-10-28 11:42:47,76108.36,0.0
907327,707043,UPI,Completed,2024-03-13 21:34:59,6149.06,0.0
907328,707044,Debit Card,Completed,2025-12-06 21:40:34,1181.13,21.26
907329,707045,Debit Card,Completed,2023-06-13 17:57:43,133595.86,2404.73
907330,707046,Credit Card,Completed,2025-10-25 14:19:11,1450.21,26.1
907331,707047,Wallet,Completed,2024-08-18 19:47:17,11569.45,0.0
907332,707048,Debit Card,Refunded,2023-05-09 22:55:51,926.36,16.67
907333,707049,UPI,Refunded,2025-10-14 17:31:42,356.57,0.0
907334,707050,UPI,Completed,2023-12-13 18:02:22,52683.81,0.0
907335,707051,UPI,Completed,2023-02-05 17:31:05,84987.06,0.0
907336,707052,UPI,Completed,2023-08-13 19:40:02,9611.51,0.0
907337,707053,UPI,Completed,2025-03-04 17:41:41,65230.03,0.0
907338,707054,UPI,Completed,2025-12-17 20:49:59,14265.98,0.0
907339,707055,Debit Card,Completed,2023-07-08 20:00:27,2521.8,45.39
907340,707056,Cash on Delivery,Refunded,2024-09-09 15:39:52,13215.99,0.0
907341,707057,Wallet,Completed,2023-10-10 20:23:24,103980.2,0.0
907342,707058,UPI,Completed,2025-06-07 20:52:47,11051.9,0.0
907343,707059,UPI,Completed,2023-07-19 19:55:05,3361.65,0.0
907344,707060,Credit Card,Completed,2023-11-24 23:27:19,87124.9,1568.25
907345,707061,Net Banking,Refunded,2023-10-21 16:01:37,2148.74,0.0
907346,707062,UPI,Completed,2024-11-11 23:44:24,253838.99,0.0
907347,707063,Debit Card,Failed,2025-10-11 16:55:08,182811.7,3290.61
907348,707064,Debit Card,Completed,2024-10-19 18:37:06,57039.31,1026.71
907349,707065,Net Banking,Completed,2023-04-14 17:30:20,53138.91,0.0
907350,707066,UPI,Completed,2024-11-19 17:57:20,5434.23,0.0
907351,707067,UPI,Completed,2025-08-06 21:59:17,48411.74,0.0
907352,707068,UPI,Completed,2023-08-09 23:52:49,193914.77,0.0
907353,707069,Cash on Delivery,Completed,2023-05-08 18:09:21,110580.92,0.0
907354,707070,UPI,Refunded,2023-10-15 17:15:03,4737.14,0.0
907355,707071,Cash on Delivery,Completed,2025-06-08 17:34:03,104730.24,0.0
907356,707072,Wallet,Failed,2024-12-23 18:23:25,504.88,0.0
907357,707073,Cash on Delivery,Completed,2024-11-04 20:54:55,4928.46,0.0
907358,707074,Debit Card,Refunded,2023-12-09 21:22:53,7459.04,134.26
907359,707075,Cash on Delivery,Pending,2024-03-27 20:34:15,59524.9,0.0
907360,707076,UPI,Failed,2025-12-04 20:53:48,209165.77,0.0
907361,707077,UPI,Completed,2023-11-25 20:59:28,15630.76,0.0
907362,707078,Wallet,Completed,2025-10-24 15:03:31,5935.9,0.0
907363,707079,Wallet,Completed,2024-12-11 16:12:08,3856.82,0.0
907364,707080,Net Banking,Completed,2023-07-28 22:24:42,59612.97,0.0
907365,707081,Wallet,Completed,2024-09-17 22:28:42,1541.33,0.0
907366,707082,Credit Card,Completed,2025-11-15 11:02:11,267358.16,4812.45
907367,707083,UPI,Refunded,2024-07-20 17:14:27,133595.86,0.0
907368,707084,Credit Card,Completed,2025-10-06 20:48:16,3511.95,63.22
907369,707085,Debit Card,Completed,2023-12-20 23:32:17,3988.06,71.79
907370,707086,Credit Card,Completed,2024-11-29 23:01:48,6947.07,125.05
907371,707087,Wallet,Completed,2025-09-22 13:15:03,458.77,0.0
907372,707088,Wallet,Completed,2025-11-02 18:01:16,4288.85,0.0
907373,707089,Debit Card,Completed,2024-10-05 21:57:15,8973.33,161.52
907374,707090,Cash on Delivery,Completed,2025-02-08 13:40:35,59405.11,0.0
907375,707091,UPI,Completed,2023-01-06 14:29:49,1760.08,0.0
907376,707092,Debit Card,Completed,2023-12-15 16:15:41,191956.42,3455.22
907377,707093,Credit Card,Completed,2024-01-14 17:20:24,245886.18,4425.95
907378,707094,Credit Card,Completed,2023-06-07 16:56:58,102396.62,1843.14
907379,707095,Debit Card,Completed,2024-01-15 16:06:23,19621.22,353.18
907380,707096,Cash on Delivery,Completed,2024-03-10 15:58:25,16308.85,0.0
907381,707097,UPI,Refunded,2025-12-07 21:28:19,124668.75,0.0
907382,707098,Credit Card,Failed,2025-03-16 18:40:37,132008.62,2376.16
907383,707099,UPI,Completed,2024-07-30 23:44:07,126696.51,0.0
907384,707100,Cash on Delivery,Completed,2025-12-24 19:48:00,28111.06,0.0
907385,707101,Debit Card,Completed,2023-09-09 16:14:33,8548.34,153.87
907386,707102,Debit Card,Completed,2024-09-28 18:27:07,8023.81,144.43
907387,707103,Debit Card,Completed,2025-02-17 16:49:37,5266.25,94.79
907388,707104,Debit Card,Completed,2023-04-09 18:24:25,137827.37,2480.89
907389,707105,Credit Card,Completed,2025-05-11 14:24:46,13283.13,239.1
907390,707106,Wallet,Completed,2023-06-18 23:46:45,190485.93,0.0
907391,707107,Debit Card,Failed,2023-08-18 16:43:53,124380.49,2238.85
907392,707108,Cash on Delivery,Completed,2023-09-19 13:50:24,1389.54,0.0
907393,707109,Cash on Delivery,Completed,2025-11-06 18:57:50,7583.79,0.0
907394,707110,UPI,Completed,2025-04-03 17:46:27,106818.55,0.0
907395,707111,Cash on Delivery,Completed,2025-02-27 16:42:20,236768.46,0.0
907396,707112,Credit Card,Completed,2024-11-12 17:29:31,5590.52,100.63
907397,707113,Cash on Delivery,Completed,2024-01-29 22:50:51,19630.07,0.0
907398,707114,Net Banking,Completed,2025-01-21 21:57:29,122500.23,0.0
907399,707115,Net Banking,Completed,2024-07-08 20:33:08,17813.83,0.0
907400,707116,Credit Card,Completed,2023-08-27 20:30:15,2695.91,48.53
907401,707117,Credit Card,Completed,2025-04-11 16:49:18,89917.75,1618.52
907402,707118,Credit Card,Completed,2023-08-06 16:27:31,517.19,9.31
907403,707119,Debit Card,Completed,2023-10-17 21:28:15,4312.83,77.63
907404,707120,UPI,Completed,2025-08-23 23:53:25,7583.79,0.0
907405,707121,Credit Card,Completed,2025-03-05 20:09:05,4288.01,77.18
907406,707122,Wallet,Completed,2025-01-29 21:08:04,456.75,0.0
907407,707123,UPI,Completed,2024-07-19 21:28:43,39523.08,0.0
907408,707124,UPI,Refunded,2024-06-18 23:32:33,14664.01,0.0
907409,707125,UPI,Completed,2025-04-11 14:49:43,15927.87,0.0
907410,707126,Credit Card,Completed,2025-06-01 11:21:49,8385.71,150.94
907411,707127,Credit Card,Completed,2024-10-19 18:03:32,6101.17,109.82
907412,707128,Credit Card,Completed,2025-12-07 23:43:02,264103.77,4753.87
907413,707129,Credit Card,Completed,2025-11-23 23:04:53,6751.23,121.52
907414,707129,Credit Card,Failed,2025-11-23 22:58:53,6751.23,0.0
907415,707130,Cash on Delivery,Completed,2024-07-11 11:12:43,4122.38,0.0
907416,707131,UPI,Completed,2025-08-27 14:18:14,880.04,0.0
907417,707132,Credit Card,Completed,2024-11-06 19:52:31,3454.29,62.18
907418,707133,UPI,Completed,2024-10-19 23:40:34,85031.9,0.0
907419,707134,Wallet,Refunded,2023-04-08 16:07:07,200207.94,0.0
907420,707135,Cash on Delivery,Pending,2024-12-02 21:39:33,533.62,0.0
907421,707136,Cash on Delivery,Completed,2025-10-24 23:16:12,1847.93,0.0
907422,707137,Cash on Delivery,Completed,2025-07-19 21:50:46,49606.21,0.0
907423,707138,UPI,Refunded,2025-07-26 16:16:06,3435.95,0.0
907424,707139,Credit Card,Completed,2023-09-20 17:49:44,92110.6,1657.99
907425,707140,Cash on Delivery,Failed,2024-05-04 23:00:32,78064.03,0.0
907426,707141,Credit Card,Completed,2023-11-14 22:35:42,12714.4,228.86
907427,707142,UPI,Completed,2024-03-03 18:15:09,15495.44,0.0
907428,707143,Credit Card,Completed,2024-12-10 15:27:28,71805.34,1292.5
907429,707144,Debit Card,Completed,2024-05-11 19:04:32,1811.38,32.6
907430,707145,UPI,Completed,2024-11-15 23:17:50,15017.14,0.0
907431,707146,Credit Card,Completed,2024-08-11 18:38:10,18841.79,339.15
907432,707147,Debit Card,Completed,2024-01-23 21:33:55,203010.6,3654.19
907433,707148,Debit Card,Completed,2023-06-10 23:01:09,136563.7,2458.15
907434,707149,Cash on Delivery,Completed,2025-10-20 22:35:37,134059.04,0.0
907435,707150,Credit Card,Completed,2023-01-21 15:02:12,71557.73,1288.04
907436,707151,Wallet,Completed,2023-01-04 18:40:05,111298.67,0.0
907437,707152,UPI,Completed,2025-09-03 15:30:57,140298.15,0.0
907438,707153,Credit Card,Completed,2025-12-29 15:53:22,1659.72,29.87
907439,707154,Cash on Delivery,Completed,2025-05-20 20:11:15,11292.83,0.0
907440,707155,Debit Card,Completed,2023-01-26 22:21:23,4295.13,77.31
907441,707156,Debit Card,Completed,2023-11-10 21:48:19,122917.97,2212.52
907442,707157,UPI,Completed,2025-12-10 17:25:12,31420.82,0.0
907443,707158,Debit Card,Completed,2025-08-14 20:14:32,3536.91,63.66
907444,707159,Cash on Delivery,Completed,2024-11-23 19:21:01,48251.1,0.0
907445,707160,Net Banking,Refunded,2023-11-19 23:18:16,38237.72,0.0
907446,707161,UPI,Completed,2023-01-25 20:20:54,295258.42,0.0
907447,707162,Credit Card,Refunded,2023-02-03 19:26:23,89893.07,1618.08
907448,707163,UPI,Completed,2025-01-11 18:51:25,9841.76,0.0
907449,707164,Credit Card,Completed,2023-02-05 18:40:49,9937.75,178.88
907450,707165,Wallet,Completed,2025-12-28 14:52:54,191734.24,0.0
907451,707166,UPI,Failed,2023-10-12 23:21:09,7710.65,0.0
907452,707167,Debit Card,Completed,2025-05-05 20:59:27,530.72,9.55
907453,707168,UPI,Refunded,2023-09-12 12:13:22,270434.17,0.0
907454,707169,Debit Card,Refunded,2024-11-04 18:12:22,18622.46,335.2
907455,707170,UPI,Completed,2023-05-19 21:56:24,3519.73,0.0
907456,707171,UPI,Completed,2025-07-03 12:16:40,12576.52,0.0
907457,707172,Debit Card,Completed,2024-12-17 23:13:09,115547.75,2079.86
907458,707172,Debit Card,Failed,2024-12-17 22:53:09,115547.75,0.0
907459,707173,UPI,Completed,2023-05-26 15:06:55,70017.91,0.0
907460,707174,UPI,Completed,2025-09-28 18:57:49,227680.31,0.0
907461,707175,Cash on Delivery,Completed,2024-11-08 23:33:16,147453.85,0.0
907462,707176,Wallet,Refunded,2025-11-02 23:46:39,4435.72,0.0
907463,707177,Cash on Delivery,Completed,2025-10-31 17:41:01,1102.9,0.0
907464,707178,Debit Card,Completed,2025-11-02 20:38:06,58981.42,1061.67
907465,707179,UPI,Completed,2023-05-15 22:43:47,272396.47,0.0
907466,707180,UPI,Completed,2023-07-24 21:51:25,10821.19,0.0
907467,707181,UPI,Completed,2025-12-24 14:08:55,8509.6,0.0
907468,707182,UPI,Completed,2024-10-06 17:50:07,105253.67,0.0
907469,707183,Credit Card,Completed,2023-11-21 21:38:10,97961.22,1763.3
907470,707184,UPI,Completed,2025-07-06 18:08:32,788602.0,0.0
907471,707184,UPI,Failed,2025-07-06 18:01:32,788602.0,0.0
907472,707185,Credit Card,Completed,2023-12-26 23:55:15,10069.31,181.25
907473,707186,Credit Card,Completed,2025-05-20 16:59:41,1245.83,22.42
907474,707187,UPI,Completed,2025-09-15 14:26:31,110786.64,0.0
907475,707188,Cash on Delivery,Pending,2025-07-23 21:07:43,5489.62,0.0
907476,707189,UPI,Completed,2024-01-06 20:31:39,93664.72,0.0
907477,707190,Debit Card,Completed,2024-06-26 19:58:55,81918.17,1474.53
907478,707191,UPI,Completed,2024-07-12 17:45:20,3362.08,0.0
907479,707192,UPI,Refunded,2024-10-08 17:23:13,74408.82,0.0
907480,707193,UPI,Completed,2023-10-01 22:27:10,5749.51,0.0
907481,707194,UPI,Completed,2024-08-27 21:45:19,1117.06,0.0
907482,707195,Net Banking,Pending,2024-10-19 20:49:17,103080.16,0.0
907483,707196,Cash on Delivery,Completed,2024-10-30 23:50:28,1389.54,0.0
907484,707197,UPI,Completed,2025-08-26 18:53:27,106223.32,0.0
907485,707198,Net Banking,Completed,2024-10-23 21:34:11,51055.62,0.0
907486,707199,Debit Card,Completed,2023-11-13 15:18:24,6110.8,109.99
907487,707200,Credit Card,Completed,2025-03-09 22:25:12,228924.92,4120.65
907488,707201,UPI,Completed,2025-08-06 15:13:33,121852.56,0.0
907489,707202,Credit Card,Completed,2024-03-08 16:55:44,16439.02,295.9
907490,707203,Net Banking,Completed,2025-02-15 19:45:10,178176.39,0.0
907491,707204,UPI,Completed,2023-08-29 21:16:10,7992.72,0.0
907492,707205,Credit Card,Refunded,2024-04-10 16:35:46,7334.32,132.02
907493,707206,Cash on Delivery,Pending,2025-10-28 23:10:21,202019.22,0.0
907494,707207,Debit Card,Completed,2025-10-29 19:21:08,5801.13,104.42
907495,707208,UPI,Refunded,2024-12-04 23:34:17,40448.86,0.0
907496,707208,UPI,Failed,2024-12-04 23:24:17,40448.86,0.0
907497,707209,Credit Card,Completed,2025-04-26 16:29:18,926.36,16.67
907498,707210,Credit Card,Completed,2025-10-02 15:17:17,13498540.0,242973.72
907499,707211,Debit Card,Completed,2025-11-26 23:19:42,15144.76,272.61
907500,707212,Wallet,Completed,2024-10-07 20:48:22,1250.59,0.0
907501,707213,Net Banking,Completed,2024-11-16 16:08:17,5696.19,0.0
907502,707214,Cash on Delivery,Completed,2024-07-15 23:48:14,54109.63,0.0
907503,707215,UPI,Completed,2023-05-07 19:07:36,23504.95,0.0
907504,707216,UPI,Completed,2024-07-25 17:48:35,6053.66,0.0
907505,707217,Net Banking,Refunded,2025-07-31 18:51:16,8000.65,0.0
907506,707218,UPI,Completed,2025-08-11 23:07:47,241222.69,0.0
907507,707218,UPI,Failed,2025-08-11 22:52:47,241222.69,0.0
907508,707219,UPI,Completed,2025-10-20 12:27:11,68832.12,0.0
907509,707219,UPI,Failed,2025-10-20 12:12:11,68832.12,0.0
907510,707220,UPI,Completed,2023-04-01 20:11:11,11345.9,0.0
907511,707221,Cash on Delivery,Pending,2024-10-28 23:28:28,70594.61,0.0
907512,707222,Debit Card,Completed,2023-07-01 11:55:18,41125.94,740.27
907513,707223,Debit Card,Completed,2023-10-24 19:33:16,19098.73,343.78
907514,707224,Debit Card,Completed,2025-10-24 17:22:11,3348.82,60.28
907515,707225,Credit Card,Completed,2024-10-11 22:43:15,48336.16,870.05
907516,707226,Wallet,Completed,2025-06-23 17:08:46,224382.34,0.0
907517,707227,Credit Card,Completed,2023-04-25 22:03:32,6993.39,125.88
907518,707228,Wallet,Completed,2024-07-17 23:32:54,2208.72,0.0
907519,707229,Cash on Delivery,Completed,2025-03-23 13:11:10,1389.54,0.0
907520,707230,Debit Card,Completed,2023-08-10 15:08:22,315558.24,5680.05
907521,707230,Debit Card,Failed,2023-08-10 14:48:22,315558.24,0.0
907522,707231,Wallet,Completed,2024-03-17 12:17:49,84042.19,0.0
907523,707232,Debit Card,Failed,2023-04-25 21:16:31,741.09,13.34
907524,707232,Debit Card,Failed,2023-04-25 21:09:31,741.09,0.0
907525,707233,UPI,Completed,2025-02-22 22:31:55,5982.22,0.0
907526,707234,Debit Card,Completed,2025-12-09 23:37:00,46014.22,828.26
907527,707234,Debit Card,Failed,2025-12-09 23:30:00,46014.22,0.0
907528,707235,Credit Card,Completed,2025-09-03 18:10:30,34112.33,614.02
907529,707236,UPI,Pending,2025-12-13 22:54:23,4056.53,0.0
907530,707237,UPI,Completed,2025-09-24 19:53:32,130028.06,0.0
907531,707238,Credit Card,Completed,2025-10-03 18:44:51,24266.91,436.8
907532,707239,Net Banking,Completed,2024-12-07 21:50:02,5055.86,0.0
907533,707240,Cash on Delivery,Pending,2024-10-23 15:03:35,176264.31,0.0
907534,707241,Cash on Delivery,Completed,2024-07-02 20:29:30,3327.89,0.0
907535,707242,UPI,Completed,2025-08-24 22:30:49,6913.77,0.0
907536,707243,Credit Card,Completed,2023-10-11 17:22:03,132669.5,2388.05
907537,707244,UPI,Completed,2023-04-10 17:24:00,218293.42,0.0
907538,707245,Debit Card,Completed,2025-11-15 12:50:37,2974.3,53.54
907539,707246,UPI,Completed,2023-01-08 12:43:03,3515.11,0.0
907540,707247,Debit Card,Completed,2025-12-16 15:05:49,181874.96,3273.75
907541,707248,Net Banking,Failed,2025-05-22 23:26:58,648.45,0.0
907542,707248,Net Banking,Failed,2025-05-22 23:06:58,648.45,0.0
907543,707249,UPI,Completed,2024-03-22 22:37:39,43458.02,0.0
907544,707250,UPI,Pending,2025-04-20 19:17:58,880.04,0.0
907545,707251,UPI,Completed,2025-08-24 18:23:37,82212.05,0.0
907546,707252,Credit Card,Completed,2023-12-02 23:58:32,5547.36,99.85
907547,707253,Debit Card,Completed,2025-07-08 17:22:39,1899.0,34.18
907548,707254,Debit Card,Completed,2025-08-11 23:38:36,82911.41,1492.41
907549,707255,UPI,Completed,2023-12-09 21:13:17,134825.92,0.0
907550,707256,UPI,Completed,2023-03-14 13:59:43,119258.06,0.0
907551,707257,Debit Card,Completed,2023-10-26 10:40:31,11021.27,198.38
907552,707258,Cash on Delivery,Completed,2023-10-24 14:42:55,7164.29,0.0
907553,707259,UPI,Completed,2023-04-26 15:46:52,237025.27,0.0
907554,707260,UPI,Completed,2025-05-19 14:43:39,14191.38,0.0
907555,707261,Wallet,Pending,2024-05-27 16:31:05,12796.58,0.0
907556,707262,Cash on Delivery,Completed,2025-10-16 22:41:31,8035.44,0.0
907557,707263,Credit Card,Completed,2023-12-13 20:05:38,48182.12,867.28
907558,707264,Cash on Delivery,Completed,2024-08-29 12:58:03,14643.43,0.0
907559,707265,Debit Card,Completed,2025-02-07 22:14:25,72555.86,1306.01
907560,707266,Debit Card,Completed,2025-10-13 19:07:40,8046.97,144.85
907561,707267,Cash on Delivery,Completed,2024-10-27 20:21:48,5055.86,0.0
907562,707268,Credit Card,Completed,2024-05-20 22:34:46,7349.36,132.29
907563,707269,Credit Card,Completed,2025-10-08 16:15:52,11691.37,210.44
907564,707270,Debit Card,Completed,2024-02-23 22:42:14,22763.22,409.74
907565,707271,UPI,Completed,2023-05-17 18:04:21,107887.42,0.0
907566,707272,UPI,Completed,2024-08-17 22:07:07,53316.09,0.0
907567,707273,UPI,Completed,2025-07-24 20:21:39,77202.43,0.0
907568,707274,Cash on Delivery,Completed,2023-02-22 17:39:09,11702.81,0.0
907569,707275,UPI,Completed,2024-12-18 20:37:21,20134.16,0.0
907570,707276,Debit Card,Completed,2024-12-25 13:41:24,9394.1,169.09
907571,707277,Cash on Delivery,Completed,2025-11-06 20:14:05,6908.58,0.0
907572,707278,UPI,Completed,2024-01-23 18:57:16,99332.19,0.0
907573,707279,UPI,Completed,2024-01-14 19:44:05,6266.32,0.0
907574,707280,Cash on Delivery,Pending,2024-08-13 17:52:06,5426.4,0.0
907575,707281,UPI,Failed,2024-05-02 19:15:35,339698.37,0.0
907576,707282,Credit Card,Completed,2025-05-29 20:15:10,156478.6,2816.61
907577,707283,UPI,Completed,2025-02-10 14:58:36,119417.27,0.0
907578,707284,Wallet,Completed,2025-06-23 22:40:42,5243.09,0.0
907579,707285,UPI,Completed,2025-08-26 18:32:41,1720.64,0.0
907580,707286,Debit Card,Completed,2025-11-03 23:28:38,2527.93,45.5
907581,707287,Cash on Delivery,Completed,2024-08-05 14:25:37,9722.43,0.0
907582,707288,UPI,Failed,2025-12-22 17:02:57,505.67,0.0
907583,707289,UPI,Failed,2023-11-03 16:38:13,158180.94,0.0
907584,707290,UPI,Completed,2025-05-08 17:17:03,45939.63,0.0
907585,707291,Wallet,Completed,2024-11-01 16:02:00,158646.43,0.0
907586,707292,UPI,Completed,2025-08-23 20:34:05,39913.83,0.0
907587,707293,UPI,Completed,2024-09-29 19:59:57,10111.72,0.0
907588,707294,UPI,Completed,2025-07-23 16:48:10,206283.67,0.0
907589,707295,Debit Card,Refunded,2025-11-07 23:48:58,1389.54,25.01
907590,707296,Debit Card,Completed,2025-05-25 16:00:21,9493.48,170.88
907591,707297,UPI,Completed,2025-07-14 12:41:27,156472.08,0.0
907592,707298,Cash on Delivery,Completed,2023-04-30 21:24:28,3576.8,0.0
907593,707299,Wallet,Completed,2023-10-27 18:06:28,1389.54,0.0
907594,707300,Net Banking,Completed,2025-12-13 17:51:51,926.36,0.0
907595,707301,Debit Card,Failed,2025-04-15 12:01:34,7977.49,143.59
907596,707302,Credit Card,Completed,2024-11-16 23:18:37,4079.83,73.44
907597,707303,Debit Card,Completed,2024-05-13 23:34:12,12925.65,232.66
907598,707304,Credit Card,Completed,2023-03-19 19:55:53,53209.78,957.78
907599,707305,Cash on Delivery,Completed,2024-05-15 17:16:56,62452.47,0.0
907600,707306,UPI,Completed,2024-10-12 17:16:58,142561.28,0.0
907601,707307,Debit Card,Completed,2023-10-31 23:09:49,9209.68,165.77
907602,707308,UPI,Completed,2023-10-05 20:07:00,56045.87,0.0
907603,707309,UPI,Completed,2024-10-18 23:47:35,15279.57,0.0
907604,707310,Credit Card,Completed,2024-12-18 08:42:15,2617.02,47.11
907605,707311,UPI,Completed,2023-11-24 17:02:40,9404.49,0.0
907606,707312,Net Banking,Completed,2024-12-20 23:33:07,5280.63,0.0
907607,707313,Debit Card,Pending,2025-10-24 22:45:11,34208.23,615.75
907608,707314,Credit Card,Completed,2024-09-24 21:07:05,268118.33,4826.13
907609,707315,UPI,Completed,2025-10-04 13:28:29,35849.21,0.0
907610,707316,Credit Card,Completed,2025-11-05 21:06:34,926.36,16.67
907611,707317,Debit Card,Completed,2023-06-05 23:17:19,4327.78,77.9
907612,707318,Debit Card,Completed,2023-06-11 22:50:44,17113.46,308.04
907613,707319,UPI,Completed,2024-09-28 16:08:51,93137.1,0.0
907614,707320,Debit Card,Completed,2024-12-20 22:20:31,14432.19,259.78
907615,707321,UPI,Completed,2024-07-30 14:55:22,1578.73,0.0
907616,707322,Debit Card,Completed,2024-03-18 23:36:42,101581.15,1828.46
907617,707323,Credit Card,Completed,2025-02-09 21:16:36,298630.37,5375.35
907618,707324,Debit Card,Failed,2023-01-05 16:53:42,72484.09,1304.71
907619,707325,Wallet,Completed,2025-12-06 15:01:21,9100.55,0.0
907620,707326,Debit Card,Completed,2023-11-14 23:54:36,208636.08,3755.45
907621,707327,UPI,Completed,2025-11-01 16:23:09,46267.42,0.0
907622,707328,Debit Card,Completed,2023-07-04 18:57:52,48059.23,865.07
907623,707329,UPI,Completed,2023-11-21 14:51:47,1837.79,0.0
907624,707330,Cash on Delivery,Completed,2023-11-16 17:50:58,54240.08,0.0
907625,707331,Cash on Delivery,Completed,2025-12-29 22:25:24,97642.02,0.0
907626,707332,Debit Card,Completed,2023-01-09 23:44:09,201772.86,3631.91
907627,707333,Cash on Delivery,Completed,2025-02-08 23:53:15,926.36,0.0
907628,707334,Net Banking,Completed,2025-10-09 18:49:20,10123.94,0.0
907629,707335,UPI,Pending,2025-03-20 21:25:58,7324.87,0.0
907630,707336,UPI,Failed,2024-05-08 18:08:17,264771.28,0.0
907631,707337,Debit Card,Completed,2025-11-25 21:28:35,648.45,11.67
907632,707338,Net Banking,Completed,2025-10-20 14:43:51,198270.98,0.0
907633,707339,UPI,Completed,2024-08-08 18:55:06,5519.04,0.0
907634,707340,Debit Card,Completed,2024-12-02 18:07:48,1852.72,33.35
907635,707341,Debit Card,Completed,2025-12-06 17:58:38,45497.99,818.96
907636,707342,Net Banking,Completed,2025-12-21 15:00:05,84051.24,0.0
907637,707343,UPI,Completed,2024-08-24 13:11:54,256376.97,0.0
907638,707344,Credit Card,Completed,2025-09-26 08:53:57,5449.56,98.09
907639,707345,Cash on Delivery,Completed,2024-02-11 19:06:12,18083.04,0.0
907640,707346,Debit Card,Completed,2024-05-18 23:16:08,259554.13,4671.97
907641,707347,Debit Card,Pending,2023-09-28 23:05:42,2233.32,40.2
907642,707348,Debit Card,Completed,2023-10-29 20:49:54,37051.51,666.93
907643,707349,Debit Card,Completed,2025-03-01 21:03:10,8309.28,149.57
907644,707350,Debit Card,Completed,2024-10-19 09:02:17,8113.67,146.05
907645,707351,UPI,Completed,2023-11-13 10:49:29,86427.36,0.0
907646,707352,UPI,Completed,2024-06-28 15:45:50,8510.15,0.0
907647,707353,Cash on Delivery,Completed,2024-05-20 23:04:21,10019.26,0.0
907648,707354,UPI,Completed,2025-12-24 16:32:14,96526.25,0.0
907649,707355,Cash on Delivery,Failed,2025-10-02 22:53:47,228886.97,0.0
907650,707356,UPI,Completed,2024-06-06 19:21:12,461.53,0.0
907651,707357,Cash on Delivery,Completed,2025-10-30 18:54:15,8130.96,0.0
907652,707358,Debit Card,Completed,2024-04-11 21:36:09,28992.64,521.87
907653,707359,Net Banking,Completed,2025-03-15 14:55:59,9068.61,0.0
907654,707360,UPI,Completed,2025-12-05 17:33:29,11935.76,0.0
907655,707361,Cash on Delivery,Completed,2024-06-10 21:39:13,223760.43,0.0
907656,707362,Debit Card,Completed,2025-03-30 18:08:10,21462.21,386.32
907657,707363,UPI,Completed,2024-02-02 19:45:50,19539.18,0.0
907658,707363,UPI,Failed,2024-02-02 19:27:50,19539.18,0.0
907659,707364,UPI,Completed,2023-12-28 15:09:55,17944.9,0.0
907660,707365,UPI,Completed,2024-12-03 21:56:53,5055.86,0.0
907661,707366,Debit Card,Completed,2025-12-19 17:51:52,39496.97,710.95
907662,707367,Cash on Delivery,Completed,2024-08-28 23:48:23,9668.1,0.0
907663,707368,Cash on Delivery,Pending,2025-11-10 19:34:34,215191.28,0.0
907664,707369,Credit Card,Completed,2025-10-30 16:44:12,5583.03,100.49
907665,707370,Net Banking,Completed,2023-12-16 23:30:36,3917.47,0.0
907666,707371,UPI,Completed,2024-06-26 14:44:45,98124.74,0.0
907667,707372,Credit Card,Completed,2025-02-12 12:57:27,153520.92,2763.38
907668,707373,Debit Card,Completed,2024-10-23 15:24:09,3589.25,64.61
907669,707374,Cash on Delivery,Completed,2023-06-11 21:06:06,2813.81,0.0
907670,707375,UPI,Failed,2025-12-28 16:08:02,137441.5,0.0
907671,707376,UPI,Completed,2025-06-16 20:30:44,197948.03,0.0
907672,707377,Credit Card,Completed,2024-08-11 17:28:21,7583.79,136.51
907673,707378,Wallet,Completed,2025-01-19 18:39:46,16023.09,0.0
907674,707378,Wallet,Failed,2025-01-19 18:33:46,16023.09,0.0
907675,707379,Cash on Delivery,Completed,2023-05-28 17:11:18,64392.76,0.0
907676,707380,Net Banking,Completed,2024-10-10 23:28:05,8617.57,0.0
907677,707381,Debit Card,Completed,2025-11-07 16:13:42,6825.41,122.86
907678,707382,Credit Card,Completed,2025-10-22 13:44:22,1574.81,28.35
907679,707383,Wallet,Completed,2024-04-04 19:28:40,18083.92,0.0
907680,707384,Net Banking,Refunded,2024-10-30 17:20:08,741.09,0.0
907681,707385,Cash on Delivery,Completed,2025-04-20 13:00:53,50863.77,0.0
907682,707386,Cash on Delivery,Completed,2024-04-07 22:37:13,109278.86,0.0
907683,707387,Credit Card,Completed,2023-04-26 17:30:27,7543.82,135.79
907684,707388,UPI,Completed,2024-10-16 15:45:44,250060.98,0.0
907685,707389,UPI,Completed,2024-12-30 22:58:48,111120.08,0.0
907686,707390,Credit Card,Completed,2023-01-12 14:39:55,53449.85,962.1
907687,707391,Debit Card,Completed,2023-06-10 23:16:25,80383.48,1446.9
907688,707392,UPI,Pending,2023-10-28 19:41:59,38284.69,0.0
907689,707393,UPI,Completed,2024-04-19 19:24:57,9184.12,0.0
907690,707394,Wallet,Completed,2024-11-05 21:22:05,200724.53,0.0
907691,707395,Credit Card,Completed,2024-01-30 18:22:13,51831.05,932.96
907692,707396,UPI,Completed,2024-01-10 21:29:49,5953.57,0.0
907693,707397,Debit Card,Completed,2025-10-09 19:11:47,137682.94,2478.29
907694,707398,UPI,Completed,2023-08-26 13:13:11,168278.98,0.0
907695,707399,UPI,Completed,2024-10-10 18:55:59,7647.21,0.0
907696,707400,UPI,Completed,2025-11-19 13:38:52,7751.77,0.0
907697,707401,Credit Card,Completed,2025-01-24 23:25:20,164448.64,2960.08
907698,707402,UPI,Completed,2025-05-11 23:38:10,3269.02,0.0
907699,707403,Wallet,Completed,2024-08-05 16:15:48,787.41,0.0
907700,707404,UPI,Completed,2023-02-01 23:18:21,231096.8,0.0
907701,707405,UPI,Completed,2025-02-16 21:45:43,51720.65,0.0
907702,707406,Debit Card,Completed,2025-01-30 14:46:32,17918.0,322.52
907703,707407,Debit Card,Completed,2023-07-06 20:43:07,47320.59,851.77
907704,707408,UPI,Completed,2024-09-10 17:41:45,3721.59,0.0
907705,707409,UPI,Completed,2025-10-31 15:51:18,4095.88,0.0
907706,707410,UPI,Completed,2023-10-27 18:50:19,6656.58,0.0
907707,707411,Debit Card,Completed,2024-09-08 13:42:25,63945.22,1151.01
907708,707412,UPI,Completed,2024-09-08 20:19:21,9984.5,0.0
907709,707413,UPI,Completed,2025-08-16 19:40:23,139181.03,0.0
907710,707414,UPI,Completed,2025-08-31 21:05:16,1320.06,0.0
907711,707415,UPI,Completed,2025-06-24 17:04:14,14538.7,0.0
907712,707416,Cash on Delivery,Completed,2024-05-11 19:14:57,40190.43,0.0
907713,707417,UPI,Completed,2023-05-07 15:25:50,207158.92,0.0
907714,707418,Debit Card,Completed,2024-04-21 21:49:08,303715.78,5466.88
907715,707419,Debit Card,Completed,2025-03-30 19:16:23,2148.74,38.68
907716,707420,Debit Card,Completed,2025-04-27 23:49:07,109685.21,1974.33
907717,707421,UPI,Failed,2025-12-03 16:00:52,424808.19,0.0
907718,707422,UPI,Completed,2024-08-29 22:55:42,926.36,0.0
907719,707423,Credit Card,Completed,2025-01-30 23:43:29,2871.16,51.68
907720,707424,UPI,Completed,2024-11-03 16:39:46,32222.08,0.0
907721,707425,UPI,Completed,2023-09-04 18:10:03,9141.31,0.0
907722,707426,UPI,Completed,2024-09-08 17:13:36,3513.16,0.0
907723,707427,UPI,Completed,2024-11-07 23:42:50,926.36,0.0
907724,707428,Debit Card,Completed,2025-11-17 13:10:33,45382.39,816.88
907725,707429,Cash on Delivery,Completed,2024-05-12 23:46:13,3323.33,0.0
907726,707430,Debit Card,Completed,2025-12-19 14:15:39,18330.5,329.95
907727,707431,Wallet,Completed,2024-11-05 18:20:21,286300.61,0.0
907728,707432,Net Banking,Completed,2023-11-28 18:07:22,3060.91,0.0
907729,707433,Wallet,Completed,2023-10-18 15:08:29,15305.6,0.0
907730,707434,Debit Card,Completed,2023-08-20 15:40:26,237421.84,4273.59
907731,707435,Debit Card,Failed,2024-08-28 16:45:48,104142.83,1874.57
907732,707436,Debit Card,Completed,2023-02-05 21:56:45,2275.14,40.95
907733,707437,Net Banking,Failed,2024-08-17 22:53:07,1852.72,0.0
907734,707438,UPI,Completed,2025-12-24 23:55:52,4297.48,0.0
907735,707439,UPI,Completed,2025-03-18 22:17:37,31939.71,0.0
907736,707440,Credit Card,Completed,2025-06-25 12:02:04,17508.35,315.15
907737,707441,UPI,Completed,2023-07-21 16:15:34,8316.23,0.0
907738,707442,Debit Card,Refunded,2024-09-24 15:51:00,107364.33,1932.56
907739,707443,Credit Card,Completed,2024-01-23 19:04:58,8866.27,159.59
907740,707444,Credit Card,Completed,2025-10-21 16:41:32,1389.54,25.01
907741,707445,Credit Card,Completed,2023-10-11 20:08:03,6143.82,110.59
907742,707446,UPI,Refunded,2024-09-05 11:35:36,120789.05,0.0
907743,707447,Cash on Delivery,Completed,2024-12-20 21:36:44,7548.84,0.0
907744,707448,Credit Card,Completed,2024-10-21 23:11:09,13196.83,237.54
907745,707449,Cash on Delivery,Completed,2025-09-07 18:19:56,174971.69,0.0
907746,707450,UPI,Completed,2023-11-13 14:27:26,2864.71,0.0
907747,707451,Debit Card,Refunded,2024-05-25 11:58:52,1181.11,21.26
907748,707452,UPI,Refunded,2025-08-02 19:35:10,84443.5,0.0
907749,707453,Cash on Delivery,Completed,2024-10-28 14:28:18,74397.89,0.0
907750,707454,UPI,Completed,2024-06-26 18:01:42,182279.74,0.0
907751,707455,Debit Card,Completed,2023-02-19 20:30:31,7542.98,135.77
907752,707456,Credit Card,Refunded,2025-06-17 22:37:42,9540.57,171.73
907753,707457,Cash on Delivery,Completed,2025-12-11 11:38:22,12676.51,0.0
907754,707458,Cash on Delivery,Completed,2025-01-21 20:07:09,408463.16,0.0
907755,707459,UPI,Completed,2025-10-03 23:21:58,5590.48,0.0
907756,707460,Debit Card,Completed,2024-10-22 21:14:16,87855.65,1581.4
907757,707461,UPI,Completed,2023-11-13 19:27:37,3778.52,0.0
907758,707462,UPI,Refunded,2023-01-25 18:40:21,880.04,0.0
907759,707462,UPI,Failed,2023-01-25 18:36:21,880.04,0.0
907760,707463,Cash on Delivery,Completed,2025-02-25 19:17:32,11781.88,0.0
907761,707464,Debit Card,Completed,2024-10-09 23:04:39,108031.36,1944.56
907762,707465,Cash on Delivery,Completed,2025-07-21 23:48:44,2611.12,0.0
907763,707466,Credit Card,Completed,2025-04-17 15:56:55,128520.72,2313.37
907764,707467,UPI,Completed,2025-12-24 12:10:06,532.7,0.0
907765,707468,Debit Card,Completed,2024-10-19 12:58:49,9606.13,172.91
907766,707469,Credit Card,Completed,2024-07-31 14:22:20,174917.55,3148.52
907767,707470,Credit Card,Completed,2024-01-23 17:38:18,12264.43,220.76
907768,707471,Debit Card,Completed,2024-09-29 20:52:13,83356.88,1500.42
907769,707472,Credit Card,Completed,2025-10-11 23:35:32,9581.69,172.47
907770,707473,Credit Card,Completed,2023-03-15 15:37:09,115088.16,2071.59
907771,707474,Cash on Delivery,Completed,2025-12-17 17:45:45,248258.97,0.0
907772,707475,Cash on Delivery,Pending,2025-12-27 18:32:37,10080.31,0.0
907773,707476,Credit Card,Completed,2024-12-27 23:01:25,926.36,16.67
907774,707477,Debit Card,Completed,2024-03-26 23:46:11,6465.37,116.38
907775,707478,Debit Card,Completed,2023-11-08 20:46:12,833.72,15.01
907776,707479,Cash on Delivery,Pending,2024-01-10 17:47:27,7005.78,0.0
907777,707480,UPI,Completed,2023-03-30 23:55:48,61005.91,0.0
907778,707481,Cash on Delivery,Completed,2024-09-27 20:14:41,4192.47,0.0
907779,707482,Credit Card,Completed,2023-04-12 16:40:10,143439.68,2581.91
907780,707483,UPI,Completed,2025-05-12 21:57:01,76433.78,0.0
907781,707484,UPI,Completed,2024-05-18 19:52:40,35948.23,0.0
907782,707485,Credit Card,Completed,2023-10-23 13:18:51,129845.34,2337.22
907783,707486,Debit Card,Completed,2024-11-07 16:39:14,219204.87,3945.69
907784,707487,Credit Card,Completed,2025-12-13 16:35:32,6306.45,113.52
907785,707488,UPI,Completed,2025-04-17 22:23:37,66581.92,0.0
907786,707489,Cash on Delivery,Completed,2024-10-08 19:01:47,960.58,0.0
907787,707490,UPI,Completed,2025-07-15 22:10:56,496.83,0.0
907788,707491,UPI,Completed,2025-05-30 20:02:19,77733.83,0.0
907789,707492,UPI,Completed,2025-10-20 17:06:16,833.72,0.0
907790,707493,Net Banking,Completed,2023-10-26 16:58:50,1740.75,0.0
907791,707494,Credit Card,Completed,2025-10-04 16:48:22,2175.3,39.16
907792,707495,Cash on Delivery,Completed,2024-02-09 17:39:37,38375.49,0.0
907793,707496,UPI,Refunded,2025-11-12 11:07:59,11686.53,0.0
907794,707497,Debit Card,Completed,2024-01-17 18:02:40,203326.44,3659.88
907795,707498,Cash on Delivery,Completed,2025-11-05 19:43:00,252787.86,0.0
907796,707499,UPI,Completed,2025-12-01 20:54:25,34452.2,0.0
907797,707500,Debit Card,Completed,2023-08-27 20:44:59,182062.15,3277.12
907798,707501,Net Banking,Completed,2025-12-13 18:38:06,5796.95,0.0
907799,707502,UPI,Completed,2023-05-26 21:51:36,7668.36,0.0
907800,707503,UPI,Completed,2023-11-05 17:19:08,1389.54,0.0
907801,707504,Cash on Delivery,Pending,2024-08-16 21:31:52,257913.22,0.0
907802,707505,Wallet,Completed,2025-12-28 19:27:21,99571.54,0.0
907803,707506,Net Banking,Refunded,2024-10-06 15:26:47,10926.68,0.0
907804,707507,Cash on Delivery,Completed,2024-11-10 15:21:52,880.04,0.0
907805,707508,Credit Card,Completed,2025-04-16 20:28:06,165081.24,2971.46
907806,707509,UPI,Completed,2025-12-06 23:41:45,103191.26,0.0
907807,707510,Cash on Delivery,Refunded,2025-07-22 19:33:23,145030.69,0.0
907808,707511,Debit Card,Completed,2023-11-08 17:56:08,14635.92,263.45
907809,707512,Credit Card,Completed,2024-02-12 16:27:33,79447.41,1430.05
907810,707513,Credit Card,Completed,2023-06-14 19:20:26,11104.03,199.87
907811,707514,Cash on Delivery,Pending,2025-02-14 17:11:20,84584.42,0.0
907812,707515,Credit Card,Completed,2023-10-10 23:54:05,5308.65,95.56
907813,707516,UPI,Completed,2023-12-20 21:59:35,3622.27,0.0
907814,707517,Cash on Delivery,Completed,2025-10-18 14:17:36,7277.28,0.0
907815,707518,UPI,Completed,2024-03-19 17:03:05,7820.78,0.0
907816,707518,UPI,Failed,2024-03-19 16:59:05,7820.78,0.0
907817,707519,UPI,Completed,2024-11-23 23:41:29,86346.01,0.0
907818,707520,UPI,Failed,2024-06-20 19:05:20,1389.54,0.0
907819,707521,Net Banking,Completed,2023-05-09 15:37:55,536.49,0.0
907820,707522,Debit Card,Completed,2024-05-08 18:11:47,17212.37,309.82
907821,707523,UPI,Completed,2024-07-05 18:44:34,5519.04,0.0
907822,707524,Wallet,Completed,2025-10-21 18:47:00,44330.68,0.0
907823,707525,Credit Card,Completed,2024-03-16 19:02:37,93790.09,1688.22
907824,707526,UPI,Completed,2024-05-26 20:23:28,3988.6,0.0
907825,707527,Debit Card,Completed,2025-07-22 23:18:10,6636.81,119.46
907826,707528,Net Banking,Failed,2025-06-24 20:43:29,5479.75,0.0
907827,707529,Credit Card,Completed,2025-08-07 16:56:06,126064.33,2269.16
907828,707530,UPI,Completed,2025-11-20 20:25:25,4583.4,0.0
907829,707531,UPI,Failed,2025-08-05 21:55:00,64872.27,0.0
907830,707532,Credit Card,Completed,2024-07-04 14:29:09,212654.31,3827.78
907831,707533,Net Banking,Completed,2025-08-28 19:44:07,16133.63,0.0
907832,707534,Debit Card,Completed,2024-10-18 17:32:56,124913.3,2248.44
907833,707535,UPI,Completed,2024-01-12 21:52:19,49944.67,0.0
907834,707536,UPI,Completed,2024-02-12 23:23:55,15458.93,0.0
907835,707537,Debit Card,Completed,2023-11-08 22:41:01,4843.83,87.19
907836,707538,Credit Card,Refunded,2023-08-26 14:20:24,570.6,10.27
907837,707539,UPI,Completed,2023-10-13 10:35:19,480307.0,0.0
907838,707540,UPI,Completed,2023-04-23 15:28:33,8479.0,0.0
907839,707541,UPI,Completed,2025-10-18 18:24:35,6192.61,0.0
907840,707542,UPI,Completed,2025-11-07 18:43:56,486.24,0.0
907841,707543,Cash on Delivery,Completed,2024-12-19 23:18:29,496.28,0.0
907842,707544,UPI,Completed,2025-09-19 22:31:40,91168.59,0.0
907843,707545,Credit Card,Completed,2023-10-12 18:01:53,243214.68,4377.86
907844,707546,UPI,Completed,2025-10-24 22:51:55,2640.13,0.0
907845,707547,UPI,Completed,2024-10-16 13:00:43,3554.74,0.0
907846,707548,UPI,Completed,2023-04-30 19:38:30,3327.89,0.0
907847,707549,UPI,Completed,2023-08-20 23:46:50,44802.24,0.0
907848,707550,Debit Card,Completed,2024-02-21 22:20:40,10713.56,192.84
907849,707551,UPI,Completed,2023-03-18 13:09:11,12820.62,0.0
907850,707552,UPI,Completed,2024-02-22 20:06:25,91745.82,0.0
907851,707553,UPI,Completed,2023-04-17 19:20:52,170048.45,0.0
907852,707554,Credit Card,Completed,2023-11-18 23:57:11,200324.31,3605.84
907853,707555,UPI,Refunded,2023-12-28 23:14:19,15303.78,0.0
907854,707556,UPI,Completed,2025-12-28 11:49:56,277650.56,0.0
907855,707557,Debit Card,Refunded,2023-11-17 21:35:33,5687.02,102.37
907856,707558,UPI,Completed,2023-11-23 12:41:38,3062.55,0.0
907857,707559,Net Banking,Completed,2025-04-07 20:42:10,4461.55,0.0
907858,707560,UPI,Refunded,2025-10-04 22:11:32,2732.8,0.0
907859,707561,Cash on Delivery,Completed,2024-06-05 23:25:07,79457.12,0.0
907860,707562,Wallet,Completed,2025-10-12 21:28:05,2527.93,0.0
907861,707563,Debit Card,Completed,2024-04-08 14:32:25,38596.48,694.74
907862,707564,Cash on Delivery,Pending,2023-10-21 22:07:15,46495.45,0.0
907863,707565,Debit Card,Completed,2024-03-23 14:48:44,153117.19,2756.11
907864,707566,Net Banking,Completed,2025-01-07 11:11:05,17372.66,0.0
907865,707567,UPI,Completed,2024-05-13 11:19:16,5704.31,0.0
907866,707568,Credit Card,Completed,2025-03-21 16:45:03,3075.1,55.35
907867,707569,Net Banking,Refunded,2023-11-19 18:58:43,3399.33,0.0
907868,707570,Wallet,Completed,2025-04-24 16:49:16,491.29,0.0
907869,707571,UPI,Completed,2024-04-18 14:55:28,2991.11,0.0
907870,707572,UPI,Refunded,2024-09-01 18:32:55,5982.22,0.0
907871,707573,Debit Card,Completed,2024-11-14 15:50:28,534.51,9.62
907872,707574,Cash on Delivery,Completed,2025-04-06 22:57:56,926.36,0.0
907873,707575,UPI,Pending,2023-11-22 16:00:53,103117.08,0.0
907874,707576,Debit Card,Completed,2025-09-13 21:29:31,1414.43,25.46
907875,707577,UPI,Completed,2025-05-15 23:24:30,163037.61,0.0
907876,707578,Credit Card,Completed,2023-11-15 16:33:28,53038.57,954.69
907877,707579,Wallet,Completed,2025-12-14 18:58:47,6414.31,0.0
907878,707580,Net Banking,Completed,2025-03-11 16:14:21,108131.93,0.0
907879,707581,Cash on Delivery,Completed,2024-08-27 23:37:02,101908.52,0.0
907880,707582,Debit Card,Completed,2023-09-16 16:46:59,8091.9,145.65
907881,707583,UPI,Completed,2024-10-31 19:43:03,63785.55,0.0
907882,707584,UPI,Completed,2023-09-28 18:43:53,5753.45,0.0
907883,707585,UPI,Pending,2024-08-04 16:39:10,6908.35,0.0
907884,707586,Debit Card,Refunded,2024-07-06 16:07:09,252145.52,4538.62
907885,707587,Cash on Delivery,Completed,2025-05-13 20:09:17,114976.84,0.0
907886,707588,UPI,Completed,2023-10-18 21:36:51,5519.04,0.0
907887,707589,Credit Card,Completed,2025-08-28 12:42:08,462.25,8.32
907888,707590,Net Banking,Completed,2024-03-18 23:15:57,106403.36,0.0
907889,707591,Credit Card,Completed,2024-08-16 19:54:46,8084.64,145.52
907890,707592,Credit Card,Pending,2025-07-09 23:40:21,2084.31,37.52
907891,707593,Debit Card,Completed,2025-01-25 18:55:18,43518.16,783.33
907892,707594,Cash on Delivery,Completed,2024-02-20 17:56:26,101218.04,0.0
907893,707595,Credit Card,Refunded,2024-06-04 15:55:19,2416.58,43.5
907894,707596,UPI,Completed,2024-02-17 18:50:32,26393.77,0.0
907895,707597,UPI,Completed,2024-12-25 21:31:07,4484.71,0.0
907896,707598,Debit Card,Failed,2024-03-28 22:57:53,1847.93,33.26
907897,707598,Debit Card,Failed,2024-03-28 22:50:53,1847.93,0.0
907898,707599,Credit Card,Completed,2025-05-19 17:18:48,65184.42,1173.32
907899,707600,Credit Card,Failed,2024-12-10 12:43:46,34498.78,620.98
907900,707600,Credit Card,Failed,2024-12-10 12:35:46,34498.78,0.0
907901,707601,Cash on Delivery,Completed,2023-08-27 12:14:19,247470.25,0.0
907902,707602,UPI,Completed,2024-02-23 23:30:51,531.15,0.0
907903,707603,Debit Card,Completed,2023-11-07 21:01:51,154057.83,2773.04
907904,707604,UPI,Failed,2024-06-10 12:49:53,6445.4,0.0
907905,707605,UPI,Refunded,2024-10-22 20:00:12,2818.39,0.0
907906,707606,Debit Card,Refunded,2024-10-17 18:58:15,100705.56,1812.7
907907,707607,UPI,Completed,2025-06-18 20:59:45,126503.14,0.0
907908,707608,Debit Card,Completed,2023-10-16 19:50:49,496.56,8.94
907909,707609,UPI,Refunded,2025-11-14 21:58:46,1320.06,0.0
907910,707610,UPI,Completed,2024-04-12 20:31:44,7453.15,0.0
907911,707611,Debit Card,Refunded,2024-02-08 19:29:14,6496.69,116.94
907912,707612,UPI,Failed,2025-04-05 22:08:55,90953.84,0.0
907913,707613,UPI,Completed,2025-08-12 23:09:58,7164.11,0.0
907914,707614,Debit Card,Failed,2024-05-26 23:42:36,263155.92,4736.81
907915,707615,UPI,Completed,2025-06-09 23:06:40,185684.7,0.0
907916,707615,UPI,Failed,2025-06-09 22:51:40,185684.7,0.0
907917,707616,Credit Card,Completed,2025-10-16 22:53:29,3454.29,62.18
907918,707617,UPI,Completed,2025-07-03 19:02:49,321275.23,0.0
907919,707618,Credit Card,Completed,2023-02-28 14:37:04,51326.95,923.89
907920,707619,Wallet,Completed,2025-09-04 15:30:02,110413.6,0.0
907921,707620,Credit Card,Completed,2025-07-12 15:34:47,73862.22,1329.52
907922,707621,UPI,Refunded,2025-03-16 22:17:52,101967.86,0.0
907923,707622,Wallet,Completed,2025-06-25 18:22:05,129528.99,0.0
907924,707623,Cash on Delivery,Completed,2025-12-19 18:10:28,22166.62,0.0
907925,707624,UPI,Refunded,2024-08-05 18:56:29,82803.83,0.0
907926,707625,Credit Card,Completed,2023-04-30 20:32:47,2586.08,46.55
907927,707626,Debit Card,Completed,2024-09-08 19:32:19,163664.24,2945.96
907928,707626,Debit Card,Failed,2024-09-08 19:25:19,163664.24,0.0
907929,707627,Credit Card,Completed,2023-03-23 11:41:46,97150.66,1748.71
907930,707628,Debit Card,Completed,2024-01-31 20:11:31,147089.95,2647.62
907931,707629,Credit Card,Completed,2024-12-19 17:53:10,531.11,9.56
907932,707630,UPI,Completed,2024-02-22 18:42:09,9441.94,0.0
907933,707631,Credit Card,Completed,2025-04-05 19:17:14,274023.9,4932.43
907934,707632,Debit Card,Completed,2025-08-28 20:55:14,3235.25,58.23
907935,707633,Wallet,Completed,2024-07-22 16:48:23,926.36,0.0
907936,707634,Cash on Delivery,Completed,2025-10-24 13:29:07,159121.52,0.0
907937,707635,UPI,Completed,2023-05-18 16:17:26,50806.73,0.0
907938,707636,Credit Card,Completed,2025-09-18 16:19:25,8038.45,144.69
907939,707637,Cash on Delivery,Completed,2025-09-05 13:57:48,8942.77,0.0
907940,707638,Wallet,Completed,2024-03-12 18:50:34,8402.23,0.0
907941,707639,Cash on Delivery,Completed,2024-02-06 14:27:50,160213.04,0.0
907942,707640,UPI,Refunded,2024-02-16 11:06:27,7418.12,0.0
907943,707641,Credit Card,Completed,2025-08-16 18:10:39,50720.32,912.97
907944,707642,Credit Card,Completed,2025-09-08 20:30:48,40386.83,726.96
907945,707642,Credit Card,Failed,2025-09-08 20:21:48,40386.83,0.0
907946,707643,Wallet,Completed,2024-03-23 14:48:52,18239437.0,0.0
907947,707644,UPI,Completed,2024-12-23 22:34:58,1389.54,0.0
907948,707644,UPI,Failed,2024-12-23 22:31:58,1389.54,0.0
907949,707645,UPI,Completed,2023-08-16 15:30:54,4217.39,0.0
907950,707646,Net Banking,Completed,2024-09-19 20:07:53,93224.42,0.0
907951,707647,UPI,Completed,2025-12-31 14:26:13,31453.49,0.0
907952,707648,Wallet,Completed,2023-09-18 15:34:31,71557.73,0.0
907953,707649,UPI,Completed,2025-11-15 19:20:03,3165.12,0.0
907954,707650,Net Banking,Completed,2025-08-31 21:39:43,1394.51,0.0
907955,707651,Wallet,Completed,2025-12-11 16:16:41,36674.81,0.0
907956,707652,Net Banking,Completed,2023-10-09 21:44:22,18648.86,0.0
907957,707653,UPI,Completed,2023-11-01 21:10:28,100004.96,0.0
907958,707654,UPI,Completed,2023-01-28 20:53:11,926.36,0.0
907959,707655,Wallet,Refunded,2025-05-18 14:43:46,7869.79,0.0
907960,707656,UPI,Completed,2025-02-13 14:19:01,10177.04,0.0
907961,707657,UPI,Completed,2023-10-08 18:28:36,2974.3,0.0
907962,707658,Cash on Delivery,Completed,2025-07-31 15:00:43,75381.99,0.0
907963,707659,UPI,Completed,2024-02-07 19:30:27,12026.23,0.0
907964,707660,Debit Card,Completed,2023-08-12 16:12:28,4127.86,74.3
907965,707661,Cash on Delivery,Completed,2024-07-25 17:20:46,56368.74,0.0
907966,707662,UPI,Completed,2023-06-02 21:53:13,5460.95,0.0
907967,707663,Credit Card,Completed,2023-12-25 21:49:31,5266.25,94.79
907968,707664,UPI,Failed,2024-05-18 23:32:04,103237.19,0.0
907969,707665,Cash on Delivery,Completed,2025-10-01 18:57:25,197504.46,0.0
907970,707666,UPI,Completed,2025-08-02 20:58:45,3907.09,0.0
907971,707667,UPI,Completed,2024-08-15 18:04:02,4878.41,0.0
907972,707668,UPI,Completed,2025-05-18 23:10:45,78993.94,0.0
907973,707669,UPI,Completed,2024-11-26 23:38:12,85283.64,0.0
907974,707670,UPI,Completed,2024-04-09 19:49:32,7371.63,0.0
907975,707671,UPI,Completed,2025-05-19 22:11:51,9246.79,0.0
907976,707672,UPI,Completed,2025-04-03 23:16:01,244316.88,0.0
907977,707673,Wallet,Completed,2025-01-20 18:44:08,3454.29,0.0
907978,707674,UPI,Completed,2025-01-18 15:02:36,1389.54,0.0
907979,707675,Net Banking,Completed,2025-04-02 23:41:07,1320.06,0.0
907980,707676,UPI,Refunded,2024-06-02 18:25:42,2921.63,0.0
907981,707677,Debit Card,Completed,2025-10-09 23:29:32,10895.89,196.13
907982,707678,Cash on Delivery,Completed,2023-09-24 22:31:10,104381.95,0.0
907983,707679,UPI,Completed,2025-10-16 19:03:39,4786.32,0.0
907984,707680,UPI,Completed,2024-04-11 16:22:05,85163.04,0.0
907985,707681,Cash on Delivery,Pending,2023-07-31 16:43:34,495.54,0.0
907986,707682,Cash on Delivery,Completed,2024-12-29 13:41:06,6335.14,0.0
907987,707683,Net Banking,Refunded,2024-05-23 18:31:36,8417.51,0.0
907988,707684,UPI,Completed,2025-08-21 21:35:18,2200.1,0.0
907989,707685,UPI,Completed,2024-08-05 14:32:46,168094.23,0.0
907990,707686,Credit Card,Refunded,2025-03-16 15:22:15,58257.89,1048.64
907991,707687,Credit Card,Refunded,2024-02-20 19:16:02,71557.73,1288.04
907992,707688,Cash on Delivery,Completed,2023-10-29 13:48:43,39960.15,0.0
907993,707689,UPI,Completed,2024-06-07 17:58:37,149981.09,0.0
907994,707690,Wallet,Completed,2025-01-04 20:56:06,20064.38,0.0
907995,707691,Debit Card,Completed,2025-03-01 20:11:35,571.63,10.29
907996,707692,Cash on Delivery,Pending,2024-12-08 23:39:30,5254.93,0.0
907997,707693,Cash on Delivery,Completed,2025-12-24 22:56:21,192448.6,0.0
907998,707694,UPI,Completed,2025-04-12 22:42:45,97580.99,0.0
907999,707695,Debit Card,Failed,2025-11-07 20:21:39,2084.31,37.52
908000,707696,Credit Card,Refunded,2023-07-19 14:42:10,3662.43,65.92
908001,707697,Wallet,Completed,2023-04-19 20:17:56,334940.53,0.0
908002,707698,UPI,Completed,2024-02-24 21:23:59,8759.71,0.0
908003,707699,UPI,Completed,2023-08-13 09:00:28,28278.06,0.0
908004,707700,Net Banking,Completed,2024-10-27 23:16:50,3269.02,0.0
908005,707701,UPI,Completed,2024-10-23 14:15:39,1739.53,0.0
908006,707702,Cash on Delivery,Completed,2024-12-04 15:12:36,1760.08,0.0
908007,707703,Credit Card,Completed,2025-06-07 15:20:57,12860.24,231.48
908008,707704,UPI,Completed,2025-12-10 23:25:27,162193.53,0.0
908009,707705,Cash on Delivery,Completed,2025-10-13 16:59:19,260295.26,0.0
908010,707706,UPI,Completed,2023-07-20 22:37:53,109766.15,0.0
908011,707707,UPI,Completed,2024-04-05 20:08:10,9969.35,0.0
908012,707708,Cash on Delivery,Pending,2023-12-19 15:24:17,389982.14,0.0
908013,707709,UPI,Completed,2023-10-08 18:25:04,155733.19,0.0
908014,707710,Cash on Delivery,Completed,2024-11-07 23:19:16,456.64,0.0
908015,707711,UPI,Completed,2024-11-11 16:05:58,8510.15,0.0
908016,707712,UPI,Completed,2023-11-11 23:42:53,154192.88,0.0
908017,707713,Wallet,Completed,2025-05-06 18:19:04,102190.72,0.0
908018,707714,Credit Card,Completed,2025-05-25 21:34:14,13060.42,235.09
908019,707714,Credit Card,Failed,2025-05-25 21:28:14,13060.42,0.0
908020,707715,UPI,Failed,2023-02-03 22:08:53,926.36,0.0
908021,707716,Cash on Delivery,Completed,2024-06-17 14:04:05,1389.54,0.0
908022,707717,Debit Card,Completed,2025-10-19 20:56:32,37117.29,668.11
908023,707718,Cash on Delivery,Completed,2024-10-24 23:59:34,926.36,0.0
908024,707719,UPI,Refunded,2024-04-19 14:16:25,44475.76,0.0
908025,707720,Credit Card,Completed,2023-12-15 20:50:54,8940.6,160.93
908026,707721,UPI,Completed,2023-11-29 15:06:31,2275.14,0.0
908027,707722,Net Banking,Failed,2023-06-18 20:10:27,108552.95,0.0
908028,707722,Net Banking,Failed,2023-06-18 20:00:27,108552.95,0.0
908029,707723,UPI,Completed,2025-08-23 21:20:25,926.36,0.0
908030,707724,Cash on Delivery,Completed,2023-05-27 17:56:16,433.65,0.0
908031,707725,Cash on Delivery,Completed,2024-01-29 19:06:49,14966.27,0.0
908032,707726,Credit Card,Refunded,2023-03-21 17:03:33,4102.74,73.85
908033,707727,UPI,Completed,2025-07-20 18:23:21,4172.32,0.0
908034,707728,UPI,Completed,2023-03-10 23:30:37,3407.97,0.0
908035,707729,Debit Card,Failed,2024-02-20 13:59:32,3334.92,60.03
908036,707730,Debit Card,Failed,2024-12-02 17:40:02,19987.48,359.77
908037,707731,Debit Card,Completed,2024-07-07 13:36:35,54190.91,975.44
908038,707732,Credit Card,Failed,2024-01-19 21:19:45,42922.88,772.61
908039,707733,UPI,Completed,2024-01-08 15:30:40,112362.94,0.0
908040,707734,Net Banking,Completed,2025-08-07 17:18:20,133451.02,0.0
908041,707735,UPI,Completed,2025-12-13 19:43:29,272861.99,0.0
908042,707736,Debit Card,Completed,2024-04-19 20:40:50,113602.8,2044.85
908043,707737,Net Banking,Completed,2023-03-09 20:32:42,223941.84,0.0
908044,707738,Cash on Delivery,Refunded,2023-03-04 18:55:26,48933.48,0.0
908045,707739,UPI,Completed,2025-06-24 23:46:14,39532.37,0.0
908046,707740,UPI,Completed,2024-11-11 17:19:05,37796.86,0.0
908047,707741,Debit Card,Refunded,2025-07-23 19:23:09,60114.31,1082.06
908048,707742,UPI,Completed,2025-04-20 20:59:41,132420.02,0.0
908049,707743,Cash on Delivery,Completed,2025-10-27 14:10:24,272277.11,0.0
908050,707744,Cash on Delivery,Completed,2025-10-17 12:39:36,3663.04,0.0
908051,707745,UPI,Completed,2025-07-28 21:03:52,18459.58,0.0
908052,707746,Debit Card,Completed,2024-09-27 18:37:09,7371.76,132.69
908053,707747,Credit Card,Completed,2024-02-20 18:25:15,5800.86,104.42
908054,707748,Cash on Delivery,Completed,2024-10-17 19:17:59,10026.91,0.0
908055,707749,UPI,Refunded,2024-10-14 16:43:25,7427.91,0.0
908056,707750,Debit Card,Completed,2025-01-09 18:10:15,97150.66,1748.71
908057,707751,Debit Card,Refunded,2023-10-14 17:34:13,8130.96,146.36
908058,707752,Cash on Delivery,Completed,2025-02-28 19:14:14,89897.56,0.0
908059,707753,UPI,Completed,2024-09-02 22:15:41,126107.21,0.0
908060,707754,Debit Card,Completed,2025-01-21 13:20:59,42361.68,762.51
908061,707755,Cash on Delivery,Completed,2023-11-23 21:59:40,926.36,0.0
908062,707756,Cash on Delivery,Completed,2024-08-08 16:59:51,20680.45,0.0
908063,707757,Net Banking,Completed,2023-10-30 16:20:13,10760.17,0.0
908064,707758,UPI,Completed,2025-10-12 19:44:49,151561.55,0.0
908065,707758,UPI,Failed,2025-10-12 19:38:49,151561.55,0.0
908066,707759,Cash on Delivery,Pending,2024-10-06 16:54:34,4209708.0,0.0
908067,707760,UPI,Completed,2023-11-09 17:01:13,1667.45,0.0
908068,707761,Cash on Delivery,Completed,2023-03-13 19:54:05,11650.53,0.0
908069,707762,Debit Card,Failed,2025-03-24 16:32:45,14029.19,252.53
908070,707763,Wallet,Completed,2023-11-02 23:19:44,3709.04,0.0
908071,707764,Net Banking,Completed,2025-12-25 20:04:25,9720.2,0.0
908072,707765,Cash on Delivery,Completed,2024-11-01 15:49:26,869896.0,0.0
908073,707766,Net Banking,Completed,2024-01-26 19:55:46,119417.27,0.0
908074,707767,UPI,Completed,2025-03-02 23:10:22,117840.21,0.0
908075,707768,UPI,Completed,2024-01-08 15:52:56,373180.66,0.0
908076,707769,Credit Card,Completed,2025-08-26 21:23:12,56818.77,1022.74
908077,707770,Credit Card,Completed,2024-02-20 23:57:10,29366.87,528.6
908078,707771,UPI,Completed,2025-12-24 17:55:25,85140.05,0.0
908079,707772,UPI,Completed,2025-01-02 23:18:08,41232.59,0.0
908080,707773,Cash on Delivery,Pending,2025-09-23 16:33:01,142603.77,0.0
908081,707774,Net Banking,Completed,2023-05-08 14:03:48,10675.36,0.0
908082,707774,Net Banking,Failed,2023-05-08 13:47:48,10675.36,0.0
908083,707775,Net Banking,Completed,2024-04-20 19:29:48,11711.52,0.0
908084,707775,Net Banking,Failed,2024-04-20 19:20:48,11711.52,0.0
908085,707776,UPI,Pending,2025-05-30 20:18:35,6291.26,0.0
908086,707777,Wallet,Completed,2025-02-27 17:47:20,926.36,0.0
908087,707778,Debit Card,Completed,2023-10-19 15:58:12,5796.95,104.35
908088,707779,Net Banking,Completed,2024-05-01 20:14:07,84564.37,0.0
908089,707780,Cash on Delivery,Completed,2023-12-26 16:38:31,3726.37,0.0
908090,707781,UPI,Completed,2025-01-12 12:53:31,2047.94,0.0
908091,707781,UPI,Failed,2025-01-12 12:44:31,2047.94,0.0
908092,707782,Credit Card,Completed,2024-04-14 23:28:22,136961.63,2465.31
908093,707783,Cash on Delivery,Completed,2024-02-22 22:35:46,99122.77,0.0
908094,707784,Cash on Delivery,Completed,2023-10-28 23:33:43,5495.88,0.0
908095,707785,Cash on Delivery,Completed,2024-07-06 16:58:12,18437.02,0.0
908096,707786,Credit Card,Completed,2023-10-20 21:43:55,33794.46,608.3
908097,707787,Net Banking,Completed,2025-11-30 18:33:25,124707.03,0.0
908098,707788,Credit Card,Completed,2023-09-11 13:44:39,42778.54,770.01
908099,707789,UPI,Refunded,2025-10-30 23:58:22,122365.97,0.0
908100,707790,UPI,Completed,2024-08-02 19:38:42,2527.93,0.0
908101,707791,Debit Card,Completed,2024-05-25 21:43:37,3201.5,57.63
908102,707792,Net Banking,Completed,2023-11-13 16:56:57,4932.92,0.0
908103,707793,UPI,Completed,2025-02-03 23:00:05,2948.7,0.0
908104,707794,Debit Card,Completed,2025-04-06 16:46:31,157243.86,2830.39
908105,707795,Net Banking,Pending,2024-09-17 22:55:18,85439.34,0.0
908106,707796,UPI,Completed,2023-04-09 23:36:06,94005.88,0.0
908107,707797,Cash on Delivery,Completed,2025-11-01 19:04:00,16448.41,0.0
908108,707798,UPI,Completed,2025-12-20 18:48:13,62849.43,0.0
908109,707799,Debit Card,Failed,2024-08-05 18:40:28,101727.54,1831.1
908110,707800,UPI,Pending,2025-01-13 23:27:01,4095.88,0.0
908111,707801,UPI,Completed,2024-08-25 18:58:06,4931.95,0.0
908112,707802,UPI,Completed,2024-03-12 23:31:38,3454.29,0.0
908113,707803,Debit Card,Refunded,2023-05-14 16:57:03,880.04,15.84
908114,707804,Wallet,Completed,2024-09-01 23:19:11,10743.7,0.0
908115,707805,Net Banking,Completed,2025-08-24 19:27:45,2315.9,0.0
908116,707806,UPI,Completed,2023-01-28 23:10:39,9378.36,0.0
908117,707807,UPI,Completed,2024-12-13 20:51:17,15907.13,0.0
908118,707808,UPI,Failed,2025-10-14 21:01:22,71094.55,0.0
908119,707809,Wallet,Completed,2023-11-04 13:09:39,31999.44,0.0
908120,707810,Credit Card,Completed,2023-10-12 23:26:48,1750.41,31.51
908121,707811,UPI,Completed,2025-07-09 16:00:53,131930.95,0.0
908122,707812,Cash on Delivery,Failed,2023-12-17 18:31:09,151040.9,0.0
908123,707813,UPI,Completed,2023-10-18 17:33:49,2315.9,0.0
908124,707814,UPI,Completed,2024-05-25 13:36:42,10787.24,0.0
908125,707815,UPI,Completed,2024-06-13 19:40:08,11221.04,0.0
908126,707816,Cash on Delivery,Pending,2025-10-11 21:02:19,39867.51,0.0
908127,707817,Debit Card,Completed,2025-01-19 13:00:43,179589.09,3232.6
908128,707818,UPI,Completed,2024-07-02 21:15:56,54668.5,0.0
908129,707819,Credit Card,Completed,2024-11-01 19:10:29,3454.29,62.18
908130,707820,Cash on Delivery,Completed,2025-11-21 16:44:52,226319.44,0.0
908131,707821,Cash on Delivery,Completed,2023-07-11 19:10:55,6217.72,0.0
908132,707822,UPI,Completed,2023-10-28 15:27:55,87070.54,0.0
908133,707823,UPI,Refunded,2025-11-30 20:15:57,34504.98,0.0
908134,707824,Wallet,Completed,2025-11-24 15:00:04,136544.77,0.0
908135,707825,Debit Card,Completed,2023-10-08 23:27:30,515.39,9.28
908136,707826,UPI,Completed,2023-08-26 18:03:50,38276.34,0.0
908137,707827,Credit Card,Completed,2024-07-23 20:57:57,2401.53,43.23
908138,707828,UPI,Completed,2023-03-29 21:03:13,101274.16,0.0
908139,707829,Debit Card,Completed,2025-02-27 18:52:57,84440.0,1519.92
908140,707829,Debit Card,Failed,2025-02-27 18:42:57,84440.0,0.0
908141,707830,Cash on Delivery,Completed,2023-05-14 19:13:13,2763.43,0.0
908142,707831,UPI,Completed,2023-04-13 17:02:37,89022.55,0.0
908143,707832,Cash on Delivery,Completed,2024-10-05 21:57:51,8973.33,0.0
908144,707833,UPI,Completed,2025-11-25 23:02:42,880.04,0.0
908145,707834,Cash on Delivery,Completed,2024-07-31 23:03:46,468.85,0.0
908146,707835,Debit Card,Completed,2024-05-01 21:25:32,90271.28,1624.88
908147,707836,Wallet,Completed,2025-12-30 18:20:33,7583.79,0.0
908148,707837,Net Banking,Completed,2024-10-31 15:54:29,5495.88,0.0
908149,707838,UPI,Completed,2024-05-22 21:21:23,242263.63,0.0
908150,707839,UPI,Refunded,2024-06-03 19:19:09,880.04,0.0
908151,707840,Debit Card,Completed,2023-10-20 18:01:05,14448.49,260.07
908152,707841,UPI,Completed,2024-10-20 21:08:45,8038.32,0.0
908153,707842,Debit Card,Pending,2024-08-11 13:17:08,128746.8,2317.44
908154,707843,Credit Card,Completed,2024-01-01 18:27:24,65298.15,1175.37
908155,707844,UPI,Completed,2023-09-21 18:11:12,133577.36,0.0
908156,707845,UPI,Completed,2024-02-25 21:38:35,36563.53,0.0
908157,707846,UPI,Completed,2024-10-18 19:47:01,5982.22,0.0
908158,707847,Debit Card,Completed,2023-04-14 23:31:28,928.96,16.72
908159,707848,Debit Card,Completed,2023-09-10 21:03:18,1852.72,33.35
908160,707849,Credit Card,Completed,2025-11-15 13:13:24,32864.08,591.55
908161,707850,UPI,Completed,2024-11-06 23:58:31,207078.99,0.0
908162,707851,UPI,Completed,2023-04-23 15:46:29,236158.81,0.0
908163,707852,Cash on Delivery,Completed,2025-04-15 20:29:41,136963.13,0.0
908164,707853,Cash on Delivery,Completed,2023-04-20 19:55:49,236281.92,0.0
908165,707854,Cash on Delivery,Completed,2025-05-31 17:34:22,45277.36,0.0
908166,707855,UPI,Completed,2025-06-13 11:56:51,2991.11,0.0
908167,707856,Debit Card,Completed,2025-02-22 21:51:40,245923.48,4426.62
908168,707857,UPI,Completed,2025-05-25 20:37:04,83964.99,0.0
908169,707858,UPI,Completed,2023-05-29 23:36:31,34188.72,0.0
908170,707859,UPI,Completed,2025-05-20 22:45:31,4731.34,0.0
908171,707860,UPI,Completed,2023-08-13 22:59:06,62130.49,0.0
908172,707861,Debit Card,Completed,2024-04-07 15:56:41,197714.85,3558.87
908173,707862,Cash on Delivery,Completed,2025-11-12 18:36:33,12190.09,0.0
908174,707863,Cash on Delivery,Completed,2024-10-14 15:29:26,32060.76,0.0
908175,707864,Wallet,Completed,2025-12-06 09:29:20,118954.09,0.0
908176,707865,Cash on Delivery,Completed,2023-05-30 23:59:45,1760.08,0.0
908177,707866,UPI,Completed,2024-09-30 20:22:23,37745.44,0.0
908178,707867,Cash on Delivery,Completed,2023-04-21 20:51:38,4307.85,0.0
908179,707868,UPI,Completed,2025-01-28 18:33:25,26674.49,0.0
908180,707869,UPI,Completed,2023-05-16 15:05:23,5266.25,0.0
908181,707869,UPI,Failed,2023-05-16 14:48:23,5266.25,0.0
908182,707870,Wallet,Completed,2023-10-07 22:04:46,39211.09,0.0
908183,707871,Debit Card,Completed,2023-12-22 18:29:57,156687.19,2820.37
908184,707872,Credit Card,Failed,2025-06-12 21:56:26,926.36,16.67
908185,707873,Credit Card,Completed,2023-09-26 10:48:25,114517.09,2061.31
908186,707874,Debit Card,Completed,2025-09-26 18:03:24,5984.18,107.72
908187,707875,Wallet,Completed,2023-08-09 16:04:49,113513.15,0.0
908188,707876,Wallet,Completed,2023-03-02 23:30:26,492.71,0.0
908189,707877,Credit Card,Completed,2024-06-16 18:09:54,9149.17,164.69
908190,707878,Cash on Delivery,Completed,2025-12-19 10:47:49,522.41,0.0
908191,707879,UPI,Refunded,2023-07-06 18:45:28,161977.2,0.0
908192,707879,UPI,Failed,2023-07-06 18:39:28,161977.2,0.0
908193,707880,UPI,Completed,2023-06-21 22:42:15,171349.55,0.0
908194,707881,UPI,Completed,2025-06-14 15:52:44,13524.06,0.0
908195,707882,UPI,Completed,2024-02-26 14:28:23,111816.65,0.0
908196,707883,UPI,Completed,2025-05-11 18:11:15,182680.34,0.0
908197,707884,Wallet,Completed,2023-10-23 23:19:32,5961.04,0.0
908198,707885,Wallet,Completed,2024-09-07 18:03:20,35920.75,0.0
908199,707886,Debit Card,Completed,2023-12-27 21:13:56,421834.62,7593.02
908200,707887,Credit Card,Completed,2024-08-26 21:05:47,880.04,15.84
908201,707888,Credit Card,Completed,2025-07-06 19:25:13,72676.67,1308.18
908202,707889,Debit Card,Completed,2025-06-27 15:24:48,54862.14,987.52
908203,707890,UPI,Completed,2024-10-22 20:36:34,1250.59,0.0
908204,707891,Credit Card,Completed,2025-11-06 20:22:01,187355.61,3372.4
908205,707892,UPI,Refunded,2023-12-26 19:39:12,121361.54,0.0
908206,707893,UPI,Completed,2023-11-24 23:06:09,84237.87,0.0
908207,707894,Net Banking,Failed,2025-01-13 20:59:36,57495.43,0.0
908208,707895,UPI,Completed,2025-01-21 23:06:15,4449.84,0.0
908209,707896,UPI,Completed,2023-03-23 17:59:21,106859.77,0.0
908210,707897,Cash on Delivery,Completed,2025-01-05 16:54:26,108250.68,0.0
908211,707898,Debit Card,Completed,2024-05-21 23:30:07,205490.34,3698.83
908212,707899,Debit Card,Completed,2025-06-10 18:08:40,37515.79,675.28
908213,707900,UPI,Refunded,2025-08-14 16:44:07,38521.57,0.0
908214,707901,Debit Card,Completed,2024-11-11 20:57:59,7734.48,139.22
908215,707902,Debit Card,Completed,2023-01-04 14:41:00,202482.4,3644.68
908216,707903,Net Banking,Completed,2025-02-03 15:52:52,87613.17,0.0
908217,707904,UPI,Refunded,2025-06-12 17:46:56,104734.45,0.0
908218,707905,Debit Card,Completed,2023-12-08 22:21:34,8525.92,153.47
908219,707906,UPI,Completed,2024-09-13 23:28:46,50027.29,0.0
908220,707907,UPI,Completed,2025-12-04 23:08:06,8455.19,0.0
908221,707908,UPI,Failed,2024-02-05 20:27:55,5075.83,0.0
908222,707909,UPI,Completed,2023-11-08 23:37:12,1389.54,0.0
908223,707910,Debit Card,Completed,2023-10-30 19:56:07,10652.73,191.75
908224,707911,UPI,Completed,2024-11-14 23:19:41,11969.41,0.0
908225,707912,Cash on Delivery,Completed,2025-11-16 19:54:48,1526.54,0.0
908226,707913,UPI,Completed,2025-01-06 18:26:13,3998.27,0.0
908227,707914,UPI,Completed,2024-02-13 23:31:06,5223.84,0.0
908228,707915,UPI,Completed,2025-02-06 17:10:21,1852.72,0.0
908229,707916,Net Banking,Completed,2025-01-24 16:17:11,39960.15,0.0
908230,707917,UPI,Completed,2024-12-27 22:13:44,82609.37,0.0
908231,707918,Credit Card,Completed,2023-09-19 23:19:33,448.71,8.08
908232,707919,Debit Card,Completed,2025-02-01 23:41:41,14442.16,259.96
908233,707920,Debit Card,Completed,2024-08-04 13:54:54,1116.42,20.1
908234,707921,Wallet,Completed,2023-01-30 17:11:28,833.72,0.0
908235,707922,UPI,Completed,2024-11-04 14:37:00,8683.35,0.0
908236,707923,UPI,Completed,2025-12-25 20:55:07,5982.22,0.0
908237,707924,Cash on Delivery,Refunded,2024-04-22 16:21:33,12617.87,0.0
908238,707925,Debit Card,Completed,2025-12-03 12:45:31,45881.72,825.87
908239,707926,Cash on Delivery,Completed,2023-06-11 17:05:54,863.3,0.0
908240,707927,Cash on Delivery,Pending,2025-05-25 22:58:02,44375.38,0.0
908241,707928,Credit Card,Completed,2023-07-13 18:00:40,144104.86,2593.89
908242,707929,UPI,Completed,2024-01-06 20:08:59,3639.08,0.0
908243,707930,UPI,Completed,2024-11-29 16:34:30,1389.54,0.0
908244,707931,Credit Card,Completed,2024-12-23 20:49:53,5383.99,96.91
908245,707931,Credit Card,Failed,2024-12-23 20:46:53,5383.99,0.0
908246,707932,Cash on Delivery,Completed,2025-07-13 21:08:06,42670.75,0.0
908247,707933,UPI,Completed,2025-01-15 18:26:15,1181.11,0.0
908248,707934,Credit Card,Completed,2024-12-24 17:36:17,39503.23,711.06
908249,707935,UPI,Completed,2025-10-29 23:24:46,4924.63,0.0
908250,707936,Wallet,Completed,2024-08-27 19:38:36,141383.27,0.0
908251,707937,Credit Card,Completed,2023-11-09 19:54:44,5843.27,105.18
908252,707938,Credit Card,Completed,2023-09-23 15:57:19,3315.34,59.68
908253,707939,UPI,Failed,2024-06-23 15:15:44,1852.72,0.0
908254,707940,Cash on Delivery,Refunded,2025-05-07 12:12:31,3201.5,0.0
908255,707941,Credit Card,Completed,2023-03-16 19:55:56,472.94,8.51
908256,707942,Cash on Delivery,Completed,2023-08-06 16:33:42,43023.43,0.0
908257,707943,Wallet,Completed,2023-06-29 18:26:25,6815.94,0.0
908258,707944,Cash on Delivery,Completed,2024-12-17 18:50:32,259959.0,0.0
908259,707945,Credit Card,Completed,2023-11-28 19:06:21,3991.51,71.85
908260,707946,Cash on Delivery,Completed,2023-09-30 13:11:18,37338.63,0.0
908261,707947,Net Banking,Completed,2024-12-23 14:29:00,488289.73,0.0
908262,707948,Wallet,Failed,2025-06-26 11:36:07,515.24,0.0
908263,707949,UPI,Completed,2024-03-27 17:02:55,53862.78,0.0
908264,707950,UPI,Completed,2024-12-08 23:31:25,85707.99,0.0
908265,707951,UPI,Completed,2023-06-15 18:27:30,1450.29,0.0
908266,707952,Cash on Delivery,Completed,2025-11-09 17:29:22,8094.53,0.0
908267,707953,UPI,Completed,2024-04-03 19:12:32,6177.41,0.0
908268,707954,Debit Card,Completed,2025-12-30 23:10:52,100801.18,1814.42
908269,707955,UPI,Completed,2025-12-18 20:38:20,3108.86,0.0
908270,707956,UPI,Completed,2025-07-17 16:44:34,3911.34,0.0
908271,707957,Credit Card,Refunded,2023-02-01 16:13:54,926.36,16.67
908272,707958,Credit Card,Completed,2024-11-06 18:31:25,133684.15,2406.31
908273,707959,Debit Card,Completed,2023-05-27 23:26:47,15584.44,280.52
908274,707960,UPI,Completed,2025-10-21 19:10:17,1882.01,0.0
908275,707961,UPI,Completed,2025-07-30 12:14:49,7037.19,0.0
908276,707962,Debit Card,Completed,2025-12-11 16:31:51,2775.4,49.96
908277,707963,UPI,Completed,2025-01-06 20:47:49,5519.04,0.0
908278,707964,Credit Card,Completed,2024-10-25 15:43:10,167873.04,3021.71
908279,707965,UPI,Completed,2024-10-23 19:38:14,199164.24,0.0
908280,707966,UPI,Completed,2024-06-04 15:40:41,7648.1,0.0
908281,707967,Debit Card,Completed,2024-09-18 23:14:05,101027.37,1818.49
908282,707968,Wallet,Completed,2025-02-02 21:32:26,8417.51,0.0
908283,707969,UPI,Completed,2025-11-08 15:16:49,926.36,0.0
908284,707970,Cash on Delivery,Completed,2024-12-26 20:33:58,14506.19,0.0
908285,707971,UPI,Completed,2025-10-03 23:00:29,5519.04,0.0
908286,707972,Wallet,Completed,2025-10-06 19:25:39,23414.72,0.0
908287,707973,UPI,Completed,2024-10-23 23:35:09,106758.08,0.0
908288,707974,Cash on Delivery,Completed,2024-04-18 14:42:05,46593.06,0.0
908289,707975,UPI,Completed,2025-02-08 15:29:43,55327.53,0.0
908290,707976,Credit Card,Completed,2024-08-18 21:46:36,137812.27,2480.62
908291,707977,Debit Card,Completed,2023-05-20 21:52:01,50897.24,916.15
908292,707978,Debit Card,Completed,2024-05-25 20:04:37,4478.26,80.61
908293,707979,Net Banking,Failed,2025-12-28 19:44:38,46195.16,0.0
908294,707980,UPI,Pending,2023-03-27 23:07:54,648.45,0.0
908295,707981,UPI,Completed,2025-04-19 19:24:05,6095.18,0.0
908296,707982,Wallet,Completed,2025-09-19 22:19:01,93835.18,0.0
908297,707983,Debit Card,Completed,2025-02-19 16:53:10,5982.22,107.68
908298,707984,Cash on Delivery,Completed,2024-11-27 15:54:51,172711.7,0.0
908299,707985,Cash on Delivery,Completed,2025-05-02 20:49:58,234151.01,0.0
908300,707986,Cash on Delivery,Completed,2024-08-03 15:01:35,81868.01,0.0
908301,707987,UPI,Completed,2023-06-03 18:15:22,125820.77,0.0
908302,707988,Net Banking,Failed,2025-11-30 20:05:35,344229.37,0.0
908303,707988,Net Banking,Failed,2025-11-30 19:54:35,344229.37,0.0
908304,707989,UPI,Completed,2024-08-06 23:41:55,37099.09,0.0
908305,707990,Wallet,Refunded,2025-03-12 17:02:53,14359.88,0.0
908306,707991,Wallet,Completed,2024-10-30 17:34:40,2047.94,0.0
908307,707992,Cash on Delivery,Completed,2023-04-07 23:36:46,1181.11,0.0
908308,707993,Debit Card,Completed,2025-11-19 13:25:49,926.36,16.67
908309,707994,UPI,Failed,2025-08-02 17:32:04,34291.84,0.0
908310,707995,UPI,Completed,2023-09-02 23:53:03,5003.41,0.0
908311,707996,UPI,Completed,2025-12-20 23:47:37,227927.99,0.0
908312,707997,Cash on Delivery,Completed,2025-05-29 19:01:13,4068.98,0.0
908313,707998,Wallet,Completed,2024-09-23 17:02:53,245864.24,0.0
908314,707999,UPI,Completed,2025-01-10 12:33:10,89063.25,0.0
908315,708000,UPI,Completed,2023-06-30 19:32:17,6445.4,0.0
908316,708001,Credit Card,Completed,2024-11-15 21:39:42,8418.85,151.54
908317,708002,UPI,Completed,2023-05-09 18:18:48,11593.9,0.0
908318,708003,UPI,Completed,2024-11-07 23:11:05,11105.6,0.0
908319,708004,Debit Card,Completed,2024-11-11 14:02:22,741.09,13.34
908320,708005,Credit Card,Completed,2025-10-12 16:31:02,102786.48,1850.16
908321,708006,Debit Card,Completed,2025-05-18 21:21:08,15630.76,281.35
908322,708007,Credit Card,Completed,2023-12-09 17:13:24,1702.55,30.65
908323,708008,Credit Card,Completed,2025-10-18 22:33:50,568.79,10.24
908324,708009,Wallet,Refunded,2024-12-01 20:30:06,8021.8,0.0
908325,708010,Wallet,Completed,2025-01-04 14:17:31,79410.8,0.0
908326,708011,Credit Card,Completed,2023-10-02 22:02:47,7082.58,127.49
908327,708012,Credit Card,Refunded,2025-10-04 23:07:17,8510.15,153.18
908328,708013,Cash on Delivery,Completed,2025-11-07 23:15:51,8640.55,0.0
908329,708014,Credit Card,Completed,2025-07-12 15:40:22,1574.81,28.35
908330,708015,UPI,Completed,2025-11-11 13:51:27,16225.5,0.0
908331,708016,Debit Card,Completed,2024-02-11 23:26:29,3257.83,58.64
908332,708017,Credit Card,Completed,2025-10-05 14:46:08,254118.48,4574.13
908333,708018,UPI,Completed,2024-10-07 23:51:13,114375.5,0.0
908334,708019,UPI,Completed,2023-09-26 23:25:59,152203.01,0.0
908335,708020,Credit Card,Completed,2025-03-16 19:13:08,139280.28,2507.05
908336,708021,Debit Card,Completed,2025-04-04 23:34:59,145565.48,2620.18
908337,708022,UPI,Completed,2024-01-24 15:46:28,71172.04,0.0
908338,708023,UPI,Completed,2023-02-15 18:53:47,41784.23,0.0
908339,708024,Net Banking,Failed,2023-10-23 13:28:47,787.41,0.0
908340,708025,Cash on Delivery,Completed,2024-06-23 22:05:29,202482.4,0.0
908341,708026,Credit Card,Completed,2023-10-01 21:20:34,12191.42,219.45
908342,708027,Debit Card,Completed,2023-10-19 19:25:50,787.41,14.17
908343,708027,Debit Card,Failed,2023-10-19 19:10:50,787.41,0.0
908344,708028,Credit Card,Completed,2024-06-11 15:21:19,10026.91,180.48
908345,708029,Cash on Delivery,Completed,2025-11-29 11:14:44,28703.79,0.0
908346,708030,Debit Card,Failed,2025-06-30 16:13:25,77817.86,1400.72
908347,708031,Debit Card,Completed,2024-03-09 16:48:07,6079.86,109.44
908348,708032,UPI,Completed,2025-11-18 13:42:51,102221.55,0.0
908349,708033,Cash on Delivery,Completed,2025-02-15 19:03:57,3454.29,0.0
908350,708034,UPI,Completed,2024-09-01 14:11:06,12737.46,0.0
908351,708035,Credit Card,Completed,2024-09-18 17:36:35,4085.45,73.54
908352,708036,Credit Card,Completed,2024-07-08 17:34:28,149903.07,2698.26
908353,708037,Credit Card,Completed,2023-11-14 20:31:46,239638.82,4313.5
908354,708038,Net Banking,Completed,2024-06-05 23:14:12,7977.49,0.0
908355,708039,Credit Card,Failed,2024-10-28 18:36:51,83137.31,1496.47
908356,708040,Cash on Delivery,Completed,2024-10-28 23:45:47,58506.01,0.0
908357,708041,UPI,Completed,2025-06-27 21:05:11,498.67,0.0
908358,708042,Credit Card,Completed,2024-05-04 23:39:09,4438.39,79.89
908359,708043,Credit Card,Completed,2025-05-11 23:00:47,122956.37,2213.21
908360,708044,Cash on Delivery,Refunded,2024-12-08 19:17:45,210883.54,0.0
908361,708045,UPI,Completed,2025-11-29 15:56:20,120710.49,0.0
908362,708046,UPI,Completed,2024-06-03 17:45:18,8903.85,0.0
908363,708047,UPI,Completed,2025-10-24 23:05:14,5939.81,0.0
908364,708048,Debit Card,Completed,2025-08-27 21:55:26,2029.26,36.53
908365,708049,Credit Card,Completed,2025-02-05 18:15:34,47682.49,858.28
908366,708050,Net Banking,Completed,2025-02-26 23:05:15,1769.55,0.0
908367,708050,Net Banking,Failed,2025-02-26 22:57:15,1769.55,0.0
908368,708051,Credit Card,Completed,2023-05-24 18:15:35,4801.82,86.43
908369,708052,Cash on Delivery,Pending,2025-11-16 13:47:29,106515.64,0.0
908370,708053,UPI,Failed,2023-06-30 17:25:04,61461.26,0.0
908371,708054,UPI,Failed,2024-11-18 10:31:43,3809.64,0.0
908372,708055,Credit Card,Completed,2024-03-24 19:23:56,18836.39,339.06
908373,708056,UPI,Completed,2024-08-04 23:20:34,5337.95,0.0
908374,708057,UPI,Completed,2025-01-08 18:00:25,10787.6,0.0
908375,708058,Wallet,Completed,2025-10-28 19:09:51,83189.32,0.0
908376,708059,Debit Card,Completed,2024-09-03 12:04:47,22038.95,396.7
908377,708060,UPI,Completed,2025-12-24 23:45:58,648.45,0.0
908378,708061,Cash on Delivery,Completed,2024-12-23 22:37:13,9251.24,0.0
908379,708062,Credit Card,Completed,2023-09-21 22:58:50,111759.71,2011.67
908380,708063,Debit Card,Completed,2023-10-16 13:50:33,20312.66,365.63
908381,708064,UPI,Completed,2025-05-10 14:14:09,39006.65,0.0
908382,708065,Credit Card,Completed,2023-03-30 23:43:58,144315.54,2597.68
908383,708066,Wallet,Pending,2024-10-02 19:33:15,252396.65,0.0
908384,708067,UPI,Completed,2023-08-31 18:19:17,787.41,0.0
908385,708068,UPI,Completed,2024-08-07 18:13:19,206588.04,0.0
908386,708069,UPI,Completed,2025-06-13 23:31:18,118954.09,0.0
908387,708070,UPI,Completed,2024-09-05 17:05:51,787.41,0.0
908388,708071,Cash on Delivery,Completed,2023-09-26 20:30:47,2205.08,0.0
908389,708072,UPI,Completed,2023-12-13 23:13:37,1389.54,0.0
908390,708073,Cash on Delivery,Completed,2024-05-14 22:05:03,7649.72,0.0
908391,708074,UPI,Completed,2023-05-03 15:28:58,1389.54,0.0
908392,708075,UPI,Completed,2024-12-16 12:18:41,529.13,0.0
908393,708076,Credit Card,Completed,2025-01-05 17:51:11,1389.54,25.01
908394,708077,Cash on Delivery,Refunded,2023-04-21 21:01:42,1339.78,0.0
908395,708078,Net Banking,Completed,2024-06-27 14:19:09,119544.2,0.0
908396,708079,UPI,Completed,2024-07-13 18:24:13,10347.22,0.0
908397,708080,UPI,Completed,2024-03-29 18:10:27,6922.46,0.0
908398,708081,UPI,Completed,2024-11-14 18:35:29,146134.25,0.0
908399,708082,Cash on Delivery,Completed,2024-04-16 23:58:34,10574.9,0.0
908400,708083,UPI,Completed,2024-07-16 17:44:30,75970.6,0.0
908401,708084,Cash on Delivery,Completed,2025-08-06 23:11:36,9090.92,0.0
908402,708085,Credit Card,Completed,2023-09-23 21:55:01,8555.1,153.99
908403,708086,UPI,Refunded,2025-01-20 14:23:50,14670.28,0.0
908404,708087,Credit Card,Completed,2024-10-16 19:05:44,151595.47,2728.72
908405,708088,Debit Card,Completed,2024-02-16 14:33:46,2797.19,50.35
908406,708089,Debit Card,Failed,2025-05-20 22:11:13,24604.7,442.88
908407,708090,Credit Card,Completed,2024-11-10 16:30:26,1852.72,33.35
908408,708091,Credit Card,Completed,2024-09-30 18:57:07,351387.13,6324.97
908409,708092,Debit Card,Refunded,2025-03-15 14:53:32,24718.54,444.93
908410,708092,Debit Card,Failed,2025-03-15 14:38:32,24718.54,0.0
908411,708093,UPI,Completed,2025-08-10 14:01:52,191625.1,0.0
908412,708094,Debit Card,Completed,2025-12-11 17:23:53,15642.34,281.56
908413,708095,Credit Card,Completed,2025-01-28 13:37:47,11375.68,204.76
908414,708096,Credit Card,Completed,2025-10-12 20:47:58,5930.88,106.76
908415,708097,Wallet,Completed,2023-01-03 18:03:48,516.15,0.0
908416,708098,Debit Card,Completed,2024-10-30 12:53:28,5982.22,107.68
908417,708099,Cash on Delivery,Completed,2023-11-02 22:59:08,1646.58,0.0
908418,708100,UPI,Completed,2023-06-08 14:10:55,3877.66,0.0
908419,708101,Cash on Delivery,Completed,2024-10-31 21:14:14,9447.83,0.0
908420,708102,UPI,Completed,2025-06-09 17:41:03,6445.4,0.0
908421,708103,Credit Card,Completed,2024-07-11 20:13:30,52253.31,940.56
908422,708104,UPI,Refunded,2025-03-18 16:52:13,6657.07,0.0
908423,708105,Debit Card,Completed,2024-10-07 16:51:54,73522.32,1323.4
908424,708106,Wallet,Completed,2024-08-10 16:42:05,3411.95,0.0
908425,708107,UPI,Completed,2024-01-27 17:32:54,2315.9,0.0
908426,708108,UPI,Completed,2024-05-30 23:25:54,1389.54,0.0
908427,708109,UPI,Completed,2024-04-22 14:19:14,2497.37,0.0
908428,708110,Debit Card,Completed,2025-02-16 17:45:19,45689.58,822.41
908429,708111,Credit Card,Completed,2023-07-16 21:41:45,144414.16,2599.45
908430,708112,UPI,Completed,2023-06-05 23:52:22,6793.34,0.0
908431,708113,UPI,Completed,2025-03-05 18:26:40,5826.49,0.0
908432,708114,Debit Card,Failed,2024-11-08 14:14:03,14318.88,257.74
908433,708115,UPI,Completed,2024-08-04 21:56:02,11501.26,0.0
908434,708116,UPI,Completed,2023-09-08 17:07:23,1765.06,0.0
908435,708117,Net Banking,Completed,2024-07-09 17:00:54,787.41,0.0
908436,708118,Debit Card,Failed,2025-07-30 23:53:34,14378.45,258.81
908437,708119,Wallet,Completed,2025-10-19 14:38:17,137200.71,0.0
908438,708120,Debit Card,Completed,2025-04-26 19:54:49,1111.63,20.01
908439,708121,UPI,Completed,2023-04-17 16:12:15,145122.07,0.0
908440,708122,UPI,Completed,2025-03-18 17:53:39,14109.99,0.0
908441,708123,UPI,Completed,2023-11-25 17:55:54,161021.76,0.0
908442,708124,Wallet,Completed,2024-03-02 15:21:55,104078.92,0.0
908443,708125,Debit Card,Completed,2023-10-21 15:00:40,110379.89,1986.84
908444,708126,Debit Card,Completed,2025-07-13 18:45:19,105003.45,1890.06
908445,708127,Credit Card,Failed,2025-02-19 18:36:56,147793.72,2660.29
908446,708128,UPI,Completed,2025-01-11 17:13:54,7138.58,0.0
908447,708129,Debit Card,Completed,2025-03-15 18:25:20,139225.29,2506.06
908448,708130,Cash on Delivery,Completed,2023-11-19 20:56:38,26421.78,0.0
908449,708131,Cash on Delivery,Completed,2024-08-17 18:07:40,6387.25,0.0
908450,708132,Wallet,Completed,2025-01-31 10:46:16,1250.59,0.0
908451,708133,UPI,Completed,2025-02-04 13:32:59,11030.81,0.0
908452,708133,UPI,Failed,2025-02-04 13:16:59,11030.81,0.0
908453,708134,UPI,Completed,2025-08-01 23:50:04,6338.6,0.0
908454,708135,Debit Card,Completed,2024-01-24 13:01:35,7347.6,132.26
908455,708136,Cash on Delivery,Completed,2025-07-07 22:28:51,100801.18,0.0
908456,708137,Debit Card,Refunded,2024-08-13 19:38:46,8046.97,144.85
908457,708138,Cash on Delivery,Completed,2025-03-18 16:23:23,14444.19,0.0
908458,708139,UPI,Completed,2024-09-01 18:15:54,8319.8,0.0
908459,708140,Debit Card,Failed,2025-11-15 19:20:12,9310.39,167.59
908460,708141,Credit Card,Completed,2023-10-09 14:52:59,6359.88,114.48
908461,708142,Wallet,Completed,2025-03-24 14:59:42,283887.23,0.0
908462,708142,Wallet,Failed,2025-03-24 14:56:42,283887.23,0.0
908463,708143,Cash on Delivery,Completed,2024-12-06 12:02:08,2956.08,0.0
908464,708144,Debit Card,Completed,2023-10-05 17:31:53,8098.8,145.78
908465,708145,UPI,Completed,2023-04-28 17:14:21,2986.9,0.0
908466,708146,UPI,Completed,2025-08-08 23:35:30,17103.35,0.0
908467,708147,Credit Card,Completed,2023-09-16 21:37:31,151477.44,2726.59
908468,708148,UPI,Completed,2023-10-14 14:45:33,80857.75,0.0
908469,708149,Cash on Delivery,Pending,2025-12-18 13:22:05,1320.06,0.0
908470,708150,UPI,Completed,2025-05-11 17:02:45,159562.69,0.0
908471,708151,Credit Card,Pending,2023-12-10 23:07:40,53844.75,969.21
908472,708152,Net Banking,Completed,2024-12-22 18:45:32,108720.93,0.0
908473,708153,UPI,Completed,2024-11-01 19:57:45,6145.49,0.0
908474,708154,Credit Card,Completed,2025-09-23 17:41:37,48023.64,864.43
908475,708155,UPI,Completed,2025-05-22 20:39:50,833.72,0.0
908476,708156,UPI,Completed,2025-09-08 17:09:00,164093.26,0.0
908477,708157,UPI,Completed,2023-10-31 17:51:23,72628.35,0.0
908478,708158,Credit Card,Completed,2025-02-08 17:22:55,40886.51,735.96
908479,708159,Wallet,Completed,2023-03-11 23:18:14,107197.66,0.0
908480,708160,Net Banking,Completed,2023-05-02 19:23:57,10876.97,0.0
908481,708161,Debit Card,Completed,2025-05-08 21:09:44,2784.51,50.12
908482,708162,Cash on Delivery,Failed,2023-02-10 17:14:15,1389.54,0.0
908483,708163,Debit Card,Completed,2024-12-10 16:13:07,133340.13,2400.12
908484,708163,Debit Card,Failed,2024-12-10 16:11:07,133340.13,0.0
908485,708164,UPI,Completed,2025-09-19 18:14:01,9980.59,0.0
908486,708165,Cash on Delivery,Completed,2024-05-27 18:50:00,7195.4,0.0
908487,708166,UPI,Completed,2023-03-20 16:04:07,1181.11,0.0
908488,708167,Cash on Delivery,Completed,2025-05-08 16:36:29,64447.56,0.0
908489,708168,Credit Card,Completed,2025-11-06 21:10:04,6249.59,112.49
908490,708169,Cash on Delivery,Completed,2025-05-11 14:19:47,1852.72,0.0
908491,708170,UPI,Completed,2024-12-08 17:03:21,4334.3,0.0
908492,708171,UPI,Completed,2023-11-12 21:48:40,141145.83,0.0
908493,708172,Debit Card,Completed,2023-01-26 20:01:50,5055.86,91.01
908494,708173,Cash on Delivery,Completed,2025-04-17 21:09:33,12619.49,0.0
908495,708174,Credit Card,Completed,2023-11-13 21:59:25,243369.8,4380.66
908496,708175,UPI,Completed,2025-10-04 14:05:37,97836.97,0.0
908497,708176,UPI,Failed,2024-09-15 22:49:01,8130.96,0.0
908498,708177,UPI,Completed,2024-10-30 16:09:58,202991.9,0.0
908499,708178,Debit Card,Completed,2025-06-18 21:22:21,7822.86,140.81
908500,708179,UPI,Completed,2025-07-18 18:52:33,1565.45,0.0
908501,708180,Debit Card,Completed,2025-02-11 17:45:58,239836.99,4317.07
908502,708181,Net Banking,Completed,2025-11-10 17:55:10,8504.46,0.0
908503,708182,Cash on Delivery,Completed,2025-12-21 18:48:08,6500.6,0.0
908504,708183,UPI,Completed,2025-11-14 21:39:16,57544.35,0.0
908505,708184,Wallet,Completed,2025-08-31 23:44:18,3188.94,0.0
908506,708185,Wallet,Completed,2025-04-30 16:35:20,6445.4,0.0
908507,708186,Wallet,Completed,2025-03-09 20:59:03,5633.22,0.0
908508,708187,UPI,Refunded,2023-06-25 09:07:01,3075.1,0.0
908509,708188,UPI,Completed,2024-01-02 16:17:46,51326.95,0.0
908510,708189,Debit Card,Completed,2023-01-12 21:47:43,1389.54,25.01
908511,708190,UPI,Completed,2023-08-14 23:33:45,79735.03,0.0
908512,708191,Cash on Delivery,Completed,2024-08-12 17:49:53,537.36,0.0
908513,708192,UPI,Completed,2023-08-29 13:36:16,13691.34,0.0
908514,708193,UPI,Completed,2025-10-24 16:55:58,1378.77,0.0
908515,708194,Debit Card,Completed,2025-08-12 16:09:18,8371.2,150.68
908516,708195,Credit Card,Pending,2023-05-06 16:46:18,4485.84,80.75
908517,708196,Cash on Delivery,Completed,2023-12-08 13:16:28,178901.05,0.0
908518,708197,Debit Card,Completed,2025-08-25 19:15:30,147160.14,2648.88
908519,708198,Net Banking,Completed,2025-08-10 08:20:22,455.41,0.0
908520,708199,Debit Card,Failed,2025-11-14 15:16:07,11014.92,198.27
908521,708200,UPI,Failed,2025-12-30 14:07:35,132023.14,0.0
908522,708201,UPI,Completed,2025-12-15 18:36:08,223633.07,0.0
908523,708202,UPI,Completed,2024-07-08 17:56:12,91658.62,0.0
908524,708203,Net Banking,Refunded,2023-12-10 20:08:34,5704.31,0.0
908525,708204,Credit Card,Failed,2025-06-23 16:06:37,83655.13,1505.79
908526,708205,Debit Card,Completed,2024-02-07 14:11:49,55617.09,1001.11
908527,708206,UPI,Completed,2025-08-12 23:17:23,509.63,0.0
908528,708207,UPI,Completed,2024-11-01 15:38:09,4375.25,0.0
908529,708208,Net Banking,Completed,2025-08-03 21:12:14,6658.04,0.0
908530,708209,UPI,Completed,2024-01-09 17:26:18,4595.53,0.0
908531,708210,Debit Card,Completed,2024-10-17 11:31:07,11664.75,209.97
908532,708211,Credit Card,Completed,2024-11-20 15:03:31,5476.63,98.58
908533,708212,UPI,Completed,2025-11-13 13:21:33,134059.04,0.0
908534,708213,UPI,Completed,2023-12-28 11:49:48,13336.12,0.0
908535,708214,UPI,Failed,2025-11-10 23:09:15,5223.84,0.0
908536,708215,Net Banking,Refunded,2025-08-11 18:44:20,3062.55,0.0
908537,708216,UPI,Failed,2025-05-24 12:18:38,13188.78,0.0
908538,708217,UPI,Completed,2025-07-26 17:20:09,121810.43,0.0
908539,708218,Net Banking,Completed,2025-01-02 22:19:02,1644.31,0.0
908540,708219,Cash on Delivery,Completed,2023-11-30 20:29:51,4712.33,0.0
908541,708220,UPI,Completed,2023-10-16 11:39:13,16428.06,0.0
908542,708221,UPI,Completed,2025-10-08 18:39:44,324231.78,0.0
908543,708222,Debit Card,Completed,2025-05-18 20:38:59,212106.59,3817.92
908544,708223,Cash on Delivery,Failed,2023-11-01 19:51:55,11545.53,0.0
908545,708224,UPI,Completed,2025-01-15 23:10:51,34012.44,0.0
908546,708225,Debit Card,Completed,2024-08-21 23:45:51,1320.06,23.76
908547,708226,Wallet,Completed,2023-09-18 23:54:05,82603.77,0.0
908548,708227,Cash on Delivery,Completed,2024-10-31 18:57:10,111561.37,0.0
908549,708228,Debit Card,Refunded,2024-01-18 18:03:05,110071.67,1981.29
908550,708229,Credit Card,Completed,2023-06-11 23:26:24,107262.38,1930.72
908551,708230,UPI,Completed,2024-09-16 18:07:44,1389.54,0.0
908552,708231,Cash on Delivery,Completed,2024-12-22 15:22:37,47633.31,0.0
908553,708232,Credit Card,Completed,2023-03-24 23:19:16,161697.9,2910.56
908554,708233,Credit Card,Completed,2024-06-26 19:49:17,36546.72,657.84
908555,708234,UPI,Completed,2023-12-21 19:28:46,207835.91,0.0
908556,708235,Cash on Delivery,Completed,2023-02-21 20:38:06,8127.13,0.0
908557,708236,UPI,Completed,2023-08-01 19:25:09,3847.47,0.0
908558,708237,Cash on Delivery,Completed,2023-08-16 23:57:03,4014.64,0.0
908559,708238,Debit Card,Completed,2023-10-12 15:02:29,797.72,14.36
908560,708239,Debit Card,Completed,2025-08-10 15:13:45,6502.22,117.04
908561,708240,Debit Card,Completed,2024-08-12 23:35:37,6445.4,116.02
908562,708241,Debit Card,Completed,2023-08-30 19:13:42,86099.33,1549.79
908563,708242,Credit Card,Completed,2023-06-18 14:11:04,162831.03,2930.96
908564,708243,UPI,Completed,2024-02-05 23:57:48,45360.53,0.0
908565,708244,UPI,Completed,2025-08-07 14:41:55,5555.11,0.0
908566,708245,Cash on Delivery,Pending,2024-05-10 18:21:47,106427.03,0.0
908567,708246,Debit Card,Completed,2023-09-20 18:22:54,134674.66,2424.14
908568,708247,UPI,Completed,2024-06-29 23:49:57,267191.72,0.0
908569,708248,Credit Card,Completed,2024-11-12 07:00:02,113008.29,2034.15
908570,708249,Debit Card,Completed,2023-02-19 17:16:29,96184.88,1731.33
908571,708250,Debit Card,Completed,2025-01-26 11:41:25,8046.97,144.85
908572,708251,Cash on Delivery,Completed,2024-06-16 14:09:58,30365.27,0.0
908573,708252,Credit Card,Failed,2023-01-20 23:34:28,79568.17,1432.23
908574,708253,UPI,Pending,2025-03-22 17:25:34,8249.91,0.0
908575,708254,Credit Card,Completed,2025-05-06 21:27:46,7326.26,131.87
908576,708255,Debit Card,Refunded,2025-01-27 23:39:24,6428.59,115.71
908577,708256,UPI,Completed,2024-04-10 15:30:15,11519.03,0.0
908578,708257,UPI,Completed,2024-10-29 23:28:23,13039.7,0.0
908579,708257,UPI,Failed,2024-10-29 23:09:23,13039.7,0.0
908580,708258,UPI,Completed,2024-06-05 17:17:07,2898.47,0.0
908581,708259,Wallet,Failed,2025-04-24 20:32:36,5519.04,0.0
908582,708260,UPI,Failed,2024-12-15 23:58:09,93128.31,0.0
908583,708260,UPI,Failed,2024-12-15 23:41:09,93128.31,0.0
908584,708261,Cash on Delivery,Completed,2023-05-20 21:38:00,37985.3,0.0
908585,708262,Credit Card,Completed,2025-02-12 18:41:58,8145.47,146.62
908586,708263,Cash on Delivery,Pending,2025-04-08 22:34:43,166905.06,0.0
908587,708264,Debit Card,Completed,2024-05-17 17:33:11,95975.9,1727.57
908588,708265,UPI,Completed,2025-10-12 20:27:16,74812.63,0.0
908589,708266,Debit Card,Completed,2025-09-21 18:00:08,55850.15,1005.3
908590,708267,Credit Card,Completed,2023-10-07 16:11:43,1389.54,25.01
908591,708268,Credit Card,Completed,2025-10-26 16:05:44,9352.89,168.35
908592,708269,UPI,Completed,2024-08-13 22:52:23,50568.5,0.0
908593,708270,Debit Card,Completed,2025-05-17 16:11:54,8874.66,159.74
908594,708271,Debit Card,Completed,2025-08-19 15:03:19,5106.34,91.91
908595,708272,UPI,Completed,2024-10-16 23:12:48,133249.66,0.0
908596,708273,UPI,Completed,2024-06-22 20:43:46,349181.61,0.0
908597,708274,Cash on Delivery,Completed,2025-10-31 23:45:07,56506.45,0.0
908598,708275,Cash on Delivery,Completed,2023-11-13 11:56:38,880.04,0.0
908599,708276,Cash on Delivery,Completed,2023-12-20 20:49:16,148191.95,0.0
908600,708277,Cash on Delivery,Pending,2024-05-07 19:28:28,3816.19,0.0
908601,708278,Debit Card,Completed,2025-10-05 22:13:53,520.57,9.37
908602,708279,Cash on Delivery,Completed,2025-11-11 15:43:43,11799.96,0.0
908603,708280,Credit Card,Refunded,2023-11-06 16:52:59,49431.24,889.76
908604,708281,UPI,Completed,2025-10-07 14:48:39,110677.12,0.0
908605,708282,Credit Card,Completed,2023-12-21 19:24:44,75044.24,1350.8
908606,708283,Cash on Delivery,Completed,2025-12-09 18:26:29,7367.9,0.0
908607,708284,Cash on Delivery,Completed,2024-12-27 18:57:30,3917.47,0.0
908608,708285,UPI,Completed,2023-01-14 22:53:59,29056.7,0.0
908609,708286,Cash on Delivery,Completed,2023-02-28 14:02:31,60048.17,0.0
908610,708287,UPI,Failed,2023-08-30 21:07:46,2084.31,0.0
908611,708288,Debit Card,Completed,2023-10-15 13:28:36,122097.99,2197.76
908612,708289,Credit Card,Completed,2025-07-04 19:42:02,2874.3,51.74
908613,708289,Credit Card,Failed,2025-07-04 19:33:02,2874.3,0.0
908614,708290,UPI,Completed,2023-11-07 17:44:44,224518.5,0.0
908615,708291,Debit Card,Failed,2025-12-07 21:32:10,273637.22,4925.47
908616,708292,Debit Card,Completed,2025-02-03 21:09:01,1700.44,30.61
908617,708293,UPI,Completed,2025-04-14 16:16:21,40423.33,0.0
908618,708294,Credit Card,Completed,2023-11-04 16:09:47,4930.61,88.75
908619,708295,Debit Card,Completed,2025-10-20 22:52:41,16847.1,303.25
908620,708296,Cash on Delivery,Completed,2025-03-15 23:56:12,7583.79,0.0
908621,708297,Cash on Delivery,Completed,2025-10-07 14:21:16,7871.2,0.0
908622,708298,Cash on Delivery,Pending,2025-11-23 22:44:20,5279.38,0.0
908623,708299,Debit Card,Completed,2023-08-01 22:24:20,481.68,8.67
908624,708300,UPI,Completed,2023-06-12 14:54:38,141776.54,0.0
908625,708301,UPI,Completed,2025-08-10 15:56:11,499.56,0.0
908626,708302,Debit Card,Failed,2025-10-08 19:23:43,7570.05,136.26
908627,708303,Credit Card,Completed,2024-12-15 21:42:46,8083.04,145.49
908628,708304,Credit Card,Completed,2024-05-12 18:44:12,6180.33,111.25
908629,708305,Debit Card,Refunded,2025-02-24 15:51:11,12056.16,217.01
908630,708306,UPI,Failed,2024-02-16 21:33:36,105602.37,0.0
908631,708306,UPI,Failed,2024-02-16 21:13:36,105602.37,0.0
908632,708307,UPI,Completed,2023-11-21 17:52:01,217274.84,0.0
908633,708308,Net Banking,Completed,2024-10-06 18:35:07,5055.86,0.0
908634,708309,UPI,Completed,2023-11-03 17:53:30,7592.33,0.0
908635,708310,UPI,Failed,2024-10-04 20:03:31,4461.55,0.0
908636,708311,Cash on Delivery,Completed,2025-11-23 23:27:16,42904.94,0.0
908637,708312,Debit Card,Completed,2025-09-18 16:39:03,1544.62,27.8
908638,708313,Cash on Delivery,Completed,2025-11-12 10:29:32,8046.97,0.0
908639,708314,Cash on Delivery,Pending,2025-08-12 18:01:12,109599.55,0.0
908640,708315,UPI,Completed,2024-04-29 18:41:51,36010.45,0.0
908641,708316,Credit Card,Completed,2025-08-17 16:50:02,42956.43,773.22
908642,708317,Debit Card,Completed,2025-11-03 18:47:31,10907.67,196.34
908643,708318,UPI,Completed,2025-11-15 19:44:53,6862.35,0.0
908644,708319,Debit Card,Failed,2025-04-03 23:16:11,2527.93,45.5
908645,708320,UPI,Completed,2023-10-31 17:14:36,51188.0,0.0
908646,708321,UPI,Completed,2023-03-11 16:12:14,5576678.0,0.0
908647,708321,UPI,Failed,2023-03-11 16:08:14,5576678.0,0.0
908648,708322,UPI,Completed,2023-08-30 17:16:42,926.36,0.0
908649,708323,Net Banking,Completed,2025-12-03 17:49:44,2275.14,0.0
908650,708324,Debit Card,Completed,2024-09-09 17:39:56,144253.86,2596.57
908651,708325,UPI,Failed,2025-10-02 13:00:52,122199.95,0.0
908652,708326,Debit Card,Completed,2024-09-14 22:52:09,4965.35,89.38
908653,708327,UPI,Completed,2025-03-06 12:55:43,98930.46,0.0
908654,708328,UPI,Completed,2023-02-09 23:24:11,7735.68,0.0
908655,708329,Credit Card,Completed,2023-12-09 12:31:33,2881.66,51.87
908656,708330,UPI,Completed,2024-08-10 23:10:57,4857.65,0.0
908657,708331,UPI,Completed,2025-01-29 23:41:18,77889.21,0.0
908658,708332,Debit Card,Completed,2023-10-04 17:31:14,156973.6,2825.52
908659,708333,Credit Card,Completed,2025-06-30 19:40:16,81038.74,1458.7
908660,708334,UPI,Refunded,2024-05-10 21:29:59,72752.89,0.0
908661,708335,UPI,Completed,2025-08-23 23:14:09,42103.08,0.0
908662,708336,Wallet,Completed,2023-06-14 10:09:16,9057.32,0.0
908663,708337,Cash on Delivery,Completed,2025-03-29 19:07:29,207908.1,0.0
908664,708338,UPI,Failed,2024-01-30 22:20:40,84470.57,0.0
908665,708338,UPI,Failed,2024-01-30 22:08:40,84470.57,0.0
908666,708339,UPI,Failed,2025-08-05 21:58:24,15527.66,0.0
908667,708340,Debit Card,Completed,2024-06-27 15:28:09,6104.3,109.88
908668,708341,Cash on Delivery,Completed,2025-03-12 23:36:53,5519.04,0.0
908669,708342,Net Banking,Completed,2025-11-09 12:16:07,216559.25,0.0
908670,708343,Wallet,Pending,2023-02-02 11:12:45,2567.79,0.0
908671,708344,UPI,Completed,2023-01-21 19:59:06,206815.49,0.0
908672,708345,Cash on Delivery,Failed,2025-07-07 17:35:41,89020.85,0.0
908673,708346,Cash on Delivery,Completed,2025-02-16 16:39:32,5030.22,0.0
908674,708347,UPI,Refunded,2024-01-29 22:09:09,215902.29,0.0
908675,708348,UPI,Completed,2024-10-10 18:29:01,11062.85,0.0
908676,708349,Credit Card,Failed,2023-03-15 20:02:13,21380.14,384.84
908677,708349,Credit Card,Failed,2023-03-15 19:55:13,21380.14,0.0
908678,708350,Cash on Delivery,Pending,2023-10-18 23:39:19,8002.33,0.0
908679,708351,Credit Card,Completed,2024-07-28 17:08:32,13034.66,234.62
908680,708352,Credit Card,Completed,2025-09-11 18:07:08,5982.22,107.68
908681,708353,UPI,Pending,2024-10-02 22:28:43,113087.22,0.0
908682,708354,Credit Card,Completed,2024-12-19 23:34:24,122857.25,2211.43
908683,708355,Debit Card,Completed,2025-10-11 17:24:57,2315.9,41.69
908684,708356,Credit Card,Completed,2024-02-21 23:32:27,1389.54,25.01
908685,708357,Wallet,Refunded,2025-04-24 19:34:59,128888.36,0.0
908686,708358,UPI,Completed,2025-10-05 15:23:46,100125.66,0.0
908687,708359,Debit Card,Completed,2023-10-25 23:08:33,9611.51,173.01
908688,708360,Net Banking,Failed,2024-05-01 23:38:53,144457.46,0.0
908689,708361,Wallet,Completed,2025-12-19 21:10:56,4297.48,0.0
908690,708362,UPI,Completed,2025-12-21 17:38:48,9224.76,0.0
908691,708363,UPI,Completed,2023-11-08 20:07:21,880.04,0.0
908692,708364,Wallet,Pending,2023-04-29 17:35:43,185637.3,0.0
908693,708365,Credit Card,Completed,2024-01-01 17:13:17,405.21,7.29
908694,708366,Debit Card,Completed,2024-06-20 21:09:40,314466.52,5660.4
908695,708367,UPI,Completed,2024-08-13 16:00:17,17625.99,0.0
908696,708368,Credit Card,Refunded,2025-01-19 23:42:20,2926.04,52.67
908697,708369,UPI,Completed,2025-10-23 21:20:44,2315.9,0.0
908698,708370,Debit Card,Completed,2024-03-24 14:51:32,200393.79,3607.09
908699,708371,Wallet,Completed,2025-09-29 23:56:21,3233.99,0.0
908700,708372,Debit Card,Completed,2023-06-06 18:40:49,3113.62,56.05
908701,708373,Cash on Delivery,Completed,2023-03-14 12:15:37,117410.19,0.0
908702,708374,UPI,Completed,2024-10-15 23:33:34,68051.06,0.0
908703,708375,Cash on Delivery,Completed,2023-04-16 18:40:53,53115.75,0.0
908704,708376,Cash on Delivery,Failed,2024-06-13 17:19:49,41993.49,0.0
908705,708377,Debit Card,Completed,2025-10-22 13:25:02,79457.12,1430.23
908706,708378,UPI,Completed,2023-11-26 19:59:02,5055.86,0.0
908707,708379,Credit Card,Completed,2025-04-30 13:03:22,1852.72,33.35
908708,708380,Debit Card,Completed,2024-02-11 20:36:39,5309.22,95.57
908709,708380,Debit Card,Failed,2024-02-11 20:19:39,5309.22,0.0
908710,708381,Debit Card,Completed,2023-03-20 09:29:31,926.36,16.67
908711,708382,UPI,Completed,2024-11-13 19:32:56,1595.44,0.0
908712,708382,UPI,Failed,2024-11-13 19:12:56,1595.44,0.0
908713,708383,UPI,Completed,2025-09-12 13:14:13,1389.54,0.0
908714,708384,Net Banking,Completed,2024-07-07 19:29:28,1525.46,0.0
908715,708385,Credit Card,Completed,2025-01-18 12:37:08,49824.93,896.85
908716,708386,Cash on Delivery,Completed,2025-10-24 23:45:49,47474.46,0.0
908717,708387,UPI,Pending,2025-07-30 19:44:28,199444.27,0.0
908718,708388,Debit Card,Completed,2023-10-19 19:09:23,11143.97,200.59
908719,708389,Debit Card,Completed,2025-05-26 09:22:33,2315.9,41.69
908720,708390,Cash on Delivery,Completed,2024-10-14 16:41:49,880.04,0.0
908721,708391,Cash on Delivery,Completed,2025-06-08 20:05:27,6352.76,0.0
908722,708392,Net Banking,Completed,2024-10-10 18:11:08,78993.94,0.0
908723,708393,UPI,Completed,2023-08-05 23:05:47,10531.03,0.0
908724,708394,Debit Card,Pending,2024-11-27 23:41:58,226383.32,4074.9
908725,708394,Debit Card,Failed,2024-11-27 23:30:58,226383.32,0.0
908726,708395,Credit Card,Completed,2024-10-09 18:48:26,133040.04,2394.72
908727,708396,UPI,Completed,2024-10-23 14:24:53,131246.94,0.0
908728,708396,UPI,Failed,2024-10-23 14:19:53,131246.94,0.0
908729,708397,UPI,Completed,2025-10-14 23:15:56,72345.14,0.0
908730,708398,Net Banking,Completed,2025-10-21 23:47:31,6746.32,0.0
908731,708399,Debit Card,Completed,2024-08-29 23:40:21,880.04,15.84
908732,708400,UPI,Completed,2024-09-01 23:50:25,538.01,0.0
908733,708401,Cash on Delivery,Completed,2024-10-21 20:19:02,352216.68,0.0
908734,708402,Cash on Delivery,Completed,2024-10-24 19:43:50,9569.49,0.0
908735,708403,UPI,Completed,2025-11-17 20:19:59,85931.93,0.0
908736,708404,Wallet,Failed,2025-02-20 15:35:21,17572.62,0.0
908737,708405,Debit Card,Completed,2024-01-12 23:56:55,7848.08,141.27
908738,708406,UPI,Completed,2024-10-30 15:12:25,39245.6,0.0
908739,708407,Net Banking,Completed,2025-01-26 16:02:05,38538.38,0.0
908740,708408,UPI,Refunded,2025-02-08 15:05:58,42951.11,0.0
908741,708409,UPI,Completed,2024-12-17 13:55:27,103117.08,0.0
908742,708410,Credit Card,Completed,2023-10-08 11:18:25,517.37,9.31
908743,708411,Cash on Delivery,Completed,2023-02-27 23:12:24,7326.73,0.0
908744,708412,Cash on Delivery,Completed,2024-04-04 23:09:02,11470.83,0.0
908745,708413,UPI,Completed,2024-08-01 19:47:06,7598.3,0.0
908746,708414,Debit Card,Completed,2023-04-20 20:05:56,289512.11,5211.22
908747,708415,Debit Card,Completed,2025-08-20 15:00:44,12470.85,224.48
908748,708416,Cash on Delivery,Failed,2024-04-13 18:02:04,98963.97,0.0
908749,708417,UPI,Completed,2025-10-30 23:59:32,5451.41,0.0
908750,708418,UPI,Completed,2023-09-11 23:40:45,15659.79,0.0
908751,708419,UPI,Completed,2023-04-11 23:56:39,134040.54,0.0
908752,708420,UPI,Completed,2024-10-03 11:34:49,20157.68,0.0
908753,708421,Credit Card,Failed,2023-10-16 17:50:24,115006.76,2070.12
908754,708422,UPI,Completed,2025-11-10 18:32:51,153350.51,0.0
908755,708423,Debit Card,Completed,2023-01-20 23:49:16,3399.33,61.19
908756,708424,Credit Card,Completed,2024-07-11 18:27:54,3162.87,56.93
908757,708425,Debit Card,Completed,2025-11-05 11:43:52,33983.32,611.7
908758,708426,Debit Card,Completed,2024-06-01 20:31:10,277240.65,4990.33
908759,708427,Debit Card,Completed,2023-06-06 14:45:10,147013.53,2646.24
908760,708428,UPI,Refunded,2024-02-12 17:14:08,275928.56,0.0
908761,708429,UPI,Completed,2024-10-12 15:04:33,347242.1,0.0
908762,708430,Credit Card,Completed,2023-10-13 21:25:01,332136.93,5978.46
908763,708431,Credit Card,Completed,2024-09-15 11:09:58,12291.88,221.25
908764,708432,Credit Card,Completed,2025-09-14 18:59:23,72234.32,1300.22
908765,708433,UPI,Completed,2025-10-11 23:10:24,79457.12,0.0
908766,708434,UPI,Completed,2023-03-28 23:47:37,151364.83,0.0
908767,708435,Debit Card,Completed,2023-09-22 19:40:48,57392.89,1033.07
908768,708436,Debit Card,Completed,2024-01-08 23:48:21,8309.71,149.57
908769,708437,Net Banking,Completed,2024-12-25 21:55:25,71971.16,0.0
908770,708438,Credit Card,Completed,2024-05-06 17:30:27,87881.1,1581.86
908771,708439,UPI,Pending,2025-09-23 16:19:09,143897.04,0.0
908772,708440,UPI,Completed,2025-05-10 18:43:26,37408.75,0.0
908773,708441,Cash on Delivery,Completed,2023-06-19 12:55:25,107807.37,0.0
908774,708442,Cash on Delivery,Completed,2025-01-24 17:19:15,82560.2,0.0
908775,708443,Cash on Delivery,Completed,2023-07-10 22:01:28,18810.98,0.0
908776,708444,Credit Card,Completed,2023-12-17 15:57:25,5523.04,99.41
908777,708444,Credit Card,Failed,2023-12-17 15:44:25,5523.04,0.0
908778,708445,Wallet,Completed,2023-10-08 20:49:45,158312.74,0.0
908779,708446,Debit Card,Completed,2023-10-05 12:45:30,119417.27,2149.51
908780,708447,UPI,Completed,2025-01-16 17:24:24,25777.22,0.0
908781,708448,Debit Card,Completed,2024-11-19 18:46:30,8903.85,160.27
908782,708449,UPI,Completed,2023-10-07 10:57:16,36869.38,0.0
908783,708450,UPI,Completed,2025-12-26 22:44:04,1852.72,0.0
908784,708451,Cash on Delivery,Pending,2024-07-24 22:40:26,8510.15,0.0
908785,708452,UPI,Completed,2023-06-13 20:47:32,4550.27,0.0
908786,708453,Credit Card,Completed,2023-07-23 23:17:53,91647.42,1649.65
908787,708454,Cash on Delivery,Pending,2024-12-15 12:29:28,11895.65,0.0
908788,708455,UPI,Completed,2025-12-18 15:54:18,96517.31,0.0
908789,708456,Debit Card,Completed,2024-11-30 16:54:02,972.68,17.51
908790,708457,Cash on Delivery,Completed,2025-11-15 17:54:29,96326.88,0.0
908791,708458,Wallet,Completed,2024-08-16 23:05:46,77835.36,0.0
908792,708458,Wallet,Failed,2024-08-16 22:50:46,77835.36,0.0
908793,708459,UPI,Pending,2024-08-09 22:30:53,82630.61,0.0
908794,708460,UPI,Completed,2024-10-13 16:59:25,151310.64,0.0
908795,708461,UPI,Completed,2025-04-20 23:01:24,3454.29,0.0
908796,708462,Credit Card,Completed,2024-05-14 23:24:22,40238.06,724.29
908797,708463,Credit Card,Completed,2025-10-07 21:48:44,7815.13,140.67
908798,708464,Net Banking,Completed,2023-02-19 16:04:59,3762.69,0.0
908799,708465,Cash on Delivery,Completed,2024-08-12 19:22:50,157375.74,0.0
908800,708466,UPI,Completed,2024-10-19 18:46:30,33063.0,0.0
908801,708467,Cash on Delivery,Completed,2025-01-04 12:29:49,182724.32,0.0
908802,708468,Debit Card,Refunded,2024-01-09 21:26:37,38375.64,690.76
908803,708469,Credit Card,Completed,2024-08-01 16:56:47,2022.34,36.4
908804,708470,Wallet,Completed,2024-10-04 19:08:31,5478.59,0.0
908805,708471,Net Banking,Completed,2025-04-07 14:43:35,9899.69,0.0
908806,708472,Credit Card,Completed,2025-07-11 16:37:21,8325.33,149.86
908807,708473,Cash on Delivery,Completed,2025-05-30 20:20:18,2556.62,0.0
908808,708474,Cash on Delivery,Completed,2024-04-10 20:59:04,83626.12,0.0
908809,708475,Debit Card,Completed,2025-12-31 17:01:19,3351.18,60.32
908810,708476,Credit Card,Failed,2025-09-28 12:26:14,108136.79,1946.46
908811,708477,Credit Card,Completed,2023-12-23 18:23:08,245385.02,4416.93
908812,708477,Credit Card,Failed,2023-12-23 18:20:08,245385.02,0.0
908813,708478,Credit Card,Completed,2023-10-20 21:03:17,49513.74,891.25
908814,708479,Debit Card,Pending,2024-02-29 20:01:46,202334.81,3642.03
908815,708480,Cash on Delivery,Completed,2024-08-27 18:00:23,9759.43,0.0
908816,708481,UPI,Completed,2025-09-30 18:37:20,378918.94,0.0
908817,708482,UPI,Completed,2025-07-16 10:37:40,5785.1,0.0
908818,708483,UPI,Completed,2025-10-01 16:40:32,132858.71,0.0
908819,708484,UPI,Completed,2024-01-03 20:52:31,2442.03,0.0
908820,708485,UPI,Completed,2024-12-24 20:34:47,12958.48,0.0
908821,708486,Cash on Delivery,Refunded,2024-01-20 19:02:10,62691.04,0.0
908822,708487,UPI,Completed,2023-07-04 17:44:11,1435.9,0.0
908823,708488,UPI,Completed,2025-04-04 18:39:32,1852.72,0.0
908824,708489,Cash on Delivery,Completed,2023-08-23 20:27:55,12447.69,0.0
908825,708490,UPI,Completed,2025-03-15 12:06:52,4309.73,0.0
908826,708491,UPI,Completed,2025-02-18 23:59:57,14118.31,0.0
908827,708492,Credit Card,Completed,2025-08-15 23:35:44,280803.18,5054.46
908828,708493,UPI,Completed,2023-08-17 15:47:49,5683.11,0.0
908829,708494,Net Banking,Refunded,2025-07-22 16:14:24,5689.0,0.0
908830,708495,Credit Card,Completed,2025-12-31 20:19:18,64584.69,1162.52
908831,708496,Cash on Delivery,Completed,2025-10-01 14:18:14,10250.19,0.0
908832,708497,Net Banking,Completed,2025-06-15 11:41:09,107190.09,0.0
908833,708498,UPI,Completed,2025-03-08 22:47:49,6993.39,0.0
908834,708499,Debit Card,Completed,2024-07-24 13:27:46,11510.46,207.19
908835,708500,UPI,Completed,2025-05-23 16:22:25,524.44,0.0
908836,708501,UPI,Completed,2025-05-17 18:38:24,75251.22,0.0
908837,708502,Cash on Delivery,Refunded,2025-01-30 21:32:31,11122.61,0.0
908838,708503,Cash on Delivery,Completed,2025-08-06 11:48:49,9777.09,0.0
908839,708504,UPI,Completed,2024-08-22 19:34:10,362188.87,0.0
908840,708505,Wallet,Completed,2023-07-25 19:54:18,3232.3,0.0
908841,708506,Credit Card,Failed,2024-11-14 21:58:34,153670.94,2766.08
908842,708507,UPI,Completed,2023-12-27 19:46:45,2464.8,0.0
908843,708508,Debit Card,Completed,2024-06-01 23:12:00,59575.91,1072.37
908844,708509,Net Banking,Completed,2023-01-29 17:27:39,5055.86,0.0
908845,708510,UPI,Completed,2024-05-30 17:50:50,2401.76,0.0
908846,708511,Debit Card,Completed,2025-08-14 16:23:41,67684.21,1218.32
908847,708512,UPI,Completed,2024-11-05 23:44:34,84007.39,0.0
908848,708513,Credit Card,Refunded,2023-01-20 11:27:35,2948.7,53.08
908849,708514,Debit Card,Completed,2024-09-20 22:44:35,36473.63,656.53
908850,708515,UPI,Completed,2024-01-28 15:17:06,160871.92,0.0
908851,708516,Debit Card,Completed,2024-09-30 13:22:22,57177.33,1029.19
908852,708517,Wallet,Completed,2024-06-30 23:21:40,16501.13,0.0
908853,708518,UPI,Completed,2025-11-08 22:38:30,102653.9,0.0
908854,708519,UPI,Failed,2023-03-13 13:27:05,167500.38,0.0
908855,708520,Credit Card,Refunded,2025-04-03 20:50:40,8257.23,148.63
908856,708521,Cash on Delivery,Pending,2025-10-01 12:55:25,160421.23,0.0
908857,708522,UPI,Completed,2025-11-26 21:05:25,5055.86,0.0
908858,708523,Wallet,Completed,2023-10-08 17:13:49,81061.54,0.0
908859,708524,UPI,Completed,2024-10-30 19:43:44,244870.08,0.0
908860,708525,UPI,Completed,2023-03-18 23:18:54,248886.97,0.0
908861,708526,UPI,Failed,2024-10-12 19:05:43,1111.63,0.0
908862,708527,Wallet,Completed,2023-08-01 18:02:37,28918.01,0.0
908863,708528,Credit Card,Completed,2025-09-16 16:57:40,189273.78,3406.93
908864,708529,UPI,Completed,2023-07-12 14:22:07,7437.11,0.0
908865,708530,Cash on Delivery,Completed,2024-10-20 18:13:52,105520.49,0.0
908866,708531,UPI,Completed,2024-10-25 17:03:26,125214.22,0.0
908867,708531,UPI,Failed,2024-10-25 16:58:26,125214.22,0.0
908868,708532,UPI,Completed,2025-12-10 19:56:24,25971.63,0.0
908869,708533,Cash on Delivery,Refunded,2025-02-27 22:26:59,95573.47,0.0
908870,708534,Debit Card,Refunded,2024-01-25 09:49:29,1832.73,32.99
908871,708535,UPI,Completed,2023-11-25 16:15:13,926.36,0.0
908872,708536,Wallet,Completed,2023-08-05 21:59:13,179749.24,0.0
908873,708537,Debit Card,Completed,2025-06-21 23:50:33,7279.94,131.04
908874,708538,UPI,Completed,2025-04-12 23:32:04,8084.64,0.0
908875,708538,UPI,Failed,2025-04-12 23:15:04,8084.64,0.0
908876,708539,Wallet,Completed,2025-01-08 23:35:44,5982.22,0.0
908877,708540,UPI,Pending,2023-03-12 14:07:23,102190.72,0.0
908878,708541,Debit Card,Completed,2025-06-28 19:46:45,3315.34,59.68
908879,708541,Debit Card,Failed,2025-06-28 19:39:45,3315.34,0.0
908880,708542,UPI,Completed,2025-02-10 11:39:52,99030.14,0.0
908881,708543,Debit Card,Completed,2025-12-01 23:37:47,7583.79,136.51
908882,708544,UPI,Completed,2024-12-20 15:56:50,83374.59,0.0
908883,708544,UPI,Failed,2024-12-20 15:51:50,83374.59,0.0
908884,708545,Debit Card,Completed,2024-02-14 16:22:02,9095.57,163.72
908885,708546,Wallet,Completed,2024-05-29 10:25:22,250438.23,0.0
908886,708547,Credit Card,Refunded,2023-10-07 21:03:02,7583.79,136.51
908887,708548,Credit Card,Failed,2025-05-16 12:41:32,7662.47,137.92
908888,708549,UPI,Completed,2025-05-02 22:39:11,1389.54,0.0
908889,708550,Net Banking,Refunded,2023-10-24 21:47:03,926.36,0.0
908890,708551,UPI,Completed,2023-09-17 12:22:46,2921.63,0.0
908891,708552,UPI,Completed,2023-05-14 15:19:41,19789.71,0.0
908892,708553,Credit Card,Pending,2025-10-29 17:03:05,2315.9,41.69
908893,708553,Credit Card,Failed,2025-10-29 16:52:05,2315.9,0.0
908894,708554,Net Banking,Completed,2023-11-14 19:09:00,65287.23,0.0
908895,708555,UPI,Completed,2024-04-14 22:29:54,8000.65,0.0
908896,708556,Credit Card,Completed,2024-01-16 17:17:53,158586.56,2854.56
908897,708557,Net Banking,Failed,2024-07-13 18:41:50,833.72,0.0
908898,708558,Cash on Delivery,Completed,2025-05-08 23:57:42,144104.86,0.0
908899,708559,Wallet,Completed,2025-10-10 23:31:39,7917.48,0.0
908900,708560,Cash on Delivery,Completed,2023-10-12 23:27:30,60191.81,0.0
908901,708561,UPI,Completed,2025-04-07 09:02:16,8130.96,0.0
908902,708562,Cash on Delivery,Completed,2024-04-26 19:56:25,124877.55,0.0
908903,708563,Debit Card,Completed,2025-12-20 17:34:00,96460.18,1736.28
908904,708564,Credit Card,Completed,2024-02-06 23:34:52,92965.18,1673.37
908905,708565,Credit Card,Failed,2023-01-15 17:26:44,1911.7,34.41
908906,708566,UPI,Completed,2024-10-22 22:55:53,85335.14,0.0
908907,708567,Credit Card,Completed,2023-09-05 16:43:01,229384.83,4128.93
908908,708568,UPI,Completed,2023-03-19 14:45:44,1389.54,0.0
908909,708569,Credit Card,Completed,2025-04-21 23:24:53,156590.19,2818.62
908910,708570,UPI,Refunded,2025-05-25 23:35:12,5055.86,0.0
908911,708571,Credit Card,Completed,2024-09-08 17:17:25,11501.26,207.02
908912,708572,Credit Card,Completed,2025-03-26 19:35:09,388.04,6.98
908913,708573,UPI,Completed,2024-11-03 18:29:36,10914.09,0.0
908914,708574,UPI,Completed,2025-01-28 22:18:51,4036.03,0.0
908915,708575,Wallet,Completed,2024-12-26 19:23:24,1667.45,0.0
908916,708576,Credit Card,Completed,2025-03-12 13:38:25,234807.22,4226.53
908917,708577,Net Banking,Completed,2023-10-23 23:15:37,211427.91,0.0
908918,708577,Net Banking,Failed,2023-10-23 22:55:37,211427.91,0.0
908919,708578,UPI,Pending,2023-12-30 19:30:51,7667.78,0.0
908920,708579,Credit Card,Completed,2024-08-12 23:08:51,8341.62,150.15
908921,708580,Cash on Delivery,Completed,2024-08-19 13:32:45,18434.55,0.0
908922,708581,Wallet,Completed,2025-07-12 13:29:09,833.72,0.0
908923,708582,Debit Card,Completed,2024-05-13 20:55:44,131790.52,2372.23
908924,708583,UPI,Completed,2023-09-24 16:39:14,7536.86,0.0
908925,708584,Debit Card,Completed,2023-12-12 10:03:38,3479.06,62.62
908926,708585,Credit Card,Completed,2023-11-02 18:05:25,5055.86,91.01
908927,708586,Credit Card,Completed,2025-05-24 17:05:38,926.36,16.67
908928,708587,Credit Card,Completed,2024-09-21 19:02:05,5243.09,94.38
908929,708588,UPI,Completed,2025-05-03 23:22:10,3071.91,0.0
908930,708589,Credit Card,Failed,2024-07-16 18:35:28,12067.77,217.22
908931,708590,UPI,Completed,2025-10-19 14:59:11,9204.92,0.0
908932,708591,UPI,Completed,2025-12-21 23:24:59,528.56,0.0
908933,708592,UPI,Completed,2025-03-17 12:33:19,7583.79,0.0
908934,708593,Credit Card,Completed,2025-10-06 23:36:22,1320.06,23.76
908935,708594,Credit Card,Completed,2024-10-17 20:11:10,79875.74,1437.76
908936,708595,Credit Card,Completed,2025-11-09 17:56:17,5982.22,107.68
908937,708596,Wallet,Refunded,2025-09-08 20:45:47,101643.63,0.0
908938,708597,UPI,Failed,2025-12-27 12:05:54,164926.61,0.0
908939,708598,Debit Card,Completed,2025-01-23 23:08:08,259373.34,4668.72
908940,708599,Cash on Delivery,Completed,2025-07-17 20:24:44,58811.37,0.0
908941,708600,Credit Card,Completed,2024-11-06 19:24:04,926.36,16.67
908942,708601,Debit Card,Completed,2023-12-22 17:10:22,2779.08,50.02
908943,708602,Cash on Delivery,Completed,2024-04-29 13:14:11,57656.55,0.0
908944,708603,Wallet,Completed,2025-10-21 20:45:30,45324.93,0.0
908945,708604,Cash on Delivery,Completed,2023-04-09 19:03:49,74759.23,0.0
908946,708605,Wallet,Failed,2024-12-22 15:11:03,1389.54,0.0
908947,708606,Credit Card,Completed,2024-05-19 20:07:51,39547.04,711.85
908948,708606,Credit Card,Failed,2024-05-19 19:50:51,39547.04,0.0
908949,708607,Wallet,Completed,2024-06-05 18:58:07,2692.0,0.0
908950,708608,UPI,Completed,2025-10-16 20:45:19,7372.58,0.0
908951,708609,Debit Card,Completed,2025-10-02 13:16:09,7667.78,138.02
908952,708610,Credit Card,Completed,2024-12-28 22:22:29,6041.25,108.74
908953,708611,UPI,Completed,2024-01-05 15:36:49,5519.04,0.0
908954,708612,Cash on Delivery,Pending,2024-09-28 16:01:31,318696.52,0.0
908955,708613,Credit Card,Completed,2024-07-05 17:30:53,151043.36,2718.78
908956,708613,Credit Card,Failed,2024-07-05 17:20:53,151043.36,0.0
908957,708614,UPI,Refunded,2024-04-27 23:45:27,1250.59,0.0
908958,708615,UPI,Refunded,2023-06-23 15:48:56,81567.3,0.0
908959,708616,Debit Card,Completed,2024-11-06 18:04:46,1320.06,23.76
908960,708617,Debit Card,Completed,2024-02-11 10:14:30,84420.2,1519.56
908961,708618,Debit Card,Completed,2025-03-06 15:04:24,5449.56,98.09
908962,708619,Wallet,Completed,2024-03-08 19:30:11,11945.33,0.0
908963,708620,Credit Card,Completed,2024-08-05 17:18:05,15841.12,285.14
908964,708621,Net Banking,Completed,2023-04-03 20:06:01,4843.83,0.0
908965,708622,Credit Card,Completed,2025-12-27 18:53:11,83677.8,1506.2
908966,708623,UPI,Completed,2024-10-17 19:37:05,8876.39,0.0
908967,708624,Debit Card,Pending,2023-02-09 19:53:36,25438.9,457.9
908968,708625,UPI,Completed,2024-11-05 21:16:53,6997.0,0.0
908969,708626,UPI,Completed,2025-10-10 21:15:05,1772.98,0.0
908970,708627,Debit Card,Completed,2025-07-10 17:10:14,17027.6,306.5
908971,708628,Debit Card,Completed,2025-04-24 22:14:37,143346.93,2580.24
908972,708629,UPI,Failed,2023-08-17 18:30:52,244483.44,0.0
908973,708630,Credit Card,Refunded,2025-03-02 23:04:13,3161.15,56.9
908974,708631,Wallet,Completed,2025-07-02 23:32:30,128627.58,0.0
908975,708631,Wallet,Failed,2025-07-02 23:12:30,128627.58,0.0
908976,708632,Cash on Delivery,Failed,2024-12-01 20:00:00,38911.66,0.0
908977,708633,Credit Card,Completed,2025-10-20 22:47:29,8984.25,161.72
908978,708634,Cash on Delivery,Completed,2024-01-11 21:29:56,7734.48,0.0
908979,708635,Debit Card,Completed,2023-11-27 16:38:56,926.36,16.67
908980,708636,Debit Card,Completed,2025-10-09 20:23:15,41190.18,741.42
908981,708637,Credit Card,Completed,2025-01-25 15:58:33,63612.01,1145.02
908982,708638,Credit Card,Completed,2023-01-03 18:14:07,101218.04,1821.92
908983,708639,Credit Card,Completed,2024-04-27 15:34:43,4839.68,87.11
908984,708640,Cash on Delivery,Completed,2025-10-04 18:37:22,7595.64,0.0
908985,708641,Debit Card,Completed,2023-02-15 16:10:42,8298.94,149.38
908986,708642,Debit Card,Completed,2023-01-07 19:11:23,926.36,16.67
908987,708643,Cash on Delivery,Pending,2024-01-17 23:50:21,5266.25,0.0
908988,708644,Net Banking,Completed,2025-10-30 23:33:38,8270.44,0.0
908989,708645,Net Banking,Refunded,2025-10-24 22:06:00,57775.54,0.0
908990,708646,Wallet,Completed,2024-10-23 20:20:15,287736.42,0.0
908991,708647,Cash on Delivery,Completed,2024-11-11 16:50:50,5869.39,0.0
908992,708648,UPI,Completed,2024-03-27 16:43:52,457.6,0.0
908993,708649,Net Banking,Completed,2023-11-30 21:08:52,2082.88,0.0
908994,708650,Cash on Delivery,Completed,2025-08-21 21:31:21,147184.44,0.0
908995,708651,UPI,Completed,2023-06-29 19:48:35,123539.27,0.0
908996,708652,Debit Card,Pending,2024-10-06 22:34:14,432.19,7.78
908997,708653,UPI,Completed,2025-02-01 23:51:53,176351.62,0.0
908998,708654,Debit Card,Completed,2023-06-24 13:59:07,195639.12,3521.5
908999,708655,Credit Card,Completed,2024-10-24 23:33:36,164534.68,2961.62
909000,708656,Wallet,Completed,2024-12-07 11:26:37,199810.37,0.0
909001,708657,UPI,Pending,2025-06-04 23:05:51,50362.52,0.0
909002,708658,UPI,Completed,2023-11-16 23:18:39,20922.56,0.0
909003,708658,UPI,Failed,2023-11-16 23:15:39,20922.56,0.0
909004,708659,UPI,Completed,2024-01-30 16:40:17,509.24,0.0
909005,708660,Credit Card,Refunded,2024-11-27 16:53:36,2275.14,40.95
909006,708660,Credit Card,Failed,2024-11-27 16:38:36,2275.14,0.0
909007,708661,UPI,Completed,2025-12-21 15:04:54,80177.12,0.0
909008,708662,Cash on Delivery,Completed,2023-11-04 23:17:50,140132.97,0.0
909009,708663,UPI,Completed,2025-12-23 20:55:18,2627.82,0.0
909010,708664,Credit Card,Completed,2025-05-08 23:54:26,8915.18,160.47
909011,708665,Debit Card,Completed,2025-09-02 17:24:45,5055.86,91.01
909012,708666,Credit Card,Refunded,2023-05-31 23:12:44,39496.97,710.95
909013,708667,UPI,Completed,2024-02-09 17:22:12,926.36,0.0
909014,708668,Cash on Delivery,Completed,2023-04-13 21:13:10,106854.84,0.0
909015,708669,UPI,Completed,2024-05-18 11:21:42,167112.56,0.0
909016,708670,Cash on Delivery,Completed,2025-12-20 16:23:58,12516.49,0.0
909017,708671,UPI,Completed,2023-06-27 19:14:04,63248.38,0.0
909018,708672,UPI,Pending,2024-11-17 19:17:12,6726.62,0.0
909019,708673,Credit Card,Pending,2023-01-12 14:36:14,51273.74,922.93
909020,708674,Debit Card,Refunded,2025-05-07 21:31:35,139146.36,2504.63
909021,708675,Credit Card,Completed,2023-10-21 21:31:51,83038.63,1494.7
909022,708676,UPI,Completed,2023-08-06 20:03:19,13390.37,0.0
909023,708677,UPI,Completed,2024-04-03 19:54:07,20698.82,0.0
909024,708678,UPI,Completed,2025-07-08 19:09:29,94173.19,0.0
909025,708679,UPI,Refunded,2023-06-30 14:27:20,78856.29,0.0
909026,708680,Net Banking,Refunded,2023-11-12 17:46:13,2475.48,0.0
909027,708681,UPI,Refunded,2023-01-17 22:16:01,1950.33,0.0
909028,708682,UPI,Completed,2025-12-07 22:59:38,26053.24,0.0
909029,708683,Cash on Delivery,Completed,2024-12-23 19:17:59,15427687.0,0.0
909030,708684,UPI,Refunded,2025-05-13 23:25:33,228953.3,0.0
909031,708685,Credit Card,Completed,2025-02-22 12:21:13,88419.32,1591.55
909032,708686,UPI,Completed,2023-08-25 22:14:00,70506.5,0.0
909033,708687,Debit Card,Completed,2024-12-25 16:42:53,94973.92,1709.53
909034,708688,Net Banking,Completed,2023-08-08 13:12:36,14290.82,0.0
909035,708689,Wallet,Failed,2024-06-25 16:58:10,8594.96,0.0
909036,708690,Credit Card,Completed,2024-11-26 12:27:40,12170.34,219.07
909037,708691,UPI,Completed,2024-11-14 15:42:12,6719.55,0.0
909038,708692,Net Banking,Refunded,2023-07-21 16:46:03,84723.37,0.0
909039,708693,UPI,Completed,2023-02-28 19:37:06,181584.36,0.0
909040,708694,Cash on Delivery,Completed,2025-08-07 17:59:54,9503.95,0.0
909041,708695,Cash on Delivery,Refunded,2025-05-19 18:03:44,426806.78,0.0
909042,708696,Debit Card,Completed,2023-05-20 23:34:02,11135.97,200.45
909043,708697,Cash on Delivery,Completed,2023-08-04 19:52:19,1389.54,0.0
909044,708698,UPI,Refunded,2025-10-20 20:31:58,113457.76,0.0
909045,708698,UPI,Failed,2025-10-20 20:26:58,113457.76,0.0
909046,708699,UPI,Completed,2025-07-06 20:32:50,151664.95,0.0
909047,708700,Debit Card,Completed,2025-12-29 14:18:04,4765.69,85.78
909048,708701,Net Banking,Failed,2023-12-16 20:33:20,5291.73,0.0
909049,708702,Cash on Delivery,Completed,2024-10-06 13:14:52,2171.95,0.0
909050,708703,UPI,Completed,2023-11-18 22:52:54,10852.81,0.0
909051,708704,UPI,Completed,2025-01-23 19:14:21,3361.65,0.0
909052,708705,Net Banking,Refunded,2023-07-15 20:05:31,303869.57,0.0
909053,708706,Debit Card,Completed,2023-08-04 07:06:07,3728.65,67.12
909054,708707,UPI,Completed,2023-05-07 16:04:15,105211.75,0.0
909055,708708,Cash on Delivery,Completed,2025-04-15 20:01:09,255656.58,0.0
909056,708709,Credit Card,Completed,2024-10-10 13:01:22,833.72,15.01
909057,708710,UPI,Completed,2025-01-18 15:55:40,18017.71,0.0
909058,708711,Cash on Delivery,Completed,2025-10-14 19:21:24,87197.19,0.0
909059,708712,UPI,Completed,2025-06-01 19:57:13,8873.24,0.0
909060,708713,Debit Card,Completed,2024-09-09 18:47:58,7542.05,135.76
909061,708714,Net Banking,Completed,2025-12-22 23:21:46,15113.54,0.0
909062,708715,Net Banking,Completed,2024-09-02 18:24:51,33282.57,0.0
909063,708716,Cash on Delivery,Pending,2023-07-09 23:20:16,81985.05,0.0
909064,708717,UPI,Refunded,2025-12-27 17:55:54,7287.26,0.0
909065,708718,Net Banking,Completed,2023-02-06 21:00:02,6608.89,0.0
909066,708719,Wallet,Completed,2024-11-09 18:06:24,787.41,0.0
909067,708720,Credit Card,Completed,2024-02-22 16:18:41,112500.65,2025.01
909068,708721,UPI,Completed,2024-10-15 14:53:02,44257.63,0.0
909069,708722,Debit Card,Completed,2024-11-14 19:51:40,4111.11,74.0
909070,708722,Debit Card,Failed,2024-11-14 19:49:40,4111.11,0.0
909071,708723,UPI,Completed,2023-11-24 16:06:05,2527.93,0.0
909072,708724,Debit Card,Completed,2024-11-13 19:31:42,107967.24,1943.41
909073,708725,UPI,Completed,2025-06-20 16:42:18,18761.29,0.0
909074,708726,Credit Card,Completed,2023-12-28 22:52:26,3201.68,57.63
909075,708727,UPI,Completed,2024-05-31 09:40:16,2401.53,0.0
909076,708728,Credit Card,Completed,2023-12-30 21:48:59,42698.47,768.57
909077,708729,Wallet,Completed,2025-08-27 22:15:23,1389.54,0.0
909078,708730,Credit Card,Completed,2025-05-18 20:16:27,273201.43,4917.63
909079,708731,Net Banking,Completed,2025-10-10 15:56:45,16476.2,0.0
909080,708732,Credit Card,Completed,2023-10-03 14:24:02,880.04,15.84
909081,708733,Credit Card,Refunded,2023-05-09 09:58:57,30828810.0,554918.58
909082,708734,UPI,Completed,2023-07-22 18:58:05,250319.49,0.0
909083,708735,Credit Card,Completed,2023-09-22 20:23:35,2921.63,52.59
909084,708736,UPI,Completed,2024-10-31 19:34:50,44411.39,0.0
909085,708737,Cash on Delivery,Completed,2025-12-09 15:03:03,926.36,0.0
909086,708738,Credit Card,Completed,2024-05-02 18:38:51,155336.08,2796.05
909087,708738,Credit Card,Failed,2024-05-02 18:28:51,155336.08,0.0
909088,708739,Debit Card,Completed,2025-11-26 10:24:36,436.24,7.85
909089,708740,Cash on Delivery,Pending,2023-03-08 20:57:24,3511.93,0.0
909090,708741,UPI,Completed,2025-11-05 16:29:23,255457.24,0.0
909091,708742,UPI,Completed,2023-10-10 11:04:10,271735.78,0.0
909092,708742,UPI,Failed,2023-10-10 11:00:10,271735.78,0.0
909093,708743,UPI,Completed,2025-10-29 19:48:44,76885.84,0.0
909094,708744,Cash on Delivery,Completed,2023-04-10 16:56:18,3245.56,0.0
909095,708745,Cash on Delivery,Completed,2025-11-15 20:22:01,2930.36,0.0
909096,708746,UPI,Completed,2023-10-24 17:37:45,10677.44,0.0
909097,708747,Credit Card,Completed,2024-02-12 18:47:06,118490.91,2132.84
909098,708748,Credit Card,Completed,2024-10-08 16:37:19,61800.96,1112.42
909099,708749,UPI,Completed,2024-05-28 17:33:59,5458.29,0.0
909100,708750,Debit Card,Completed,2025-03-15 22:05:43,264421.0,4759.58
909101,708751,Cash on Delivery,Pending,2025-12-14 10:29:46,140108.22,0.0
909102,708752,Cash on Delivery,Completed,2025-01-04 14:18:07,6351.82,0.0
909103,708753,Debit Card,Completed,2025-05-15 09:09:13,7017.38,126.31
909104,708754,Debit Card,Completed,2023-05-29 23:20:31,11975.76,215.56
909105,708755,UPI,Failed,2025-01-26 19:04:32,103263.33,0.0
909106,708756,Credit Card,Completed,2024-08-29 14:32:58,3448.16,62.07
909107,708757,Credit Card,Completed,2025-10-17 17:55:43,70745.32,1273.42
909108,708758,Debit Card,Pending,2024-06-07 15:34:20,3620.33,65.17
909109,708759,Wallet,Completed,2025-03-29 19:47:39,13492.01,0.0
909110,708760,Net Banking,Completed,2023-11-11 15:06:18,39915.28,0.0
909111,708761,UPI,Completed,2023-12-22 14:15:35,12035.03,0.0
909112,708762,UPI,Completed,2024-05-23 15:00:34,7288.59,0.0
909113,708763,UPI,Completed,2024-02-14 18:46:02,8510.15,0.0
909114,708764,Credit Card,Completed,2023-12-16 18:59:19,109716.12,1974.89
909115,708765,UPI,Completed,2023-03-29 19:51:56,54228.71,0.0
909116,708766,UPI,Completed,2025-09-14 17:37:12,7077.95,0.0
909117,708767,Cash on Delivery,Completed,2023-04-25 23:31:36,168975.68,0.0
909118,708768,UPI,Completed,2025-10-18 19:22:01,4280.19,0.0
909119,708769,Debit Card,Completed,2023-08-01 17:12:36,94598.34,1702.77
909120,708770,Credit Card,Completed,2023-04-26 17:22:00,136004.58,2448.08
909121,708771,UPI,Completed,2024-11-18 21:11:58,2103.47,0.0
909122,708772,UPI,Failed,2024-10-14 22:02:54,126754.4,0.0
909123,708773,Net Banking,Completed,2024-10-08 22:56:03,9734.23,0.0
909124,708774,Debit Card,Completed,2024-12-03 23:25:35,57471.16,1034.48
909125,708775,Debit Card,Completed,2024-01-24 18:06:52,268864.73,4839.57
909126,708776,Credit Card,Completed,2025-03-09 17:01:11,103868.55,1869.63
909127,708777,Debit Card,Completed,2024-10-14 23:31:43,9653.56,173.76
909128,708778,Credit Card,Completed,2024-03-31 23:56:58,8861.97,159.52
909129,708779,Credit Card,Completed,2025-09-03 18:12:27,188270.26,3388.86
909130,708780,Credit Card,Completed,2025-05-21 20:19:02,140173.13,2523.12
909131,708781,UPI,Completed,2024-06-15 23:17:22,30767.43,0.0
909132,708782,Debit Card,Completed,2025-09-27 17:40:40,3325.65,59.86
909133,708783,Net Banking,Completed,2025-11-02 20:12:58,1283.05,0.0
909134,708784,Cash on Delivery,Completed,2024-11-02 14:39:27,8452.24,0.0
909135,708785,Net Banking,Completed,2023-11-02 23:58:59,18927.07,0.0
909136,708786,UPI,Refunded,2025-10-31 18:24:55,5729.43,0.0
909137,708787,UPI,Completed,2023-10-16 13:28:12,3913.86,0.0
909138,708788,UPI,Completed,2023-03-26 18:40:18,70883.57,0.0
909139,708789,Cash on Delivery,Completed,2024-03-20 15:14:12,79433.96,0.0
909140,708790,UPI,Completed,2025-05-20 17:40:50,132695.2,0.0
909141,708791,Credit Card,Completed,2025-11-03 19:04:45,145108.26,2611.95
909142,708792,Cash on Delivery,Completed,2025-02-05 18:02:13,833.72,0.0
909143,708793,UPI,Completed,2025-11-18 16:12:59,79160.51,0.0
909144,708793,UPI,Failed,2025-11-18 15:56:59,79160.51,0.0
909145,708794,UPI,Completed,2023-06-04 18:47:31,25211.21,0.0
909146,708795,Credit Card,Pending,2023-04-18 15:06:54,82093.05,1477.67
909147,708796,Debit Card,Completed,2025-01-01 18:59:28,526.86,9.48
909148,708797,Cash on Delivery,Completed,2025-12-04 22:27:32,53990.33,0.0
909149,708798,UPI,Pending,2024-10-14 21:12:52,252998.41,0.0
909150,708799,Debit Card,Completed,2023-04-01 15:02:38,3808.02,68.54
909151,708800,Credit Card,Failed,2023-11-06 23:04:42,95291.94,1715.25
909152,708801,Cash on Delivery,Completed,2023-12-01 14:38:47,447746.24,0.0
909153,708802,UPI,Completed,2024-04-04 16:58:17,153012.08,0.0
909154,708803,Debit Card,Completed,2023-03-18 17:38:14,1040.01,18.72
909155,708804,Debit Card,Completed,2025-10-26 13:38:33,5982.22,107.68
909156,708805,UPI,Completed,2024-10-21 23:56:18,787.41,0.0
909157,708806,Credit Card,Completed,2025-03-19 22:54:31,15169.19,273.05
909158,708807,UPI,Completed,2023-04-30 13:00:05,36380.99,0.0
909159,708808,Credit Card,Completed,2023-04-06 11:23:33,232784.88,4190.13
909160,708809,UPI,Completed,2024-12-19 13:01:02,189494.06,0.0
909161,708810,Credit Card,Completed,2025-10-18 23:10:00,56147.77,1010.66
909162,708811,Wallet,Completed,2024-10-29 11:24:42,85636.51,0.0
909163,708812,Debit Card,Completed,2025-10-13 16:03:54,6192.61,111.47
909164,708813,UPI,Completed,2025-08-16 22:20:44,75323.18,0.0
909165,708813,UPI,Failed,2025-08-16 22:15:44,75323.18,0.0
909166,708814,UPI,Completed,2023-05-12 18:40:34,15911.07,0.0
909167,708815,Debit Card,Refunded,2023-10-25 18:29:54,400.01,7.2
909168,708816,UPI,Completed,2025-03-02 23:50:26,46778.21,0.0
909169,708817,Cash on Delivery,Completed,2024-08-15 16:31:30,158621.07,0.0
909170,708818,Debit Card,Completed,2024-01-27 22:40:49,5982.22,107.68
909171,708819,Wallet,Pending,2024-07-20 23:03:40,4297.48,0.0
909172,708820,Debit Card,Pending,2024-08-18 17:17:39,128938.36,2320.89
909173,708821,Wallet,Completed,2025-10-28 17:37:30,161101.46,0.0
909174,708822,Cash on Delivery,Completed,2023-06-24 14:37:22,270465.77,0.0
909175,708823,Credit Card,Completed,2024-01-15 23:23:09,1659.72,29.87
909176,708824,Debit Card,Completed,2024-11-03 14:28:31,9946.15,179.03
909177,708824,Debit Card,Failed,2024-11-03 14:19:31,9946.15,0.0
909178,708825,Net Banking,Completed,2025-04-21 17:28:11,797.72,0.0
909179,708826,Credit Card,Completed,2025-01-29 15:57:13,1760.08,31.68
909180,708827,UPI,Completed,2025-11-12 18:54:19,47128.51,0.0
909181,708828,UPI,Pending,2025-08-05 23:03:01,1111.63,0.0
909182,708829,Debit Card,Completed,2024-11-13 15:11:01,6042.57,108.77
909183,708830,UPI,Completed,2023-11-02 14:24:50,926.36,0.0
909184,708831,UPI,Completed,2024-08-25 15:56:08,137222.54,0.0
909185,708832,Debit Card,Pending,2025-04-15 19:48:30,25541.59,459.75
909186,708833,Net Banking,Completed,2025-09-16 20:06:08,926.36,0.0
909187,708834,Net Banking,Completed,2025-11-27 15:05:30,2091.25,0.0
909188,708835,UPI,Completed,2025-01-02 17:49:57,223685.95,0.0
909189,708836,Cash on Delivery,Completed,2024-10-28 21:16:03,109787.36,0.0
909190,708837,Wallet,Completed,2023-01-29 14:30:35,125053.44,0.0
909191,708838,Credit Card,Completed,2023-05-07 16:12:27,16892.35,304.06
909192,708839,Net Banking,Completed,2023-09-14 19:26:33,2527.93,0.0
909193,708840,Credit Card,Completed,2023-04-07 18:32:40,122727.43,2209.09
909194,708841,UPI,Completed,2024-06-25 17:09:24,171279.57,0.0
909195,708842,Debit Card,Completed,2024-04-03 16:08:28,4971.05,89.48
909196,708843,UPI,Completed,2025-02-05 13:41:58,5047866.0,0.0
909197,708844,Net Banking,Completed,2024-11-02 18:55:48,10700.72,0.0
909198,708844,Net Banking,Failed,2024-11-02 18:37:48,10700.72,0.0
909199,708845,Debit Card,Completed,2024-12-26 17:30:02,39970.04,719.46
909200,708846,UPI,Completed,2024-09-23 16:45:17,235197.4,0.0
909201,708847,UPI,Completed,2024-01-12 15:47:09,23797.31,0.0
909202,708848,UPI,Completed,2025-11-19 21:40:42,212203.85,0.0
909203,708849,Debit Card,Completed,2023-05-27 17:52:24,4371.56,78.69
909204,708850,UPI,Completed,2025-11-11 18:16:30,8834.38,0.0
909205,708851,Cash on Delivery,Pending,2024-02-25 15:36:07,8014.02,0.0
909206,708852,Debit Card,Completed,2024-10-20 14:00:04,2148.74,38.68
909207,708853,UPI,Completed,2023-07-03 18:04:55,10111.72,0.0
909208,708854,UPI,Completed,2023-05-05 15:37:22,14578.91,0.0
909209,708855,UPI,Completed,2024-08-04 23:27:51,143170.05,0.0
909210,708856,UPI,Completed,2025-06-03 09:32:42,119513.08,0.0
909211,708857,UPI,Completed,2023-12-31 17:15:23,38188.34,0.0
909212,708858,Credit Card,Completed,2024-11-17 15:21:45,78993.94,1421.89
909213,708859,Net Banking,Completed,2024-01-13 12:36:43,5548.34,0.0
909214,708859,Net Banking,Failed,2024-01-13 12:32:43,5548.34,0.0
909215,708860,UPI,Completed,2024-06-07 22:30:25,4971.05,0.0
909216,708861,Debit Card,Completed,2025-10-26 14:53:52,4241.82,76.35
909217,708862,Debit Card,Completed,2025-10-03 20:53:10,8923.98,160.63
909218,708863,Credit Card,Pending,2024-10-22 20:12:03,10023.85,180.43
909219,708864,UPI,Completed,2023-11-21 20:11:14,3374.19,0.0
909220,708865,UPI,Completed,2023-10-19 18:45:21,1852.72,0.0
909221,708866,Cash on Delivery,Refunded,2025-11-21 23:55:41,1389.54,0.0
909222,708867,Cash on Delivery,Refunded,2023-10-25 23:28:48,132957.93,0.0
909223,708868,UPI,Refunded,2025-08-14 21:12:00,2408.72,0.0
909224,708869,UPI,Completed,2024-05-15 22:16:53,2668.84,0.0
909225,708870,UPI,Failed,2025-12-23 20:33:05,11483.05,0.0
909226,708871,Debit Card,Completed,2024-05-14 21:25:59,6306.45,113.52
909227,708872,Net Banking,Completed,2024-04-24 19:05:50,261880.06,0.0
909228,708873,Cash on Delivery,Completed,2025-02-05 23:16:09,51146.62,0.0
909229,708874,Debit Card,Completed,2025-11-29 17:27:03,115742.74,2083.37
909230,708875,Credit Card,Failed,2025-12-15 23:30:58,5431.48,97.77
909231,708876,Cash on Delivery,Pending,2025-05-02 23:43:08,1389.54,0.0
909232,708877,Wallet,Completed,2025-06-18 18:50:44,462.39,0.0
909233,708878,Cash on Delivery,Completed,2024-11-19 16:45:51,11852.47,0.0
909234,708879,Wallet,Completed,2025-06-20 17:18:50,6131.5,0.0
909235,708880,UPI,Completed,2025-10-05 22:42:00,880.04,0.0
909236,708880,UPI,Failed,2025-10-05 22:24:00,880.04,0.0
909237,708881,UPI,Failed,2024-10-05 20:20:46,1852.72,0.0
909238,708882,Debit Card,Completed,2025-01-20 23:00:42,1968.52,35.43
909239,708883,Wallet,Completed,2024-11-03 23:49:56,3361.65,0.0
909240,708884,Debit Card,Completed,2024-11-17 17:06:44,150133.15,2702.4
909241,708885,Credit Card,Completed,2025-10-19 17:39:29,3917.47,70.51
909242,708886,Cash on Delivery,Completed,2024-04-30 17:21:47,41440.7,0.0
909243,708887,UPI,Completed,2023-10-29 19:14:06,128503.04,0.0
909244,708888,Credit Card,Completed,2024-09-02 23:54:42,91759.16,1651.66
909245,708889,UPI,Completed,2023-10-29 14:21:28,2883.28,0.0
909246,708890,Wallet,Completed,2024-10-12 23:07:27,114171.57,0.0
909247,708891,Debit Card,Completed,2025-10-25 17:27:30,2617.28,47.11
909248,708892,Cash on Delivery,Completed,2025-01-18 23:27:27,82723.52,0.0
909249,708893,UPI,Completed,2025-10-03 18:34:34,18581.23,0.0
909250,708894,UPI,Completed,2023-09-30 17:11:01,149753.51,0.0
909251,708895,UPI,Completed,2025-10-24 21:53:23,9606.7,0.0
909252,708896,Credit Card,Completed,2024-12-30 19:39:19,24640.46,443.53
909253,708897,Wallet,Refunded,2023-02-23 22:58:18,301834.39,0.0
909254,708898,UPI,Completed,2025-01-31 17:25:32,7286.75,0.0
909255,708899,UPI,Completed,2025-11-18 16:34:35,797.72,0.0
909256,708900,UPI,Pending,2023-05-17 22:49:54,72128.48,0.0
909257,708901,Debit Card,Completed,2024-12-14 22:12:17,41847.37,753.25
909258,708902,Credit Card,Completed,2025-10-31 13:20:07,115165.04,2072.97
909259,708903,Debit Card,Completed,2023-01-19 19:26:28,145503.74,2619.07
909260,708904,Credit Card,Completed,2025-01-29 21:24:36,230805.34,4154.5
909261,708905,UPI,Refunded,2024-09-27 20:06:50,24004.02,0.0
909262,708906,Credit Card,Completed,2024-04-18 18:11:43,2991.11,53.84
909263,708907,Net Banking,Completed,2025-01-26 22:49:42,64219.64,0.0
909264,708908,UPI,Completed,2023-04-03 12:06:14,43918.47,0.0
909265,708909,Credit Card,Completed,2025-06-17 14:02:06,127143.91,2288.59
909266,708910,UPI,Completed,2023-01-09 16:04:40,166196.25,0.0
909267,708911,Credit Card,Completed,2024-02-18 19:40:03,6519.85,117.36
909268,708912,Debit Card,Failed,2024-10-15 15:51:59,78565.72,1414.18
909269,708913,Debit Card,Completed,2024-05-24 20:02:12,497.94,8.96
909270,708914,Cash on Delivery,Completed,2024-02-19 22:52:03,1330871.0,0.0
909271,708915,Cash on Delivery,Completed,2025-09-07 20:25:55,86907.92,0.0
909272,708916,Cash on Delivery,Completed,2025-11-09 12:27:09,5743.9,0.0
909273,708917,Wallet,Completed,2025-10-11 15:09:22,250129.61,0.0
909274,708918,Net Banking,Completed,2024-10-25 17:12:28,9057.32,0.0
909275,708919,Credit Card,Completed,2025-10-16 21:46:36,926.36,16.67
909276,708920,Debit Card,Completed,2025-11-02 20:45:28,54898.61,988.17
909277,708921,UPI,Completed,2024-07-06 21:02:27,256299.26,0.0
909278,708922,UPI,Completed,2024-01-20 22:56:37,119417.27,0.0
909279,708923,UPI,Completed,2023-06-15 23:13:01,54475.23,0.0
909280,708924,UPI,Completed,2024-10-01 23:30:49,7662.31,0.0
909281,708925,Credit Card,Completed,2025-11-14 23:44:57,988.01,17.78
909282,708926,Credit Card,Refunded,2024-11-16 17:33:13,211238.64,3802.3
909283,708927,Wallet,Failed,2025-03-15 18:08:36,4909.94,0.0
909284,708928,Debit Card,Completed,2023-07-10 22:59:56,9399.8,169.2
909285,708929,Credit Card,Completed,2023-08-24 18:26:31,4971.05,89.48
909286,708930,UPI,Completed,2024-09-13 14:46:39,1918.82,0.0
909287,708931,UPI,Completed,2025-11-18 14:27:58,1389.54,0.0
909288,708932,Cash on Delivery,Completed,2024-05-06 22:49:01,202991.9,0.0
909289,708933,Debit Card,Completed,2025-10-13 17:58:28,11122032.0,200196.58
909290,708934,Wallet,Refunded,2023-07-23 23:33:59,169688.84,0.0
909291,708935,Wallet,Completed,2025-01-17 22:13:37,5982.22,0.0
909292,708936,Wallet,Completed,2024-12-29 19:31:00,539.25,0.0
909293,708936,Wallet,Failed,2024-12-29 19:27:00,539.25,0.0
909294,708937,Cash on Delivery,Completed,2025-10-05 22:20:42,85717.25,0.0
909295,708938,Credit Card,Failed,2023-01-07 15:19:43,152436.62,2743.86
909296,708939,UPI,Completed,2023-10-16 13:05:02,7649.72,0.0
909297,708940,UPI,Completed,2023-11-05 15:09:06,8059.88,0.0
909298,708941,UPI,Completed,2025-11-16 23:30:41,1216.02,0.0
909299,708941,UPI,Failed,2025-11-16 23:23:41,1216.02,0.0
909300,708942,Wallet,Completed,2023-09-10 16:46:21,84976.16,0.0
909301,708942,Wallet,Failed,2023-09-10 16:26:21,84976.16,0.0
909302,708943,Credit Card,Completed,2023-03-05 21:32:13,39656.59,713.82
909303,708944,UPI,Completed,2024-11-01 22:07:34,151204.98,0.0
909304,708945,UPI,Completed,2024-10-29 21:01:58,7533.36,0.0
909305,708946,Credit Card,Refunded,2025-09-23 17:50:35,112698.16,2028.57
909306,708947,Debit Card,Completed,2025-11-15 20:47:19,36807.9,662.54
909307,708948,Wallet,Completed,2024-11-03 21:35:08,186212.12,0.0
909308,708949,UPI,Completed,2025-11-07 13:38:34,10452.89,0.0
909309,708950,Debit Card,Completed,2025-05-18 15:06:38,170835.78,3075.04
909310,708951,Wallet,Completed,2023-12-27 15:44:50,5055.86,0.0
909311,708952,Net Banking,Completed,2025-11-06 18:34:56,9292.59,0.0
909312,708953,Cash on Delivery,Pending,2025-03-14 19:34:25,1852.72,0.0
909313,708954,UPI,Completed,2024-07-13 15:21:00,1366.4,0.0
909314,708955,UPI,Failed,2025-03-30 20:05:59,83684.13,0.0
909315,708956,Debit Card,Completed,2024-06-25 22:52:52,38516.74,693.3
909316,708957,Cash on Delivery,Completed,2023-07-13 23:58:03,40423.33,0.0
909317,708958,Cash on Delivery,Completed,2025-05-12 12:05:58,57817.02,0.0
909318,708959,Debit Card,Completed,2025-08-31 21:01:05,11716.04,210.89
909319,708959,Debit Card,Failed,2025-08-31 20:56:05,11716.04,0.0
909320,708960,Wallet,Pending,2025-05-22 16:10:51,10477.3,0.0
909321,708961,Net Banking,Completed,2023-11-12 19:53:35,11027.32,0.0
909322,708962,Credit Card,Completed,2025-11-23 20:29:25,125234.51,2254.22
909323,708962,Credit Card,Failed,2025-11-23 20:15:25,125234.51,0.0
909324,708963,UPI,Completed,2023-02-11 17:39:41,36574.77,0.0
909325,708964,UPI,Completed,2024-03-28 14:24:35,8371.8,0.0
909326,708965,Cash on Delivery,Completed,2023-12-23 23:10:03,1320.06,0.0
909327,708966,Credit Card,Completed,2023-03-26 16:50:19,2772.07,49.9
909328,708967,Cash on Delivery,Pending,2024-07-01 19:08:17,8973.33,0.0
909329,708968,UPI,Failed,2025-01-23 14:37:22,787.41,0.0
909330,708969,UPI,Completed,2025-10-15 19:27:54,156888.79,0.0
909331,708970,Debit Card,Pending,2025-12-25 14:36:51,175703.26,3162.66
909332,708971,UPI,Completed,2025-08-14 16:31:11,4924.63,0.0
909333,708972,UPI,Completed,2024-09-18 21:58:50,148030.23,0.0
909334,708973,Net Banking,Completed,2025-05-17 16:04:33,168328.83,0.0
909335,708973,Net Banking,Failed,2025-05-17 16:01:33,168328.83,0.0
909336,708974,UPI,Pending,2025-09-22 15:19:17,2514.95,0.0
909337,708975,Wallet,Completed,2024-09-14 16:18:59,21415.85,0.0
909338,708976,Net Banking,Refunded,2025-07-24 21:36:39,7140.17,0.0
909339,708977,Credit Card,Completed,2024-10-03 23:12:18,14258.28,256.65
909340,708978,Credit Card,Completed,2024-06-04 21:09:05,11806.23,212.51
909341,708979,Credit Card,Completed,2024-10-27 20:35:49,121387.95,2184.98
909342,708980,Credit Card,Completed,2025-03-25 20:42:24,50400.59,907.21
909343,708981,Cash on Delivery,Completed,2025-05-20 09:00:31,9049.65,0.0
909344,708982,Debit Card,Completed,2024-05-02 22:51:14,4102.74,73.85
909345,708983,UPI,Failed,2024-11-29 19:54:47,15331.49,0.0
909346,708984,Credit Card,Completed,2025-10-28 18:31:03,8406.48,151.32
909347,708985,Debit Card,Completed,2025-12-15 22:42:36,926.36,16.67
909348,708986,Debit Card,Completed,2023-11-11 17:44:28,61536.36,1107.65
909349,708987,Debit Card,Completed,2023-10-18 17:03:50,46109.52,829.97
909350,708988,Debit Card,Completed,2025-03-26 22:45:36,16181.01,291.26
909351,708989,UPI,Completed,2024-07-14 17:17:14,86607.36,0.0
909352,708990,Credit Card,Completed,2023-02-09 18:45:44,149504.8,2691.09
909353,708991,Credit Card,Completed,2024-04-18 18:25:13,210603.81,3790.87
909354,708992,Credit Card,Completed,2025-08-13 18:02:53,133375.52,2400.76
909355,708993,Cash on Delivery,Pending,2025-08-06 13:24:13,17304.83,0.0
909356,708994,Credit Card,Completed,2024-10-10 20:31:22,3279.66,59.03
909357,708995,Debit Card,Completed,2024-09-24 23:17:38,115770.78,2083.87
909358,708996,Credit Card,Completed,2024-12-10 16:22:26,8029.95,144.54
909359,708997,Cash on Delivery,Pending,2023-11-05 15:24:25,14334.66,0.0
909360,708998,UPI,Completed,2024-10-27 23:36:45,563400.49,0.0
909361,708999,UPI,Completed,2023-01-21 23:06:25,134615.71,0.0
909362,709000,UPI,Completed,2024-09-28 20:17:58,10335.24,0.0
909363,709001,Cash on Delivery,Completed,2024-04-02 22:09:10,217209.5,0.0
909364,709002,Cash on Delivery,Refunded,2025-03-23 20:44:16,40691.01,0.0
909365,709003,UPI,Completed,2025-02-06 17:08:55,42476.27,0.0
909366,709004,Cash on Delivery,Completed,2024-05-28 21:40:08,7552.41,0.0
909367,709005,UPI,Completed,2023-01-15 18:06:00,741.09,0.0
909368,709006,UPI,Pending,2023-12-13 16:20:39,145309.13,0.0
909369,709007,Cash on Delivery,Completed,2025-01-31 19:32:06,102591.97,0.0
909370,709008,Cash on Delivery,Completed,2023-05-07 11:12:27,4975.92,0.0
909371,709009,Cash on Delivery,Completed,2023-07-01 09:18:25,31945.36,0.0
909372,709010,UPI,Completed,2025-02-17 19:38:42,14997.0,0.0
909373,709011,Credit Card,Completed,2025-06-20 21:26:22,27708.71,498.76
909374,709012,Credit Card,Completed,2024-03-11 19:02:02,926.36,16.67
909375,709013,UPI,Completed,2024-10-07 15:48:16,926.36,0.0
909376,709013,UPI,Failed,2024-10-07 15:35:16,926.36,0.0
909377,709014,Debit Card,Failed,2025-11-14 15:02:57,741.09,13.34
909378,709015,Wallet,Failed,2025-11-14 21:13:20,107250.53,0.0
909379,709016,UPI,Completed,2024-02-19 14:13:58,112450.31,0.0
909380,709016,UPI,Failed,2024-02-19 14:02:58,112450.31,0.0
909381,709017,Net Banking,Completed,2025-08-15 16:11:46,263.48,0.0
909382,709018,Cash on Delivery,Completed,2024-12-24 19:21:37,36889587.0,0.0
909383,709019,Credit Card,Completed,2025-12-14 21:12:50,17332.1,311.98
909384,709020,UPI,Completed,2024-09-30 18:53:06,3454.29,0.0
909385,709021,Credit Card,Completed,2025-07-12 21:36:39,6234.46,112.22
909386,709022,UPI,Refunded,2025-07-05 22:17:04,2209.57,0.0
909387,709023,Debit Card,Completed,2024-10-12 23:25:21,45087.86,811.58
909388,709024,UPI,Completed,2025-08-05 22:51:02,75877.96,0.0
909389,709025,Cash on Delivery,Refunded,2023-12-24 14:30:49,1389.54,0.0
909390,709026,Cash on Delivery,Completed,2023-07-26 21:35:02,7557.85,0.0
909391,709027,UPI,Completed,2024-07-28 23:22:12,4195.38,0.0
909392,709028,UPI,Completed,2025-11-13 16:18:17,7954.45,0.0
909393,709029,Debit Card,Completed,2024-10-13 17:52:04,57689.08,1038.4
909394,709030,Credit Card,Completed,2025-02-02 16:54:34,6402.99,115.25
909395,709031,UPI,Completed,2025-01-24 23:55:18,136784.38,0.0
909396,709032,Credit Card,Pending,2023-08-09 21:24:07,6489.16,116.8
909397,709033,Net Banking,Completed,2024-06-10 21:11:07,121418.89,0.0
909398,709034,Cash on Delivery,Completed,2025-05-01 21:56:16,179640.05,0.0
909399,709035,UPI,Completed,2025-12-11 20:13:23,29264.04,0.0
909400,709036,Cash on Delivery,Completed,2023-10-01 23:59:29,5122.61,0.0
909401,709037,Cash on Delivery,Completed,2024-07-08 21:42:06,131341.66,0.0
909402,709038,Net Banking,Completed,2023-06-09 14:51:55,12218.41,0.0
909403,709039,UPI,Completed,2023-11-27 09:11:19,10730.52,0.0
909404,709040,Cash on Delivery,Failed,2024-05-24 14:24:44,105273.07,0.0
909405,709041,Credit Card,Completed,2024-11-04 16:38:07,1393.01,25.07
909406,709042,UPI,Completed,2023-11-13 19:11:05,9563.73,0.0
909407,709043,Credit Card,Completed,2023-11-11 18:55:16,111326.22,2003.87
909408,709043,Credit Card,Failed,2023-11-11 18:44:16,111326.22,0.0
909409,709044,Wallet,Completed,2025-07-16 18:26:46,9436.51,0.0
909410,709044,Wallet,Failed,2025-07-16 18:07:46,9436.51,0.0
909411,709045,Net Banking,Completed,2025-11-30 16:17:38,12782.99,0.0
909412,709046,UPI,Completed,2024-03-14 22:23:14,17649.09,0.0
909413,709047,Net Banking,Completed,2025-04-09 22:01:30,60341.84,0.0
909414,709048,Credit Card,Completed,2023-12-21 18:54:43,102906.0,1852.31
909415,709049,UPI,Completed,2025-11-06 19:44:15,20754.05,0.0
909416,709050,UPI,Refunded,2025-03-21 23:55:28,2315.9,0.0
909417,709050,UPI,Failed,2025-03-21 23:53:28,2315.9,0.0
909418,709051,Net Banking,Completed,2025-08-10 20:28:42,787.41,0.0
909419,709052,Credit Card,Failed,2023-03-28 15:21:20,141199.1,2541.58
909420,709053,Cash on Delivery,Pending,2024-12-28 12:27:35,7705.45,0.0
909421,709054,Credit Card,Completed,2024-10-28 23:12:57,59006.7,1062.12
909422,709055,UPI,Completed,2024-01-29 23:00:59,291911.08,0.0
909423,709056,Debit Card,Completed,2023-12-25 21:02:44,205350.46,3696.31
909424,709057,Cash on Delivery,Completed,2024-12-10 16:36:16,195727.79,0.0
909425,709058,Credit Card,Completed,2025-05-01 19:50:15,8083.75,145.51
909426,709059,Debit Card,Completed,2023-02-26 23:06:58,5055.86,91.01
909427,709060,Credit Card,Completed,2024-11-24 16:47:11,7511.36,135.2
909428,709061,UPI,Refunded,2023-10-03 20:36:29,44717.15,0.0
909429,709061,UPI,Failed,2023-10-03 20:32:29,44717.15,0.0
909430,709062,UPI,Completed,2023-08-18 13:11:05,14413.75,0.0
909431,709063,Debit Card,Refunded,2025-01-23 15:38:52,14176.34,255.17
909432,709064,Wallet,Completed,2024-02-24 15:16:10,19784.41,0.0
909433,709065,Credit Card,Completed,2024-08-13 19:47:49,108801.46,1958.43
909434,709066,Credit Card,Completed,2024-05-05 17:32:07,219180.34,3945.25
909435,709067,UPI,Completed,2025-02-19 19:39:48,66592.0,0.0
909436,709068,UPI,Completed,2024-09-20 17:35:42,6446.22,0.0
909437,709069,Credit Card,Completed,2025-12-01 16:58:01,8286.43,149.16
909438,709070,UPI,Completed,2024-04-26 20:15:21,118954.09,0.0
909439,709071,Debit Card,Completed,2025-06-01 21:39:54,119880.45,2157.85
909440,709072,UPI,Completed,2023-12-20 23:47:18,43742.85,0.0
909441,709073,Credit Card,Completed,2024-10-18 12:02:25,278214.57,5007.86
909442,709074,Debit Card,Completed,2024-11-11 12:37:15,103509.94,1863.18
909443,709075,UPI,Completed,2024-03-23 15:52:59,8492.86,0.0
909444,709076,UPI,Completed,2024-09-22 23:09:55,383497.92,0.0
909445,709077,Credit Card,Completed,2024-01-14 23:14:39,11542.58,207.77
909446,709078,Credit Card,Refunded,2023-01-12 20:30:59,16242.22,292.36
909447,709079,Wallet,Completed,2023-11-03 14:22:50,11230.59,0.0
909448,709080,Credit Card,Completed,2025-04-23 11:43:45,21417.93,385.52
909449,709081,Cash on Delivery,Pending,2025-07-08 23:41:40,6446.22,0.0
909450,709082,Net Banking,Completed,2024-01-16 19:57:52,6446.22,0.0
909451,709083,UPI,Completed,2024-07-05 15:38:52,152885.68,0.0
909452,709084,UPI,Completed,2023-03-06 11:07:52,90382.72,0.0
909453,709085,Cash on Delivery,Completed,2023-11-19 21:20:58,4843.83,0.0
909454,709086,UPI,Completed,2025-07-17 19:57:08,184774.19,0.0
909455,709087,UPI,Completed,2025-01-03 10:46:22,5173.61,0.0
909456,709088,Net Banking,Completed,2023-10-27 20:39:47,3782.7,0.0
909457,709089,Credit Card,Completed,2023-12-20 09:14:25,3049.26,54.89
909458,709090,Wallet,Completed,2025-08-23 22:10:37,17211.78,0.0
909459,709091,Net Banking,Completed,2023-10-29 15:18:55,28194.21,0.0
909460,709092,UPI,Completed,2024-03-30 22:51:16,8695.42,0.0
909461,709092,UPI,Failed,2024-03-30 22:44:16,8695.42,0.0
909462,709093,UPI,Completed,2025-03-10 22:12:05,2611.12,0.0
909463,709094,UPI,Completed,2024-11-16 17:41:09,79040.24,0.0
909464,709095,Debit Card,Completed,2024-09-08 22:43:42,84420.34,1519.57
909465,709096,Credit Card,Failed,2025-10-23 16:46:10,221233.31,3982.2
909466,709097,UPI,Completed,2023-11-05 17:32:54,3875.06,0.0
909467,709098,Credit Card,Pending,2025-06-03 19:59:05,926.36,16.67
909468,709099,Wallet,Completed,2023-09-18 17:38:36,10926.19,0.0
909469,709100,UPI,Completed,2025-01-16 22:52:43,211959.58,0.0
909470,709101,UPI,Completed,2025-10-10 17:40:58,3721.59,0.0
909471,709102,Credit Card,Completed,2024-09-04 03:27:48,11179.86,201.24
909472,709103,UPI,Completed,2025-05-17 19:32:13,926.36,0.0
909473,709104,UPI,Completed,2025-08-27 20:45:10,4279.75,0.0
909474,709105,UPI,Completed,2023-08-13 16:41:44,45116.47,0.0
909475,709106,UPI,Completed,2025-04-30 13:32:11,153832.08,0.0
909476,709107,Credit Card,Completed,2025-11-02 12:59:59,106491.09,1916.84
909477,709108,UPI,Completed,2024-12-06 21:32:07,1852.72,0.0
909478,709109,Cash on Delivery,Completed,2023-10-14 23:40:42,118907.77,0.0
909479,709110,UPI,Failed,2023-08-03 23:39:42,148506.02,0.0
909480,709111,Cash on Delivery,Completed,2023-12-23 23:57:43,77867.09,0.0
909481,709112,UPI,Completed,2023-06-24 21:44:16,154525.81,0.0
909482,709112,UPI,Failed,2023-06-24 21:31:16,154525.81,0.0
909483,709113,Credit Card,Completed,2024-10-20 19:32:36,8522.28,153.4
909484,709114,UPI,Completed,2023-05-04 21:23:38,13292.91,0.0
909485,709115,UPI,Completed,2023-11-08 16:42:39,105087.83,0.0
909486,709116,Wallet,Completed,2024-08-12 23:49:59,9057.32,0.0
909487,709117,Debit Card,Completed,2024-09-25 23:09:39,49499.24,890.99
909488,709117,Debit Card,Failed,2024-09-25 22:56:39,49499.24,0.0
909489,709118,Debit Card,Completed,2024-11-21 17:40:37,28987.4,521.77
909490,709119,Net Banking,Completed,2025-04-30 21:20:58,880.04,0.0
909491,709120,Net Banking,Completed,2023-03-24 15:53:02,145143.4,0.0
909492,709121,UPI,Completed,2023-05-19 15:46:57,5604.95,0.0
909493,709122,Debit Card,Failed,2023-04-18 15:55:50,7288.59,131.19
909494,709123,Debit Card,Completed,2024-07-26 14:42:44,5373.97,96.73
909495,709124,UPI,Failed,2023-03-14 21:41:23,10814.98,0.0
909496,709125,Credit Card,Completed,2025-06-08 17:27:47,4084.76,73.53
909497,709126,UPI,Completed,2023-11-08 16:40:04,450.14,0.0
909498,709127,Wallet,Completed,2025-11-11 15:22:56,15162.32,0.0
909499,709128,Debit Card,Completed,2024-10-05 15:38:56,5705.68,102.7
909500,709129,Credit Card,Completed,2024-08-19 13:54:26,185574.47,3340.34
909501,709130,Cash on Delivery,Completed,2025-07-19 18:27:40,3652.36,0.0
909502,709131,UPI,Completed,2025-05-07 23:35:47,164705.04,0.0
909503,709132,Debit Card,Completed,2025-01-05 20:31:03,78540.45,1413.73
909504,709133,Debit Card,Completed,2025-11-09 18:25:15,40423.33,727.62
909505,709134,UPI,Completed,2024-07-25 12:08:24,11007.52,0.0
909506,709135,UPI,Completed,2025-08-14 10:29:21,50831.19,0.0
909507,709136,UPI,Completed,2024-05-27 20:21:14,14497.34,0.0
909508,709137,Wallet,Completed,2025-09-16 21:21:34,6194.86,0.0
909509,709138,Credit Card,Completed,2023-12-22 14:40:30,5636.61,101.46
909510,709139,Credit Card,Completed,2024-01-26 23:29:17,880.04,15.84
909511,709140,UPI,Completed,2025-03-27 23:18:05,1767.08,0.0
909512,709141,UPI,Completed,2023-11-01 19:50:35,211213.62,0.0
909513,709142,Credit Card,Completed,2023-11-12 21:53:15,15473.03,278.51
909514,709143,Debit Card,Completed,2024-02-16 15:37:17,10511.12,189.2
909515,709144,Wallet,Completed,2025-03-29 23:54:01,516.02,0.0
909516,709145,UPI,Completed,2025-10-19 23:16:03,35425.14,0.0
909517,709146,UPI,Completed,2025-03-23 17:11:43,1320.06,0.0
909518,709147,UPI,Completed,2025-09-04 15:26:06,3853.96,0.0
909519,709148,UPI,Completed,2024-11-06 21:40:21,5890.3,0.0
909520,709149,Credit Card,Completed,2023-05-02 20:01:50,5862.23,105.52
909521,709150,UPI,Completed,2023-06-19 23:43:46,27878.12,0.0
909522,709151,Debit Card,Failed,2024-11-12 20:04:07,30563.54,550.14
909523,709152,Cash on Delivery,Completed,2024-03-21 18:41:57,2364.14,0.0
909524,709153,UPI,Completed,2023-11-06 17:12:07,204435.11,0.0
909525,709154,Debit Card,Completed,2024-09-15 23:20:40,246977.73,4445.6
909526,709155,Credit Card,Completed,2025-03-13 19:56:48,3791.07,68.24
909527,709156,Net Banking,Completed,2024-06-02 16:03:53,7233.63,0.0
909528,709156,Net Banking,Failed,2024-06-02 15:46:53,7233.63,0.0
909529,709157,UPI,Refunded,2025-08-10 13:50:04,115103.47,0.0
909530,709158,Credit Card,Completed,2025-05-31 12:24:24,14467.21,260.41
909531,709159,Credit Card,Completed,2025-05-27 23:56:03,456277.15,8212.99
909532,709160,Credit Card,Completed,2025-12-22 23:59:21,114332.39,2057.98
909533,709161,UPI,Completed,2024-02-01 23:22:06,188634.77,0.0
909534,709162,Wallet,Completed,2025-02-14 13:46:17,1384.75,0.0
909535,709163,UPI,Completed,2025-10-03 17:42:18,2275.14,0.0
909536,709164,UPI,Completed,2024-12-10 19:17:12,8973.33,0.0
909537,709165,Net Banking,Completed,2025-07-29 19:52:12,8089.38,0.0
909538,709166,Wallet,Completed,2024-07-14 17:47:09,5996.04,0.0
909539,709167,Wallet,Completed,2024-12-22 12:42:22,114347.27,0.0
909540,709168,Debit Card,Completed,2023-04-09 19:05:04,40423.33,727.62
909541,709169,Cash on Delivery,Completed,2025-12-23 23:56:35,14039.8,0.0
909542,709170,Net Banking,Completed,2025-08-08 23:46:35,39867.51,0.0
909543,709171,UPI,Completed,2025-10-09 16:23:34,96255.9,0.0
909544,709172,Credit Card,Completed,2025-04-16 23:30:15,21596.72,388.74
909545,709173,UPI,Completed,2023-10-14 19:41:39,186769.02,0.0
909546,709174,Credit Card,Completed,2023-02-22 19:26:01,35676.33,642.17
909547,709175,UPI,Completed,2025-10-07 17:17:20,228774.26,0.0
909548,709176,Debit Card,Failed,2024-06-18 23:28:03,2253.63,40.57
909549,709177,UPI,Completed,2023-12-26 12:39:23,1852.72,0.0
909550,709178,UPI,Completed,2024-11-16 20:21:36,9810.08,0.0
909551,709179,Debit Card,Completed,2024-07-23 19:38:47,1672.93,30.11
909552,709180,Cash on Delivery,Completed,2025-02-23 23:41:49,332136.93,0.0
909553,709181,UPI,Completed,2024-10-04 18:13:00,1574.81,0.0
909554,709182,Debit Card,Completed,2025-04-20 16:21:29,69483.14,1250.7
909555,709183,Net Banking,Completed,2025-10-02 23:46:03,44882.14,0.0
909556,709184,Debit Card,Completed,2023-10-20 14:30:52,3319.52,59.75
909557,709185,Wallet,Completed,2024-03-23 17:19:41,113446.4,0.0
909558,709186,Wallet,Completed,2024-08-10 18:02:41,1389.54,0.0
909559,709186,Wallet,Failed,2024-08-10 17:58:41,1389.54,0.0
909560,709187,Credit Card,Completed,2025-11-30 23:04:32,1394.51,25.1
909561,709188,Cash on Delivery,Pending,2024-05-11 18:04:02,7761.0,0.0
909562,709189,Wallet,Completed,2024-05-28 21:57:57,648.45,0.0
909563,709190,UPI,Completed,2025-02-25 18:44:41,167977.13,0.0
909564,709191,UPI,Completed,2024-07-20 15:07:02,15974.73,0.0
909565,709192,Debit Card,Completed,2025-11-17 19:41:17,199096.59,3583.74
909566,709193,Credit Card,Completed,2025-10-21 17:20:54,8046.97,144.85
909567,709194,Credit Card,Completed,2024-10-20 19:08:22,12859.75,231.48
909568,709195,Wallet,Completed,2025-02-14 17:52:58,926.36,0.0
909569,709196,UPI,Completed,2023-04-13 16:04:56,201349.97,0.0
909570,709197,UPI,Completed,2025-04-18 19:46:43,46619.02,0.0
909571,709198,UPI,Completed,2025-05-02 23:33:40,80579.15,0.0
909572,709199,Debit Card,Completed,2024-05-04 15:05:19,112703.37,2028.66
909573,709200,UPI,Failed,2023-11-05 14:00:54,16733.13,0.0
909574,709201,Debit Card,Completed,2025-10-31 10:34:47,92416.95,1663.51
909575,709202,UPI,Failed,2024-07-31 13:41:26,3791.07,0.0
909576,709203,Cash on Delivery,Completed,2025-02-25 16:15:29,8038.32,0.0
909577,709204,UPI,Completed,2023-02-26 21:11:32,22654.62,0.0
909578,709205,Credit Card,Failed,2024-07-13 18:50:37,61945.13,1115.01
909579,709206,Debit Card,Completed,2025-08-23 23:36:14,162159.19,2918.87
909580,709207,Credit Card,Completed,2024-06-06 22:46:02,96687.48,1740.37
909581,709208,Wallet,Completed,2024-12-31 17:55:59,11558.24,0.0
909582,709209,UPI,Completed,2023-10-30 16:46:02,9642.41,0.0
909583,709210,Net Banking,Failed,2024-07-17 18:15:05,926.36,0.0
909584,709211,Debit Card,Completed,2025-11-05 22:53:20,716.58,12.9
909585,709212,Debit Card,Completed,2024-11-23 14:20:54,880.04,15.84
909586,709213,Net Banking,Completed,2025-10-25 20:34:20,6935.44,0.0
909587,709214,UPI,Completed,2025-10-25 23:04:40,3020.14,0.0
909588,709214,UPI,Failed,2025-10-25 23:02:40,3020.14,0.0
909589,709215,UPI,Completed,2025-11-13 15:31:16,392322.77,0.0
909590,709216,Cash on Delivery,Completed,2025-10-21 21:14:37,1389.54,0.0
909591,709217,UPI,Completed,2023-01-07 20:52:53,5033.02,0.0
909592,709218,Credit Card,Refunded,2025-11-08 18:33:32,450.67,8.11
909593,709219,Credit Card,Completed,2023-08-14 18:28:24,833.72,15.01
909594,709220,Debit Card,Completed,2023-03-11 15:36:58,3242.2,58.36
909595,709221,UPI,Pending,2023-04-08 23:40:43,6993.39,0.0
909596,709221,UPI,Failed,2023-04-08 23:34:43,6993.39,0.0
909597,709222,Credit Card,Completed,2024-04-21 20:23:14,158533.95,2853.61
909598,709223,Debit Card,Completed,2025-01-21 20:45:26,926.36,16.67
909599,709224,UPI,Completed,2024-06-27 17:23:56,93335.66,0.0
909600,709225,Net Banking,Completed,2023-02-12 14:57:52,15713.95,0.0
909601,709226,Cash on Delivery,Completed,2024-09-29 17:40:30,539.82,0.0
909602,709227,UPI,Failed,2024-08-14 21:53:08,165185.62,0.0
909603,709228,Wallet,Failed,2025-06-21 20:07:09,61445.96,0.0
909604,709229,UPI,Completed,2024-01-15 22:52:57,2565.6,0.0
909605,709230,Debit Card,Completed,2023-11-04 21:57:24,6445.4,116.02
909606,709231,Debit Card,Completed,2023-12-19 23:30:14,79482.63,1430.69
909607,709232,Cash on Delivery,Completed,2024-02-13 21:03:41,7991.37,0.0
909608,709233,Credit Card,Completed,2024-12-28 20:34:20,12781.96,230.08
909609,709234,Cash on Delivery,Completed,2024-09-22 17:40:41,6323.47,0.0
909610,709235,Cash on Delivery,Completed,2024-04-03 14:33:36,238040.09,0.0
909611,709236,Debit Card,Completed,2024-05-21 23:38:38,84564.77,1522.17
909612,709237,UPI,Completed,2024-05-17 17:04:42,68673.74,0.0
909613,709237,UPI,Failed,2024-05-17 16:54:42,68673.74,0.0
909614,709238,Cash on Delivery,Completed,2025-12-11 19:19:08,212676.15,0.0
909615,709239,Debit Card,Completed,2023-11-14 17:20:13,8575.82,154.36
909616,709240,Cash on Delivery,Completed,2025-08-24 19:22:26,2413.51,0.0
909617,709241,Debit Card,Completed,2025-05-03 15:47:00,1389.54,25.01
909618,709242,UPI,Completed,2023-01-11 17:01:54,45544.31,0.0
909619,709243,Credit Card,Completed,2025-12-27 19:41:18,9165.04,164.97
909620,709244,UPI,Completed,2025-06-21 19:27:46,5476.63,0.0
909621,709245,UPI,Refunded,2025-04-02 18:06:31,6719.55,0.0
909622,709246,Wallet,Completed,2024-07-01 21:28:37,143115.45,0.0
909623,709247,UPI,Completed,2024-11-12 19:28:17,74243.83,0.0
909624,709248,Wallet,Failed,2023-12-15 23:02:27,8973.33,0.0
909625,709249,UPI,Completed,2023-03-03 18:48:32,5636.79,0.0
909626,709250,Cash on Delivery,Completed,2025-09-13 23:20:26,158135.46,0.0
909627,709251,Debit Card,Completed,2025-10-22 23:48:08,55295.76,995.32
909628,709252,Cash on Delivery,Completed,2023-09-24 13:31:03,41349.69,0.0
909629,709253,UPI,Completed,2025-07-27 17:32:00,83386.06,0.0
909630,709254,Wallet,Completed,2025-06-02 20:03:30,162368.53,0.0
909631,709255,Debit Card,Completed,2023-10-09 08:35:44,14284.71,257.12
909632,709256,Wallet,Completed,2024-07-24 23:24:53,9606.13,0.0
909633,709257,Credit Card,Completed,2024-07-25 14:25:59,1320.06,23.76
909634,709258,Net Banking,Completed,2025-06-25 17:56:55,134109.45,0.0
909635,709259,Cash on Delivery,Pending,2025-09-15 15:03:05,82992.21,0.0
909636,709260,Debit Card,Completed,2023-06-09 16:02:33,96182.27,1731.28
909637,709261,Net Banking,Completed,2024-11-18 19:17:36,6375.79,0.0
909638,709262,Credit Card,Pending,2025-06-27 20:22:04,6389.41,115.01
909639,709263,Wallet,Completed,2025-07-26 18:37:10,2806.62,0.0
909640,709264,Cash on Delivery,Completed,2023-08-31 22:38:54,499.27,0.0
909641,709265,UPI,Completed,2024-10-27 18:07:32,145180.49,0.0
909642,709266,UPI,Failed,2025-10-04 23:27:32,11038.08,0.0
909643,709267,Cash on Delivery,Completed,2024-03-07 16:51:30,5122.59,0.0
909644,709268,UPI,Completed,2024-07-28 19:04:49,209137.29,0.0
909645,709269,Credit Card,Refunded,2025-08-11 18:20:16,11074.36,199.34
909646,709270,UPI,Completed,2023-05-30 21:42:20,56545.92,0.0
909647,709271,Credit Card,Completed,2025-10-05 14:26:13,6167.49,111.01
909648,709272,Debit Card,Completed,2024-02-25 22:01:53,12425.12,223.65
909649,709273,Net Banking,Completed,2023-01-03 23:15:56,1389.54,0.0
909650,709274,UPI,Completed,2023-11-15 19:41:58,170312.52,0.0
909651,709275,Wallet,Refunded,2023-05-31 14:15:47,18557.68,0.0
909652,709276,Debit Card,Completed,2023-06-04 11:21:35,49151.48,884.73
909653,709277,Cash on Delivery,Completed,2025-04-14 20:24:10,8109405.0,0.0
909654,709278,UPI,Completed,2023-11-02 17:59:27,5562.87,0.0
909655,709279,Debit Card,Pending,2025-11-09 23:02:27,1904.53,34.28
909656,709280,UPI,Completed,2024-10-22 17:54:04,833.72,0.0
909657,709281,UPI,Completed,2024-09-07 14:45:09,3531.76,0.0
909658,709282,Debit Card,Completed,2024-08-08 23:12:27,134982.8,2429.69
909659,709283,Cash on Delivery,Pending,2025-04-14 18:01:42,103458.64,0.0
909660,709284,Cash on Delivery,Completed,2024-08-27 21:35:30,43388.68,0.0
909661,709285,Net Banking,Completed,2023-08-05 23:03:14,3541.67,0.0
909662,709286,UPI,Completed,2025-10-14 13:24:41,166991.2,0.0
909663,709287,UPI,Completed,2024-08-02 18:10:48,109994.96,0.0
909664,709288,Cash on Delivery,Completed,2023-05-09 21:58:33,136759.64,0.0
909665,709289,UPI,Completed,2024-10-29 12:08:19,2148.74,0.0
909666,709290,Net Banking,Refunded,2025-02-17 23:04:09,315155.39,0.0
909667,709291,UPI,Completed,2024-01-09 11:39:15,20542.15,0.0
909668,709292,UPI,Completed,2025-08-08 19:02:43,4123.07,0.0
909669,709293,Cash on Delivery,Failed,2025-03-17 22:10:52,498.49,0.0
909670,709294,Credit Card,Completed,2025-02-21 20:44:22,6491.92,116.85
909671,709295,Cash on Delivery,Completed,2024-07-23 20:29:23,48379.34,0.0
909672,709296,Credit Card,Completed,2025-11-29 13:47:44,7264.58,130.76
909673,709296,Credit Card,Failed,2025-11-29 13:27:44,7264.58,0.0
909674,709297,Credit Card,Completed,2024-01-07 23:54:19,13078.74,235.42
909675,709298,UPI,Completed,2024-12-07 16:49:21,38986.95,0.0
909676,709299,UPI,Completed,2024-02-22 15:12:31,505.29,0.0
909677,709300,UPI,Failed,2025-06-07 15:15:01,122982.19,0.0
909678,709301,Credit Card,Completed,2023-03-25 14:16:46,5265.7,94.78
909679,709302,UPI,Completed,2023-03-22 18:08:52,2076.58,0.0
909680,709303,Wallet,Failed,2025-08-16 16:39:45,119232.0,0.0
909681,709304,UPI,Completed,2024-08-08 15:21:55,6026.97,0.0
909682,709305,Debit Card,Failed,2024-04-09 16:48:25,8046.97,144.85
909683,709306,Debit Card,Completed,2025-01-05 16:33:49,535.02,9.63
909684,709307,Net Banking,Completed,2025-04-26 19:59:41,70089.64,0.0
909685,709308,UPI,Completed,2023-10-24 09:51:57,12739.04,0.0
909686,709309,Credit Card,Completed,2023-10-14 20:41:44,61749.03,1111.48
909687,709310,UPI,Completed,2025-11-25 15:44:55,88494.48,0.0
909688,709311,UPI,Completed,2024-12-21 17:03:32,3281.57,0.0
909689,709312,UPI,Pending,2024-06-09 19:13:47,482.16,0.0
909690,709313,Debit Card,Completed,2025-08-09 23:04:52,84017.64,1512.32
909691,709314,UPI,Completed,2024-10-27 06:01:36,12357.94,0.0
909692,709315,Debit Card,Completed,2023-11-26 15:32:30,116536.64,2097.66
909693,709316,UPI,Completed,2023-10-28 17:13:02,2439.2,0.0
909694,709317,UPI,Completed,2024-06-19 23:33:51,9858.93,0.0
909695,709318,UPI,Completed,2025-10-05 22:35:51,89146.52,0.0
909696,709318,UPI,Failed,2025-10-05 22:33:51,89146.52,0.0
909697,709319,Cash on Delivery,Refunded,2023-04-19 17:54:48,926.36,0.0
909698,709320,Cash on Delivery,Completed,2023-11-05 17:36:26,2991.11,0.0
909699,709321,Credit Card,Completed,2025-10-20 14:34:07,12224.87,220.05
909700,709322,Credit Card,Completed,2023-07-25 21:59:41,4035.22,72.63
909701,709323,UPI,Completed,2025-01-28 17:15:56,79629.85,0.0
909702,709324,UPI,Completed,2023-11-01 23:23:34,108863.34,0.0
909703,709325,Wallet,Completed,2025-01-03 23:42:52,209964.87,0.0
909704,709325,Wallet,Failed,2025-01-03 23:27:52,209964.87,0.0
909705,709326,UPI,Completed,2024-05-31 16:35:31,6375.92,0.0
909706,709327,UPI,Completed,2023-06-21 23:26:16,257550.64,0.0
909707,709328,Cash on Delivery,Completed,2024-12-14 22:22:59,223808.52,0.0
909708,709329,Wallet,Completed,2025-04-03 16:40:46,880.04,0.0
909709,709330,UPI,Completed,2025-03-30 19:44:46,9776.07,0.0
909710,709331,UPI,Refunded,2025-02-04 23:01:56,83544.21,0.0
909711,709332,UPI,Completed,2024-10-13 13:58:23,5843.27,0.0
909712,709333,UPI,Completed,2024-10-24 21:59:09,5499.74,0.0
909713,709334,Credit Card,Completed,2025-02-02 16:05:19,7922.53,142.61
909714,709335,Debit Card,Completed,2025-04-11 18:49:54,92390.08,1663.02
909715,709336,Debit Card,Completed,2025-02-27 23:43:38,1852.72,33.35
909716,709337,Wallet,Completed,2024-12-19 16:22:48,43347.34,0.0
909717,709338,Debit Card,Completed,2023-09-13 23:46:06,40407.65,727.34
909718,709339,Credit Card,Completed,2023-10-30 12:17:34,7341.77,132.15
909719,709340,Debit Card,Failed,2023-12-23 17:20:15,93695.36,1686.52
909720,709341,UPI,Completed,2025-11-02 08:53:12,151702.44,0.0
909721,709342,Cash on Delivery,Pending,2025-06-24 17:16:22,163039.07,0.0
909722,709343,Credit Card,Refunded,2024-11-11 13:42:04,76804.32,1382.48
909723,709344,Cash on Delivery,Completed,2023-12-13 14:53:56,7667.78,0.0
909724,709345,UPI,Completed,2023-07-07 17:51:05,7695.56,0.0
909725,709346,UPI,Completed,2025-10-23 14:23:33,12038.47,0.0
909726,709347,Debit Card,Completed,2025-10-20 05:44:38,492.55,8.87
909727,709347,Debit Card,Failed,2025-10-20 05:39:38,492.55,0.0
909728,709348,UPI,Completed,2023-07-07 19:06:16,30399.69,0.0
909729,709349,UPI,Completed,2025-08-06 17:13:52,880.04,0.0
909730,709350,UPI,Refunded,2024-08-19 22:26:00,41286.63,0.0
909731,709351,Credit Card,Completed,2024-03-15 20:54:22,6235.01,112.23
909732,709352,Cash on Delivery,Completed,2025-05-31 21:50:51,8594.14,0.0
909733,709353,Credit Card,Completed,2025-01-14 12:42:19,7738.59,139.29
909734,709353,Credit Card,Failed,2025-01-14 12:32:19,7738.59,0.0
909735,709354,UPI,Completed,2025-07-18 19:34:32,3454.29,0.0
909736,709355,UPI,Completed,2023-05-10 17:43:25,75128.26,0.0
909737,709356,Cash on Delivery,Completed,2024-03-07 23:20:28,21318.74,0.0
909738,709357,Wallet,Completed,2024-03-08 17:33:08,65469.64,0.0
909739,709358,Credit Card,Completed,2024-03-23 23:38:44,1667.45,30.01
909740,709359,UPI,Completed,2024-10-14 17:37:42,46607.25,0.0
909741,709360,UPI,Completed,2024-01-20 23:41:50,128984.68,0.0
909742,709361,UPI,Completed,2024-08-17 15:39:44,61450.83,0.0
909743,709362,Credit Card,Completed,2024-05-14 15:28:51,152128.13,2738.31
909744,709363,Cash on Delivery,Completed,2025-05-28 18:00:36,12699.22,0.0
909745,709364,Credit Card,Completed,2024-12-31 19:21:21,9703.01,174.65
909746,709365,UPI,Completed,2025-02-25 20:52:12,19508.47,0.0
909747,709366,Credit Card,Refunded,2023-10-30 23:49:18,4102.74,73.85
909748,709367,Wallet,Pending,2024-03-17 23:30:46,76915.36,0.0
909749,709368,Cash on Delivery,Completed,2023-02-03 23:18:39,741.09,0.0
909750,709369,Credit Card,Completed,2023-07-02 14:06:32,7978.91,143.62
909751,709370,Credit Card,Completed,2023-12-27 19:01:48,1521.72,27.39
909752,709371,Credit Card,Failed,2023-04-27 17:43:03,5039.05,90.7
909753,709372,UPI,Completed,2024-12-30 15:20:55,91184.24,0.0
909754,709373,Credit Card,Completed,2025-12-30 14:13:58,3454.29,62.18
909755,709374,Net Banking,Completed,2023-06-19 17:50:33,8750.11,0.0
909756,709375,UPI,Completed,2025-08-28 17:35:18,47121.52,0.0
909757,709375,UPI,Failed,2025-08-28 17:24:18,47121.52,0.0
909758,709376,Cash on Delivery,Completed,2023-07-21 22:08:01,41704.99,0.0
909759,709377,Cash on Delivery,Completed,2025-03-17 12:26:25,53665.83,0.0
909760,709378,Credit Card,Refunded,2025-02-12 18:10:25,2043.17,36.78
909761,709378,Credit Card,Failed,2025-02-12 17:52:25,2043.17,0.0
909762,709379,UPI,Completed,2025-10-25 16:34:05,293231.24,0.0
909763,709380,UPI,Completed,2023-07-12 23:28:46,87651.79,0.0
909764,709381,Cash on Delivery,Completed,2024-03-02 14:52:32,1887.45,0.0
909765,709382,Debit Card,Completed,2023-06-02 20:41:22,8764.9,157.77
909766,709383,UPI,Refunded,2024-07-04 13:37:17,5843.27,0.0
909767,709384,Credit Card,Completed,2025-10-29 15:48:08,144081.7,2593.47
909768,709385,Credit Card,Completed,2025-07-20 20:13:50,6306.45,113.52
909769,709386,Debit Card,Completed,2025-05-16 23:28:46,4410.1,79.38
909770,709387,Cash on Delivery,Completed,2024-10-31 19:33:25,16979.22,0.0
909771,709388,UPI,Completed,2025-10-16 15:20:17,1136.57,0.0
909772,709389,UPI,Failed,2024-08-23 23:18:21,5455.91,0.0
909773,709390,Wallet,Completed,2023-09-03 14:50:28,137581.38,0.0
909774,709391,Debit Card,Pending,2025-09-15 14:47:29,82792.71,1490.27
909775,709392,Debit Card,Completed,2024-01-15 14:44:41,66245.97,1192.43
909776,709393,Credit Card,Completed,2023-04-05 20:08:15,5394.6,97.1
909777,709394,Net Banking,Completed,2023-08-02 18:43:09,71853.79,0.0
909778,709395,UPI,Completed,2025-01-07 20:51:48,47753.15,0.0
909779,709396,Wallet,Completed,2025-01-04 22:37:43,144962.28,0.0
909780,709397,UPI,Pending,2023-12-23 21:01:17,14336.57,0.0
909781,709398,Cash on Delivery,Completed,2025-05-20 14:58:34,69426.42,0.0
909782,709399,Wallet,Completed,2025-07-11 20:05:13,2974.3,0.0
909783,709400,Wallet,Refunded,2025-11-02 16:23:36,186325.82,0.0
909784,709401,Credit Card,Completed,2024-12-17 23:32:29,926.36,16.67
909785,709402,Cash on Delivery,Completed,2025-07-18 22:16:46,48336.84,0.0
909786,709403,UPI,Completed,2025-06-17 15:53:00,187949.75,0.0
909787,709404,Debit Card,Completed,2023-12-21 23:50:43,191875.36,3453.76
909788,709405,Cash on Delivery,Completed,2024-02-23 16:33:33,47783.68,0.0
909789,709406,Cash on Delivery,Completed,2024-10-01 16:45:00,5982.22,0.0
909790,709407,Credit Card,Completed,2023-01-31 09:25:45,721.72,12.99
909791,709408,Debit Card,Completed,2024-02-04 14:43:28,46294.0,833.29
909792,709409,UPI,Pending,2024-09-25 23:47:11,4091.61,0.0
909793,709410,UPI,Completed,2023-07-02 23:12:24,9631.41,0.0
909794,709411,UPI,Completed,2023-08-02 14:57:31,926.36,0.0
909795,709411,UPI,Failed,2023-08-02 14:37:31,926.36,0.0
909796,709412,UPI,Completed,2024-09-11 10:31:47,303329.9,0.0
909797,709413,Debit Card,Completed,2025-05-24 19:52:01,8590.95,154.64
909798,709414,UPI,Completed,2025-09-11 21:32:15,16254.66,0.0
909799,709415,Credit Card,Pending,2024-11-08 14:06:57,262902.08,4732.24
909800,709416,Debit Card,Completed,2024-09-27 13:00:32,285770.68,5143.87
909801,709417,UPI,Completed,2024-06-01 16:43:09,4075.0,0.0
909802,709418,UPI,Completed,2023-10-19 22:18:55,1389.54,0.0
909803,709419,Wallet,Completed,2023-08-29 21:56:12,2200.1,0.0
909804,709420,Credit Card,Completed,2025-08-01 15:47:21,9845.55,177.22
909805,709421,Net Banking,Completed,2024-09-14 23:29:47,101773.86,0.0
909806,709422,Cash on Delivery,Pending,2025-07-30 19:18:32,80846.66,0.0
909807,709423,UPI,Completed,2025-04-28 22:52:00,474.77,0.0
909808,709424,UPI,Failed,2023-10-19 19:00:01,926.36,0.0
909809,709425,Net Banking,Completed,2024-10-19 21:09:14,117167.53,0.0
909810,709426,UPI,Completed,2024-08-16 23:28:55,1389.54,0.0
909811,709427,UPI,Completed,2024-07-27 23:54:45,53179.67,0.0
909812,709428,Credit Card,Completed,2024-11-05 18:32:03,191626.93,3449.28
909813,709429,UPI,Completed,2025-12-21 23:55:58,68024.89,0.0
909814,709430,UPI,Failed,2025-08-18 14:34:35,1760.08,0.0
909815,709431,UPI,Completed,2025-10-25 20:50:36,2527.93,0.0
909816,709432,UPI,Completed,2023-02-19 22:31:14,4878.41,0.0
909817,709433,Cash on Delivery,Completed,2023-08-18 21:40:29,36856.85,0.0
909818,709434,Credit Card,Completed,2023-05-24 20:06:11,13485.25,242.73
909819,709435,Net Banking,Refunded,2023-12-25 12:52:54,12154.56,0.0
909820,709436,Net Banking,Pending,2024-08-14 15:40:59,54453.06,0.0
909821,709436,Net Banking,Failed,2024-08-14 15:33:59,54453.06,0.0
909822,709437,Net Banking,Completed,2025-02-11 14:09:17,233274.11,0.0
909823,709438,UPI,Completed,2024-10-13 18:41:58,2121.56,0.0
909824,709439,UPI,Completed,2025-10-25 18:54:12,44152.5,0.0
909825,709440,UPI,Completed,2025-11-11 16:03:24,77787.88,0.0
909826,709441,UPI,Pending,2023-09-26 13:26:17,51671.31,0.0
909827,709442,Cash on Delivery,Refunded,2025-10-01 15:54:23,1320.06,0.0
909828,709443,Cash on Delivery,Completed,2024-10-03 19:28:40,10515.28,0.0
909829,709444,Debit Card,Completed,2024-08-29 21:49:55,10995.67,197.92
909830,709445,Wallet,Completed,2025-07-24 14:33:08,6737.04,0.0
909831,709446,UPI,Completed,2023-06-06 19:43:50,45833.41,0.0
909832,709446,UPI,Failed,2023-06-06 19:29:50,45833.41,0.0
909833,709447,Debit Card,Completed,2025-10-15 20:53:06,38757.63,697.64
909834,709448,Credit Card,Completed,2025-03-19 18:51:31,2186.41,39.36
909835,709449,UPI,Pending,2025-10-12 15:26:16,131668.6,0.0
909836,709450,Net Banking,Completed,2025-12-28 13:17:06,170079.97,0.0
909837,709451,Credit Card,Completed,2024-10-23 17:07:32,8594.14,154.69
909838,709452,Debit Card,Completed,2023-06-06 18:14:42,4133.2,74.4
909839,709453,Debit Card,Completed,2023-10-01 19:03:04,102195.69,1839.52
909840,709454,Credit Card,Completed,2024-03-14 21:56:47,3537.48,63.67
909841,709455,UPI,Completed,2023-06-24 16:07:13,66869.91,0.0
909842,709456,Wallet,Completed,2025-08-21 19:59:45,172345.79,0.0
909843,709457,Debit Card,Completed,2024-02-03 12:32:57,414093.13,7453.68
909844,709458,Credit Card,Completed,2025-12-15 16:14:20,238793.56,4298.28
909845,709459,UPI,Completed,2025-04-26 23:17:50,6538.04,0.0
909846,709460,UPI,Refunded,2023-10-05 19:03:44,3186.34,0.0
909847,709461,Debit Card,Completed,2024-09-28 15:21:14,1852.72,33.35
909848,709461,Debit Card,Failed,2024-09-28 15:04:14,1852.72,0.0
909849,709462,Net Banking,Completed,2024-09-16 23:32:41,9965.21,0.0
909850,709463,Net Banking,Completed,2024-10-09 22:52:55,95761.12,0.0
909851,709464,UPI,Completed,2024-11-02 20:41:55,6724.65,0.0
909852,709465,UPI,Completed,2023-02-22 15:45:41,38448.48,0.0
909853,709466,UPI,Completed,2025-04-06 10:07:39,2078.37,0.0
909854,709467,Credit Card,Completed,2024-10-06 21:34:55,1595.44,28.72
909855,709468,Cash on Delivery,Pending,2025-07-31 23:42:06,68691.03,0.0
909856,709469,UPI,Completed,2025-08-21 23:47:54,84559.91,0.0
909857,709470,Credit Card,Completed,2023-11-13 16:58:13,11103.99,199.87
909858,709471,UPI,Pending,2023-03-26 18:03:05,81344.52,0.0
909859,709472,Credit Card,Completed,2025-04-27 23:59:19,101697.02,1830.55
909860,709473,UPI,Completed,2025-12-17 12:26:16,66334.75,0.0
909861,709474,Cash on Delivery,Completed,2024-08-19 20:40:01,3444.84,0.0
909862,709475,Debit Card,Completed,2023-12-22 18:12:40,4848.44,87.27
909863,709476,Debit Card,Completed,2023-09-15 18:49:23,11199.84,201.6
909864,709477,Net Banking,Failed,2024-01-24 20:13:39,2695.91,0.0
909865,709478,Cash on Delivery,Completed,2024-03-21 15:46:44,174487.54,0.0
909866,709479,UPI,Failed,2024-07-27 18:40:20,10439.85,0.0
909867,709480,UPI,Completed,2025-02-27 17:29:39,27192.52,0.0
909868,709481,Debit Card,Refunded,2024-01-05 18:53:04,53981.51,971.67
909869,709482,Cash on Delivery,Completed,2023-03-31 19:56:39,94063.93,0.0
909870,709483,Cash on Delivery,Pending,2024-05-20 23:45:01,144407.6,0.0
909871,709484,Net Banking,Completed,2025-10-03 21:22:36,10532.49,0.0
909872,709485,UPI,Completed,2024-10-12 17:15:41,77311.83,0.0
909873,709486,Cash on Delivery,Refunded,2025-12-03 18:29:51,416251.86,0.0
909874,709487,Debit Card,Completed,2024-10-15 16:12:01,225181.67,4053.27
909875,709488,Wallet,Completed,2024-01-09 12:32:30,5055.86,0.0
909876,709489,Cash on Delivery,Completed,2023-10-19 16:36:11,504.6,0.0
909877,709490,Net Banking,Completed,2025-04-17 16:08:52,7053.98,0.0
909878,709491,Cash on Delivery,Completed,2024-11-02 21:02:17,8046.97,0.0
909879,709492,Net Banking,Refunded,2024-12-31 15:48:05,148504.91,0.0
909880,709493,UPI,Refunded,2025-06-19 17:33:42,67380.48,0.0
909881,709494,UPI,Completed,2025-05-19 16:20:50,40662.35,0.0
909882,709495,UPI,Completed,2023-03-17 07:21:51,8777.58,0.0
909883,709496,Wallet,Completed,2025-08-10 16:48:01,8046.97,0.0
909884,709497,UPI,Completed,2024-10-31 22:41:47,56877.34,0.0
909885,709498,Cash on Delivery,Completed,2024-06-12 17:35:04,10426.83,0.0
909886,709499,UPI,Completed,2024-11-03 23:02:21,4060.61,0.0
909887,709500,Debit Card,Completed,2025-01-11 19:43:06,40425.25,727.65
909888,709501,UPI,Completed,2023-09-03 14:25:36,926.36,0.0
909889,709502,Cash on Delivery,Completed,2024-07-18 17:14:17,503.45,0.0
909890,709503,UPI,Completed,2024-04-01 19:52:13,7142.38,0.0
909891,709504,UPI,Completed,2024-04-23 20:38:29,2944.79,0.0
909892,709505,Debit Card,Completed,2023-06-03 23:07:03,67147.82,1208.66
909893,709506,UPI,Completed,2023-09-20 22:32:21,123176.61,0.0
909894,709507,Debit Card,Pending,2023-09-23 19:16:21,72523.44,1305.42
909895,709508,Net Banking,Completed,2024-05-20 23:16:16,4257.44,0.0
909896,709509,UPI,Completed,2025-10-21 21:27:22,9494.25,0.0
909897,709510,Credit Card,Completed,2023-10-27 17:52:30,46393.47,835.08
909898,709511,Debit Card,Completed,2024-07-16 21:49:22,1950.78,35.11
909899,709512,Cash on Delivery,Completed,2024-02-25 18:48:45,7031.79,0.0
909900,709513,Cash on Delivery,Completed,2025-07-27 16:45:44,142665.21,0.0
909901,709514,Cash on Delivery,Completed,2023-03-30 23:50:08,21051.77,0.0
909902,709515,Credit Card,Completed,2023-10-21 23:17:20,7456.57,134.22
909903,709516,UPI,Completed,2023-10-30 15:11:48,86616.14,0.0
909904,709517,Cash on Delivery,Completed,2025-12-27 17:51:28,4621.71,0.0
909905,709518,Wallet,Completed,2024-11-28 14:59:57,926.36,0.0
909906,709519,Credit Card,Completed,2023-08-16 13:08:11,271567.22,4888.21
909907,709520,Wallet,Completed,2024-01-04 14:36:21,3013.8,0.0
909908,709521,Wallet,Completed,2023-10-01 17:18:09,2365.87,0.0
909909,709522,Cash on Delivery,Pending,2023-07-30 12:56:38,101218.04,0.0
909910,709523,Credit Card,Completed,2025-08-06 20:00:54,209826.18,3776.87
909911,709524,Cash on Delivery,Completed,2024-10-11 17:41:21,195414.63,0.0
909912,709525,UPI,Completed,2025-01-29 19:50:55,10490.09,0.0
909913,709526,UPI,Completed,2024-03-26 18:43:24,196430.5,0.0
909914,709527,Wallet,Completed,2024-11-11 10:34:35,90807.82,0.0
909915,709528,UPI,Refunded,2023-12-21 15:00:46,126910.09,0.0
909916,709529,Cash on Delivery,Refunded,2024-02-20 17:10:22,119703.59,0.0
909917,709530,Wallet,Completed,2025-02-23 19:07:55,6520.94,0.0
909918,709531,Wallet,Completed,2023-09-04 17:24:10,326285.48,0.0
909919,709532,Net Banking,Completed,2025-01-17 19:27:57,17358.5,0.0
909920,709533,Wallet,Completed,2025-10-01 23:23:24,11716.17,0.0
909921,709534,Wallet,Completed,2023-07-23 23:14:00,11517.77,0.0
909922,709535,Net Banking,Completed,2025-10-22 22:43:52,36797.86,0.0
909923,709536,Debit Card,Completed,2023-05-17 17:55:02,46080.88,829.46
909924,709537,Debit Card,Completed,2024-04-21 16:00:29,19413.06,349.44
909925,709538,Cash on Delivery,Completed,2025-01-09 12:45:25,506.47,0.0
909926,709539,Cash on Delivery,Completed,2024-11-15 15:59:24,3401.56,0.0
909927,709540,Cash on Delivery,Completed,2023-06-12 14:21:39,105309.05,0.0
909928,709541,UPI,Refunded,2025-08-07 16:12:46,53100.49,0.0
909929,709542,Credit Card,Completed,2025-12-12 20:48:30,16046.93,288.84
909930,709543,Cash on Delivery,Completed,2023-10-11 15:25:07,787.41,0.0
909931,709544,UPI,Completed,2025-10-21 13:23:26,72827.96,0.0
909932,709545,Cash on Delivery,Completed,2024-11-13 17:25:19,23124.77,0.0
909933,709546,Cash on Delivery,Completed,2025-11-09 20:15:24,8417.51,0.0
909934,709547,Credit Card,Completed,2023-10-07 19:25:07,497.97,8.96
909935,709548,UPI,Completed,2025-08-01 23:26:29,101727.54,0.0
909936,709549,Credit Card,Completed,2023-04-16 23:56:11,173950.71,3131.11
909937,709550,Cash on Delivery,Completed,2025-10-16 21:59:09,858.62,0.0
909938,709551,UPI,Completed,2025-03-23 23:12:27,213716.65,0.0
909939,709552,Credit Card,Completed,2024-05-17 16:20:05,295360.69,5316.49
909940,709553,Debit Card,Completed,2023-10-17 19:13:31,9357.22,168.43
909941,709554,Cash on Delivery,Completed,2025-08-22 19:40:18,49091.64,0.0
909942,709555,Credit Card,Completed,2024-12-31 23:13:14,1389.54,25.01
909943,709556,Debit Card,Completed,2024-05-06 17:07:03,16970.03,305.46
909944,709557,Net Banking,Completed,2024-08-16 08:30:24,328418.15,0.0
909945,709558,UPI,Completed,2025-09-03 23:21:02,103450.98,0.0
909946,709559,Debit Card,Completed,2024-04-06 19:44:49,967.46,17.41
909947,709560,UPI,Completed,2023-05-31 20:42:42,79457.12,0.0
909948,709561,Cash on Delivery,Pending,2025-10-29 20:56:34,3791.07,0.0
909949,709562,Debit Card,Completed,2024-06-06 23:25:06,2982.46,53.68
909950,709563,Credit Card,Completed,2024-04-20 23:35:50,3401.13,61.22
909951,709564,UPI,Completed,2023-10-26 23:42:23,1945.54,0.0
909952,709565,Debit Card,Completed,2025-10-22 22:51:53,142083.67,2557.51
909953,709566,Credit Card,Completed,2023-11-04 15:56:12,31034.08,558.61
909954,709567,Debit Card,Completed,2025-02-04 23:49:27,38334.63,690.02
909955,709568,Cash on Delivery,Completed,2025-10-14 23:58:39,83937.91,0.0
909956,709569,Net Banking,Completed,2023-03-01 13:14:26,6710.99,0.0
909957,709570,UPI,Completed,2025-09-05 17:27:26,12669.4,0.0
909958,709571,UPI,Completed,2024-07-08 14:24:58,13992.7,0.0
909959,709572,Credit Card,Completed,2025-03-02 19:31:43,270951.87,4877.13
909960,709573,UPI,Completed,2024-05-19 18:42:12,926.36,0.0
909961,709574,Cash on Delivery,Completed,2025-04-18 21:04:16,3273.86,0.0
909962,709575,Net Banking,Completed,2023-12-16 23:26:22,203930.25,0.0
909963,709576,Credit Card,Completed,2023-02-05 19:01:57,6265.89,112.79
909964,709577,Cash on Delivery,Completed,2025-11-15 17:45:42,67144.85,0.0
909965,709578,Credit Card,Completed,2023-01-28 16:16:55,4507.87,81.14
909966,709579,Cash on Delivery,Completed,2025-08-31 16:21:46,106862.14,0.0
909967,709580,Cash on Delivery,Completed,2023-10-02 23:44:16,99969.34,0.0
909968,709581,Debit Card,Completed,2024-06-12 11:29:27,214500.06,3861.0
909969,709582,Credit Card,Completed,2025-08-29 14:27:06,17467.43,314.41
909970,709583,Debit Card,Completed,2023-10-27 22:01:37,197117.29,3548.11
909971,709584,UPI,Completed,2025-10-07 17:41:30,8455.19,0.0
909972,709585,UPI,Completed,2024-10-12 23:15:13,15197.74,0.0
909973,709585,UPI,Failed,2024-10-12 23:13:13,15197.74,0.0
909974,709586,Cash on Delivery,Completed,2024-05-12 19:14:40,40423.33,0.0
909975,709587,Cash on Delivery,Completed,2025-03-08 15:22:25,81318.47,0.0
909976,709588,UPI,Completed,2024-04-10 21:00:21,1111.63,0.0
909977,709589,Debit Card,Completed,2024-04-18 14:53:42,243519.86,4383.36
909978,709590,Credit Card,Completed,2025-05-26 16:38:34,62726.2,1129.07
909979,709591,Credit Card,Completed,2024-02-23 21:25:36,10042.2,180.76
909980,709592,UPI,Pending,2023-10-24 18:39:35,464.06,0.0
909981,709593,Debit Card,Completed,2025-08-13 13:02:53,2604.66,46.88
909982,709594,Cash on Delivery,Completed,2025-08-12 15:58:37,4803.07,0.0
909983,709595,Cash on Delivery,Completed,2024-10-12 20:33:24,6908.58,0.0
909984,709596,Debit Card,Completed,2024-10-28 20:41:48,1852.72,33.35
909985,709597,UPI,Completed,2025-04-19 14:18:49,160392.93,0.0
909986,709598,Debit Card,Completed,2024-10-18 16:25:25,15015.8,270.28
909987,709598,Debit Card,Failed,2024-10-18 16:17:25,15015.8,0.0
909988,709599,Debit Card,Completed,2024-07-17 19:20:18,40376.17,726.77
909989,709600,Cash on Delivery,Completed,2025-12-28 20:26:05,86577.73,0.0
909990,709601,Debit Card,Completed,2023-08-30 19:32:50,4941.44,88.95
909991,709602,UPI,Completed,2024-12-23 19:20:54,7456.57,0.0
909992,709603,Net Banking,Completed,2025-10-17 14:43:37,48980.65,0.0
909993,709604,Debit Card,Completed,2025-04-08 17:33:45,42983.7,773.71
909994,709605,UPI,Completed,2025-10-15 23:10:19,28628.64,0.0
909995,709606,Cash on Delivery,Pending,2024-04-02 21:52:13,189489.09,0.0
909996,709607,UPI,Failed,2024-01-03 23:48:09,126036.02,0.0
909997,709608,Net Banking,Completed,2025-10-01 23:42:18,65690.89,0.0
909998,709609,Cash on Delivery,Pending,2024-06-15 23:58:34,11976.13,0.0
909999,709610,Debit Card,Pending,2025-05-04 18:55:47,880.04,15.84
910000,709611,Debit Card,Completed,2023-08-31 23:03:07,880.04,15.84
910001,709612,UPI,Completed,2025-06-20 22:25:04,457.71,0.0
910002,709613,UPI,Completed,2024-11-09 20:33:10,98578.53,0.0
910003,709614,UPI,Completed,2023-12-30 12:27:14,97619.27,0.0
910004,709615,UPI,Completed,2024-10-10 14:08:33,2047.94,0.0
910005,709616,UPI,Completed,2025-04-20 12:39:37,5373.96,0.0
910006,709617,UPI,Completed,2023-01-22 21:29:15,91295.98,0.0
910007,709618,Net Banking,Completed,2025-02-05 23:55:35,1579.7,0.0
910008,709619,UPI,Completed,2024-11-05 15:25:36,40106.33,0.0
910009,709620,UPI,Completed,2023-11-06 23:40:57,9674.21,0.0
910010,709621,UPI,Completed,2025-06-16 22:02:53,8510.15,0.0
910011,709622,Credit Card,Completed,2024-02-13 22:54:27,45105.91,811.91
910012,709623,Wallet,Completed,2024-01-11 17:20:25,452.05,0.0
910013,709624,Credit Card,Completed,2024-09-22 20:15:23,145031.22,2610.56
910014,709625,Debit Card,Completed,2025-03-25 23:01:56,48621.65,875.19
910015,709626,Credit Card,Refunded,2025-11-06 19:52:04,46230.59,832.15
910016,709627,Credit Card,Completed,2023-08-20 23:24:32,926.36,16.67
910017,709628,Cash on Delivery,Completed,2024-06-18 13:08:50,3163.08,0.0
910018,709629,Credit Card,Completed,2023-04-30 19:09:16,96492.78,1736.87
910019,709630,Cash on Delivery,Pending,2025-06-23 21:20:56,3917.47,0.0
910020,709631,Net Banking,Completed,2024-08-21 15:43:53,3175.89,0.0
910021,709632,UPI,Completed,2025-05-01 22:44:03,103539.5,0.0
910022,709633,UPI,Completed,2024-03-12 21:43:36,217213.18,0.0
910023,709634,Credit Card,Completed,2025-09-23 23:29:19,163532.04,2943.58
910024,709635,Credit Card,Completed,2024-11-01 16:51:37,926.36,16.67
910025,709636,UPI,Refunded,2025-11-13 22:59:31,39068.3,0.0
910026,709637,Cash on Delivery,Completed,2023-05-16 18:55:23,170941.45,0.0
910027,709638,Credit Card,Completed,2024-10-21 14:24:01,15133.96,272.41
910028,709639,Cash on Delivery,Completed,2025-07-02 21:48:44,1389.54,0.0
910029,709640,UPI,Completed,2024-12-29 23:43:10,150632.01,0.0
910030,709641,UPI,Completed,2023-02-07 20:14:56,38289.85,0.0
910031,709642,UPI,Completed,2025-12-11 14:18:28,120653.14,0.0
910032,709642,UPI,Failed,2025-12-11 14:14:28,120653.14,0.0
910033,709643,UPI,Completed,2024-02-05 22:26:38,3543.38,0.0
910034,709643,UPI,Failed,2024-02-05 22:16:38,3543.38,0.0
910035,709644,Credit Card,Completed,2023-12-09 17:08:02,81961.89,1475.31
910036,709645,Net Banking,Completed,2024-10-05 16:21:46,291236.27,0.0
910037,709646,Credit Card,Completed,2024-11-05 15:18:57,39554.64,711.98
910038,709647,Credit Card,Completed,2025-07-02 17:06:40,14311.94,257.61
910039,709648,UPI,Completed,2024-06-14 17:35:47,121945.2,0.0
910040,709649,Cash on Delivery,Completed,2024-08-12 21:04:56,77584.7,0.0
910041,709650,Net Banking,Completed,2024-11-01 22:40:24,6039.86,0.0
910042,709651,Credit Card,Completed,2024-06-16 23:14:12,239146.99,4304.65
910043,709652,Cash on Delivery,Pending,2025-10-30 18:30:27,138653.68,0.0
910044,709653,Wallet,Completed,2025-10-01 18:39:13,3917.47,0.0
910045,709654,Wallet,Completed,2024-08-31 23:13:30,7421.43,0.0
910046,709655,Cash on Delivery,Completed,2023-01-01 22:28:50,3411.88,0.0
910047,709656,Net Banking,Completed,2025-10-24 23:27:54,2527.93,0.0
910048,709657,UPI,Completed,2023-07-30 17:01:33,5026.77,0.0
910049,709658,UPI,Completed,2023-12-01 17:28:01,8298.94,0.0
910050,709659,UPI,Completed,2023-09-07 21:21:49,56661.42,0.0
910051,709660,Debit Card,Completed,2023-10-10 12:23:40,136152.79,2450.75
910052,709661,UPI,Completed,2025-08-10 19:16:11,32488.61,0.0
910053,709662,Debit Card,Pending,2024-12-10 21:54:34,24018.66,432.34
910054,709663,Cash on Delivery,Completed,2025-11-23 23:50:29,385.66,0.0
910055,709664,Cash on Delivery,Completed,2023-11-13 18:32:37,3900.66,0.0
910056,709665,Debit Card,Completed,2024-10-05 18:56:07,5472.72,98.51
910057,709666,Cash on Delivery,Completed,2025-12-16 18:03:58,147954.85,0.0
910058,709667,Cash on Delivery,Completed,2025-09-02 20:45:29,439.07,0.0
910059,709668,UPI,Completed,2025-05-21 23:36:14,4725.0,0.0
910060,709669,Cash on Delivery,Completed,2023-10-16 15:24:28,6446.22,0.0
910061,709670,UPI,Completed,2025-07-06 20:01:55,43608.47,0.0
910062,709670,UPI,Failed,2025-07-06 19:43:55,43608.47,0.0
910063,709671,Cash on Delivery,Pending,2024-04-19 17:15:38,15980.22,0.0
910064,709672,Credit Card,Completed,2024-10-30 11:21:18,130072.54,2341.31
910065,709673,UPI,Refunded,2025-01-07 22:59:19,122214.46,0.0
910066,709674,UPI,Completed,2025-01-07 20:48:32,158636.33,0.0
910067,709675,Net Banking,Completed,2025-05-19 15:59:57,6345.18,0.0
910068,709676,Debit Card,Refunded,2025-03-07 15:58:40,102190.72,1839.43
910069,709677,Cash on Delivery,Pending,2023-05-02 09:31:32,8876.83,0.0
910070,709678,UPI,Completed,2024-09-03 13:52:49,8321.46,0.0
910071,709679,Cash on Delivery,Completed,2025-03-10 15:35:03,7302.15,0.0
910072,709680,UPI,Completed,2024-02-02 23:51:44,51280.63,0.0
910073,709681,Cash on Delivery,Completed,2024-02-27 23:37:10,471.59,0.0
910074,709682,UPI,Completed,2023-07-30 21:37:06,787.41,0.0
910075,709683,Debit Card,Completed,2024-07-20 23:16:20,113006.38,2034.11
910076,709684,UPI,Completed,2025-12-23 23:36:12,97132.41,0.0
910077,709684,UPI,Failed,2025-12-23 23:18:12,97132.41,0.0
910078,709685,Credit Card,Completed,2024-01-22 23:56:30,182513.43,3285.24
910079,709686,Debit Card,Completed,2024-10-30 10:38:46,8348.52,150.27
910080,709687,Debit Card,Completed,2025-06-05 17:59:17,26868.8,483.64
910081,709688,UPI,Completed,2023-01-24 17:04:16,13060.42,0.0
910082,709689,UPI,Refunded,2025-10-24 23:43:28,515.11,0.0
910083,709690,UPI,Completed,2024-06-04 23:45:07,2165.17,0.0
910084,709691,Wallet,Refunded,2025-10-09 21:56:08,125959.87,0.0
910085,709692,UPI,Completed,2023-03-09 20:27:13,85681.0,0.0
910086,709693,Wallet,Completed,2023-08-27 20:58:48,8720.36,0.0
910087,709694,UPI,Completed,2024-03-13 21:54:14,5186.89,0.0
910088,709695,Cash on Delivery,Completed,2024-04-15 21:25:29,1320.06,0.0
910089,709696,UPI,Completed,2025-09-27 20:49:01,3543.38,0.0
910090,709697,Cash on Delivery,Completed,2023-01-21 19:07:40,124605.77,0.0
910091,709698,Debit Card,Completed,2025-02-09 20:35:27,1389.54,25.01
910092,709699,Debit Card,Completed,2023-08-08 20:39:36,139096.37,2503.73
910093,709700,UPI,Refunded,2025-08-30 15:16:44,3875.06,0.0
910094,709701,Cash on Delivery,Completed,2025-07-17 23:38:38,7557.85,0.0
910095,709702,UPI,Completed,2024-10-13 20:44:10,43667.33,0.0
910096,709703,UPI,Completed,2023-11-01 14:50:53,10464.27,0.0
910097,709704,Wallet,Completed,2025-02-01 15:09:58,86579.46,0.0
910098,709704,Wallet,Failed,2025-02-01 14:49:58,86579.46,0.0
910099,709705,Net Banking,Completed,2023-09-14 12:26:00,1320.06,0.0
910100,709706,Credit Card,Completed,2023-10-16 17:32:01,4869.95,87.66
910101,709707,UPI,Refunded,2025-01-26 23:09:59,378116.87,0.0
910102,709708,UPI,Completed,2025-12-26 17:17:12,741.09,0.0
910103,709709,UPI,Failed,2025-10-19 22:47:45,2779.08,0.0
910104,709710,Debit Card,Completed,2024-12-24 18:36:24,8903.85,160.27
910105,709711,Debit Card,Refunded,2024-11-03 16:28:04,86708.03,1560.74
910106,709712,Credit Card,Refunded,2025-12-30 23:42:58,85861.05,1545.5
910107,709713,Wallet,Failed,2024-11-08 12:24:12,2779.08,0.0
910108,709714,UPI,Completed,2024-07-21 23:12:33,127336.99,0.0
910109,709715,UPI,Completed,2025-10-28 18:41:47,10487.07,0.0
910110,709716,Credit Card,Completed,2023-11-15 21:49:07,72173.1,1299.12
910111,709717,Credit Card,Completed,2023-06-14 22:36:10,7448.47,134.07
910112,709718,UPI,Completed,2025-02-01 16:49:49,28491.36,0.0
910113,709719,Credit Card,Completed,2023-06-11 19:41:45,3796.26,68.33
910114,709720,UPI,Completed,2024-05-20 12:14:21,162242.13,0.0
910115,709721,Credit Card,Completed,2024-07-26 13:36:29,926.36,16.67
910116,709722,Wallet,Completed,2024-11-08 19:41:19,213941.2,0.0
910117,709723,Cash on Delivery,Completed,2025-12-27 22:32:50,35547.27,0.0
910118,709724,UPI,Completed,2023-11-06 17:35:18,89788.87,0.0
910119,709725,Debit Card,Completed,2024-05-23 18:48:23,89761.94,1615.71
910120,709726,UPI,Completed,2023-08-09 17:31:24,140786.86,0.0
910121,709727,Cash on Delivery,Pending,2025-01-05 19:20:14,15592.88,0.0
910122,709728,UPI,Completed,2025-05-21 15:35:33,136289.57,0.0
910123,709729,Debit Card,Completed,2024-10-03 18:41:13,46129.68,830.33
910124,709730,UPI,Completed,2023-12-03 16:52:05,926.36,0.0
910125,709731,UPI,Completed,2025-01-21 16:13:12,4228.68,0.0
910126,709732,Debit Card,Completed,2024-11-03 18:53:03,13549.2,243.89
910127,709733,Credit Card,Completed,2023-10-04 16:19:18,48933.48,880.8
910128,709734,UPI,Completed,2024-07-01 17:09:01,13380.48,0.0
910129,709735,UPI,Completed,2024-08-09 23:14:22,112133.91,0.0
910130,709736,Cash on Delivery,Completed,2025-12-21 23:08:05,61817.5,0.0
910131,709737,Debit Card,Completed,2025-09-28 16:42:32,1250.59,22.51
910132,709738,Credit Card,Completed,2025-05-27 20:17:45,5675.54,102.16
910133,709739,Credit Card,Completed,2025-10-18 17:27:05,3342.4,60.16
910134,709740,Wallet,Completed,2025-05-28 15:09:43,42572.07,0.0
910135,709740,Wallet,Failed,2025-05-28 14:49:43,42572.07,0.0
910136,709741,UPI,Failed,2025-10-25 23:03:24,77424.33,0.0
910137,709742,UPI,Completed,2023-04-07 17:48:23,15006.25,0.0
910138,709743,Cash on Delivery,Completed,2024-09-01 19:42:50,1111.63,0.0
910139,709744,Wallet,Completed,2025-06-09 21:22:25,3397.26,0.0
910140,709745,Debit Card,Completed,2024-12-15 19:26:51,119810.97,2156.6
910141,709746,Credit Card,Completed,2023-10-07 13:46:58,133189.26,2397.41
910142,709747,UPI,Completed,2024-04-08 16:16:23,212838.33,0.0
910143,709748,Net Banking,Refunded,2024-03-06 19:26:50,88133.61,0.0
910144,709749,UPI,Failed,2023-12-24 23:03:28,236290.76,0.0
910145,709750,UPI,Completed,2024-04-12 13:57:58,6301.99,0.0
910146,709751,UPI,Failed,2024-10-21 14:30:49,9204.92,0.0
910147,709752,UPI,Completed,2025-10-02 15:33:46,154225.36,0.0
910148,709753,UPI,Completed,2025-06-03 23:28:35,19928.77,0.0
910149,709754,UPI,Completed,2025-09-13 16:06:30,7526.17,0.0
910150,709755,Credit Card,Failed,2025-10-16 23:35:22,42353.31,762.36
910151,709756,Cash on Delivery,Refunded,2024-07-16 16:45:46,10685.74,0.0
910152,709757,UPI,Completed,2024-04-16 17:34:05,158766.76,0.0
910153,709758,Credit Card,Completed,2023-04-13 17:58:50,11014.93,198.27
910154,709759,Debit Card,Completed,2025-11-07 21:37:50,10439.85,187.92
910155,709760,UPI,Completed,2023-04-27 13:08:15,119279.91,0.0
910156,709761,UPI,Completed,2025-06-02 21:03:32,7333.42,0.0
910157,709762,UPI,Completed,2024-05-25 23:05:22,71744.23,0.0
910158,709763,UPI,Completed,2025-11-15 16:48:06,9498.1,0.0
910159,709764,Debit Card,Completed,2024-07-21 22:16:57,2475.48,44.56
910160,709765,UPI,Completed,2025-08-22 14:36:48,16773.73,0.0
910161,709766,Credit Card,Completed,2024-01-20 16:57:27,8973.33,161.52
910162,709767,UPI,Completed,2024-02-06 18:51:03,160653.07,0.0
910163,709768,UPI,Completed,2024-12-26 19:56:34,18247.2,0.0
910164,709769,Debit Card,Completed,2025-12-30 19:59:19,7182.38,129.28
910165,709770,UPI,Completed,2024-10-23 23:03:09,64701.22,0.0
910166,709771,Credit Card,Completed,2025-11-09 18:30:50,9374.88,168.75
910167,709772,Debit Card,Completed,2025-07-26 21:27:08,7307.92,131.54
910168,709773,Cash on Delivery,Completed,2025-08-05 13:17:30,56355.88,0.0
910169,709774,UPI,Completed,2024-08-09 15:09:25,8329.06,0.0
910170,709775,Net Banking,Completed,2024-06-04 13:57:45,101264.36,0.0
910171,709776,Debit Card,Completed,2023-10-18 17:24:37,79913.69,1438.45
910172,709777,UPI,Completed,2025-12-02 22:03:06,24192.21,0.0
910173,709778,UPI,Completed,2025-11-27 16:16:45,648.45,0.0
910174,709779,Credit Card,Completed,2025-06-09 21:01:09,9348.85,168.28
910175,709780,UPI,Completed,2024-02-02 23:32:07,251774.59,0.0
910176,709781,Cash on Delivery,Completed,2023-12-02 18:37:25,149843.46,0.0
910177,709782,Wallet,Completed,2025-12-25 15:12:23,68352.34,0.0
910178,709783,Cash on Delivery,Completed,2023-04-29 23:59:32,125334.06,0.0
910179,709784,UPI,Completed,2025-09-22 22:15:31,11496.16,0.0
910180,709785,Debit Card,Completed,2024-04-30 15:55:44,9064.58,163.16
910181,709786,UPI,Completed,2024-07-20 22:43:39,8371.2,0.0
910182,709787,UPI,Completed,2025-09-09 22:07:46,10046.15,0.0
910183,709788,Cash on Delivery,Completed,2023-06-02 21:31:09,6822.94,0.0
910184,709789,Debit Card,Completed,2024-04-28 17:35:33,926.36,16.67
910185,709790,UPI,Completed,2025-11-18 23:11:45,5548.07,0.0
910186,709791,UPI,Completed,2025-04-22 20:13:56,179037.68,0.0
910187,709792,Credit Card,Completed,2025-06-19 19:20:18,15882.39,285.88
910188,709793,Cash on Delivery,Completed,2025-06-22 19:44:19,3433.77,0.0
910189,709794,Credit Card,Completed,2023-04-18 19:12:11,926.36,16.67
910190,709795,Credit Card,Failed,2023-10-25 10:26:53,48608.27,874.95
910191,709796,Credit Card,Completed,2024-10-08 17:50:54,14592.93,262.67
910192,709797,UPI,Completed,2024-05-14 22:39:07,4145.67,0.0
910193,709797,UPI,Failed,2024-05-14 22:22:07,4145.67,0.0
910194,709798,Credit Card,Completed,2024-07-09 17:55:06,14772.72,265.91
910195,709799,UPI,Completed,2025-07-20 22:36:26,81012.09,0.0
910196,709800,Wallet,Completed,2023-01-25 14:44:24,3283999.0,0.0
910197,709801,UPI,Completed,2025-03-06 14:20:48,1760.08,0.0
910198,709802,Net Banking,Completed,2023-01-01 17:08:31,14846.4,0.0
910199,709803,Net Banking,Completed,2023-04-22 21:13:10,10639.11,0.0
910200,709804,UPI,Completed,2024-07-05 23:55:22,422.09,0.0
910201,709805,Cash on Delivery,Refunded,2025-09-19 19:30:46,281113.36,0.0
910202,709806,Net Banking,Completed,2023-08-26 17:10:24,11366.49,0.0
910203,709807,Credit Card,Completed,2024-11-12 17:41:56,22758.41,409.65
910204,709808,Credit Card,Completed,2025-03-28 18:56:02,6852.2,123.34
910205,709809,Credit Card,Completed,2023-11-12 19:22:45,2047.94,36.86
910206,709810,Cash on Delivery,Completed,2024-10-20 22:47:59,2921.63,0.0
910207,709811,UPI,Completed,2025-10-29 23:31:58,494.42,0.0
910208,709812,UPI,Completed,2024-10-20 16:50:45,210314.97,0.0
910209,709813,Debit Card,Completed,2023-09-16 22:42:16,3734.18,67.22
910210,709814,UPI,Completed,2025-01-26 21:31:17,79116.68,0.0
910211,709815,Credit Card,Completed,2024-12-23 22:35:51,184367.27,3318.61
910212,709816,Net Banking,Completed,2023-02-14 19:31:24,8929.05,0.0
910213,709817,Wallet,Completed,2023-06-01 18:00:21,183356.83,0.0
910214,709818,Debit Card,Completed,2023-09-15 23:07:34,133989.56,2411.81
910215,709819,Credit Card,Completed,2023-08-13 21:31:38,79638.16,1433.49
910216,709820,Debit Card,Completed,2023-12-22 20:51:47,4923.33,88.62
910217,709821,Cash on Delivery,Completed,2024-08-30 20:17:38,833.72,0.0
910218,709822,Cash on Delivery,Completed,2024-05-18 18:03:15,7254.94,0.0
910219,709823,UPI,Completed,2025-10-19 23:50:10,84260.19,0.0
910220,709824,Net Banking,Completed,2025-01-11 14:04:01,10191.87,0.0
910221,709825,Credit Card,Completed,2025-10-12 17:38:06,68643.63,1235.59
910222,709826,Cash on Delivery,Completed,2024-10-28 18:39:40,66617.37,0.0
910223,709827,UPI,Completed,2023-05-31 11:09:35,2511.12,0.0
910224,709828,UPI,Completed,2024-09-11 22:16:00,68534.39,0.0
910225,709829,Net Banking,Completed,2025-08-29 22:30:36,5476.63,0.0
910226,709830,UPI,Completed,2023-10-19 14:50:43,9637.21,0.0
910227,709831,UPI,Completed,2023-06-03 18:20:47,83598.18,0.0
910228,709832,Credit Card,Completed,2024-03-23 23:15:44,1320.06,23.76
910229,709833,UPI,Completed,2024-06-08 16:15:24,10617.31,0.0
910230,709833,UPI,Failed,2024-06-08 15:59:24,10617.31,0.0
910231,709834,UPI,Refunded,2024-02-17 15:16:54,57426.26,0.0
910232,709835,UPI,Completed,2023-08-12 21:26:35,530.65,0.0
910233,709836,Cash on Delivery,Completed,2023-12-11 17:59:31,130617.54,0.0
910234,709837,Debit Card,Completed,2025-04-02 18:06:37,53391.7,961.05
910235,709838,Credit Card,Completed,2024-06-03 19:40:49,14111.63,254.01
910236,709839,Cash on Delivery,Failed,2025-01-30 15:44:59,8747.93,0.0
910237,709840,UPI,Refunded,2024-11-02 21:53:35,79410.8,0.0
910238,709841,Wallet,Completed,2024-11-09 21:20:55,107822.93,0.0
910239,709842,UPI,Completed,2023-12-07 22:12:53,9899.69,0.0
910240,709843,Debit Card,Completed,2024-10-25 15:13:59,164943.17,2968.98
910241,709844,UPI,Completed,2023-02-08 20:25:11,4126.22,0.0
910242,709845,Credit Card,Completed,2024-08-06 10:11:39,4868.64,87.64
910243,709846,UPI,Refunded,2024-12-01 15:37:40,8973.33,0.0
910244,709847,UPI,Completed,2023-10-11 20:01:11,163970.1,0.0
910245,709848,UPI,Completed,2023-12-20 22:11:38,133595.86,0.0
910246,709849,Net Banking,Completed,2023-11-05 17:43:00,43992.64,0.0
910247,709850,Debit Card,Completed,2023-05-05 21:55:41,69998.0,1259.96
910248,709851,UPI,Completed,2024-04-19 23:03:14,53863.26,0.0
910249,709852,Credit Card,Completed,2025-12-18 21:10:10,4803.07,86.46
910250,709853,Cash on Delivery,Completed,2024-04-28 17:05:44,1667.45,0.0
910251,709854,UPI,Completed,2024-09-07 17:37:41,4174.17,0.0
910252,709855,Credit Card,Completed,2025-02-24 23:27:14,13010.52,234.19
910253,709856,UPI,Failed,2025-02-19 16:01:20,9606.13,0.0
910254,709857,Cash on Delivery,Completed,2025-11-16 21:27:03,2881.18,0.0
910255,709858,Debit Card,Completed,2025-10-04 18:05:34,3454.29,62.18
910256,709859,UPI,Completed,2025-08-03 19:15:58,1209.38,0.0
910257,709860,Debit Card,Completed,2025-11-18 21:52:59,70839.05,1275.1
910258,709861,UPI,Completed,2023-11-13 17:04:40,5983.87,0.0
910259,709862,Debit Card,Completed,2025-01-17 23:40:12,116693.25,2100.48
910260,709863,UPI,Completed,2025-10-18 15:52:06,36326.37,0.0
910261,709864,Debit Card,Completed,2025-01-24 18:40:17,7114.48,128.06
910262,709865,UPI,Completed,2025-12-16 18:46:22,20868.26,0.0
910263,709866,UPI,Completed,2023-06-18 23:05:04,119973.09,0.0
910264,709867,UPI,Completed,2024-08-12 23:20:32,7533.36,0.0
910265,709868,Credit Card,Pending,2025-12-16 23:07:05,3342.4,60.16
910266,709869,UPI,Failed,2024-05-27 19:56:20,6445.4,0.0
910267,709870,UPI,Completed,2025-06-01 19:10:52,926.36,0.0
910268,709871,UPI,Completed,2023-02-21 16:53:04,30465.44,0.0
910269,709872,UPI,Completed,2025-04-17 18:29:49,6908.58,0.0
910270,709873,Credit Card,Completed,2025-11-09 21:25:29,1250.59,22.51
910271,709874,UPI,Completed,2024-05-30 22:31:15,50248.29,0.0
910272,709875,UPI,Completed,2023-02-04 23:06:18,5055.86,0.0
910273,709876,Credit Card,Completed,2023-02-16 21:57:06,13054.2,234.98
910274,709877,UPI,Completed,2025-10-20 14:07:19,833.72,0.0
910275,709878,UPI,Completed,2025-05-16 10:32:50,95403.05,0.0
910276,709879,Credit Card,Completed,2023-06-30 21:26:04,206352.94,3714.35
910277,709880,UPI,Completed,2023-04-07 23:50:18,7557.95,0.0
910278,709881,UPI,Completed,2025-08-11 14:38:04,52350.35,0.0
910279,709882,Net Banking,Completed,2025-08-15 15:26:47,81573.12,0.0
910280,709883,Debit Card,Completed,2023-07-23 20:39:39,8943.19,160.98
910281,709884,UPI,Completed,2024-02-10 18:43:12,101634.9,0.0
910282,709884,UPI,Failed,2024-02-10 18:23:12,101634.9,0.0
910283,709885,Net Banking,Refunded,2025-07-18 22:54:04,15080.87,0.0
910284,709886,Wallet,Completed,2024-10-27 19:26:12,8138.45,0.0
910285,709887,UPI,Completed,2025-11-23 19:02:40,1631.44,0.0
910286,709888,UPI,Failed,2024-10-02 09:35:04,741.09,0.0
910287,709889,UPI,Completed,2025-03-26 23:30:05,8046.97,0.0
910288,709890,Credit Card,Completed,2024-10-18 23:28:23,1905.22,34.29
910289,709891,Credit Card,Completed,2025-11-13 14:58:08,42473.62,764.53
910290,709892,Wallet,Completed,2024-06-22 17:45:24,4760.66,0.0
910291,709893,Cash on Delivery,Completed,2023-11-12 19:49:48,3917.47,0.0
910292,709894,UPI,Failed,2024-03-19 21:30:13,171368.44,0.0
910293,709895,Credit Card,Completed,2025-10-01 09:09:54,495.45,8.92
910294,709896,Cash on Delivery,Completed,2024-10-12 18:34:01,10409.23,0.0
910295,709897,Cash on Delivery,Completed,2024-04-28 23:59:55,12879.47,0.0
910296,709898,Debit Card,Completed,2024-11-06 23:07:58,272392.38,4903.06
910297,709899,Net Banking,Completed,2023-08-10 17:33:20,125021.12,0.0
910298,709900,Cash on Delivery,Completed,2023-01-11 23:20:03,5982.22,0.0
910299,709901,Debit Card,Completed,2024-01-16 17:33:06,8764.9,157.77
910300,709902,UPI,Completed,2025-01-02 19:48:37,139810.13,0.0
910301,709903,UPI,Completed,2025-05-06 23:10:25,5008.33,0.0
910302,709904,UPI,Completed,2025-09-03 14:38:57,12297.25,0.0
910303,709905,Cash on Delivery,Pending,2025-11-05 16:33:06,102468.63,0.0
910304,709906,Debit Card,Completed,2024-07-10 19:59:14,7667.78,138.02
910305,709907,Cash on Delivery,Completed,2025-06-02 23:39:41,8048.28,0.0
910306,709908,Credit Card,Completed,2023-05-10 19:20:58,44912.65,808.43
910307,709909,UPI,Completed,2023-04-12 21:54:54,4370.7,0.0
910308,709910,Cash on Delivery,Completed,2023-07-31 15:43:29,138906.47,0.0
910309,709911,UPI,Completed,2024-08-22 22:34:39,132860.12,0.0
910310,709912,Credit Card,Failed,2023-10-31 20:07:58,423.87,7.63
910311,709913,Net Banking,Completed,2024-01-24 22:15:52,206796.99,0.0
910312,709914,UPI,Completed,2025-02-18 22:34:30,1852.72,0.0
910313,709915,Wallet,Completed,2024-05-04 13:33:41,174566.88,0.0
910314,709916,UPI,Completed,2024-11-14 17:03:36,217269.13,0.0
910315,709917,Debit Card,Completed,2024-07-11 16:30:09,51326.95,923.89
910316,709917,Debit Card,Failed,2024-07-11 16:27:09,51326.95,0.0
910317,709918,Credit Card,Completed,2023-10-02 11:38:41,1852.72,33.35
910318,709919,Cash on Delivery,Completed,2023-05-09 19:40:21,521.46,0.0
910319,709920,Wallet,Completed,2023-11-18 16:26:45,16773.18,0.0
910320,709920,Wallet,Failed,2023-11-18 16:24:45,16773.18,0.0
910321,709921,Debit Card,Completed,2023-04-13 20:26:33,5227.9,94.1
910322,709922,UPI,Completed,2025-01-19 20:11:52,120891.24,0.0
910323,709923,Credit Card,Pending,2025-08-05 11:55:32,9469.85,170.46
910324,709924,Cash on Delivery,Completed,2024-04-07 13:12:29,87883.85,0.0
910325,709925,Net Banking,Completed,2024-06-05 17:28:42,106783.4,0.0
910326,709926,Debit Card,Completed,2025-08-22 23:01:11,297683.73,5358.31
910327,709927,Credit Card,Completed,2023-11-07 12:43:49,3080.97,55.46
910328,709928,Cash on Delivery,Completed,2023-07-21 18:12:31,71691.42,0.0
910329,709929,UPI,Completed,2024-10-13 13:48:14,5935.9,0.0
910330,709929,UPI,Failed,2024-10-13 13:39:14,5935.9,0.0
910331,709930,Debit Card,Completed,2025-02-16 23:51:53,20097.08,361.75
910332,709931,UPI,Pending,2024-12-28 13:37:10,27338.56,0.0
910333,709932,Wallet,Completed,2025-05-08 17:27:18,188682.43,0.0
910334,709933,UPI,Completed,2023-04-11 20:47:49,10532.49,0.0
910335,709934,UPI,Completed,2024-08-02 20:15:49,16468.41,0.0
910336,709935,Debit Card,Pending,2023-11-22 19:46:18,6331.23,113.96
910337,709936,UPI,Completed,2025-06-24 23:22:58,3876.35,0.0
910338,709937,Debit Card,Completed,2025-10-11 23:30:06,11330.53,203.95
910339,709938,Debit Card,Completed,2024-01-18 17:01:00,9390.28,169.03
910340,709939,UPI,Completed,2023-06-10 19:57:32,152734.95,0.0
910341,709940,UPI,Completed,2023-12-15 18:03:05,1997.27,0.0
910342,709941,Net Banking,Completed,2023-06-25 23:50:57,182224.29,0.0
910343,709942,Wallet,Completed,2024-03-12 20:25:59,69040.36,0.0
910344,709943,Credit Card,Completed,2024-11-03 21:43:49,5548.07,99.87
910345,709944,Cash on Delivery,Completed,2025-12-12 18:45:51,507.83,0.0
910346,709945,Cash on Delivery,Completed,2024-06-23 23:46:48,32650.59,0.0
910347,709946,UPI,Completed,2023-11-06 14:38:50,476.05,0.0
910348,709946,UPI,Failed,2023-11-06 14:22:50,476.05,0.0
910349,709947,UPI,Completed,2023-10-01 23:15:27,3816.1,0.0
910350,709948,Debit Card,Completed,2023-10-05 23:51:45,265779.02,4784.02
910351,709949,Credit Card,Completed,2023-10-18 20:54:56,6445.4,116.02
910352,709950,Cash on Delivery,Completed,2025-06-28 14:07:00,7129.34,0.0
910353,709951,Net Banking,Completed,2023-04-19 18:31:32,85230.91,0.0
910354,709952,UPI,Completed,2025-12-30 18:54:29,163464.51,0.0
910355,709953,UPI,Completed,2024-10-26 16:44:12,133295.67,0.0
910356,709954,Cash on Delivery,Completed,2024-11-06 16:26:23,153813.69,0.0
910357,709955,Credit Card,Refunded,2024-05-03 15:05:33,5796.95,104.35
910358,709956,UPI,Completed,2025-04-11 16:51:29,18451.29,0.0
910359,709957,Cash on Delivery,Completed,2024-09-22 17:41:44,496.05,0.0
910360,709958,UPI,Completed,2024-03-22 22:21:44,96463.57,0.0
910361,709959,Credit Card,Completed,2023-12-27 19:16:36,128962.1,2321.32
910362,709960,Wallet,Completed,2025-11-04 19:30:34,19188.32,0.0
910363,709961,Wallet,Completed,2024-01-27 17:17:03,202834.75,0.0
910364,709962,Credit Card,Pending,2024-08-10 18:42:17,7737.32,139.27
910365,709963,UPI,Refunded,2024-04-23 23:56:33,136670.96,0.0
910366,709964,Debit Card,Completed,2023-05-26 19:20:37,8180.0,147.24
910367,709965,Credit Card,Pending,2023-10-14 16:29:28,5939.81,106.92
910368,709966,UPI,Failed,2023-10-16 14:24:46,4645.88,0.0
910369,709967,Credit Card,Completed,2025-04-15 15:53:12,5476.63,98.58
910370,709968,Credit Card,Completed,2024-07-03 15:33:12,3407.97,61.34
910371,709969,Cash on Delivery,Completed,2025-07-21 23:46:13,2741.39,0.0
910372,709970,UPI,Completed,2025-05-03 18:25:21,2967.95,0.0
910373,709970,UPI,Failed,2025-05-03 18:20:21,2967.95,0.0
910374,709971,Debit Card,Completed,2023-10-18 19:08:25,53379.38,960.83
910375,709972,UPI,Completed,2024-11-18 09:29:41,4803.07,0.0
910376,709973,UPI,Completed,2025-06-05 10:28:26,35192.94,0.0
910377,709974,Cash on Delivery,Completed,2025-01-31 17:14:19,11068.97,0.0
910378,709975,UPI,Completed,2024-12-29 19:41:43,76613.59,0.0
910379,709976,UPI,Completed,2025-06-01 20:01:45,4803.07,0.0
910380,709977,UPI,Completed,2023-04-11 14:16:23,5219.93,0.0
910381,709978,UPI,Failed,2025-05-24 15:20:48,87670.14,0.0
910382,709979,UPI,Completed,2024-01-04 14:49:24,5729.43,0.0
910383,709980,Net Banking,Completed,2024-11-30 22:07:44,7326.82,0.0
910384,709981,Cash on Delivery,Pending,2023-11-27 21:27:53,2738.32,0.0
910385,709982,Cash on Delivery,Completed,2025-09-17 13:26:23,128425.18,0.0
910386,709983,Cash on Delivery,Completed,2024-10-02 11:18:11,10623.69,0.0
910387,709984,Net Banking,Completed,2025-02-12 22:03:13,2084.31,0.0
910388,709985,UPI,Failed,2025-08-04 23:12:27,73048.3,0.0
910389,709986,UPI,Failed,2025-10-21 20:04:10,7954.33,0.0
910390,709987,Cash on Delivery,Completed,2025-05-25 17:35:46,1794.63,0.0
910391,709988,UPI,Completed,2023-09-01 23:57:19,139739.71,0.0
910392,709989,UPI,Completed,2025-10-02 21:55:56,5519.04,0.0
910393,709990,UPI,Completed,2025-01-19 17:59:04,496.33,0.0
910394,709991,UPI,Completed,2025-01-07 16:58:15,39867.51,0.0
910395,709992,Credit Card,Completed,2025-11-02 15:10:50,2262.45,40.72
910396,709993,Debit Card,Completed,2023-12-08 23:31:46,313378.91,5640.82
910397,709993,Debit Card,Failed,2023-12-08 23:27:46,313378.91,0.0
910398,709994,Debit Card,Completed,2023-11-23 23:49:58,2910.31,52.39
910399,709995,Debit Card,Completed,2024-10-20 15:52:41,139282.88,2507.09
910400,709996,Credit Card,Completed,2025-06-14 12:48:54,4928.64,88.72
910401,709997,Credit Card,Refunded,2024-08-20 19:38:09,8046.97,144.85
910402,709998,Credit Card,Completed,2025-01-31 19:30:17,1111.63,20.01
910403,709999,Cash on Delivery,Completed,2024-08-28 14:18:21,1093.81,0.0
910404,710000,Debit Card,Completed,2025-01-09 09:59:36,1852.72,33.35
910405,710001,UPI,Completed,2025-08-29 23:36:48,749.35,0.0
910406,710002,UPI,Completed,2023-10-10 13:29:43,96897.69,0.0
910407,710003,Credit Card,Completed,2025-04-18 22:46:11,880.04,15.84
910408,710004,Net Banking,Failed,2025-07-27 21:31:05,118861.45,0.0
910409,710005,Debit Card,Completed,2024-08-20 18:53:53,5844.93,105.21
910410,710006,Credit Card,Refunded,2024-03-14 16:35:12,76189.24,1371.41
910411,710007,UPI,Completed,2023-01-24 16:11:17,17864.94,0.0
910412,710007,UPI,Failed,2023-01-24 16:04:17,17864.94,0.0
910413,710008,Cash on Delivery,Completed,2025-08-06 23:37:43,102473.6,0.0
910414,710009,UPI,Completed,2024-03-21 21:46:45,4380.65,0.0
910415,710010,Debit Card,Failed,2024-05-02 18:07:10,46680.59,840.25
910416,710011,Credit Card,Refunded,2024-04-02 14:05:24,103321.2,1859.78
910417,710011,Credit Card,Failed,2024-04-02 13:46:24,103321.2,0.0
910418,710012,Credit Card,Completed,2024-10-12 23:11:17,9521.32,171.38
910419,710013,Credit Card,Completed,2025-04-26 15:30:40,7265.43,130.78
910420,710014,Debit Card,Completed,2025-07-09 15:20:12,10111.72,182.01
910421,710015,UPI,Completed,2024-06-13 14:34:14,111654.64,0.0
910422,710016,UPI,Completed,2025-03-09 14:21:38,42629.47,0.0
910423,710017,Credit Card,Completed,2025-05-14 23:19:07,112960.06,2033.28
910424,710018,Wallet,Completed,2024-02-03 17:19:32,27842.24,0.0
910425,710019,Cash on Delivery,Failed,2023-06-12 19:43:58,11940.28,0.0
910426,710020,Cash on Delivery,Refunded,2025-10-21 14:33:33,111726.08,0.0
910427,710021,Cash on Delivery,Completed,2025-03-26 14:46:17,79689.72,0.0
910428,710022,Cash on Delivery,Completed,2025-02-18 22:44:01,3407.97,0.0
910429,710023,Credit Card,Refunded,2023-04-15 23:27:38,1941.91,34.95
910430,710024,UPI,Completed,2025-08-24 19:15:32,14931.39,0.0
910431,710025,UPI,Completed,2024-11-22 15:15:31,1389.54,0.0
910432,710026,Debit Card,Completed,2025-09-27 18:04:35,82868.44,1491.63
910433,710027,Credit Card,Completed,2025-12-13 20:25:04,7372.58,132.71
910434,710027,Credit Card,Failed,2025-12-13 20:14:04,7372.58,0.0
910435,710028,UPI,Completed,2025-11-24 19:24:18,14359.66,0.0
910436,710029,Credit Card,Completed,2025-10-03 18:39:01,11261.9,202.71
910437,710030,Credit Card,Failed,2023-01-21 16:52:19,159795.69,2876.32
910438,710030,Credit Card,Failed,2023-01-21 16:36:19,159795.69,0.0
910439,710031,Debit Card,Completed,2025-10-17 16:23:23,26010.2,468.18
910440,710032,Cash on Delivery,Pending,2023-05-11 16:20:28,11800.8,0.0
910441,710033,UPI,Completed,2025-10-01 21:05:09,2418.0,0.0
910442,710033,UPI,Failed,2025-10-01 20:52:09,2418.0,0.0
910443,710034,Cash on Delivery,Pending,2024-01-16 22:15:12,78993.94,0.0
910444,710035,Credit Card,Completed,2025-01-08 16:59:08,301179.72,5421.23
910445,710036,UPI,Completed,2023-03-07 21:38:07,16123.52,0.0
910446,710037,Debit Card,Completed,2025-07-08 15:07:46,178706.03,3216.71
910447,710038,Debit Card,Completed,2023-07-08 23:17:57,2714.34,48.86
910448,710039,UPI,Completed,2024-07-08 19:14:48,833.72,0.0
910449,710040,UPI,Completed,2025-08-23 20:46:40,1852.72,0.0
910450,710041,Credit Card,Completed,2025-04-18 16:42:31,2650.44,47.71
910451,710042,Credit Card,Completed,2023-01-12 22:54:13,926.36,16.67
910452,710043,UPI,Completed,2024-06-28 16:37:17,179682.01,0.0
910453,710044,Net Banking,Completed,2023-03-14 16:30:11,500.04,0.0
910454,710045,Cash on Delivery,Completed,2025-03-22 23:09:32,8901.35,0.0
910455,710046,UPI,Completed,2025-12-07 13:14:19,1300.46,0.0
910456,710047,Credit Card,Completed,2025-02-27 16:49:56,106021.11,1908.38
910457,710048,Cash on Delivery,Completed,2023-11-09 18:28:21,99631.83,0.0
910458,710049,Debit Card,Completed,2024-04-30 23:41:56,3691.08,66.44
910459,710050,Debit Card,Completed,2025-12-16 23:17:42,21235.49,382.24
910460,710051,Credit Card,Completed,2023-11-08 21:39:52,47676.43,858.18
910461,710052,UPI,Completed,2024-11-16 23:46:50,10812.84,0.0
910462,710053,UPI,Failed,2024-06-24 11:36:45,1389.54,0.0
910463,710054,UPI,Completed,2025-07-05 23:42:09,29556.94,0.0
910464,710055,Wallet,Completed,2025-10-08 18:38:27,1574.81,0.0
910465,710056,UPI,Completed,2024-04-09 21:23:10,8538.87,0.0
910466,710057,Debit Card,Completed,2025-03-06 21:09:01,9339.97,168.12
910467,710058,Debit Card,Failed,2024-11-09 23:16:39,42517.59,765.32
910468,710058,Debit Card,Failed,2024-11-09 23:09:39,42517.59,0.0
910469,710059,Cash on Delivery,Completed,2024-01-13 06:39:14,4803.07,0.0
910470,710060,UPI,Completed,2024-01-03 18:34:23,86070.85,0.0
910471,710061,Debit Card,Completed,2024-11-03 18:17:49,131582.41,2368.48
910472,710062,Net Banking,Completed,2023-09-10 14:19:09,3709.04,0.0
910473,710063,Credit Card,Completed,2025-08-16 23:14:31,12785.86,230.15
910474,710064,Credit Card,Pending,2023-05-03 21:50:14,16019.35,288.35
910475,710065,UPI,Completed,2023-06-09 22:13:12,59183.24,0.0
910476,710066,Wallet,Pending,2024-04-11 20:44:28,19782.93,0.0
910477,710067,Net Banking,Completed,2023-07-19 18:14:38,153054.49,0.0
910478,710068,Net Banking,Completed,2024-09-28 10:55:58,138545.67,0.0
910479,710069,Debit Card,Completed,2024-06-23 17:55:58,53019.75,954.36
910480,710070,Wallet,Completed,2025-05-15 22:44:47,9436.51,0.0
910481,710071,Net Banking,Completed,2025-11-20 21:53:28,76482.12,0.0
910482,710072,Wallet,Completed,2025-06-17 18:55:30,4057.85,0.0
910483,710073,Wallet,Completed,2023-10-09 14:41:34,161161.47,0.0
910484,710074,UPI,Completed,2025-11-09 19:14:14,118954.09,0.0
910485,710075,Credit Card,Pending,2024-06-12 14:41:51,42922.88,772.61
910486,710076,Credit Card,Completed,2024-09-26 16:21:48,45314.81,815.67
910487,710077,Debit Card,Failed,2024-07-24 19:03:45,12061.36,217.1
910488,710078,UPI,Refunded,2024-01-16 17:57:14,3361.65,0.0
910489,710079,Debit Card,Completed,2025-10-21 23:01:59,78334.37,1410.02
910490,710080,UPI,Completed,2024-03-27 20:29:14,3142.62,0.0
910491,710081,UPI,Failed,2024-12-08 23:40:27,517.11,0.0
910492,710082,Debit Card,Completed,2023-11-24 17:55:35,51324.0,923.83
910493,710083,Debit Card,Completed,2025-08-06 18:39:39,509.35,9.17
910494,710084,Credit Card,Completed,2025-07-12 16:51:14,54066.36,973.19
910495,710085,Credit Card,Completed,2024-02-02 18:28:20,4792.24,86.26
910496,710086,UPI,Failed,2025-04-01 21:10:39,3847.99,0.0
910497,710087,UPI,Completed,2025-04-28 15:05:05,31096.32,0.0
910498,710088,UPI,Completed,2024-11-17 23:19:37,139153.5,0.0
910499,710089,UPI,Failed,2024-12-29 15:00:52,2574.75,0.0
910500,710090,Debit Card,Pending,2024-12-03 16:23:12,11782.53,212.09
910501,710091,UPI,Completed,2023-05-20 17:18:54,787.41,0.0
910502,710092,UPI,Completed,2025-03-18 17:43:42,63195.15,0.0
910503,710093,Debit Card,Failed,2024-09-20 14:54:15,7219.11,129.94
910504,710094,UPI,Completed,2024-08-11 23:49:12,257597.99,0.0
910505,710095,Wallet,Refunded,2025-10-05 18:25:58,4914.42,0.0
910506,710096,Cash on Delivery,Pending,2023-02-07 21:35:24,40469.65,0.0
910507,710097,Credit Card,Completed,2023-12-12 16:43:48,74756.37,1345.61
910508,710098,Credit Card,Completed,2023-07-25 18:47:24,36867.33,663.61
910509,710099,UPI,Completed,2023-03-02 12:52:16,4195.38,0.0
910510,710100,UPI,Refunded,2024-01-09 16:09:12,252632.93,0.0
910511,710101,UPI,Completed,2025-12-25 19:59:38,7689.87,0.0
910512,710102,UPI,Completed,2023-12-31 20:01:03,8834.38,0.0
910513,710103,UPI,Completed,2025-03-10 21:00:12,5055.86,0.0
910514,710103,UPI,Failed,2025-03-10 20:58:12,5055.86,0.0
910515,710104,UPI,Completed,2023-07-20 16:52:33,3917.47,0.0
910516,710105,Credit Card,Completed,2024-12-30 21:54:59,9504.08,171.07
910517,710106,UPI,Completed,2025-12-22 20:44:17,10292.39,0.0
910518,710107,Debit Card,Completed,2024-01-28 16:56:52,1899.08,34.18
910519,710108,UPI,Completed,2025-09-27 16:33:33,43066.76,0.0
910520,710109,UPI,Completed,2025-12-30 13:39:45,140092.9,0.0
910521,710110,Credit Card,Completed,2024-12-21 20:17:10,55437.67,997.88
910522,710111,Cash on Delivery,Pending,2024-02-22 18:15:47,12887.71,0.0
910523,710112,UPI,Completed,2025-03-22 12:02:48,1389.54,0.0
910524,710113,UPI,Completed,2025-09-23 11:58:31,43464.94,0.0
910525,710114,Credit Card,Pending,2023-10-04 23:39:40,52187.12,939.37
910526,710115,Cash on Delivery,Completed,2024-08-28 18:08:54,8524.66,0.0
910527,710116,Credit Card,Completed,2024-03-08 19:23:48,6681.61,120.27
910528,710117,Net Banking,Completed,2024-01-20 20:03:54,97014.35,0.0
910529,710118,Debit Card,Completed,2025-10-05 22:36:30,506.26,9.11
910530,710119,Debit Card,Completed,2024-07-24 18:02:37,264072.01,4753.3
910531,710120,UPI,Completed,2024-04-06 19:53:43,2823.1,0.0
910532,710121,Credit Card,Completed,2024-12-31 19:52:15,147901.09,2662.22
910533,710122,Wallet,Completed,2023-11-05 18:19:21,41561.45,0.0
910534,710123,Credit Card,Completed,2023-11-12 17:50:57,3917.47,70.51
910535,710124,UPI,Completed,2024-10-24 23:24:20,7832.41,0.0
910536,710125,Credit Card,Completed,2024-07-06 14:56:55,972.68,17.51
910537,710126,UPI,Completed,2024-01-31 19:43:22,81319.76,0.0
910538,710127,Debit Card,Completed,2023-04-06 22:09:12,84902.22,1528.24
910539,710128,Credit Card,Completed,2024-10-24 23:29:58,13623.95,245.23
910540,710129,Debit Card,Completed,2025-08-22 14:58:19,10862.8,195.53
910541,710130,UPI,Completed,2025-10-01 19:59:59,85145.53,0.0
910542,710131,UPI,Completed,2023-11-17 21:13:26,6886.24,0.0
910543,710132,UPI,Completed,2024-12-28 20:05:27,5729.43,0.0
910544,710133,Cash on Delivery,Completed,2025-10-03 12:52:45,6308.79,0.0
910545,710134,UPI,Completed,2024-07-06 23:01:59,35654.43,0.0
910546,710135,UPI,Completed,2025-11-08 19:53:56,90867.03,0.0
910547,710136,Cash on Delivery,Refunded,2025-10-25 20:33:15,1827.3,0.0
910548,710137,Debit Card,Completed,2023-10-29 20:07:28,112655.97,2027.81
910549,710138,Wallet,Completed,2023-12-22 16:32:39,926.36,0.0
910550,710138,Wallet,Failed,2023-12-22 16:12:39,926.36,0.0
910551,710139,Credit Card,Completed,2023-10-10 23:20:52,8281.56,149.07
910552,710140,Debit Card,Completed,2023-10-21 14:43:13,3797.52,68.36
910553,710141,Net Banking,Failed,2025-10-27 21:54:58,5066.79,0.0
910554,710142,Credit Card,Completed,2025-11-07 15:17:55,135654.05,2441.77
910555,710143,UPI,Completed,2023-04-02 20:18:58,52619.98,0.0
910556,710144,Credit Card,Completed,2024-12-24 23:01:07,8357.91,150.44
910557,710145,UPI,Completed,2024-11-20 23:09:12,2401.53,0.0
910558,710146,UPI,Failed,2024-06-10 22:50:21,6622.36,0.0
910559,710146,UPI,Failed,2024-06-10 22:36:21,6622.36,0.0
910560,710147,Debit Card,Completed,2025-01-30 23:06:40,486.88,8.76
910561,710148,Debit Card,Completed,2025-11-15 12:19:11,64584.69,1162.52
910562,710149,Debit Card,Completed,2023-10-03 11:39:34,128336.63,2310.06
910563,710150,UPI,Completed,2023-07-23 12:44:36,226331.88,0.0
910564,710151,Cash on Delivery,Completed,2023-02-26 21:38:26,233358.23,0.0
910565,710152,Cash on Delivery,Completed,2024-05-10 16:33:00,14616.19,0.0
910566,710153,Credit Card,Completed,2024-04-04 18:25:42,40886.51,735.96
910567,710154,Net Banking,Completed,2024-08-05 19:22:07,166582.02,0.0
910568,710155,Credit Card,Completed,2024-10-15 14:42:45,926.36,16.67
910569,710156,Cash on Delivery,Completed,2025-06-22 17:51:51,1250.59,0.0
910570,710157,UPI,Failed,2024-06-12 18:35:20,4512.83,0.0
910571,710158,Credit Card,Completed,2024-03-25 16:50:27,179125.91,3224.27
910572,710159,Debit Card,Completed,2025-09-03 16:38:43,115119.03,2072.14
910573,710160,Cash on Delivery,Completed,2025-09-29 23:30:53,251609.64,0.0
910574,710161,UPI,Completed,2023-11-14 20:26:39,3454.29,0.0
910575,710162,Wallet,Completed,2024-03-01 20:21:45,12719.15,0.0
910576,710163,Debit Card,Completed,2025-09-01 21:15:18,1389.54,25.01
910577,710164,Credit Card,Failed,2023-05-17 16:10:02,9695.68,174.52
910578,710165,Credit Card,Completed,2024-03-17 15:24:32,119278.32,2147.01
910579,710166,UPI,Completed,2024-08-22 21:10:46,482.27,0.0
910580,710167,Net Banking,Completed,2023-10-15 17:11:56,926.36,0.0
910581,710168,UPI,Completed,2023-10-10 22:23:14,13108.0,0.0
910582,710169,Cash on Delivery,Completed,2024-07-28 16:40:03,53384.29,0.0
910583,710170,UPI,Completed,2025-06-18 13:52:30,6495.92,0.0
910584,710171,Cash on Delivery,Failed,2025-09-18 17:36:35,1389.54,0.0
910585,710172,Cash on Delivery,Pending,2025-12-19 16:51:54,6273.1,0.0
910586,710173,UPI,Failed,2023-05-09 21:47:03,2965.76,0.0
910587,710174,Cash on Delivery,Completed,2023-11-04 15:03:58,5853.58,0.0
910588,710175,UPI,Completed,2025-06-21 16:53:01,5800.86,0.0
910589,710176,Credit Card,Completed,2024-11-04 20:05:53,45942.37,826.96
910590,710177,UPI,Completed,2024-03-20 20:32:34,94488.66,0.0
910591,710178,Cash on Delivery,Completed,2023-10-27 17:21:23,4843.83,0.0
910592,710179,Cash on Delivery,Pending,2024-01-16 17:51:27,6538.04,0.0
910593,710180,Debit Card,Completed,2024-08-03 20:35:07,84005.39,1512.1
910594,710181,UPI,Completed,2023-10-08 16:34:23,833.72,0.0
910595,710182,Debit Card,Completed,2025-12-02 20:27:24,35001.43,630.03
910596,710183,Debit Card,Completed,2023-07-01 20:45:27,2991.11,53.84
910597,710184,UPI,Completed,2025-12-23 20:02:42,9957.4,0.0
910598,710185,Wallet,Completed,2025-09-20 17:05:08,44823.25,0.0
910599,710186,UPI,Completed,2024-07-26 15:58:30,70739.36,0.0
910600,710187,Net Banking,Completed,2025-06-01 14:50:41,7943.38,0.0
910601,710188,UPI,Completed,2025-03-19 17:09:15,2299.81,0.0
910602,710189,Credit Card,Completed,2023-11-01 18:48:33,163483.76,2942.71
910603,710190,UPI,Completed,2024-04-06 22:00:36,6188.69,0.0
910604,710191,UPI,Completed,2024-10-20 22:03:26,26146.52,0.0
910605,710192,UPI,Completed,2025-02-05 14:30:25,101180.45,0.0
910606,710193,UPI,Completed,2024-11-06 16:41:07,15064.57,0.0
910607,710194,Cash on Delivery,Refunded,2024-09-24 20:19:41,136718.81,0.0
910608,710195,UPI,Failed,2024-08-15 21:41:13,91240.92,0.0
910609,710196,Credit Card,Completed,2024-10-12 19:00:13,1389.54,25.01
910610,710197,Credit Card,Completed,2024-08-08 17:40:51,196735.58,3541.24
910611,710197,Credit Card,Failed,2024-08-08 17:31:51,196735.58,0.0
910612,710198,UPI,Completed,2024-11-05 22:30:15,1181.11,0.0
910613,710199,UPI,Completed,2025-10-18 23:15:05,7884.27,0.0
910614,710200,UPI,Completed,2025-01-31 23:27:01,47027.98,0.0
910615,710200,UPI,Failed,2025-01-31 23:13:01,47027.98,0.0
910616,710201,Credit Card,Completed,2025-05-16 15:41:27,494.4,8.9
910617,710202,Net Banking,Refunded,2024-12-27 21:47:04,521.15,0.0
910618,710203,Debit Card,Completed,2025-02-12 15:17:17,3315.34,59.68
910619,710204,UPI,Completed,2024-12-08 18:41:24,510.38,0.0
910620,710205,UPI,Completed,2023-02-14 23:28:39,146726.8,0.0
910621,710206,Debit Card,Refunded,2025-12-31 13:11:08,30993.87,557.89
910622,710207,Net Banking,Failed,2023-02-27 12:56:19,202528.72,0.0
910623,710208,Wallet,Completed,2024-06-17 23:22:40,11781.34,0.0
910624,710209,Credit Card,Completed,2023-06-27 15:02:27,5834.35,105.02
910625,710210,UPI,Completed,2023-06-13 20:17:00,72206.18,0.0
910626,710211,Cash on Delivery,Refunded,2025-08-03 15:24:56,537.72,0.0
910627,710212,Cash on Delivery,Completed,2024-07-30 16:07:15,2654.35,0.0
910628,710213,Cash on Delivery,Completed,2025-08-09 15:12:18,531.87,0.0
910629,710214,Net Banking,Refunded,2024-01-04 20:01:17,220945.68,0.0
910630,710215,Credit Card,Completed,2023-12-20 21:24:16,7204.6,129.68
910631,710216,Debit Card,Completed,2023-12-11 19:32:06,5519.04,99.34
910632,710217,Credit Card,Refunded,2025-01-16 14:26:58,9463.54,170.34
910633,710218,Credit Card,Failed,2025-08-20 11:40:32,1389.54,25.01
910634,710219,Net Banking,Completed,2024-08-27 23:59:39,101218.04,0.0
910635,710220,Net Banking,Completed,2024-05-26 16:41:48,88998.08,0.0
910636,710221,Wallet,Completed,2025-12-12 23:37:16,4628.04,0.0
910637,710222,UPI,Failed,2023-07-17 13:56:39,12646.67,0.0
910638,710223,Cash on Delivery,Completed,2024-10-06 14:34:06,9312.31,0.0
910639,710224,UPI,Completed,2024-07-05 18:54:03,39496.97,0.0
910640,710225,Credit Card,Completed,2023-06-15 18:33:46,21626.24,389.27
910641,710226,UPI,Completed,2023-12-30 21:35:37,92405.99,0.0
910642,710227,Wallet,Completed,2023-02-17 19:26:31,169835.82,0.0
910643,710228,Cash on Delivery,Completed,2025-10-13 15:02:50,11973.95,0.0
910644,710229,Credit Card,Pending,2025-01-05 15:42:01,92101.18,1657.82
910645,710230,Cash on Delivery,Refunded,2025-08-20 15:47:28,32933.98,0.0
910646,710231,Cash on Delivery,Completed,2024-10-25 13:49:48,177815.32,0.0
910647,710232,Wallet,Completed,2024-12-28 19:41:28,169117.68,0.0
910648,710233,Cash on Delivery,Completed,2025-04-24 15:26:42,104468.26,0.0
910649,710234,Credit Card,Failed,2025-10-27 18:21:25,79735.03,1435.23
910650,710235,UPI,Failed,2023-06-03 18:08:21,202199.99,0.0
910651,710236,UPI,Completed,2024-03-25 18:09:54,183934.62,0.0
910652,710237,Credit Card,Completed,2025-05-03 17:55:08,77942.01,1402.96
910653,710237,Credit Card,Failed,2025-05-03 17:41:08,77942.01,0.0
910654,710238,UPI,Completed,2025-11-25 16:58:06,17101.71,0.0
910655,710239,Cash on Delivery,Completed,2025-12-20 13:33:58,6623.46,0.0
910656,710240,Net Banking,Completed,2025-02-06 19:24:37,1435.9,0.0
910657,710241,UPI,Completed,2023-10-19 23:13:27,3791.07,0.0
910658,710242,Credit Card,Refunded,2023-07-21 21:49:34,96594.84,1738.71
910659,710243,UPI,Completed,2025-11-14 14:24:14,2053.79,0.0
910660,710244,Debit Card,Failed,2024-08-08 20:52:02,126448.39,2276.07
910661,710245,Cash on Delivery,Completed,2023-10-20 23:52:08,64858.4,0.0
910662,710246,UPI,Completed,2025-11-08 23:06:17,333436.63,0.0
910663,710247,UPI,Completed,2023-06-26 17:11:39,88304.49,0.0
910664,710248,UPI,Completed,2025-05-22 16:32:59,2944.79,0.0
910665,710249,UPI,Completed,2025-01-25 18:12:25,47331.89,0.0
910666,710250,Cash on Delivery,Completed,2023-05-28 23:44:13,39878.03,0.0
910667,710251,UPI,Completed,2024-04-06 19:44:19,3355.52,0.0
910668,710251,UPI,Failed,2024-04-06 19:26:19,3355.52,0.0
910669,710252,Debit Card,Completed,2023-09-03 14:04:46,21657.61,389.84
910670,710253,UPI,Completed,2025-01-01 19:57:59,18363.96,0.0
910671,710254,Cash on Delivery,Completed,2024-09-30 22:15:34,5223.84,0.0
910672,710255,Wallet,Completed,2023-01-09 18:10:59,4839.04,0.0
910673,710256,UPI,Completed,2025-12-14 16:19:59,2676.18,0.0
910674,710257,Wallet,Completed,2024-04-21 11:23:55,5519.04,0.0
910675,710258,Wallet,Completed,2023-12-21 23:44:28,5868.04,0.0
910676,710259,Debit Card,Completed,2023-11-07 20:40:43,8130.96,146.36
910677,710260,UPI,Completed,2023-09-18 16:42:14,57110.53,0.0
910678,710261,Credit Card,Refunded,2025-12-31 14:11:01,3074.3,55.34
910679,710262,Credit Card,Completed,2024-01-31 13:14:37,118126.87,2126.28
910680,710263,UPI,Completed,2024-07-01 18:48:45,54325.96,0.0
910681,710264,Credit Card,Pending,2025-10-10 20:53:41,102715.74,1848.88
910682,710265,Cash on Delivery,Pending,2025-02-10 21:42:48,94035.01,0.0
910683,710266,Debit Card,Completed,2024-05-15 17:29:44,81309.84,1463.58
910684,710267,Net Banking,Completed,2025-10-23 23:04:00,25960.58,0.0
910685,710268,Net Banking,Pending,2025-06-13 18:16:33,3120.77,0.0
910686,710269,UPI,Completed,2023-11-11 14:28:13,156257.63,0.0
910687,710270,Credit Card,Completed,2025-02-13 13:03:53,1465.47,26.38
910688,710271,UPI,Completed,2025-11-03 17:03:56,67261.11,0.0
910689,710272,Credit Card,Completed,2024-10-11 20:40:34,2781.44,50.07
910690,710273,UPI,Completed,2025-05-26 22:52:17,1988.64,0.0
910691,710274,UPI,Completed,2025-12-09 14:53:32,6092.0,0.0
910692,710275,Cash on Delivery,Completed,2025-04-12 23:50:02,5055.86,0.0
910693,710276,UPI,Completed,2023-06-22 12:10:58,69633.14,0.0
910694,710277,UPI,Completed,2023-12-01 20:56:23,18350.91,0.0
910695,710278,UPI,Completed,2024-12-25 14:32:59,2681.65,0.0
910696,710278,UPI,Failed,2024-12-25 14:17:59,2681.65,0.0
910697,710279,Debit Card,Completed,2024-01-09 23:58:57,9239.76,166.32
910698,710280,Net Banking,Completed,2025-11-24 10:27:23,1591.55,0.0
910699,710281,UPI,Completed,2024-07-01 17:59:01,39496.97,0.0
910700,710282,UPI,Completed,2024-09-03 19:56:31,3091.67,0.0
910701,710283,Cash on Delivery,Pending,2025-04-25 19:51:29,11378.06,0.0
910702,710284,Credit Card,Refunded,2024-10-26 18:43:39,133376.75,2400.78
910703,710285,Wallet,Completed,2024-05-30 13:13:43,833.72,0.0
910704,710286,UPI,Completed,2023-05-13 23:27:06,42904.94,0.0
910705,710287,Credit Card,Completed,2024-12-26 13:07:56,49811.15,896.6
910706,710288,Debit Card,Completed,2025-10-08 19:41:55,6375.92,114.77
910707,710289,Debit Card,Completed,2025-04-06 16:36:59,6750.37,121.51
910708,710289,Debit Card,Failed,2025-04-06 16:25:59,6750.37,0.0
910709,710290,Cash on Delivery,Pending,2024-05-29 19:43:17,2332.64,0.0
910710,710291,Credit Card,Completed,2023-08-05 06:57:37,420.17,7.56
910711,710292,Debit Card,Completed,2025-08-22 13:25:40,21229.75,382.14
910712,710293,UPI,Completed,2025-11-12 20:07:07,5870.33,0.0
910713,710293,UPI,Failed,2025-11-12 20:04:07,5870.33,0.0
910714,710294,Credit Card,Completed,2024-06-07 14:05:53,58483.74,1052.71
910715,710295,Credit Card,Completed,2025-05-22 15:59:53,15232.24,274.18
910716,710296,Wallet,Completed,2024-07-08 21:44:27,193129.65,0.0
910717,710297,UPI,Completed,2024-10-14 11:51:30,2117.78,0.0
910718,710298,UPI,Completed,2025-09-14 17:21:30,294627.61,0.0
910719,710299,Cash on Delivery,Pending,2023-05-22 21:04:41,8755.02,0.0
910720,710300,UPI,Completed,2024-10-30 22:51:20,106844.23,0.0
910721,710301,UPI,Refunded,2023-11-02 22:43:58,243389.56,0.0
910722,710302,Credit Card,Completed,2024-04-07 17:31:10,2640.13,47.52
910723,710303,UPI,Completed,2025-02-14 19:01:25,207562.14,0.0
910724,710304,Credit Card,Completed,2023-02-15 23:07:10,1296.9,23.34
910725,710305,UPI,Completed,2024-12-24 12:59:02,880.04,0.0
910726,710306,Credit Card,Completed,2024-01-20 17:06:11,103770.05,1867.86
910727,710307,Cash on Delivery,Completed,2025-03-17 15:46:52,67338.09,0.0
910728,710308,UPI,Failed,2023-08-20 19:27:06,2738.32,0.0
910729,710309,Cash on Delivery,Completed,2025-05-28 20:12:56,56011.52,0.0
910730,710310,Cash on Delivery,Completed,2025-02-15 13:01:29,4778.82,0.0
910731,710311,Cash on Delivery,Pending,2025-12-10 11:05:03,198822.88,0.0
910732,710312,Debit Card,Pending,2025-10-29 20:03:59,54095.57,973.72
910733,710313,Debit Card,Completed,2024-01-20 18:37:14,40424.5,727.64
910734,710314,Credit Card,Completed,2023-02-15 23:58:58,24652.42,443.74
910735,710315,UPI,Completed,2025-02-27 21:20:15,16964.78,0.0
910736,710316,Credit Card,Failed,2024-12-31 09:34:59,9320.29,167.77
910737,710317,UPI,Completed,2023-02-15 23:52:12,6636.0,0.0
910738,710318,Cash on Delivery,Completed,2023-07-27 23:14:25,14803.21,0.0
910739,710319,Cash on Delivery,Failed,2024-12-16 19:55:43,201238.47,0.0
910740,710320,UPI,Completed,2025-10-29 23:48:52,155936.35,0.0
910741,710321,Debit Card,Completed,2025-10-26 21:44:34,14519.2,261.35
910742,710322,UPI,Completed,2023-09-06 20:31:56,121287.23,0.0
910743,710323,Credit Card,Completed,2024-06-02 14:33:11,12900.68,232.21
910744,710324,UPI,Completed,2023-03-17 18:45:19,82994.53,0.0
910745,710325,Cash on Delivery,Completed,2024-09-19 18:22:23,11572.57,0.0
910746,710326,Cash on Delivery,Refunded,2025-06-17 16:14:04,5367.28,0.0
910747,710327,Net Banking,Completed,2025-07-30 13:59:08,5935.9,0.0
910748,710328,UPI,Completed,2024-10-12 16:38:45,8594.14,0.0
910749,710329,Credit Card,Completed,2023-06-11 21:30:20,196559.16,3538.06
910750,710330,UPI,Completed,2024-05-29 20:38:04,56780.7,0.0
910751,710331,Debit Card,Completed,2025-11-08 12:39:06,90392.97,1627.07
910752,710332,UPI,Completed,2023-11-12 12:52:31,170982.57,0.0
910753,710333,Credit Card,Completed,2024-03-09 18:00:04,5219.93,93.96
910754,710334,Credit Card,Completed,2025-06-09 20:59:26,396.32,7.13
910755,710335,Net Banking,Completed,2025-05-26 22:10:28,18898.03,0.0
910756,710336,UPI,Pending,2025-10-29 19:49:10,67730.36,0.0
910757,710337,Debit Card,Completed,2024-06-07 17:55:52,73786.55,1328.16
910758,710338,UPI,Completed,2024-10-21 13:08:12,125647.54,0.0
910759,710339,UPI,Completed,2024-09-17 08:57:46,41853.51,0.0
910760,710340,Credit Card,Completed,2025-11-05 14:47:37,4234.65,76.22
910761,710341,UPI,Completed,2025-07-06 15:47:20,124426.81,0.0
910762,710342,Cash on Delivery,Completed,2025-09-08 18:56:42,16069.94,0.0
910763,710343,Net Banking,Completed,2023-08-10 23:07:19,3361.65,0.0
910764,710344,Debit Card,Completed,2025-08-01 22:03:56,926.36,16.67
910765,710345,Cash on Delivery,Completed,2024-08-07 22:52:30,25767.65,0.0
910766,710346,UPI,Completed,2023-02-07 12:58:06,100819.34,0.0
910767,710347,Cash on Delivery,Completed,2023-04-17 23:08:18,425202.45,0.0
910768,710348,Cash on Delivery,Pending,2025-03-27 22:06:07,926.36,0.0
910769,710349,Credit Card,Completed,2024-05-19 16:27:56,75830.01,1364.94
910770,710350,Cash on Delivery,Completed,2025-10-09 23:56:18,12695.96,0.0
910771,710351,Credit Card,Completed,2025-05-27 11:48:26,225181.67,4053.27
910772,710352,Credit Card,Completed,2023-02-04 17:19:46,95585.69,1720.54
910773,710353,Cash on Delivery,Completed,2025-04-07 19:29:26,1293.04,0.0
910774,710354,UPI,Completed,2023-10-18 17:30:17,375.28,0.0
910775,710354,UPI,Failed,2023-10-18 17:14:17,375.28,0.0
910776,710355,Net Banking,Completed,2024-07-25 23:09:07,115108.75,0.0
910777,710356,Wallet,Refunded,2025-01-24 12:41:37,926.36,0.0
910778,710357,UPI,Completed,2025-10-11 12:45:51,68534.39,0.0
910779,710358,UPI,Completed,2024-09-01 20:16:54,3407.97,0.0
910780,710359,UPI,Completed,2025-08-14 22:15:19,87889.82,0.0
910781,710360,Cash on Delivery,Completed,2025-07-22 17:12:43,4928.64,0.0
910782,710361,Credit Card,Completed,2024-07-14 20:46:29,926.36,16.67
910783,710362,UPI,Completed,2024-10-13 22:13:23,23352.23,0.0
910784,710363,UPI,Completed,2025-04-24 16:35:24,182974.35,0.0
910785,710364,UPI,Completed,2023-02-22 20:58:18,71255.27,0.0
910786,710365,Cash on Delivery,Completed,2025-10-19 23:10:58,86607.36,0.0
910787,710366,Net Banking,Completed,2025-07-06 22:47:23,114162.47,0.0
910788,710367,UPI,Completed,2023-12-09 16:11:14,41950.87,0.0
910789,710368,UPI,Refunded,2025-12-20 17:39:45,2650.44,0.0
910790,710369,Debit Card,Completed,2023-10-09 23:00:54,4300.91,77.42
910791,710370,UPI,Refunded,2025-10-30 15:59:42,1389.54,0.0
910792,710370,UPI,Failed,2025-10-30 15:53:42,1389.54,0.0
910793,710371,UPI,Completed,2024-03-16 20:18:52,198946.24,0.0
910794,710372,Debit Card,Completed,2025-06-29 15:48:45,11248.59,202.47
910795,710373,UPI,Failed,2024-09-02 20:38:30,80457.41,0.0
910796,710374,UPI,Completed,2025-05-29 09:38:58,9589.0,0.0
910797,710375,Cash on Delivery,Completed,2023-09-13 13:05:20,5519.04,0.0
910798,710376,UPI,Completed,2023-12-31 23:44:06,213787.22,0.0
910799,710377,Credit Card,Completed,2023-06-18 21:31:20,926.36,16.67
910800,710378,UPI,Completed,2025-10-07 22:13:48,60282.52,0.0
910801,710379,Cash on Delivery,Completed,2024-02-02 20:15:11,6676.99,0.0
910802,710380,UPI,Completed,2025-04-17 17:51:55,7399.89,0.0
910803,710381,Net Banking,Completed,2025-08-26 22:53:10,8522.19,0.0
910804,710382,Wallet,Completed,2025-10-24 10:06:41,4060.24,0.0
910805,710383,UPI,Completed,2023-06-29 12:39:59,2527.93,0.0
910806,710384,Credit Card,Completed,2025-10-20 19:13:01,57365.32,1032.58
910807,710385,Debit Card,Completed,2023-10-21 23:05:51,14408.9,259.36
910808,710386,UPI,Completed,2025-05-29 19:07:37,833.72,0.0
910809,710387,Credit Card,Completed,2025-05-22 18:50:38,289716.3,5214.89
910810,710388,UPI,Completed,2023-01-17 19:25:24,7583.79,0.0
910811,710389,Cash on Delivery,Completed,2023-11-06 20:27:50,40458.66,0.0
910812,710390,Cash on Delivery,Failed,2024-10-08 21:42:44,6607.92,0.0
910813,710391,Debit Card,Completed,2024-07-21 17:02:03,1672.42,30.1
910814,710392,Cash on Delivery,Completed,2025-11-01 22:58:07,4795.99,0.0
910815,710393,Credit Card,Completed,2024-05-05 19:42:46,787.41,14.17
910816,710394,Debit Card,Completed,2025-11-10 11:49:39,880.04,15.84
910817,710395,Debit Card,Completed,2024-09-06 20:38:53,158932.82,2860.79
910818,710396,UPI,Completed,2025-12-02 20:06:50,200565.11,0.0
910819,710397,Debit Card,Completed,2025-05-30 15:36:39,8004.56,144.08
910820,710398,UPI,Completed,2025-09-06 06:27:31,5230.76,0.0
910821,710399,Net Banking,Completed,2023-06-26 21:28:32,72993.63,0.0
910822,710400,UPI,Pending,2024-12-18 20:22:59,5223.84,0.0
910823,710401,Credit Card,Completed,2023-08-22 13:08:47,1389.54,25.01
910824,710402,Cash on Delivery,Completed,2024-02-04 19:15:30,199747.55,0.0
910825,710403,UPI,Completed,2025-01-23 23:17:39,209186.15,0.0
910826,710404,UPI,Completed,2025-05-19 16:44:44,15413.86,0.0
910827,710405,UPI,Completed,2023-03-09 23:38:47,351293.61,0.0
910828,710406,UPI,Completed,2024-10-30 19:31:35,203367.87,0.0
910829,710407,Debit Card,Completed,2024-11-21 22:22:38,46028.48,828.51
910830,710408,Wallet,Completed,2023-05-16 14:36:43,11129.0,0.0
910831,710409,Net Banking,Completed,2024-10-13 22:46:42,1111.63,0.0
910832,710410,UPI,Completed,2025-05-08 10:57:52,2315.9,0.0
910833,710411,UPI,Completed,2023-04-04 20:05:58,3709.04,0.0
910834,710412,UPI,Failed,2025-06-25 23:00:37,1389.54,0.0
910835,710413,Wallet,Failed,2024-12-06 16:09:30,76170.36,0.0
910836,710414,Credit Card,Pending,2025-09-10 15:22:12,40423.33,727.62
910837,710415,UPI,Refunded,2023-11-04 21:13:31,121945.2,0.0
910838,710416,Cash on Delivery,Completed,2025-09-10 22:14:51,191117.72,0.0
910839,710417,UPI,Failed,2023-06-08 22:54:52,217727.1,0.0
910840,710418,Cash on Delivery,Completed,2024-06-29 22:42:26,9100.55,0.0
910841,710419,UPI,Completed,2023-10-23 18:01:05,11501.26,0.0
910842,710420,Wallet,Completed,2025-10-12 21:21:42,7788.05,0.0
910843,710421,UPI,Completed,2025-04-29 18:17:15,5856.25,0.0
910844,710422,UPI,Completed,2023-02-11 17:04:44,24350.11,0.0
910845,710423,UPI,Completed,2023-01-19 23:25:27,396.46,0.0
910846,710424,Cash on Delivery,Completed,2024-01-28 18:33:27,4372.82,0.0
910847,710425,Debit Card,Failed,2023-08-23 16:24:16,17005.61,306.1
910848,710426,UPI,Completed,2025-01-29 23:25:25,201532.18,0.0
910849,710426,UPI,Failed,2025-01-29 23:19:25,201532.18,0.0
910850,710427,UPI,Refunded,2025-03-10 23:39:44,191239.53,0.0
910851,710428,UPI,Completed,2025-11-12 17:07:12,7834.81,0.0
910852,710428,UPI,Failed,2025-11-12 16:47:12,7834.81,0.0
910853,710429,UPI,Refunded,2025-11-18 23:03:04,167940.23,0.0
910854,710429,UPI,Failed,2025-11-18 22:44:04,167940.23,0.0
910855,710430,Credit Card,Completed,2025-03-04 17:04:03,7244.71,130.4
910856,710431,Cash on Delivery,Completed,2023-01-12 20:53:47,89441.62,0.0
910857,710432,Debit Card,Completed,2024-05-04 21:13:41,2905.21,52.29
910858,710433,Net Banking,Failed,2024-10-20 23:09:27,4385.49,0.0
910859,710434,Credit Card,Completed,2024-10-12 21:01:21,8330.38,149.95
910860,710435,Net Banking,Failed,2024-12-31 13:46:26,3664.68,0.0
910861,710436,Credit Card,Completed,2025-11-28 23:17:57,77171.76,1389.09
910862,710437,Debit Card,Completed,2025-10-17 22:18:54,1389.54,25.01
910863,710438,Cash on Delivery,Completed,2023-07-03 22:13:28,926.36,0.0
910864,710439,Cash on Delivery,Completed,2023-12-28 20:16:45,425.81,0.0
910865,710440,Debit Card,Completed,2025-09-10 16:03:51,240621.34,4331.18
910866,710440,Debit Card,Failed,2025-09-10 15:59:51,240621.34,0.0
910867,710441,UPI,Completed,2025-08-31 17:02:47,227265.84,0.0
910868,710441,UPI,Failed,2025-08-31 17:00:47,227265.84,0.0
910869,710442,Credit Card,Completed,2024-01-08 19:26:28,8429.67,151.73
910870,710443,UPI,Failed,2025-05-23 13:31:39,112189.26,0.0
910871,710444,UPI,Completed,2025-03-20 22:01:40,8742.15,0.0
910872,710445,Wallet,Failed,2024-09-25 20:06:20,51666.98,0.0
910873,710445,Wallet,Failed,2024-09-25 19:54:20,51666.98,0.0
910874,710446,Credit Card,Completed,2023-10-24 16:31:26,34451.57,620.13
910875,710447,Credit Card,Completed,2025-10-18 23:15:55,37642.67,677.57
910876,710448,Wallet,Refunded,2025-03-27 22:51:07,833.72,0.0
910877,710449,UPI,Completed,2023-10-02 20:17:45,1380.62,0.0
910878,710450,Cash on Delivery,Completed,2025-04-29 21:25:23,741.09,0.0
910879,710451,Debit Card,Completed,2025-06-03 20:05:37,328030.36,5904.55
910880,710452,Credit Card,Completed,2025-10-17 15:03:03,269003.68,4842.07
910881,710453,Credit Card,Completed,2023-11-08 19:43:21,49565.58,892.18
910882,710454,Cash on Delivery,Completed,2025-12-25 23:10:26,8000.65,0.0
910883,710455,Credit Card,Completed,2023-09-09 21:14:54,103427.57,1861.7
910884,710456,Net Banking,Completed,2024-12-29 20:06:56,235684.17,0.0
910885,710457,UPI,Completed,2025-03-02 18:04:54,221223.41,0.0
910886,710458,UPI,Pending,2024-07-20 17:34:39,3574.0,0.0
910887,710459,Wallet,Completed,2024-09-27 13:59:35,2527.93,0.0
910888,710460,UPI,Refunded,2025-10-19 14:09:42,85501.97,0.0
910889,710461,UPI,Refunded,2025-02-15 21:14:52,926.36,0.0
910890,710462,Wallet,Completed,2024-10-11 18:30:17,5858.23,0.0
910891,710463,UPI,Completed,2023-08-05 23:32:30,26934.96,0.0
910892,710464,Debit Card,Completed,2023-01-15 19:17:19,38907.33,700.33
910893,710465,UPI,Refunded,2023-07-31 16:36:18,9744.12,0.0
910894,710466,Net Banking,Completed,2025-11-23 18:16:02,280062.32,0.0
910895,710467,Cash on Delivery,Completed,2025-06-30 22:08:45,1852.72,0.0
910896,710468,UPI,Completed,2025-12-05 20:45:14,63144.3,0.0
910897,710469,UPI,Completed,2023-03-03 10:30:06,10815.1,0.0
910898,710469,UPI,Failed,2023-03-03 10:22:06,10815.1,0.0
910899,710470,UPI,Pending,2025-03-30 19:59:05,135008.51,0.0
910900,710471,Credit Card,Completed,2023-03-19 20:45:04,59633.67,1073.41
910901,710472,UPI,Completed,2025-07-21 21:52:21,1246.22,0.0
910902,710473,Cash on Delivery,Completed,2024-05-28 23:08:46,125220.47,0.0
910903,710474,Debit Card,Refunded,2023-06-11 20:55:27,1564.54,28.16
910904,710475,Credit Card,Completed,2024-11-25 15:42:02,3160.48,56.89
910905,710476,UPI,Completed,2024-01-16 19:26:50,833.72,0.0
910906,710477,Debit Card,Completed,2025-03-05 17:00:45,40886.51,735.96
910907,710478,Net Banking,Completed,2025-03-03 19:19:04,115440.43,0.0
910908,710479,UPI,Completed,2025-04-29 16:40:08,108940.11,0.0
910909,710479,UPI,Failed,2025-04-29 16:26:08,108940.11,0.0
910910,710480,UPI,Refunded,2025-12-27 15:56:05,8298.94,0.0
910911,710481,UPI,Completed,2024-06-05 18:46:09,131571.54,0.0
910912,710482,UPI,Completed,2024-09-14 22:42:56,6196.29,0.0
910913,710483,Debit Card,Completed,2025-08-11 21:03:19,8517.76,153.32
910914,710484,Credit Card,Completed,2024-12-08 12:30:26,2442.03,43.96
910915,710485,UPI,Completed,2023-03-06 22:32:01,103446.6,0.0
910916,710486,Net Banking,Completed,2025-09-21 14:59:39,6402.99,0.0
910917,710486,Net Banking,Failed,2025-09-21 14:54:39,6402.99,0.0
910918,710487,UPI,Completed,2023-04-01 16:47:47,16249.0,0.0
910919,710488,UPI,Completed,2023-10-03 19:46:47,11071.29,0.0
910920,710489,Credit Card,Completed,2023-06-22 11:12:31,2315.9,41.69
910921,710490,UPI,Completed,2023-05-15 22:06:08,7342.66,0.0
910922,710491,Credit Card,Completed,2023-02-12 16:35:34,54248.58,976.47
910923,710492,Debit Card,Refunded,2023-04-08 17:32:02,2311.11,41.6
910924,710493,UPI,Completed,2024-08-14 18:58:34,106500.81,0.0
910925,710494,Debit Card,Completed,2023-12-14 20:45:56,5939.81,106.92
910926,710495,Debit Card,Completed,2023-08-03 20:59:11,36473.63,656.53
910927,710496,Net Banking,Completed,2025-03-03 20:31:02,926.36,0.0
910928,710497,Debit Card,Completed,2023-11-10 19:44:18,331355.91,5964.41
910929,710498,UPI,Completed,2023-01-31 23:50:51,2315.9,0.0
910930,710498,UPI,Failed,2023-01-31 23:31:51,2315.9,0.0
910931,710499,Debit Card,Completed,2024-07-19 14:05:45,416699.09,7500.58
910932,710500,Cash on Delivery,Pending,2024-02-24 23:38:26,94074.69,0.0
910933,710501,Debit Card,Completed,2024-03-07 20:15:36,4254.25,76.58
910934,710502,Debit Card,Completed,2024-08-18 13:40:27,3654.06,65.77
910935,710503,Debit Card,Completed,2025-03-16 20:50:06,225781.15,4064.06
910936,710503,Debit Card,Failed,2025-03-16 20:33:06,225781.15,0.0
910937,710504,Debit Card,Completed,2025-01-16 22:16:40,54322.22,977.8
910938,710505,UPI,Completed,2025-11-10 17:09:00,8046.97,0.0
910939,710506,UPI,Completed,2024-10-23 13:32:49,105905.6,0.0
910940,710507,UPI,Completed,2024-09-24 17:31:29,6939.23,0.0
910941,710508,Net Banking,Completed,2023-11-01 22:23:50,11362.31,0.0
910942,710509,Cash on Delivery,Completed,2025-06-19 23:12:36,229832.65,0.0
910943,710510,Wallet,Refunded,2023-08-19 13:19:57,149203.94,0.0
910944,710511,UPI,Pending,2024-10-08 20:04:47,972.68,0.0
910945,710512,UPI,Completed,2024-07-23 23:50:23,10670.44,0.0
910946,710513,Cash on Delivery,Completed,2025-03-03 18:42:46,35660.41,0.0
910947,710514,Cash on Delivery,Completed,2025-11-01 22:07:38,10574.9,0.0
910948,710515,Wallet,Completed,2025-11-14 20:01:37,4035.22,0.0
910949,710516,UPI,Completed,2023-10-01 22:03:22,79530.41,0.0
910950,710517,Debit Card,Completed,2023-12-24 19:08:24,151664.95,2729.97
910951,710518,Credit Card,Completed,2025-08-16 20:44:21,253670.4,4566.07
910952,710519,Credit Card,Completed,2024-10-23 08:54:15,229013.83,4122.25
910953,710520,UPI,Completed,2024-08-28 17:15:14,313798.23,0.0
910954,710521,Credit Card,Completed,2025-05-05 21:26:30,113006.38,2034.11
910955,710522,Cash on Delivery,Completed,2024-12-30 14:26:35,5636.79,0.0
910956,710523,Cash on Delivery,Pending,2025-12-09 22:28:46,140976.27,0.0
910957,710524,Debit Card,Completed,2024-12-15 16:18:05,8934.75,160.83
910958,710525,UPI,Completed,2024-09-15 19:39:42,2540.05,0.0
910959,710526,Credit Card,Completed,2024-11-06 20:57:36,4438.39,79.89
910960,710527,UPI,Failed,2025-08-14 23:11:18,10185.12,0.0
910961,710528,Wallet,Completed,2025-01-12 20:54:40,7917.09,0.0
910962,710529,UPI,Completed,2025-02-17 13:12:18,158010.29,0.0
910963,710530,Debit Card,Completed,2025-12-10 16:04:42,113796.89,2048.34
910964,710531,UPI,Completed,2025-01-19 16:21:52,2410.89,0.0
910965,710531,UPI,Failed,2025-01-19 16:02:52,2410.89,0.0
910966,710532,UPI,Completed,2024-05-28 22:14:41,1250.59,0.0
910967,710533,Cash on Delivery,Completed,2025-04-13 10:19:53,103388.18,0.0
910968,710534,UPI,Completed,2025-03-04 20:15:40,2148.74,0.0
910969,710535,UPI,Completed,2023-01-24 18:27:13,122608.15,0.0
910970,710536,Debit Card,Completed,2024-09-17 18:13:36,50363.6,906.54
910971,710537,Debit Card,Completed,2025-06-05 14:11:32,109768.73,1975.84
910972,710538,Debit Card,Completed,2024-10-12 19:37:41,1852.72,33.35
910973,710539,Debit Card,Completed,2025-07-18 20:04:51,113955.9,2051.21
910974,710540,Debit Card,Completed,2024-08-25 20:50:06,509.87,9.18
910975,710541,Cash on Delivery,Completed,2025-12-21 21:18:13,5055.86,0.0
910976,710542,UPI,Completed,2024-01-29 23:01:22,1320.06,0.0
910977,710543,UPI,Completed,2023-06-04 19:36:27,200324.31,0.0
910978,710544,Cash on Delivery,Failed,2024-08-04 20:24:54,10856.72,0.0
910979,710545,UPI,Completed,2024-11-05 21:09:21,212295.72,0.0
910980,710546,Credit Card,Completed,2024-04-21 19:15:58,4668.02,84.02
910981,710547,UPI,Refunded,2023-11-27 23:51:40,10393.81,0.0
910982,710548,Wallet,Completed,2025-03-20 15:55:49,128779.4,0.0
910983,710549,UPI,Completed,2024-05-24 20:23:22,204115.52,0.0
910984,710550,Debit Card,Completed,2025-01-29 10:07:45,6283.79,113.11
910985,710551,UPI,Completed,2025-07-17 14:50:04,62736.17,0.0
910986,710552,Credit Card,Completed,2025-06-26 22:44:50,1181.11,21.26
910987,710553,Credit Card,Completed,2024-05-22 12:27:47,4992.71,89.87
910988,710554,Cash on Delivery,Completed,2024-11-25 20:36:37,494.15,0.0
910989,710555,Cash on Delivery,Completed,2024-08-24 18:39:39,155345.95,0.0
910990,710556,Credit Card,Completed,2025-10-10 13:14:05,63288.75,1139.2
910991,710557,UPI,Completed,2025-10-14 15:36:34,15889.1,0.0
910992,710558,UPI,Completed,2024-04-13 16:49:27,8994.59,0.0
910993,710559,UPI,Completed,2023-06-03 20:09:14,14067.2,0.0
910994,710560,UPI,Pending,2023-10-01 22:22:24,14944.76,0.0
910995,710561,Cash on Delivery,Completed,2024-05-13 21:46:31,926.36,0.0
910996,710562,Credit Card,Completed,2024-11-20 16:16:09,54283.55,977.1
910997,710563,Cash on Delivery,Completed,2025-03-01 10:49:23,183290.05,0.0
910998,710564,Credit Card,Completed,2024-03-26 21:12:07,8240.73,148.33
910999,710565,Cash on Delivery,Completed,2025-03-14 12:05:19,10385.32,0.0
911000,710566,Credit Card,Failed,2025-11-10 17:12:34,38911.66,700.41
911001,710567,UPI,Completed,2025-02-23 23:03:15,162604.54,0.0
911002,710568,Net Banking,Refunded,2023-09-17 19:21:16,138398.93,0.0
911003,710569,UPI,Completed,2024-12-10 23:23:36,539529.48,0.0
911004,710570,Debit Card,Failed,2024-11-05 22:57:39,6150.2,110.7
911005,710570,Debit Card,Failed,2024-11-05 22:46:39,6150.2,0.0
911006,710571,Wallet,Pending,2025-10-10 20:17:05,71557.73,0.0
911007,710572,Wallet,Refunded,2024-04-22 17:10:38,378.64,0.0
911008,710573,UPI,Completed,2024-07-26 14:32:56,11371.72,0.0
911009,710574,UPI,Completed,2024-12-28 19:48:10,68361.85,0.0
911010,710575,UPI,Completed,2024-10-26 21:27:27,8130.96,0.0
911011,710576,UPI,Completed,2025-05-13 22:57:44,6233.28,0.0
911012,710577,Credit Card,Completed,2023-03-12 11:58:14,58910.74,1060.39
911013,710578,UPI,Completed,2024-11-19 07:04:30,9436.6,0.0
911014,710579,UPI,Pending,2023-07-25 23:05:34,119787.81,0.0
911015,710580,Credit Card,Completed,2024-03-02 16:29:48,1111.63,20.01
911016,710580,Credit Card,Failed,2024-03-02 16:26:48,1111.63,0.0
911017,710581,UPI,Completed,2025-03-07 23:20:16,444.81,0.0
911018,710582,Credit Card,Completed,2023-09-16 23:08:10,6908.58,124.35
911019,710583,Credit Card,Completed,2024-02-21 23:14:09,177652.6,3197.75
911020,710584,Credit Card,Completed,2025-04-27 14:49:43,2511.12,45.2
911021,710585,Debit Card,Refunded,2025-02-22 22:14:32,1621.1,29.18
911022,710586,Wallet,Completed,2023-06-02 23:27:41,54469.57,0.0
911023,710587,Net Banking,Completed,2024-12-07 19:11:45,3917.47,0.0
911024,710588,Cash on Delivery,Completed,2023-08-30 15:46:30,4912.65,0.0
911025,710589,UPI,Completed,2023-12-13 16:49:11,201895.55,0.0
911026,710590,UPI,Completed,2024-09-06 14:04:24,175406.07,0.0
911027,710591,Cash on Delivery,Completed,2023-07-04 14:22:07,152591.31,0.0
911028,710592,UPI,Completed,2025-12-28 18:18:46,8973.2,0.0
911029,710592,UPI,Failed,2025-12-28 18:06:46,8973.2,0.0
911030,710593,Cash on Delivery,Pending,2023-09-29 22:14:32,36600.47,0.0
911031,710594,Cash on Delivery,Completed,2025-07-20 16:22:34,121486.87,0.0
911032,710595,Debit Card,Completed,2025-09-06 23:36:37,9965.74,179.38
911033,710596,Debit Card,Completed,2025-12-28 17:33:36,68469.36,1232.45
911034,710597,Credit Card,Refunded,2024-08-02 16:29:43,155286.69,2795.16
911035,710598,Cash on Delivery,Pending,2025-10-11 23:22:50,101727.54,0.0
911036,710599,Net Banking,Completed,2025-11-24 23:45:38,2864.71,0.0
911037,710600,Net Banking,Completed,2023-10-05 23:53:04,79318.17,0.0
911038,710601,Credit Card,Completed,2024-10-01 23:52:13,5415.78,97.48
911039,710602,UPI,Failed,2023-04-17 14:57:11,10630.33,0.0
911040,710603,Debit Card,Completed,2025-01-21 20:06:57,6460.73,116.29
911041,710604,Credit Card,Completed,2024-12-12 17:05:48,1517.48,27.31
911042,710605,Debit Card,Completed,2023-10-26 17:06:40,166629.16,2999.32
911043,710606,Debit Card,Completed,2025-08-07 11:38:33,13503.71,243.07
911044,710607,UPI,Completed,2023-03-06 19:27:20,112449.51,0.0
911045,710608,Debit Card,Completed,2025-08-12 18:03:57,506.35,9.11
911046,710609,UPI,Completed,2023-02-14 21:34:35,83091.21,0.0
911047,710610,UPI,Completed,2025-03-01 15:22:16,129782.74,0.0
911048,710611,UPI,Completed,2023-05-16 23:15:55,536.14,0.0
911049,710612,Debit Card,Completed,2023-12-11 19:26:26,7518.22,135.33
911050,710613,Credit Card,Completed,2025-05-15 20:20:54,12713.75,228.85
911051,710614,Debit Card,Refunded,2024-01-16 13:24:09,5515.12,99.27
911052,710615,Credit Card,Completed,2024-10-19 15:15:59,3917.47,70.51
911053,710616,UPI,Completed,2025-10-31 14:49:27,136512.15,0.0
911054,710617,UPI,Completed,2023-03-29 16:19:27,12900.84,0.0
911055,710618,Debit Card,Completed,2025-08-16 14:57:54,208812.7,3758.63
911056,710619,UPI,Completed,2023-04-26 14:35:33,3454.29,0.0
911057,710620,Credit Card,Completed,2023-08-03 22:09:23,926.36,16.67
911058,710621,Net Banking,Completed,2023-07-21 23:42:41,3778.52,0.0
911059,710622,Cash on Delivery,Completed,2025-12-28 20:57:30,9015.74,0.0
911060,710623,UPI,Completed,2023-10-10 15:08:23,71037.45,0.0
911061,710624,Cash on Delivery,Refunded,2025-10-22 20:38:39,21320.76,0.0
911062,710625,Debit Card,Completed,2025-12-26 23:28:57,63681.96,1146.28
911063,710625,Debit Card,Failed,2025-12-26 23:26:57,63681.96,0.0
911064,710626,UPI,Completed,2024-06-01 14:04:08,101352.4,0.0
911065,710627,Cash on Delivery,Completed,2025-01-29 16:02:30,6402.99,0.0
911066,710628,Cash on Delivery,Pending,2025-07-17 20:33:32,167331.75,0.0
911067,710629,UPI,Completed,2024-06-13 23:30:08,55100.68,0.0
911068,710630,Wallet,Completed,2023-09-23 18:14:56,13102.83,0.0
911069,710631,Wallet,Completed,2024-08-07 16:32:30,5519.04,0.0
911070,710632,Net Banking,Completed,2025-07-09 12:13:17,209142.05,0.0
911071,710633,UPI,Completed,2025-07-19 23:25:58,13135.76,0.0
911072,710634,Credit Card,Completed,2023-11-13 14:29:58,4608.53,82.95
911073,710635,Net Banking,Failed,2023-10-06 19:56:40,96990.34,0.0
911074,710636,Debit Card,Completed,2025-11-02 23:59:30,81026.46,1458.48
911075,710636,Debit Card,Failed,2025-11-02 23:44:30,81026.46,0.0
911076,710637,Cash on Delivery,Pending,2023-03-18 11:28:56,926.36,0.0
911077,710638,Cash on Delivery,Completed,2025-05-27 21:36:59,2840.89,0.0
911078,710639,Wallet,Completed,2023-03-23 20:43:25,1852.76,0.0
911079,710640,Debit Card,Completed,2025-09-16 23:12:21,122029.19,2196.53
911080,710641,UPI,Failed,2025-10-26 18:12:40,4934.36,0.0
911081,710642,UPI,Completed,2024-02-04 17:47:29,8173.77,0.0
911082,710643,Cash on Delivery,Refunded,2023-05-09 19:03:27,105055.52,0.0
911083,710644,Wallet,Completed,2024-10-02 18:39:23,87996.9,0.0
911084,710645,Debit Card,Completed,2024-02-05 18:17:34,4316.06,77.69
911085,710646,Cash on Delivery,Refunded,2024-07-17 19:40:18,295328.65,0.0
911086,710647,UPI,Completed,2025-03-11 14:36:17,87000.46,0.0
911087,710648,Credit Card,Completed,2023-10-30 19:32:48,56484.85,1016.73
911088,710649,UPI,Completed,2024-05-02 21:58:33,115412.64,0.0
911089,710650,Cash on Delivery,Refunded,2025-07-21 20:01:28,4760.66,0.0
911090,710651,UPI,Completed,2025-02-13 21:18:46,2331.39,0.0
911091,710652,UPI,Completed,2024-03-18 14:53:22,108158.62,0.0
911092,710653,UPI,Completed,2025-03-10 23:53:45,2148.74,0.0
911093,710654,Credit Card,Completed,2025-07-01 23:11:48,101588.59,1828.59
911094,710655,Debit Card,Completed,2024-12-23 13:01:57,4267.33,76.81
911095,710656,Credit Card,Completed,2023-11-23 19:34:36,2204.85,39.69
911096,710657,UPI,Completed,2023-01-01 18:30:55,142652.27,0.0
911097,710658,Credit Card,Completed,2025-08-10 22:33:30,1389.54,25.01
911098,710659,Credit Card,Completed,2025-08-29 18:15:08,8467.34,152.41
911099,710660,UPI,Completed,2025-04-20 18:58:32,251683.78,0.0
911100,710661,Credit Card,Completed,2023-05-13 20:12:45,13566.01,244.19
911101,710662,UPI,Completed,2024-12-17 12:33:47,135244.81,0.0
911102,710663,Credit Card,Refunded,2025-08-27 18:40:24,880.04,15.84
911103,710664,Credit Card,Refunded,2024-06-09 11:33:33,11871.8,213.69
911104,710665,Debit Card,Completed,2023-10-22 22:35:43,46286.89,833.16
911105,710666,Debit Card,Completed,2024-12-20 20:58:20,147280.41,2651.05
911106,710667,UPI,Refunded,2025-09-02 19:44:37,4550.27,0.0
911107,710668,UPI,Failed,2023-03-27 21:04:34,5970.84,0.0
911108,710669,UPI,Completed,2024-12-27 15:24:43,8247.82,0.0
911109,710670,Cash on Delivery,Completed,2025-02-12 20:54:14,926.36,0.0
911110,710671,UPI,Completed,2024-12-30 15:56:49,92280.15,0.0
911111,710672,Credit Card,Completed,2025-02-21 23:12:49,926.36,16.67
911112,710673,UPI,Completed,2025-01-29 12:51:35,66294.67,0.0
911113,710674,Cash on Delivery,Completed,2023-08-07 19:24:18,265844.73,0.0
911114,710675,Wallet,Completed,2023-11-16 20:03:57,128800.56,0.0
911115,710676,UPI,Completed,2025-01-20 18:10:28,12791.48,0.0
911116,710677,Credit Card,Completed,2023-01-29 19:07:30,39496.97,710.95
911117,710678,Credit Card,Refunded,2025-02-01 16:32:57,201602.36,3628.84
911118,710679,Cash on Delivery,Completed,2025-03-12 20:57:38,123443.69,0.0
911119,710680,UPI,Completed,2023-11-23 19:09:30,10443.25,0.0
911120,710681,Credit Card,Completed,2024-12-27 20:41:07,10120.45,182.17
911121,710682,Credit Card,Completed,2024-11-01 18:26:54,88009.68,1584.17
911122,710683,UPI,Completed,2023-12-23 16:34:53,4728.03,0.0
911123,710684,Cash on Delivery,Completed,2024-09-11 16:37:03,85794.28,0.0
911124,710685,UPI,Completed,2025-10-28 19:08:58,51776.8,0.0
911125,710686,UPI,Completed,2024-07-31 18:47:42,106268.37,0.0
911126,710687,Cash on Delivery,Pending,2025-01-28 12:39:22,156023.75,0.0
911127,710688,UPI,Completed,2023-03-02 11:31:19,243006.94,0.0
911128,710689,UPI,Completed,2023-05-15 20:02:40,191579.94,0.0
911129,710690,Net Banking,Completed,2023-05-20 18:10:40,44073.84,0.0
911130,710691,UPI,Refunded,2025-07-16 13:41:55,81686.49,0.0
911131,710692,UPI,Completed,2024-04-22 16:43:08,1950.33,0.0
911132,710693,Debit Card,Completed,2023-11-11 22:00:13,134184.78,2415.33
911133,710694,Cash on Delivery,Completed,2025-06-10 20:14:40,1809.96,0.0
911134,710695,UPI,Completed,2023-10-03 20:41:26,83709.67,0.0
911135,710696,UPI,Completed,2023-12-04 12:49:46,9631.73,0.0
911136,710697,Debit Card,Completed,2024-08-05 16:22:41,17531.23,315.56
911137,710698,UPI,Failed,2024-03-26 15:42:07,58161.68,0.0
911138,710699,UPI,Failed,2024-12-17 19:07:43,228324.51,0.0
911139,710700,UPI,Failed,2024-04-04 15:03:34,130211.32,0.0
911140,710701,Wallet,Completed,2024-06-14 16:43:23,86236.21,0.0
911141,710702,UPI,Completed,2025-10-06 16:05:18,11924.81,0.0
911142,710703,UPI,Refunded,2025-10-16 19:22:13,13533.02,0.0
911143,710704,UPI,Completed,2025-09-04 14:51:18,5450.04,0.0
911144,710705,UPI,Completed,2025-10-07 18:04:29,85131.76,0.0
911145,710706,UPI,Completed,2024-11-27 17:52:44,1347.19,0.0
911146,710707,Debit Card,Completed,2025-02-16 21:14:17,2267.32,40.81
911147,710708,Cash on Delivery,Pending,2024-11-13 17:48:46,2650.44,0.0
911148,710709,UPI,Completed,2025-07-25 14:05:47,70081.77,0.0
911149,710710,UPI,Completed,2024-11-10 22:59:24,3465.61,0.0
911150,710711,UPI,Completed,2023-07-07 19:10:30,2393.16,0.0
911151,710712,Debit Card,Failed,2025-08-15 15:28:53,446.59,8.04
911152,710713,Wallet,Refunded,2025-06-26 17:56:07,5577.19,0.0
911153,710714,Debit Card,Completed,2025-08-26 14:43:08,107662.43,1937.92
911154,710715,Credit Card,Completed,2023-10-17 23:01:24,139139.32,2504.51
911155,710716,UPI,Completed,2024-01-03 16:04:02,3229.05,0.0
911156,710717,Wallet,Completed,2024-02-01 18:32:11,139808.2,0.0
911157,710718,Debit Card,Completed,2024-10-17 11:48:04,19098.82,343.78
911158,710719,UPI,Completed,2023-08-11 11:07:24,387514.05,0.0
911159,710720,Wallet,Completed,2024-06-03 23:26:21,58621.06,0.0
911160,710720,Wallet,Failed,2024-06-03 23:20:21,58621.06,0.0
911161,710721,UPI,Completed,2023-10-11 16:13:47,159891.99,0.0
911162,710722,UPI,Completed,2023-12-27 16:33:52,4411.92,0.0
911163,710723,UPI,Completed,2025-05-01 15:14:10,57737.31,0.0
911164,710724,UPI,Failed,2025-10-02 17:28:53,102377.7,0.0
911165,710725,Credit Card,Completed,2023-02-07 21:23:13,11226.68,202.08
911166,710726,Debit Card,Completed,2024-11-22 15:49:04,53267.79,958.82
911167,710727,Net Banking,Completed,2023-03-04 23:45:20,169616.79,0.0
911168,710728,UPI,Completed,2023-05-25 14:10:07,34498.78,0.0
911169,710729,Credit Card,Failed,2025-04-29 19:22:08,11847.65,213.26
911170,710730,UPI,Completed,2025-05-28 18:55:00,7543.82,0.0
911171,710731,UPI,Completed,2025-08-19 23:48:06,76320.09,0.0
911172,710732,Cash on Delivery,Completed,2024-09-26 21:01:19,95966.42,0.0
911173,710733,Cash on Delivery,Refunded,2025-10-05 17:11:56,349244.12,0.0
911174,710734,Wallet,Completed,2023-10-01 19:24:07,185536.54,0.0
911175,710735,Wallet,Completed,2023-12-09 23:00:27,6207.39,0.0
911176,710736,Credit Card,Completed,2023-08-11 17:46:36,11519.54,207.35
911177,710737,UPI,Refunded,2025-08-06 23:55:45,55712.62,0.0
911178,710738,UPI,Completed,2023-11-11 15:12:18,46542.94,0.0
911179,710739,UPI,Completed,2023-09-13 23:51:14,8510.15,0.0
911180,710740,UPI,Completed,2025-01-23 16:19:34,58371.95,0.0
911181,710741,UPI,Completed,2023-05-14 23:36:01,3235.25,0.0
911182,710742,Credit Card,Completed,2023-03-20 23:56:31,7242.27,130.36
911183,710743,Net Banking,Completed,2023-06-30 18:21:26,130951.98,0.0
911184,710744,UPI,Pending,2023-01-01 14:16:15,1724.08,0.0
911185,710745,UPI,Failed,2025-04-20 20:25:37,170627.53,0.0
911186,710746,Cash on Delivery,Failed,2024-11-17 09:40:06,254164.31,0.0
911187,710747,Debit Card,Completed,2023-10-30 18:38:39,24890604.0,448030.87
911188,710748,Net Banking,Refunded,2023-11-14 12:45:41,55154.81,0.0
911189,710749,Debit Card,Completed,2025-08-16 20:03:38,297923.2,5362.62
911190,710749,Debit Card,Failed,2025-08-16 19:52:38,297923.2,0.0
911191,710750,Cash on Delivery,Completed,2024-10-14 15:32:08,58575.72,0.0
911192,710751,UPI,Completed,2025-04-21 19:51:58,70810.34,0.0
911193,710752,UPI,Refunded,2024-08-28 11:13:34,123409.43,0.0
911194,710753,UPI,Completed,2023-11-20 20:52:39,411.46,0.0
911195,710754,Debit Card,Pending,2025-12-09 23:18:50,12833.89,231.01
911196,710755,UPI,Refunded,2024-11-22 10:21:35,2920.71,0.0
911197,710756,Credit Card,Completed,2023-08-08 20:44:45,83554.39,1503.98
911198,710757,UPI,Completed,2024-07-02 19:14:39,833.72,0.0
911199,710758,Cash on Delivery,Completed,2024-03-23 13:36:28,1111.63,0.0
911200,710759,Wallet,Completed,2023-11-02 19:06:34,86775.65,0.0
911201,710760,Cash on Delivery,Completed,2025-11-08 17:16:02,42998.75,0.0
911202,710761,Credit Card,Pending,2025-10-15 21:54:18,10635.91,191.45
911203,710761,Credit Card,Failed,2025-10-15 21:35:18,10635.91,0.0
911204,710762,UPI,Failed,2023-10-23 19:22:40,527.2,0.0
911205,710763,Cash on Delivery,Completed,2024-04-25 17:48:59,6630.67,0.0
911206,710764,UPI,Completed,2025-06-28 14:27:45,11630.04,0.0
911207,710765,Debit Card,Completed,2023-10-29 18:38:30,57615.2,1037.07
911208,710766,Wallet,Completed,2024-12-23 18:44:46,124508.75,0.0
911209,710767,Net Banking,Refunded,2025-04-23 18:08:42,5520.69,0.0
911210,710768,Debit Card,Completed,2025-02-26 13:46:54,128845.73,2319.22
911211,710769,Wallet,Completed,2025-05-01 07:41:51,6760.0,0.0
911212,710770,UPI,Completed,2025-05-01 11:03:46,4929.6,0.0
911213,710771,UPI,Completed,2025-12-03 18:35:51,1760.08,0.0
911214,710772,UPI,Completed,2024-04-17 21:35:36,1852.72,0.0
911215,710773,Wallet,Refunded,2025-10-13 14:45:48,2233.62,0.0
911216,710774,UPI,Completed,2023-02-04 17:06:34,2413.51,0.0
911217,710775,Net Banking,Completed,2024-01-25 16:05:10,2393.16,0.0
911218,710776,Net Banking,Completed,2023-03-27 19:16:46,376617.79,0.0
911219,710777,UPI,Completed,2025-02-22 16:40:00,5377.6,0.0
911220,710778,Debit Card,Completed,2023-06-19 20:46:03,6027.25,108.49
911221,710779,UPI,Completed,2025-09-25 13:11:03,28758.99,0.0
911222,710780,Net Banking,Completed,2025-02-16 20:09:31,15167.58,0.0
911223,710781,UPI,Completed,2023-02-18 19:29:59,2944.79,0.0
911224,710782,UPI,Completed,2025-05-09 21:48:27,7204.6,0.0
911225,710782,UPI,Failed,2025-05-09 21:44:27,7204.6,0.0
911226,710783,UPI,Completed,2025-10-06 21:27:09,5054.22,0.0
911227,710784,UPI,Completed,2025-03-07 16:22:08,7722.97,0.0
911228,710785,UPI,Completed,2023-02-21 18:23:21,2676.18,0.0
911229,710786,Credit Card,Completed,2025-10-04 20:26:56,52916.81,952.5
911230,710787,UPI,Completed,2025-05-25 23:54:53,12301.28,0.0
911231,710788,Credit Card,Completed,2024-05-26 22:53:20,833.72,15.01
911232,710789,UPI,Completed,2024-03-22 21:47:42,177275.88,0.0
911233,710790,UPI,Completed,2024-10-02 16:17:12,9122.6,0.0
911234,710791,UPI,Completed,2025-10-08 17:56:42,678.06,0.0
911235,710792,Credit Card,Completed,2023-12-13 18:57:23,30347.98,546.26
911236,710793,Debit Card,Refunded,2023-06-20 14:39:41,201159.15,3620.86
911237,710794,Debit Card,Completed,2025-10-07 18:19:16,3361.65,60.51
911238,710795,Credit Card,Failed,2023-02-13 23:44:09,3535.09,63.63
911239,710796,UPI,Completed,2025-10-29 18:30:04,465.69,0.0
911240,710797,UPI,Completed,2024-02-17 20:44:51,833.72,0.0
911241,710798,Cash on Delivery,Completed,2024-10-18 17:37:51,3229.05,0.0
911242,710799,Cash on Delivery,Completed,2023-08-09 22:37:43,926.36,0.0
911243,710800,Credit Card,Completed,2025-10-25 22:12:17,189887.76,3417.98
911244,710801,Wallet,Completed,2025-06-13 11:44:04,5734.37,0.0
911245,710802,Debit Card,Completed,2025-11-04 15:51:13,11558.27,208.05
911246,710803,Net Banking,Completed,2025-04-03 15:23:35,147432.66,0.0
911247,710803,Net Banking,Failed,2025-04-03 15:19:35,147432.66,0.0
911248,710804,UPI,Completed,2023-10-13 22:36:12,9563.73,0.0
911249,710805,Credit Card,Completed,2024-02-20 10:08:14,7534.45,135.62
911250,710806,UPI,Refunded,2024-10-06 23:21:03,71526.28,0.0
911251,710807,Debit Card,Completed,2025-01-05 10:53:15,2521.8,45.39
911252,710808,Credit Card,Completed,2025-11-05 21:54:47,69526.47,1251.48
911253,710809,Credit Card,Completed,2024-06-01 22:42:15,2048.31,36.87
911254,710810,Wallet,Completed,2025-04-27 17:15:12,3454.29,0.0
911255,710811,UPI,Completed,2025-11-28 10:13:42,270834.47,0.0
911256,710812,Wallet,Completed,2023-09-07 16:20:53,29297.88,0.0
911257,710813,UPI,Completed,2025-10-06 15:51:37,85060.71,0.0
911258,710814,Wallet,Completed,2024-07-22 14:47:32,86621.27,0.0
911259,710815,Cash on Delivery,Completed,2025-05-25 23:00:20,8867.55,0.0
911260,710816,Credit Card,Completed,2024-01-30 16:22:21,3028.78,54.52
911261,710817,UPI,Completed,2024-03-30 23:08:54,151478.03,0.0
911262,710818,UPI,Failed,2023-02-15 19:26:15,329665.68,0.0
911263,710818,UPI,Failed,2023-02-15 19:08:15,329665.68,0.0
911264,710819,Cash on Delivery,Completed,2025-12-10 17:30:03,15140.54,0.0
911265,710820,Credit Card,Completed,2025-08-19 11:33:58,7751.77,139.53
911266,710821,UPI,Failed,2023-06-07 17:34:57,1482.18,0.0
911267,710822,Cash on Delivery,Completed,2025-12-31 12:18:57,16329.11,0.0
911268,710823,Wallet,Completed,2025-01-02 17:13:12,14943.08,0.0
911269,710824,UPI,Failed,2025-10-02 16:56:15,1250.59,0.0
911270,710825,UPI,Completed,2023-04-29 23:28:50,46287.02,0.0
911271,710826,Debit Card,Completed,2024-06-09 17:12:29,6150.2,110.7
911272,710827,UPI,Completed,2025-03-17 16:37:06,10574.9,0.0
911273,710828,Cash on Delivery,Pending,2023-06-29 16:38:36,87215.64,0.0
911274,710829,UPI,Completed,2024-10-07 17:21:29,110476.16,0.0
911275,710830,UPI,Completed,2024-08-15 23:13:06,926.36,0.0
911276,710831,Debit Card,Completed,2023-11-03 17:31:47,880.04,15.84
911277,710832,Net Banking,Completed,2024-02-08 19:10:52,14820.78,0.0
911278,710833,UPI,Completed,2025-12-05 11:33:18,38128.62,0.0
911279,710833,UPI,Failed,2025-12-05 11:27:18,38128.62,0.0
911280,710834,Net Banking,Completed,2024-01-25 18:08:08,332434.79,0.0
911281,710835,Credit Card,Completed,2023-11-01 12:32:32,14871.41,267.69
911282,710836,Cash on Delivery,Refunded,2024-11-02 12:04:35,16147.17,0.0
911283,710837,Cash on Delivery,Pending,2025-03-19 21:01:56,6171.9,0.0
911284,710838,UPI,Completed,2025-05-18 19:50:19,149058.57,0.0
911285,710839,Net Banking,Completed,2025-06-18 23:31:10,146375.71,0.0
911286,710840,Net Banking,Completed,2023-03-05 13:21:47,3454.29,0.0
911287,710841,Debit Card,Completed,2024-06-15 13:22:44,141381.22,2544.86
911288,710842,UPI,Completed,2025-07-11 19:32:42,448800.92,0.0
911289,710843,Debit Card,Completed,2025-10-26 23:22:12,2401.53,43.23
911290,710844,Cash on Delivery,Completed,2024-12-30 19:31:53,81121.46,0.0
911291,710845,UPI,Completed,2023-04-03 13:57:52,38902.67,0.0
911292,710846,Debit Card,Refunded,2024-06-19 19:49:03,11784.14,212.11
911293,710847,Credit Card,Completed,2023-05-10 17:50:54,8046.97,144.85
911294,710848,UPI,Refunded,2025-06-11 19:04:55,50400.59,0.0
911295,710848,UPI,Failed,2025-06-11 18:47:55,50400.59,0.0
911296,710849,UPI,Completed,2023-04-23 12:42:10,2393.16,0.0
911297,710850,Debit Card,Completed,2023-10-14 17:42:53,10621.2,191.18
911298,710851,UPI,Failed,2024-07-17 17:39:24,33456.45,0.0
911299,710852,Cash on Delivery,Completed,2024-09-10 21:36:05,926.36,0.0
911300,710853,Credit Card,Completed,2024-07-03 21:53:01,116579.14,2098.42
911301,710854,Credit Card,Failed,2024-09-11 13:55:08,82781.64,1490.07
911302,710855,Cash on Delivery,Completed,2025-05-07 21:44:10,204523.29,0.0
911303,710856,Debit Card,Completed,2024-05-16 11:12:57,12606.29,226.91
911304,710857,Debit Card,Completed,2024-11-08 21:29:07,6192.61,111.47
911305,710858,UPI,Completed,2024-02-13 17:35:53,33572.42,0.0
911306,710859,UPI,Completed,2024-04-27 16:31:32,4803.07,0.0
911307,710860,UPI,Refunded,2025-01-13 12:19:41,15855.68,0.0
911308,710861,Cash on Delivery,Completed,2024-10-08 15:41:34,1389.54,0.0
911309,710862,UPI,Completed,2025-05-16 23:11:04,1389.54,0.0
911310,710863,Cash on Delivery,Completed,2024-11-15 12:56:41,1482.18,0.0
911311,710864,UPI,Completed,2025-08-10 23:50:25,73389.57,0.0
911312,710865,Credit Card,Completed,2024-08-15 19:01:03,5055.86,91.01
911313,710866,UPI,Completed,2024-10-08 19:38:35,8764.92,0.0
911314,710867,Debit Card,Completed,2025-03-17 16:10:10,787.41,14.17
911315,710868,Wallet,Failed,2023-11-06 18:07:00,189883.25,0.0
911316,710869,Debit Card,Completed,2024-06-03 17:59:02,7066.83,127.2
911317,710870,Wallet,Completed,2025-01-24 23:00:11,2974.3,0.0
911318,710871,UPI,Refunded,2023-02-18 18:25:50,41349.69,0.0
911319,710872,UPI,Completed,2024-08-10 23:03:19,339030.42,0.0
911320,710873,Credit Card,Completed,2024-12-28 18:10:09,100061.03,1801.1
911321,710874,UPI,Completed,2025-12-06 15:16:10,5847.06,0.0
911322,710875,UPI,Refunded,2025-10-13 17:32:20,100024.6,0.0
911323,710876,UPI,Completed,2024-01-17 20:30:08,70666.84,0.0
911324,710877,Credit Card,Completed,2024-10-17 16:15:09,51471.38,926.48
911325,710878,UPI,Completed,2023-04-10 15:57:47,16858.95,0.0
911326,710879,Wallet,Completed,2023-11-25 13:20:09,5270.16,0.0
911327,710880,Credit Card,Completed,2025-07-12 21:24:38,2690.36,48.43
911328,710881,Credit Card,Completed,2023-07-28 17:14:06,2608.52,46.95
911329,710882,UPI,Completed,2023-12-21 23:56:59,6359.85,0.0
911330,710883,UPI,Completed,2025-11-13 10:41:21,88978.44,0.0
911331,710884,Wallet,Completed,2025-08-31 21:07:41,6608.89,0.0
911332,710885,UPI,Completed,2025-07-20 17:08:00,115229.72,0.0
911333,710886,Credit Card,Completed,2025-10-07 21:37:36,880.04,15.84
911334,710887,Cash on Delivery,Completed,2025-06-13 21:13:11,50669.49,0.0
911335,710888,Cash on Delivery,Pending,2023-07-23 23:01:31,179070.63,0.0
911336,710889,UPI,Refunded,2024-10-22 20:32:39,2779.08,0.0
911337,710890,Cash on Delivery,Completed,2024-08-16 18:06:29,40105.55,0.0
911338,710891,UPI,Completed,2024-02-25 16:28:54,493.8,0.0
911339,710892,Credit Card,Refunded,2025-09-11 19:56:40,7775.32,139.96
911340,710893,Credit Card,Failed,2024-09-12 14:27:27,2527.93,45.5
911341,710894,Credit Card,Completed,2023-04-17 18:38:47,926.36,16.67
911342,710895,Credit Card,Completed,2024-01-08 19:01:01,520.49,9.37
911343,710896,Debit Card,Completed,2023-11-11 16:07:44,137007.95,2466.14
911344,710897,Credit Card,Refunded,2025-10-18 14:19:28,58329.37,1049.93
911345,710898,Credit Card,Completed,2025-02-17 18:18:55,136836.33,2463.05
911346,710899,Debit Card,Completed,2024-11-15 20:35:32,5055.86,91.01
911347,710900,UPI,Completed,2024-10-17 17:31:10,833.72,0.0
911348,710901,Cash on Delivery,Refunded,2025-02-21 20:01:19,131573.03,0.0
911349,710902,UPI,Completed,2025-06-19 21:01:33,68645.38,0.0
911350,710903,Debit Card,Completed,2024-11-12 23:26:01,833.72,15.01
911351,710904,Credit Card,Completed,2025-11-10 18:50:35,7280.21,131.04
911352,710905,Credit Card,Refunded,2025-12-16 15:14:08,2401.53,43.23
911353,710906,UPI,Completed,2025-12-29 15:14:50,135364.38,0.0
911354,710907,UPI,Completed,2025-03-17 20:56:45,926.36,0.0
911355,710908,UPI,Completed,2025-11-08 21:40:22,96544.87,0.0
911356,710909,Debit Card,Completed,2024-06-30 21:21:49,9990.27,179.82
911357,710910,Credit Card,Completed,2025-10-05 15:45:10,3488.77,62.8
911358,710911,UPI,Completed,2025-10-28 15:51:28,1111.63,0.0
911359,710912,Debit Card,Pending,2025-10-25 19:33:14,7583.79,136.51
911360,710913,Cash on Delivery,Completed,2025-09-07 17:44:59,50701.05,0.0
911361,710914,Credit Card,Completed,2024-07-03 23:50:36,117716.48,2118.9
911362,710915,Net Banking,Completed,2023-09-18 21:53:17,2138.52,0.0
911363,710916,Cash on Delivery,Completed,2024-03-30 19:36:08,41829.97,0.0
911364,710917,Cash on Delivery,Completed,2025-07-03 20:48:08,119209.75,0.0
911365,710918,Debit Card,Completed,2023-11-14 19:09:15,5476.63,98.58
911366,710918,Debit Card,Failed,2023-11-14 19:00:15,5476.63,0.0
911367,710919,Cash on Delivery,Completed,2024-10-01 15:09:40,3736.67,0.0
911368,710920,Debit Card,Completed,2024-11-21 17:34:38,2651.65,47.73
911369,710921,Net Banking,Completed,2024-12-31 17:43:47,20876.04,0.0
911370,710922,UPI,Refunded,2025-11-09 21:08:03,13027.22,0.0
911371,710923,Credit Card,Completed,2025-03-07 21:48:53,4483.05,80.69
911372,710924,Credit Card,Completed,2025-07-26 13:51:51,27512.13,495.22
911373,710925,Credit Card,Completed,2024-12-13 20:44:31,149438.63,2689.9
911374,710926,Wallet,Completed,2025-09-11 21:12:57,244508.76,0.0
911375,710927,Credit Card,Completed,2023-12-26 16:42:40,12802.24,230.44
911376,710928,Debit Card,Completed,2023-10-30 12:46:18,127329.47,2291.93
911377,710929,UPI,Completed,2025-11-05 22:45:55,161877.97,0.0
911378,710930,Cash on Delivery,Completed,2025-04-15 15:46:42,3539.1,0.0
911379,710931,Credit Card,Completed,2025-03-19 20:17:45,8834.38,159.02
911380,710932,Wallet,Completed,2024-09-16 15:47:18,12432.46,0.0
911381,710933,Net Banking,Completed,2024-05-24 23:03:48,3327.89,0.0
911382,710934,UPI,Completed,2024-11-13 17:37:05,11750.04,0.0
911383,710935,UPI,Completed,2023-07-23 23:06:58,424370.21,0.0
911384,710936,UPI,Completed,2024-08-31 18:08:45,59250.28,0.0
911385,710937,Net Banking,Failed,2024-08-31 18:31:55,221512.86,0.0
911386,710938,UPI,Refunded,2024-11-03 23:07:58,2395.71,0.0
911387,710939,Cash on Delivery,Completed,2025-02-01 09:54:24,125812.21,0.0
911388,710940,UPI,Completed,2025-11-24 18:18:05,41075.12,0.0
911389,710941,Cash on Delivery,Refunded,2025-02-23 14:31:30,134789.99,0.0
911390,710942,Debit Card,Completed,2025-10-16 20:35:38,29767.97,535.82
911391,710943,Debit Card,Completed,2024-11-13 21:14:44,5380.09,96.84
911392,710944,UPI,Completed,2025-01-26 15:51:15,2898.47,0.0
911393,710945,Cash on Delivery,Completed,2023-05-04 14:27:33,4465.46,0.0
911394,710946,UPI,Completed,2023-08-10 17:09:37,1320.06,0.0
911395,710946,UPI,Failed,2023-08-10 17:06:37,1320.06,0.0
911396,710947,Cash on Delivery,Completed,2024-12-10 16:58:05,6569.37,0.0
911397,710948,UPI,Completed,2024-06-17 23:22:17,35540.94,0.0
911398,710949,UPI,Completed,2025-08-07 18:16:18,62231.28,0.0
911399,710949,UPI,Failed,2025-08-07 18:07:18,62231.28,0.0
911400,710950,Credit Card,Completed,2024-11-06 17:57:35,7667.78,138.02
911401,710951,Debit Card,Completed,2025-10-15 14:30:52,3195.51,57.52
911402,710952,Cash on Delivery,Pending,2025-12-11 11:58:01,2856.06,0.0
911403,710953,Credit Card,Completed,2023-08-30 23:15:09,3856.72,69.42
911404,710954,Credit Card,Completed,2024-06-16 14:30:15,926.36,16.67
911405,710954,Credit Card,Failed,2024-06-16 14:18:15,926.36,0.0
911406,710955,Credit Card,Completed,2025-03-11 18:48:28,4967.97,89.42
911407,710956,Cash on Delivery,Completed,2024-02-16 15:44:03,2693.32,0.0
911408,710957,UPI,Completed,2023-12-29 20:58:26,201191.51,0.0
911409,710958,Cash on Delivery,Completed,2025-08-19 20:45:23,9935.62,0.0
911410,710959,Debit Card,Completed,2025-12-20 17:11:45,30129.04,542.32
911411,710960,UPI,Refunded,2025-07-11 23:23:14,9034.18,0.0
911412,710961,Wallet,Pending,2024-10-26 11:37:16,289703.39,0.0
911413,710962,Credit Card,Refunded,2024-08-15 21:16:13,92454.87,1664.19
911414,710963,UPI,Completed,2024-11-04 20:55:12,127927.42,0.0
911415,710964,UPI,Failed,2024-09-11 18:37:49,9606.13,0.0
911416,710965,UPI,Completed,2024-10-14 14:19:16,10026.91,0.0
911417,710965,UPI,Failed,2024-10-14 14:14:16,10026.91,0.0
911418,710966,Credit Card,Completed,2023-10-26 13:58:01,236990.5,4265.83
911419,710967,Cash on Delivery,Failed,2025-10-25 20:55:58,55937.88,0.0
911420,710968,UPI,Refunded,2025-06-18 23:00:04,99771.26,0.0
911421,710969,UPI,Completed,2025-03-31 18:50:56,6954.94,0.0
911422,710970,Cash on Delivery,Completed,2025-11-16 12:20:41,181569.4,0.0
911423,710971,Credit Card,Completed,2024-01-21 19:34:01,19236.41,346.26
911424,710972,Credit Card,Completed,2023-05-19 18:44:47,5935.02,106.83
911425,710972,Credit Card,Failed,2023-05-19 18:39:47,5935.02,0.0
911426,710973,UPI,Completed,2025-09-02 15:29:32,141777.59,0.0
911427,710974,Cash on Delivery,Completed,2025-12-30 17:54:02,174079.5,0.0
911428,710975,UPI,Completed,2024-12-08 19:30:08,3134.85,0.0
911429,710976,Debit Card,Completed,2023-04-15 15:26:43,275084.64,4951.52
911430,710976,Debit Card,Failed,2023-04-15 15:24:43,275084.64,0.0
911431,710977,Cash on Delivery,Completed,2025-07-19 16:58:28,21041.22,0.0
911432,710978,Debit Card,Completed,2023-05-09 16:31:36,9521.32,171.38
911433,710979,Wallet,Completed,2024-11-04 22:22:33,11857.26,0.0
911434,710980,Credit Card,Refunded,2024-01-12 19:49:18,7531.34,135.56
911435,710981,Cash on Delivery,Completed,2025-10-31 17:53:47,529.52,0.0
911436,710982,Debit Card,Completed,2024-08-26 14:45:44,55207.74,993.74
911437,710983,Cash on Delivery,Completed,2025-10-23 21:28:35,91611.15,0.0
911438,710984,Cash on Delivery,Completed,2024-02-06 22:00:53,8282.74,0.0
911439,710985,Debit Card,Completed,2024-06-06 20:39:31,833.72,15.01
911440,710986,UPI,Pending,2025-11-15 23:46:41,5495.88,0.0
911441,710987,UPI,Completed,2023-10-24 23:58:51,50779.24,0.0
911442,710988,UPI,Failed,2024-12-08 19:41:38,165609.34,0.0
911443,710989,Credit Card,Completed,2024-06-07 18:38:42,283186.87,5097.36
911444,710990,Debit Card,Completed,2025-07-12 12:27:21,15368.43,276.63
911445,710991,UPI,Completed,2023-08-06 23:42:35,523.69,0.0
911446,710992,UPI,Refunded,2024-08-10 23:35:00,9064.69,0.0
911447,710993,Debit Card,Completed,2025-04-22 19:38:14,1607.73,28.94
911448,710994,UPI,Completed,2024-07-03 15:50:46,3555.57,0.0
911449,710995,Debit Card,Completed,2023-04-14 16:35:24,8779.41,158.03
911450,710996,UPI,Refunded,2025-04-29 20:54:43,8324.88,0.0
911451,710997,UPI,Completed,2024-10-15 21:20:47,190535.6,0.0
911452,710998,Wallet,Completed,2023-01-21 15:28:33,36623.04,0.0
911453,710999,Credit Card,Completed,2025-01-12 13:11:01,121076.51,2179.38
911454,711000,UPI,Completed,2025-11-02 16:24:31,18247.78,0.0
911455,711001,Debit Card,Refunded,2023-07-07 22:20:11,41256.85,742.62
911456,711002,UPI,Completed,2024-12-22 20:19:59,3757.32,0.0
911457,711003,Debit Card,Completed,2025-05-22 16:21:34,8802.28,158.44
911458,711004,Credit Card,Completed,2023-05-05 11:30:49,7278.17,131.01
911459,711005,UPI,Refunded,2023-02-06 22:00:33,177136.68,0.0
911460,711006,Wallet,Completed,2024-09-12 17:54:09,3820.97,0.0
911461,711006,Wallet,Failed,2024-09-12 17:37:09,3820.97,0.0
911462,711007,UPI,Completed,2025-07-31 13:27:46,2818.39,0.0
911463,711008,Cash on Delivery,Completed,2023-09-21 23:50:06,99867.68,0.0
911464,711009,UPI,Completed,2025-09-14 15:48:24,242873.92,0.0
911465,711010,Cash on Delivery,Pending,2025-03-01 11:12:29,8092.09,0.0
911466,711011,Debit Card,Completed,2024-03-27 11:02:51,3488.77,62.8
911467,711012,UPI,Completed,2024-10-22 20:28:25,1320.06,0.0
911468,711013,Debit Card,Completed,2025-12-03 17:30:28,12599.44,226.79
911469,711014,Credit Card,Completed,2023-11-03 23:15:36,77831.1,1400.96
911470,711015,Debit Card,Completed,2024-10-13 20:19:05,16962.48,305.32
911471,711016,UPI,Completed,2025-01-24 17:30:52,139275.2,0.0
911472,711016,UPI,Failed,2025-01-24 17:14:52,139275.2,0.0
911473,711017,Net Banking,Completed,2023-08-15 16:48:08,12758.08,0.0
911474,711018,Debit Card,Completed,2023-03-18 19:12:21,8038.32,144.69
911475,711019,Debit Card,Completed,2023-01-24 17:00:39,1389.54,25.01
911476,711020,Net Banking,Completed,2024-03-16 23:21:19,570.17,0.0
911477,711021,UPI,Completed,2023-05-09 11:00:18,1389.54,0.0
911478,711022,UPI,Completed,2025-08-11 20:02:52,3249.85,0.0
911479,711023,UPI,Completed,2025-12-30 18:33:01,302085.93,0.0
911480,711024,Cash on Delivery,Completed,2023-04-19 17:06:59,52253.31,0.0
911481,711025,Cash on Delivery,Completed,2024-08-07 21:34:26,10301.52,0.0
911482,711026,Credit Card,Completed,2023-02-12 16:00:33,3849.33,69.29
911483,711027,UPI,Completed,2023-08-11 16:21:48,57309.17,0.0
911484,711028,UPI,Pending,2024-03-13 21:35:01,228470.11,0.0
911485,711029,Net Banking,Completed,2024-06-15 13:57:02,168200.23,0.0
911486,711030,UPI,Pending,2025-11-11 23:35:42,7259.27,0.0
911487,711031,UPI,Completed,2024-06-18 16:08:55,4423.31,0.0
911488,711032,Net Banking,Completed,2024-10-11 16:38:16,3315.34,0.0
911489,711033,Credit Card,Completed,2023-12-03 23:01:46,880.04,15.84
911490,711034,UPI,Completed,2023-01-01 16:10:42,182301.69,0.0
911491,711035,UPI,Completed,2025-10-23 20:20:30,3900.66,0.0
911492,711036,UPI,Completed,2023-05-20 21:22:12,175157.39,0.0
911493,711037,UPI,Refunded,2025-12-02 22:24:08,4948.05,0.0
911494,711038,Cash on Delivery,Pending,2023-08-08 20:29:57,36754.37,0.0
911495,711039,Debit Card,Completed,2025-01-02 20:06:34,926.36,16.67
911496,711040,Debit Card,Completed,2025-12-31 16:24:39,8046.97,144.85
911497,711041,Credit Card,Completed,2023-08-15 14:30:46,122428.35,2203.71
911498,711042,Cash on Delivery,Completed,2024-07-27 14:44:12,86692.4,0.0
911499,711043,UPI,Completed,2025-07-19 19:46:53,5683.11,0.0
911500,711044,Wallet,Completed,2023-02-24 12:51:02,10775.28,0.0
911501,711045,UPI,Completed,2025-04-11 16:42:26,6135.87,0.0
911502,711046,Net Banking,Failed,2023-05-18 21:24:54,152776.58,0.0
911503,711047,UPI,Pending,2023-11-18 16:19:33,7402.29,0.0
911504,711048,Cash on Delivery,Completed,2023-09-20 23:47:17,8371.2,0.0
911505,711049,UPI,Failed,2025-10-27 19:03:21,156440.16,0.0
911506,711050,Credit Card,Completed,2023-10-10 15:51:59,1389.54,25.01
911507,711051,Credit Card,Completed,2023-03-12 18:59:19,787.41,14.17
911508,711052,UPI,Completed,2024-12-20 18:51:56,741.09,0.0
911509,711053,Debit Card,Completed,2024-04-17 17:37:53,8510.15,153.18
911510,711054,UPI,Completed,2024-07-01 23:33:01,78961.71,0.0
911511,711055,Debit Card,Completed,2023-07-21 23:54:11,11485.99,206.75
911512,711056,UPI,Completed,2025-06-11 21:58:34,8679.14,0.0
911513,711057,UPI,Refunded,2024-12-30 18:01:27,10294.06,0.0
911514,711058,UPI,Completed,2024-05-10 23:00:59,49389.98,0.0
911515,711059,UPI,Completed,2023-10-04 23:46:41,75620.78,0.0
911516,711060,UPI,Completed,2024-12-24 20:06:06,2772.82,0.0
911517,711061,Credit Card,Completed,2025-07-17 16:03:38,88302.5,1589.44
911518,711062,Credit Card,Completed,2024-02-26 23:50:24,9271.08,166.88
911519,711063,UPI,Refunded,2023-02-12 19:15:08,5897.89,0.0
911520,711064,UPI,Completed,2023-11-02 17:15:25,54193.72,0.0
911521,711065,Cash on Delivery,Refunded,2025-04-02 23:03:05,45346.94,0.0
911522,711066,Credit Card,Completed,2025-12-25 17:30:13,1181.13,21.26
911523,711067,Net Banking,Completed,2023-01-24 21:01:54,48843.15,0.0
911524,711068,Credit Card,Completed,2024-02-17 20:07:25,65778.88,1184.02
911525,711069,Wallet,Completed,2023-04-21 23:42:43,80710.86,0.0
911526,711070,Cash on Delivery,Completed,2024-03-03 15:35:36,351059.67,0.0
911527,711071,UPI,Completed,2024-07-02 23:15:14,81590.3,0.0
911528,711071,UPI,Failed,2024-07-02 23:03:14,81590.3,0.0
911529,711072,Credit Card,Completed,2025-11-02 17:34:25,12127.93,218.3
911530,711073,UPI,Pending,2023-05-19 16:11:15,6348.31,0.0
911531,711074,Cash on Delivery,Completed,2025-07-15 21:27:08,62136.28,0.0
911532,711075,Cash on Delivery,Completed,2024-06-17 23:46:37,238495.37,0.0
911533,711076,UPI,Completed,2025-08-16 14:24:52,101180.45,0.0
911534,711077,Wallet,Completed,2024-10-20 16:28:17,48493.55,0.0
911535,711078,UPI,Completed,2023-03-10 14:13:32,4365.9,0.0
911536,711079,UPI,Completed,2025-11-14 16:56:01,39517.15,0.0
911537,711080,Debit Card,Completed,2023-05-21 19:30:03,972.68,17.51
911538,711081,UPI,Completed,2024-12-27 19:56:49,152746.95,0.0
911539,711082,UPI,Completed,2025-10-13 21:42:15,7050.36,0.0
911540,711083,UPI,Refunded,2023-05-17 19:37:13,833.72,0.0
911541,711084,Credit Card,Completed,2024-11-12 22:16:21,83890.53,1510.03
911542,711085,Credit Card,Completed,2025-08-31 17:59:28,5202.79,93.65
911543,711086,Cash on Delivery,Pending,2025-12-23 18:43:56,4269.93,0.0
911544,711087,Debit Card,Completed,2025-05-17 18:49:33,10784.74,194.13
911545,711088,UPI,Completed,2024-01-13 18:22:01,8594.14,0.0
911546,711089,UPI,Completed,2025-04-23 17:09:08,10469.29,0.0
911547,711090,Net Banking,Completed,2025-04-30 18:47:01,6067.03,0.0
911548,711091,UPI,Completed,2025-04-23 17:15:19,9401.5,0.0
911549,711092,UPI,Refunded,2025-10-02 16:38:00,29064.79,0.0
911550,711093,Cash on Delivery,Completed,2023-05-28 16:14:36,450.73,0.0
911551,711094,UPI,Completed,2023-07-03 10:59:12,5982.22,0.0
911552,711095,Debit Card,Completed,2025-02-09 18:02:52,1181.11,21.26
911553,711096,Wallet,Completed,2025-11-21 18:33:04,171882.61,0.0
911554,711097,Cash on Delivery,Completed,2024-09-15 14:39:14,6823.93,0.0
911555,711098,Cash on Delivery,Completed,2025-11-28 19:38:55,10668.65,0.0
911556,711099,UPI,Completed,2025-11-10 16:54:43,5982.22,0.0
911557,711100,UPI,Completed,2025-10-25 11:59:58,128980.81,0.0
911558,711101,Debit Card,Completed,2025-10-28 19:56:12,926.36,16.67
911559,711102,Debit Card,Completed,2025-10-23 23:24:40,5704.31,102.68
911560,711103,Wallet,Completed,2025-08-26 18:09:07,3803.92,0.0
911561,711104,Credit Card,Refunded,2025-04-17 13:26:31,2435.75,43.84
911562,711105,UPI,Completed,2023-02-10 16:27:34,3315.34,0.0
911563,711106,Credit Card,Completed,2023-08-09 22:09:30,61468.52,1106.43
911564,711107,Cash on Delivery,Completed,2023-08-11 20:35:26,519.65,0.0
911565,711108,Credit Card,Completed,2023-02-08 23:45:03,1296.9,23.34
911566,711109,Debit Card,Completed,2023-07-17 20:41:08,28689.71,516.41
911567,711110,Credit Card,Completed,2025-11-02 19:46:48,4387.56,78.98
911568,711111,Net Banking,Completed,2025-03-10 19:06:25,7486.66,0.0
911569,711112,Credit Card,Refunded,2024-02-26 19:54:50,7204.6,129.68
911570,711113,UPI,Completed,2025-08-03 15:49:37,55643.68,0.0
911571,711114,UPI,Completed,2024-10-06 16:08:43,310845.61,0.0
911572,711115,Cash on Delivery,Completed,2023-08-21 18:01:29,6445.4,0.0
911573,711116,Credit Card,Completed,2025-10-16 16:51:52,147198.9,2649.58
911574,711117,Credit Card,Completed,2024-04-06 11:24:22,8973.33,161.52
911575,711118,Debit Card,Completed,2025-04-22 12:48:43,926.36,16.67
911576,711119,Debit Card,Completed,2024-01-27 15:41:59,53122.86,956.21
911577,711120,UPI,Refunded,2024-10-13 23:00:52,5843.27,0.0
911578,711121,Debit Card,Pending,2025-08-22 23:40:59,169436.89,3049.86
911579,711122,UPI,Completed,2023-09-15 23:00:01,199337.57,0.0
911580,711123,UPI,Completed,2025-12-16 22:21:00,200393.79,0.0
911581,711124,UPI,Completed,2023-05-04 23:47:30,127177.71,0.0
911582,711125,Credit Card,Completed,2024-11-01 20:09:28,3821.12,68.78
911583,711126,Cash on Delivery,Completed,2025-10-31 21:51:08,9065.97,0.0
911584,711127,UPI,Completed,2025-11-14 23:15:59,24178.05,0.0
911585,711128,UPI,Completed,2023-11-14 23:53:31,192607.48,0.0
911586,711129,Debit Card,Completed,2023-08-24 21:11:16,18139.02,326.5
911587,711130,UPI,Completed,2025-05-18 19:20:34,11501.26,0.0
911588,711131,Debit Card,Completed,2023-03-15 12:45:20,5149.93,92.7
911589,711132,Debit Card,Completed,2024-10-05 08:19:27,11670.23,210.06
911590,711133,Wallet,Pending,2025-08-06 19:27:43,1983.95,0.0
911591,711134,UPI,Completed,2024-11-15 19:07:50,92460.15,0.0
911592,711135,Wallet,Completed,2023-10-15 23:41:35,8943.67,0.0
911593,711136,UPI,Completed,2024-10-06 16:42:34,1955.28,0.0
911594,711137,Debit Card,Completed,2025-11-02 10:39:19,526.88,9.48
911595,711138,Debit Card,Refunded,2025-01-17 20:48:14,122110.15,2197.98
911596,711139,UPI,Completed,2025-05-15 23:56:58,47423.59,0.0
911597,711140,Credit Card,Completed,2024-04-02 23:10:55,42431.33,763.76
911598,711141,Debit Card,Completed,2023-10-15 18:42:55,5383.99,96.91
911599,711142,UPI,Completed,2023-12-18 17:09:02,20470.85,0.0
911600,711143,Credit Card,Completed,2024-10-31 19:36:48,4075.51,73.36
911601,711144,UPI,Completed,2024-01-16 20:42:26,117127.36,0.0
911602,711144,UPI,Failed,2024-01-16 20:25:26,117127.36,0.0
911603,711145,Cash on Delivery,Completed,2024-11-05 16:34:11,5687.5,0.0
911604,711146,Credit Card,Completed,2025-05-02 23:24:31,230911.62,4156.41
911605,711147,UPI,Completed,2025-05-27 16:56:42,2084.31,0.0
911606,711148,UPI,Completed,2023-09-28 18:48:27,46487.06,0.0
911607,711149,Cash on Delivery,Completed,2025-06-14 21:41:09,159377.42,0.0
911608,711150,Cash on Delivery,Pending,2025-03-21 21:33:34,49943.26,0.0
911609,711151,Cash on Delivery,Completed,2023-01-22 23:43:45,4803.07,0.0
911610,711152,Debit Card,Completed,2023-04-15 19:11:25,7023.91,126.43
911611,711153,UPI,Completed,2025-02-16 15:30:17,142605.95,0.0
911612,711154,Credit Card,Completed,2024-05-31 23:58:54,926.36,16.67
911613,711155,UPI,Completed,2023-08-28 14:51:18,6839.92,0.0
911614,711156,Debit Card,Completed,2023-03-19 08:05:29,1250.59,22.51
911615,711157,UPI,Completed,2023-09-19 18:19:38,3527.7,0.0
911616,711158,Cash on Delivery,Completed,2025-11-24 19:04:43,11428.46,0.0
911617,711159,Credit Card,Completed,2025-05-20 19:00:18,108874.55,1959.74
911618,711160,Cash on Delivery,Completed,2024-10-28 22:19:41,99825.98,0.0
911619,711161,UPI,Completed,2025-11-12 19:12:24,147327.03,0.0
911620,711162,Wallet,Failed,2025-01-20 20:43:42,10574.9,0.0
911621,711163,Credit Card,Completed,2025-05-19 18:58:53,117282.05,2111.08
911622,711164,UPI,Completed,2024-01-20 16:33:07,1852.72,0.0
911623,711165,Credit Card,Refunded,2024-12-21 22:19:52,1760.08,31.68
911624,711166,UPI,Refunded,2023-08-24 21:53:06,3016.23,0.0
911625,711167,UPI,Completed,2024-06-30 19:08:27,159562.69,0.0
911626,711168,Credit Card,Completed,2023-02-26 10:43:56,3932.8,70.79
911627,711169,UPI,Completed,2023-11-04 11:18:47,1574.81,0.0
911628,711170,UPI,Failed,2023-05-11 23:02:56,91115.23,0.0
911629,711171,UPI,Completed,2024-06-06 18:47:45,214074.43,0.0
911630,711172,Cash on Delivery,Refunded,2025-09-21 13:46:51,1904.01,0.0
911631,711173,UPI,Completed,2024-05-25 15:10:30,5177.52,0.0
911632,711174,UPI,Completed,2025-09-08 23:57:34,833.72,0.0
911633,711175,UPI,Completed,2025-03-01 21:27:58,126962.38,0.0
911634,711176,UPI,Failed,2024-10-18 20:55:38,926.36,0.0
911635,711177,Debit Card,Refunded,2023-11-19 17:47:15,194500.42,3501.01
911636,711178,Net Banking,Failed,2025-11-03 15:31:19,5451.1,0.0
911637,711179,Net Banking,Completed,2023-04-06 19:14:13,119479.8,0.0
911638,711180,Cash on Delivery,Completed,2025-04-10 20:12:14,72780.15,0.0
911639,711181,UPI,Completed,2025-01-21 19:35:11,2315.9,0.0
911640,711182,UPI,Completed,2024-08-13 14:31:07,880.04,0.0
911641,711183,UPI,Completed,2023-11-24 16:28:49,1796.14,0.0
911642,711184,UPI,Refunded,2024-08-05 18:39:42,143777.78,0.0
911643,711185,Debit Card,Completed,2025-10-11 16:11:19,92572.72,1666.31
911644,711185,Debit Card,Failed,2025-10-11 16:05:19,92572.72,0.0
911645,711186,Debit Card,Failed,2025-09-14 18:21:30,16947.33,305.05
911646,711187,UPI,Completed,2025-11-12 23:04:12,5643.53,0.0
911647,711188,UPI,Completed,2024-02-20 23:12:27,183875.63,0.0
911648,711189,Credit Card,Completed,2024-06-05 22:06:13,126688.2,2280.39
911649,711190,UPI,Completed,2023-01-30 12:39:18,100274.27,0.0
911650,711191,Cash on Delivery,Completed,2025-11-13 20:40:11,6021.56,0.0
911651,711192,UPI,Refunded,2024-03-23 23:22:20,12266.98,0.0
911652,711193,Credit Card,Completed,2024-06-29 17:34:49,11127.17,200.29
911653,711194,Debit Card,Completed,2025-10-27 22:18:33,140944.67,2537.0
911654,711195,UPI,Failed,2024-10-28 23:45:14,6499.18,0.0
911655,711196,UPI,Completed,2024-11-22 19:39:36,222599.27,0.0
911656,711197,Debit Card,Completed,2023-10-07 23:19:17,252461.94,4544.31
911657,711198,Cash on Delivery,Completed,2024-10-12 20:47:36,433.87,0.0
911658,711199,Cash on Delivery,Completed,2025-11-01 16:52:04,125569.03,0.0
911659,711200,Debit Card,Completed,2024-11-14 11:40:17,10831.72,194.97
911660,711201,Cash on Delivery,Completed,2023-12-17 13:39:25,3075.1,0.0
911661,711202,Debit Card,Refunded,2023-02-22 21:56:39,7621.98,137.2
911662,711203,Debit Card,Completed,2024-04-02 23:58:32,216316.24,3893.69
911663,711204,Debit Card,Completed,2024-12-01 23:58:24,1250.59,22.51
911664,711205,Credit Card,Completed,2023-03-16 19:57:15,44371.39,798.69
911665,711206,Credit Card,Completed,2025-01-08 23:53:11,4551.45,81.93
911666,711207,UPI,Completed,2024-10-26 11:44:31,47543.94,0.0
911667,711208,UPI,Failed,2025-07-22 17:50:29,5266.25,0.0
911668,711209,Net Banking,Failed,2023-02-18 23:21:52,10026.91,0.0
911669,711210,UPI,Completed,2025-07-19 19:52:25,1389.54,0.0
911670,711211,Wallet,Completed,2024-10-25 12:16:36,2936.15,0.0
911671,711212,Net Banking,Refunded,2024-05-17 11:17:22,9118.06,0.0
911672,711213,Net Banking,Failed,2025-12-03 19:37:50,1852.72,0.0
911673,711213,Net Banking,Failed,2025-12-03 19:25:50,1852.72,0.0
911674,711214,Net Banking,Completed,2023-09-20 20:50:16,6407.05,0.0
911675,711215,UPI,Completed,2024-11-05 15:26:59,13210.27,0.0
911676,711216,UPI,Completed,2024-03-10 12:51:45,8214.95,0.0
911677,711217,UPI,Completed,2024-10-28 19:26:41,10067.64,0.0
911678,711218,UPI,Refunded,2024-11-11 19:26:41,10490.0,0.0
911679,711219,Cash on Delivery,Completed,2023-05-31 21:16:03,82309.28,0.0
911680,711220,Debit Card,Completed,2025-03-07 21:09:48,287096.3,5167.73
911681,711221,UPI,Refunded,2025-02-01 23:59:42,53854.88,0.0
911682,711222,Debit Card,Completed,2025-07-06 10:11:59,48439.33,871.91
911683,711222,Debit Card,Failed,2025-07-06 09:51:59,48439.33,0.0
911684,711223,Credit Card,Failed,2023-06-02 19:25:48,38589.14,694.6
911685,711224,Debit Card,Completed,2024-02-04 17:19:02,67183.1,1209.3
911686,711225,Credit Card,Completed,2025-02-21 17:34:59,2465.17,44.37
911687,711226,Wallet,Completed,2023-08-13 17:56:57,10205.53,0.0
911688,711227,Cash on Delivery,Completed,2025-03-27 15:00:17,5799.23,0.0
911689,711228,Wallet,Completed,2023-04-15 20:33:05,86846.99,0.0
911690,711229,UPI,Completed,2024-03-31 19:07:48,1389.54,0.0
911691,711230,Debit Card,Completed,2025-09-26 22:56:52,137771.68,2479.89
911692,711231,UPI,Refunded,2025-07-12 23:41:49,83459.4,0.0
911693,711232,Net Banking,Completed,2025-02-14 22:35:30,5785.44,0.0
911694,711233,UPI,Completed,2025-10-10 18:32:50,926.36,0.0
911695,711234,Cash on Delivery,Completed,2025-05-04 20:20:53,3269.02,0.0
911696,711235,Debit Card,Completed,2024-10-24 18:34:00,3847.99,69.26
911697,711236,UPI,Completed,2025-12-19 16:27:56,1028.9,0.0
911698,711237,Credit Card,Completed,2025-04-17 22:57:40,519.68,9.35
911699,711238,UPI,Completed,2024-12-30 23:21:12,11089.8,0.0
911700,711239,UPI,Completed,2024-07-06 21:40:13,250500.82,0.0
911701,711240,UPI,Completed,2025-10-25 22:24:52,179544.92,0.0
911702,711241,Debit Card,Completed,2024-02-01 22:09:08,8463.83,152.35
911703,711242,Cash on Delivery,Completed,2023-01-19 18:05:53,24239.83,0.0
911704,711243,Debit Card,Completed,2023-10-21 22:09:59,8046.97,144.85
911705,711244,UPI,Pending,2023-07-04 19:13:12,254330.87,0.0
911706,711245,Wallet,Completed,2024-03-07 23:22:40,79827.66,0.0
911707,711246,Net Banking,Completed,2025-09-02 22:24:28,6659.16,0.0
911708,711247,Credit Card,Completed,2025-02-23 20:54:18,436.4,7.86
911709,711248,Debit Card,Completed,2023-10-02 23:31:40,3361.65,60.51
911710,711249,Net Banking,Completed,2025-07-29 19:51:57,3313.47,0.0
911711,711250,Credit Card,Refunded,2024-10-15 16:06:55,18006.62,324.12
911712,711251,UPI,Completed,2024-10-20 14:31:49,234707.88,0.0
911713,711252,Credit Card,Failed,2024-05-08 22:42:33,173640.13,3125.52
911714,711253,Cash on Delivery,Refunded,2025-10-07 22:24:15,12427.62,0.0
911715,711254,Cash on Delivery,Completed,2024-03-06 20:57:56,3272.19,0.0
911716,711255,UPI,Completed,2023-06-08 18:10:11,42840.5,0.0
911717,711256,UPI,Completed,2024-02-12 21:43:56,163970.1,0.0
911718,711257,Credit Card,Completed,2025-05-09 23:31:15,126537.88,2277.68
911719,711258,UPI,Completed,2025-03-02 22:11:37,41898.5,0.0
911720,711259,Debit Card,Completed,2023-10-15 15:53:28,5495.88,98.93
911721,711260,Cash on Delivery,Completed,2023-07-08 23:34:05,42840.5,0.0
911722,711261,Credit Card,Refunded,2025-03-06 16:16:55,2755.96,49.61
911723,711262,Credit Card,Completed,2025-03-25 19:15:09,212879.57,3831.83
911724,711263,Credit Card,Pending,2024-05-12 18:52:19,7034.97,126.63
911725,711264,UPI,Completed,2025-09-21 23:46:37,2462.36,0.0
911726,711265,UPI,Completed,2025-12-17 23:34:41,149636.14,0.0
911727,711266,Debit Card,Completed,2023-10-27 16:42:37,67877.69,1221.8
911728,711267,Cash on Delivery,Completed,2024-12-07 16:41:36,16016.88,0.0
911729,711268,Debit Card,Completed,2023-01-11 23:09:41,1153.74,20.77
911730,711269,Credit Card,Refunded,2025-05-07 18:43:06,8973.33,161.52
911731,711270,Cash on Delivery,Completed,2024-07-13 23:32:03,12566.68,0.0
911732,711271,Debit Card,Completed,2023-10-19 15:41:13,5223.84,94.03
911733,711272,Credit Card,Completed,2025-06-16 21:10:06,90450.23,1628.1
911734,711273,UPI,Completed,2025-08-15 16:04:09,5939.81,0.0
911735,711274,UPI,Completed,2023-07-07 10:07:35,40141.19,0.0
911736,711275,Cash on Delivery,Pending,2023-03-13 12:46:38,101542.27,0.0
911737,711276,Credit Card,Completed,2024-03-30 16:00:49,13177.5,237.2
911738,711277,Cash on Delivery,Completed,2025-01-25 11:30:09,21623.67,0.0
911739,711278,Cash on Delivery,Completed,2025-08-03 20:33:03,271960.35,0.0
911740,711279,UPI,Completed,2024-11-07 19:21:35,42983.44,0.0
911741,711280,UPI,Failed,2024-12-11 16:11:43,1320.06,0.0
911742,711281,Debit Card,Refunded,2025-08-08 17:00:47,2527.93,45.5
911743,711281,Debit Card,Failed,2025-08-08 16:48:47,2527.93,0.0
911744,711282,UPI,Completed,2024-10-29 20:27:32,1389.54,0.0
911745,711283,Net Banking,Completed,2025-01-10 16:00:53,117310.67,0.0
911746,711284,Debit Card,Completed,2024-10-22 23:43:10,10574.9,190.35
911747,711285,Credit Card,Completed,2025-10-14 21:40:54,174176.99,3135.19
911748,711286,UPI,Completed,2023-11-17 23:37:11,105055.01,0.0
911749,711287,Net Banking,Completed,2023-12-26 22:50:26,125908.01,0.0
911750,711288,UPI,Completed,2023-08-05 16:26:04,122943.64,0.0
911751,711289,UPI,Completed,2025-08-25 18:15:01,133596.26,0.0
911752,711290,Cash on Delivery,Completed,2024-07-10 18:42:45,1389.54,0.0
911753,711291,UPI,Completed,2024-04-19 15:41:16,2047.94,0.0
911754,711292,Cash on Delivery,Completed,2025-12-20 22:33:46,195686.32,0.0
911755,711293,Credit Card,Completed,2025-11-05 16:42:55,137696.6,2478.54
911756,711294,Credit Card,Completed,2025-12-11 19:52:47,64058.19,1153.05
911757,711295,UPI,Completed,2023-08-21 23:01:28,7937.04,0.0
911758,711296,UPI,Completed,2025-10-19 19:58:54,8414.19,0.0
911759,711297,Credit Card,Refunded,2024-03-22 14:30:24,6933.58,124.8
911760,711298,UPI,Completed,2023-01-23 14:49:43,5746.56,0.0
911761,711299,Cash on Delivery,Completed,2024-06-11 17:19:48,5223.84,0.0
911762,711300,Net Banking,Completed,2024-10-18 16:03:12,10693.51,0.0
911763,711301,UPI,Completed,2023-07-02 23:40:53,741.09,0.0
911764,711302,UPI,Completed,2024-11-03 18:06:03,92676.75,0.0
911765,711303,Cash on Delivery,Pending,2025-08-25 12:33:11,4243.12,0.0
911766,711304,Debit Card,Completed,2024-05-25 20:25:47,196514.7,3537.26
911767,711304,Debit Card,Failed,2024-05-25 20:09:47,196514.7,0.0
911768,711305,Credit Card,Completed,2024-04-26 20:20:03,139097.65,2503.76
911769,711306,UPI,Completed,2024-04-06 20:21:49,26461.44,0.0
911770,711307,Debit Card,Completed,2025-11-03 20:32:00,880.04,15.84
911771,711308,UPI,Completed,2023-03-27 20:19:54,5043.6,0.0
911772,711309,UPI,Completed,2024-08-17 20:12:00,1389.54,0.0
911773,711310,Cash on Delivery,Completed,2023-12-27 23:50:51,1250.59,0.0
911774,711311,UPI,Completed,2025-10-21 13:17:08,5982.22,0.0
911775,711312,UPI,Refunded,2023-06-11 15:59:13,46880.48,0.0
911776,711313,Cash on Delivery,Completed,2024-07-09 17:06:15,6091.19,0.0
911777,711314,UPI,Completed,2024-07-03 18:38:57,87809.3,0.0
911778,711315,UPI,Completed,2025-10-18 19:09:35,11622.03,0.0
911779,711316,UPI,Completed,2023-11-03 14:46:32,17692.23,0.0
911780,711317,UPI,Completed,2025-02-14 16:54:29,1389.54,0.0
911781,711318,Cash on Delivery,Completed,2023-08-11 21:15:32,106463.08,0.0
911782,711319,Credit Card,Completed,2025-11-21 23:52:48,40513.23,729.24
911783,711320,UPI,Completed,2024-12-24 20:18:26,741.09,0.0
911784,711321,Credit Card,Completed,2025-01-25 20:30:05,5339.52,96.11
911785,711322,Credit Card,Completed,2024-08-07 23:33:07,1389.54,25.01
911786,711323,Credit Card,Completed,2024-04-11 22:56:42,10498.32,188.97
911787,711324,Cash on Delivery,Completed,2023-11-01 14:42:58,37892.33,0.0
911788,711325,UPI,Completed,2024-12-31 13:12:49,146243.23,0.0
911789,711325,UPI,Failed,2024-12-31 13:05:49,146243.23,0.0
911790,711326,UPI,Completed,2025-11-21 15:38:28,154182.45,0.0
911791,711326,UPI,Failed,2025-11-21 15:34:28,154182.45,0.0
911792,711327,Credit Card,Completed,2024-05-05 22:13:48,1320.06,23.76
911793,711328,UPI,Completed,2025-10-16 15:02:36,7880.17,0.0
911794,711329,UPI,Completed,2023-09-01 17:46:59,191486.15,0.0
911795,711330,Cash on Delivery,Completed,2025-11-09 18:39:27,28831.26,0.0
911796,711331,Credit Card,Completed,2024-04-23 15:52:24,1810.35,32.59
911797,711332,UPI,Completed,2024-05-27 19:39:55,8594.14,0.0
911798,711333,UPI,Completed,2024-09-11 20:38:05,52716.49,0.0
911799,711334,Debit Card,Pending,2025-05-12 17:39:28,11437.08,205.87
911800,711335,UPI,Completed,2025-05-13 19:14:00,67511.12,0.0
911801,711336,Debit Card,Completed,2024-10-02 17:52:24,7583.79,136.51
911802,711337,Cash on Delivery,Refunded,2024-10-26 23:53:53,2315.9,0.0
911803,711338,Debit Card,Completed,2023-02-20 18:22:04,170666.71,3072.0
911804,711339,UPI,Completed,2024-02-14 21:35:33,154334.25,0.0
911805,711340,Credit Card,Completed,2024-04-16 21:31:03,2336.53,42.06
911806,711341,UPI,Completed,2024-11-14 23:18:46,3210.07,0.0
911807,711342,Debit Card,Completed,2024-11-14 23:02:19,2565.0,46.17
911808,711343,Credit Card,Completed,2025-05-04 18:28:41,5889.58,106.01
911809,711344,UPI,Refunded,2025-05-11 17:46:15,2503.09,0.0
911810,711344,UPI,Failed,2025-05-11 17:42:15,2503.09,0.0
911811,711345,UPI,Completed,2023-11-16 15:36:08,5916.64,0.0
911812,711346,UPI,Completed,2025-07-07 23:54:17,733.01,0.0
911813,711347,Debit Card,Completed,2023-01-31 23:23:37,5982.22,107.68
911814,711348,Debit Card,Completed,2025-05-10 22:11:54,202723.49,3649.02
911815,711349,UPI,Completed,2023-06-22 17:03:05,97167.28,0.0
911816,711350,Credit Card,Completed,2025-05-22 20:29:22,12580.43,226.45
911817,711351,UPI,Failed,2024-10-28 20:40:24,102396.62,0.0
911818,711352,Credit Card,Completed,2024-08-10 16:59:44,101727.54,1831.1
911819,711353,Debit Card,Refunded,2025-04-12 16:55:29,13033.35,234.6
911820,711354,UPI,Completed,2023-03-04 09:07:26,3896.14,0.0
911821,711355,UPI,Completed,2023-11-08 17:07:29,1389.54,0.0
911822,711356,Credit Card,Refunded,2025-01-16 19:28:25,5055.86,91.01
911823,711357,Credit Card,Completed,2025-09-26 21:09:35,467.26,8.41
911824,711358,Credit Card,Completed,2024-05-29 23:51:44,926.36,16.67
911825,711359,Debit Card,Completed,2023-12-22 16:10:40,71533.51,1287.6
911826,711360,Cash on Delivery,Completed,2024-10-23 20:55:28,34853.84,0.0
911827,711361,Cash on Delivery,Completed,2025-01-22 21:50:39,5687.02,0.0
911828,711362,Cash on Delivery,Completed,2024-07-21 12:41:37,97908.44,0.0
911829,711363,Debit Card,Completed,2025-10-13 23:05:18,1482.18,26.68
911830,711364,UPI,Refunded,2024-10-26 17:10:12,41857.57,0.0
911831,711365,Cash on Delivery,Completed,2023-03-03 18:11:23,321482.81,0.0
911832,711366,Debit Card,Completed,2023-11-08 18:43:38,2779.08,50.02
911833,711367,UPI,Completed,2024-08-25 19:20:00,185705.7,0.0
911834,711368,UPI,Completed,2025-04-20 23:59:05,18270.32,0.0
911835,711369,Credit Card,Completed,2023-11-05 23:25:22,1181.11,21.26
911836,711370,UPI,Completed,2025-12-15 17:01:15,67075.84,0.0
911837,711371,Credit Card,Completed,2024-03-07 20:51:54,132372.52,2382.71
911838,711372,Debit Card,Completed,2024-10-31 09:43:43,76216.14,1371.89
911839,711373,Cash on Delivery,Completed,2023-01-31 20:22:27,85809.88,0.0
911840,711374,UPI,Completed,2025-10-17 23:51:11,310337.92,0.0
911841,711375,Debit Card,Completed,2025-07-29 07:02:34,7204.6,129.68
911842,711376,UPI,Completed,2023-10-20 22:34:02,113774.18,0.0
911843,711377,Cash on Delivery,Completed,2025-11-08 16:15:46,298665.58,0.0
911844,711378,Cash on Delivery,Pending,2024-03-03 18:14:31,106243.38,0.0
911845,711379,Debit Card,Completed,2025-04-14 19:54:15,168813.76,3038.65
911846,711380,UPI,Completed,2025-08-25 21:00:38,46785.56,0.0
911847,711381,Cash on Delivery,Pending,2025-06-02 16:33:28,209478.08,0.0
911848,711382,Net Banking,Completed,2025-11-01 22:04:36,13861.56,0.0
911849,711383,Debit Card,Completed,2025-10-07 16:00:44,20797.51,374.36
911850,711384,UPI,Completed,2025-12-28 19:05:26,926.36,0.0
911851,711385,Cash on Delivery,Completed,2023-10-12 13:30:11,61651.82,0.0
911852,711386,Wallet,Completed,2024-02-15 21:21:30,120019.71,0.0
911853,711387,UPI,Refunded,2025-02-03 23:32:28,9075.9,0.0
911854,711388,Credit Card,Completed,2025-05-25 14:11:00,833.72,15.01
911855,711389,Net Banking,Completed,2024-11-01 15:20:42,120521.46,0.0
911856,711390,Net Banking,Refunded,2023-05-09 23:47:34,3190.88,0.0
911857,711391,UPI,Completed,2025-09-20 20:58:03,8130.96,0.0
911858,711392,Credit Card,Completed,2025-11-28 14:49:16,87758.84,1579.66
911859,711393,Cash on Delivery,Refunded,2024-07-01 16:42:16,177498.75,0.0
911860,711394,Wallet,Completed,2023-11-09 21:16:38,158358.42,0.0
911861,711395,Credit Card,Failed,2023-01-31 16:41:50,926.36,16.67
911862,711396,UPI,Completed,2023-11-19 17:12:50,1637.26,0.0
911863,711397,UPI,Completed,2025-04-23 21:40:58,51280.63,0.0
911864,711397,UPI,Failed,2025-04-23 21:26:58,51280.63,0.0
911865,711398,UPI,Completed,2025-10-29 21:40:04,255408.96,0.0
911866,711399,UPI,Refunded,2023-06-07 22:57:27,1181.11,0.0
911867,711400,Cash on Delivery,Completed,2024-11-11 19:41:43,110082.93,0.0
911868,711401,UPI,Refunded,2025-04-18 17:16:19,33696.61,0.0
911869,711402,Cash on Delivery,Pending,2024-01-10 14:00:38,7114.48,0.0
911870,711403,UPI,Completed,2024-11-27 12:53:01,85808.14,0.0
911871,711404,Net Banking,Completed,2025-05-09 22:00:51,7219.11,0.0
911872,711405,Cash on Delivery,Completed,2025-09-15 20:30:33,926.36,0.0
911873,711406,UPI,Completed,2024-08-27 16:59:12,46832.96,0.0
911874,711407,UPI,Completed,2025-06-10 15:15:22,6908.58,0.0
911875,711408,UPI,Completed,2024-02-11 15:02:49,208989.71,0.0
911876,711409,Debit Card,Completed,2023-11-01 12:43:02,1852.72,33.35
911877,711410,Wallet,Completed,2023-10-15 17:55:05,146135.19,0.0
911878,711411,Credit Card,Pending,2024-05-04 23:20:01,43896.83,790.14
911879,711412,UPI,Completed,2023-03-03 17:15:46,135907.5,0.0
911880,711413,UPI,Completed,2024-01-20 19:50:07,41857.57,0.0
911881,711414,Wallet,Completed,2025-02-23 18:42:49,10111.72,0.0
911882,711415,UPI,Completed,2025-02-18 18:18:55,4001.46,0.0
911883,711416,Debit Card,Refunded,2023-05-09 19:15:26,1848.47,33.27
911884,711417,Net Banking,Completed,2024-01-24 17:00:15,5742.47,0.0
911885,711418,Debit Card,Completed,2024-11-27 15:27:50,1796.73,32.34
911886,711419,Debit Card,Completed,2024-03-07 14:11:59,125445.16,2258.01
911887,711420,Credit Card,Completed,2024-07-19 21:08:56,88190.79,1587.43
911888,711421,UPI,Completed,2025-05-07 18:01:08,4803.07,0.0
911889,711422,UPI,Failed,2023-01-19 23:01:37,23880.08,0.0
911890,711423,Debit Card,Completed,2024-01-10 18:04:00,71557.73,1288.04
911891,711424,UPI,Completed,2023-08-22 10:54:44,3206.8,0.0
911892,711425,Credit Card,Completed,2023-08-05 17:50:36,9089.86,163.62
911893,711426,Cash on Delivery,Completed,2025-11-26 19:53:35,110356.43,0.0
911894,711427,Debit Card,Completed,2024-05-24 23:40:24,49627.42,893.29
911895,711428,UPI,Completed,2024-10-28 21:43:33,152035.49,0.0
911896,711429,UPI,Completed,2025-05-26 23:13:56,13262.18,0.0
911897,711430,Debit Card,Completed,2023-03-25 23:09:50,40423.33,727.62
911898,711431,UPI,Completed,2023-11-25 20:10:06,519.42,0.0
911899,711432,Cash on Delivery,Completed,2025-09-09 13:05:49,107028.41,0.0
911900,711433,Cash on Delivery,Completed,2025-10-06 19:14:48,2377.71,0.0
911901,711434,Credit Card,Failed,2024-05-19 20:41:03,926.36,16.67
911902,711435,Net Banking,Completed,2024-05-22 20:21:24,16368.17,0.0
911903,711436,UPI,Pending,2025-06-21 19:38:12,16946.1,0.0
911904,711437,Net Banking,Completed,2024-01-31 22:31:41,11431.78,0.0
911905,711437,Net Banking,Failed,2024-01-31 22:15:41,11431.78,0.0
911906,711438,Credit Card,Completed,2023-07-18 18:22:09,223518.57,4023.33
911907,711439,UPI,Completed,2023-12-21 15:20:22,37117.45,0.0
911908,711440,Debit Card,Completed,2024-06-06 16:27:00,1389.54,25.01
911909,711441,Debit Card,Completed,2023-04-02 18:40:50,1852.72,33.35
911910,711442,Credit Card,Completed,2024-10-01 12:18:19,5922.36,106.6
911911,711443,Wallet,Completed,2025-06-01 15:22:14,522.97,0.0
911912,711444,Credit Card,Completed,2024-10-20 16:15:00,110324.83,1985.85
911913,711445,UPI,Completed,2023-05-07 23:31:24,50680.69,0.0
911914,711446,Debit Card,Refunded,2024-08-13 04:20:08,39001.56,702.03
911915,711447,Debit Card,Completed,2025-05-03 20:57:24,11988.36,215.79
911916,711448,UPI,Completed,2023-04-13 12:35:05,82431.42,0.0
911917,711449,Debit Card,Completed,2023-04-16 17:09:55,12778.83,230.02
911918,711450,Cash on Delivery,Completed,2024-05-17 21:49:25,4288.01,0.0
911919,711451,Credit Card,Completed,2023-10-20 18:04:50,5223.84,94.03
911920,711452,UPI,Completed,2025-11-09 19:01:06,109172.38,0.0
911921,711453,Cash on Delivery,Completed,2024-12-12 22:44:35,8400.44,0.0
911922,711454,Net Banking,Completed,2024-01-24 17:39:23,5352.02,0.0
911923,711455,Debit Card,Pending,2025-04-29 19:58:29,5055.86,91.01
911924,711456,Credit Card,Completed,2024-05-22 15:56:48,1760.08,31.68
911925,711457,Cash on Delivery,Completed,2023-08-09 21:50:34,79873.98,0.0
911926,711458,UPI,Completed,2023-11-19 16:54:56,154441.02,0.0
911927,711459,Debit Card,Completed,2025-02-12 13:32:00,212498.16,3824.97
911928,711460,Debit Card,Completed,2023-04-02 16:09:04,1760.08,31.68
911929,711460,Debit Card,Failed,2023-04-02 15:58:04,1760.08,0.0
911930,711461,UPI,Completed,2024-01-04 15:41:05,9606.13,0.0
911931,711462,Credit Card,Completed,2023-10-29 22:54:44,2991.11,53.84
911932,711463,Wallet,Refunded,2023-10-24 23:23:22,160072.19,0.0
911933,711464,UPI,Refunded,2025-04-02 23:58:30,247329.06,0.0
911934,711465,UPI,Completed,2025-09-02 23:59:07,22917.63,0.0
911935,711466,UPI,Failed,2025-05-10 14:23:46,43485.57,0.0
911936,711467,UPI,Completed,2025-02-15 16:55:35,45355.77,0.0
911937,711468,Debit Card,Refunded,2025-10-31 18:14:42,11664.38,209.96
911938,711468,Debit Card,Failed,2025-10-31 18:10:42,11664.38,0.0
911939,711469,UPI,Completed,2023-04-14 23:26:36,526.89,0.0
911940,711470,UPI,Failed,2023-10-01 14:14:21,127886.24,0.0
911941,711471,Wallet,Completed,2024-07-14 23:24:55,1346.78,0.0
911942,711472,Credit Card,Refunded,2024-05-19 09:27:49,13495.16,242.91
911943,711473,Debit Card,Completed,2024-07-19 16:26:07,38538.38,693.69
911944,711474,Cash on Delivery,Completed,2023-10-28 21:08:52,485.92,0.0
911945,711475,Wallet,Completed,2023-09-03 19:05:30,5843.27,0.0
911946,711476,Credit Card,Completed,2024-10-18 23:35:18,11501.26,207.02
911947,711477,Net Banking,Completed,2025-11-06 23:29:02,105220.89,0.0
911948,711478,Net Banking,Completed,2024-06-12 21:56:58,11028.67,0.0
911949,711479,Cash on Delivery,Completed,2023-03-17 14:20:14,97546.84,0.0
911950,711480,UPI,Completed,2025-05-01 17:45:32,130635.89,0.0
911951,711481,UPI,Completed,2024-01-28 22:43:00,90652.05,0.0
911952,711482,Net Banking,Refunded,2023-12-02 16:00:38,3334.97,0.0
911953,711483,Credit Card,Completed,2024-03-15 12:09:40,71814.78,1292.67
911954,711484,Cash on Delivery,Pending,2025-05-17 23:01:46,9141.31,0.0
911955,711485,Debit Card,Completed,2025-08-25 15:06:01,7521.03,135.38
911956,711486,UPI,Failed,2024-12-20 19:57:48,1857.69,0.0
911957,711487,Debit Card,Completed,2024-03-13 21:22:43,11666.05,209.99
911958,711488,Credit Card,Refunded,2024-02-24 18:40:57,10111.72,182.01
911959,711489,UPI,Completed,2023-07-30 18:34:34,10498.65,0.0
911960,711490,Debit Card,Completed,2025-11-08 13:40:38,37904.03,682.27
911961,711491,Debit Card,Completed,2025-02-06 19:21:16,3529.63,63.53
911962,711492,UPI,Completed,2023-02-14 18:45:11,498.95,0.0
911963,711493,UPI,Completed,2025-03-08 16:49:39,193784.57,0.0
911964,711494,Cash on Delivery,Completed,2024-08-20 15:50:46,112834.43,0.0
911965,711495,Net Banking,Pending,2025-12-11 13:10:47,40886.51,0.0
911966,711496,Debit Card,Completed,2025-08-25 17:04:35,13784.31,248.12
911967,711497,Debit Card,Completed,2023-10-04 19:09:13,3791.07,68.24
911968,711498,Net Banking,Completed,2025-05-14 20:46:29,44598.69,0.0
911969,711499,UPI,Completed,2024-10-05 19:43:56,58960.44,0.0
911970,711500,Wallet,Completed,2023-10-15 22:30:52,16245.63,0.0
911971,711501,Cash on Delivery,Pending,2025-04-22 16:28:59,121759.93,0.0
911972,711502,UPI,Completed,2024-11-08 21:58:05,926.36,0.0
911973,711503,UPI,Completed,2023-02-21 21:08:18,167048.8,0.0
911974,711504,Credit Card,Completed,2025-02-16 22:28:01,17086.78,307.56
911975,711505,UPI,Completed,2025-02-02 20:34:53,189000.15,0.0
911976,711506,Cash on Delivery,Pending,2023-08-25 19:45:26,256002.54,0.0
911977,711507,Debit Card,Completed,2024-04-21 21:10:53,2084.31,37.52
911978,711508,Credit Card,Completed,2024-12-18 16:26:04,10563.15,190.14
911979,711509,UPI,Completed,2023-08-16 20:14:25,6964.93,0.0
911980,711510,Cash on Delivery,Pending,2025-10-01 20:08:02,8229.11,0.0
911981,711511,Cash on Delivery,Completed,2023-02-15 13:34:09,34087.64,0.0
911982,711512,UPI,Completed,2023-06-23 17:40:37,151595.47,0.0
911983,711513,Debit Card,Completed,2023-07-16 23:47:54,10223.92,184.03
911984,711514,UPI,Refunded,2024-10-28 19:49:09,6437.57,0.0
911985,711515,UPI,Completed,2025-01-20 21:06:46,11323.86,0.0
911986,711516,Net Banking,Completed,2024-06-29 22:18:42,37915.82,0.0
911987,711517,UPI,Refunded,2024-01-25 15:22:33,10019.86,0.0
911988,711518,UPI,Completed,2025-08-15 18:49:21,36584.62,0.0
911989,711519,UPI,Completed,2023-05-01 20:34:59,1250.59,0.0
911990,711520,Net Banking,Completed,2024-01-16 22:59:46,926.36,0.0
911991,711521,Credit Card,Refunded,2023-03-09 13:49:37,1389.54,25.01
911992,711522,Credit Card,Completed,2023-01-24 17:03:12,3575.99,64.37
911993,711523,Credit Card,Refunded,2024-04-27 15:37:19,45189.9,813.42
911994,711524,UPI,Refunded,2023-10-20 21:08:45,1250.59,0.0
911995,711525,Credit Card,Completed,2023-12-30 15:09:33,199131.61,3584.37
911996,711526,UPI,Completed,2025-08-27 12:56:08,29530.9,0.0
911997,711526,UPI,Failed,2025-08-27 12:39:08,29530.9,0.0
911998,711527,Cash on Delivery,Completed,2023-09-25 16:41:46,8536.23,0.0
911999,711528,Debit Card,Completed,2025-07-19 18:53:30,42957.39,773.23
912000,711529,UPI,Completed,2025-03-24 15:39:06,14573.17,0.0
912001,711530,Credit Card,Pending,2024-03-18 20:15:49,23492.55,422.87
912002,711531,Net Banking,Completed,2024-11-08 23:18:04,62464.09,0.0
912003,711532,Credit Card,Completed,2024-08-17 12:45:49,145815.05,2624.67
912004,711533,Debit Card,Completed,2023-08-05 23:43:06,72387.94,1302.98
912005,711534,Cash on Delivery,Completed,2025-10-27 20:18:20,122569.74,0.0
912006,711535,Cash on Delivery,Refunded,2024-11-27 18:39:01,12891.07,0.0
912007,711536,UPI,Failed,2025-10-14 23:30:54,926.36,0.0
912008,711537,UPI,Completed,2025-08-31 16:36:43,5982.22,0.0
912009,711537,UPI,Failed,2025-08-31 16:20:43,5982.22,0.0
912010,711538,Net Banking,Completed,2023-05-17 20:49:02,214819.4,0.0
912011,711539,Debit Card,Completed,2023-10-28 17:22:10,197188.32,3549.39
912012,711540,UPI,Completed,2023-08-26 19:52:48,926.36,0.0
912013,711541,Wallet,Completed,2025-09-07 17:33:52,926.36,0.0
912014,711542,Cash on Delivery,Completed,2025-10-06 19:41:25,118451.43,0.0
912015,711543,UPI,Completed,2024-10-28 19:15:27,8622.14,0.0
912016,711544,Debit Card,Refunded,2023-06-25 23:42:24,100997.74,1817.96
912017,711545,Credit Card,Completed,2023-08-12 20:20:24,56243.86,1012.39
912018,711546,Debit Card,Completed,2025-08-19 16:26:59,236177.93,4251.2
912019,711547,Debit Card,Completed,2025-11-06 23:52:48,9065.88,163.19
912020,711548,UPI,Failed,2023-10-23 17:35:40,73063.07,0.0
912021,711549,UPI,Completed,2023-01-21 17:30:04,2565.13,0.0
912022,711550,Net Banking,Completed,2024-03-25 21:45:26,12133.24,0.0
912023,711551,UPI,Completed,2023-02-21 23:07:14,5982.22,0.0
912024,711552,UPI,Completed,2025-09-04 21:09:43,128174.66,0.0
912025,711553,Debit Card,Failed,2024-10-08 21:50:18,3201.5,57.63
912026,711554,Wallet,Completed,2025-02-10 18:33:50,3917.47,0.0
912027,711555,UPI,Refunded,2024-07-10 18:41:36,10819.19,0.0
912028,711556,Debit Card,Completed,2024-04-15 18:38:45,138524.53,2493.44
912029,711556,Debit Card,Failed,2024-04-15 18:30:45,138524.53,0.0
912030,711557,Cash on Delivery,Completed,2023-11-07 16:14:53,1389.54,0.0
912031,711558,Credit Card,Completed,2025-07-07 23:07:25,5855.0,105.39
912032,711559,UPI,Refunded,2025-04-18 21:00:10,10444.01,0.0
912033,711560,Credit Card,Completed,2024-05-06 17:49:27,436.83,7.86
912034,711561,UPI,Failed,2024-03-10 19:01:44,8046.97,0.0
912035,711562,Net Banking,Completed,2023-01-03 16:45:41,4030.43,0.0
912036,711562,Net Banking,Failed,2023-01-03 16:25:41,4030.43,0.0
912037,711563,Debit Card,Completed,2023-04-23 15:47:09,42235.29,760.24
912038,711564,UPI,Pending,2025-01-23 23:09:35,43018.0,0.0
912039,711565,UPI,Completed,2024-10-21 17:17:02,55058.4,0.0
912040,711566,UPI,Completed,2024-08-08 21:06:28,5475.37,0.0
912041,711567,Wallet,Completed,2025-09-04 18:04:15,3664.68,0.0
912042,711568,Credit Card,Completed,2024-10-15 19:20:34,3798.15,68.37
912043,711569,UPI,Completed,2024-06-01 21:22:21,787.41,0.0
912044,711570,UPI,Completed,2023-09-22 15:15:34,141923.27,0.0
912045,711571,Cash on Delivery,Pending,2025-08-27 23:06:31,8903.85,0.0
912046,711572,Cash on Delivery,Completed,2024-12-06 16:32:36,176005.24,0.0
912047,711573,UPI,Completed,2023-06-05 17:48:13,5055.86,0.0
912048,711574,Debit Card,Completed,2025-02-19 23:00:25,27592.48,496.66
912049,711575,Cash on Delivery,Completed,2024-07-28 15:38:40,134394.87,0.0
912050,711576,Debit Card,Completed,2025-08-16 18:50:25,6445.4,116.02
912051,711577,UPI,Completed,2025-11-01 23:32:27,3612.99,0.0
912052,711578,Cash on Delivery,Completed,2024-12-29 23:27:38,52198.03,0.0
912053,711579,UPI,Completed,2025-05-24 13:50:15,109311.33,0.0
912054,711580,Wallet,Completed,2023-04-11 19:03:38,5935.9,0.0
912055,711581,Credit Card,Completed,2024-11-15 23:07:17,3911.34,70.4
912056,711582,UPI,Completed,2025-06-19 17:07:43,125386.27,0.0
912057,711583,UPI,Completed,2024-10-11 16:36:57,3926.89,0.0
912058,711584,Credit Card,Failed,2024-12-24 22:39:12,31457.31,566.23
912059,711585,Cash on Delivery,Completed,2025-10-23 19:42:24,23796.76,0.0
912060,711586,Credit Card,Completed,2023-10-22 21:38:00,10696.41,192.54
912061,711586,Credit Card,Failed,2023-10-22 21:23:00,10696.41,0.0
912062,711587,Credit Card,Refunded,2023-06-15 14:02:14,54666.6,984.0
912063,711588,Cash on Delivery,Completed,2025-04-12 21:49:48,1574.81,0.0
912064,711589,Cash on Delivery,Pending,2025-08-29 15:13:35,4462.4,0.0
912065,711590,UPI,Completed,2025-09-30 16:23:13,2974.3,0.0
912066,711591,Cash on Delivery,Completed,2025-02-10 20:08:29,416.2,0.0
912067,711592,UPI,Completed,2025-09-10 21:40:20,8510.15,0.0
912068,711593,Cash on Delivery,Completed,2025-04-24 20:54:58,55149.85,0.0
912069,711594,UPI,Completed,2023-05-28 19:02:26,1894.93,0.0
912070,711595,Cash on Delivery,Completed,2025-06-27 13:52:50,348028.32,0.0
912071,711596,Net Banking,Completed,2023-10-09 12:31:46,18433.01,0.0
912072,711597,UPI,Completed,2023-11-18 17:30:07,2120.29,0.0
912073,711598,Net Banking,Completed,2024-06-16 17:16:52,5926.37,0.0
912074,711599,Debit Card,Completed,2024-03-01 16:00:58,3016.23,54.29
912075,711600,Wallet,Completed,2024-03-11 19:08:39,270264.73,0.0
912076,711601,UPI,Completed,2023-10-02 15:24:22,151730.22,0.0
912077,711602,UPI,Completed,2024-01-30 23:37:48,190003.86,0.0
912078,711603,Debit Card,Pending,2023-01-31 17:40:01,28426.89,511.68
912079,711604,Credit Card,Completed,2024-09-24 18:54:47,1852.72,33.35
912080,711604,Credit Card,Failed,2024-09-24 18:46:47,1852.72,0.0
912081,711605,Cash on Delivery,Completed,2025-07-05 11:33:04,10264.49,0.0
912082,711606,UPI,Completed,2025-10-06 16:16:13,23433.55,0.0
912083,711607,UPI,Completed,2025-08-27 20:54:13,46395.57,0.0
912084,711608,Debit Card,Completed,2024-07-16 22:00:48,3805.92,68.51
912085,711609,UPI,Completed,2025-05-23 20:42:12,265081.12,0.0
912086,711610,Credit Card,Completed,2024-01-25 20:57:35,2927.15,52.69
912087,711611,Debit Card,Completed,2023-04-09 23:25:04,4021.86,72.39
912088,711612,UPI,Completed,2025-03-25 12:47:28,2527.93,0.0
912089,711613,Credit Card,Completed,2025-02-19 20:55:51,7295.3,131.32
912090,711614,Cash on Delivery,Completed,2025-08-09 23:33:47,129330.82,0.0
912091,711615,Cash on Delivery,Completed,2025-01-16 11:22:30,125649.18,0.0
912092,711616,UPI,Completed,2023-09-15 20:07:44,3448.16,0.0
912093,711617,UPI,Completed,2025-10-02 18:48:14,198217.11,0.0
912094,711618,Cash on Delivery,Pending,2025-01-26 23:26:48,45360.53,0.0
912095,711619,UPI,Completed,2025-08-13 23:43:27,39612.45,0.0
912096,711620,Credit Card,Completed,2025-07-12 21:20:36,292634.33,5267.42
912097,711621,UPI,Completed,2024-02-04 21:43:43,39496.97,0.0
912098,711622,Cash on Delivery,Completed,2023-05-10 23:58:36,101741.24,0.0
912099,711623,UPI,Completed,2023-10-07 14:35:36,39162.9,0.0
912100,711624,UPI,Completed,2023-06-05 21:46:18,244858.79,0.0
912101,711625,Debit Card,Completed,2023-11-29 18:19:56,90471.91,1628.49
912102,711626,Net Banking,Completed,2024-09-06 15:14:19,10995.67,0.0
912103,711627,UPI,Completed,2025-10-27 17:04:10,8769.86,0.0
912104,711628,UPI,Completed,2025-10-11 20:21:09,10952.91,0.0
912105,711629,Cash on Delivery,Refunded,2025-05-12 16:47:46,13163.34,0.0
912106,711630,UPI,Completed,2023-02-09 18:03:27,267233.46,0.0
912107,711631,UPI,Completed,2024-04-10 23:22:08,7400.68,0.0
912108,711631,UPI,Failed,2024-04-10 23:06:08,7400.68,0.0
912109,711632,Credit Card,Completed,2025-04-02 20:14:21,5434.23,97.82
912110,711633,Net Banking,Completed,2023-08-06 17:46:52,11223.35,0.0
912111,711634,Credit Card,Completed,2025-08-09 20:41:48,105126.64,1892.28
912112,711635,Debit Card,Completed,2025-10-30 13:50:16,120889.6,2176.01
912113,711636,Credit Card,Completed,2024-04-28 17:13:50,4920.81,88.57
912114,711637,Debit Card,Completed,2025-04-30 18:20:32,199004.25,3582.08
912115,711638,Cash on Delivery,Completed,2023-08-31 19:52:20,5486.54,0.0
912116,711639,Debit Card,Completed,2025-04-12 22:54:14,6723.31,121.02
912117,711640,Credit Card,Completed,2023-02-04 22:25:00,7372.58,132.71
912118,711640,Credit Card,Failed,2023-02-04 22:11:00,7372.58,0.0
912119,711641,UPI,Completed,2023-09-05 23:10:48,136475.29,0.0
912120,711642,Cash on Delivery,Completed,2025-05-04 17:07:17,8552.56,0.0
912121,711643,UPI,Failed,2025-05-06 19:20:13,926.36,0.0
912122,711644,Credit Card,Refunded,2025-02-09 18:51:20,159490.92,2870.84
912123,711645,UPI,Refunded,2024-09-30 23:10:00,6402.99,0.0
912124,711646,UPI,Completed,2025-03-23 22:31:39,12180.96,0.0
912125,711647,UPI,Completed,2025-07-11 11:50:13,441522.56,0.0
912126,711648,Credit Card,Completed,2025-12-04 17:52:03,486.27,8.75
912127,711649,Credit Card,Failed,2025-10-18 23:30:12,3046.29,54.83
912128,711650,UPI,Completed,2025-08-04 18:57:05,744.65,0.0
912129,711651,Credit Card,Completed,2025-04-17 23:31:34,150904.12,2716.27
912130,711652,Debit Card,Refunded,2024-12-03 13:36:06,1405.21,25.29
912131,711653,Cash on Delivery,Completed,2023-07-23 18:36:01,75012.02,0.0
912132,711654,Credit Card,Completed,2023-09-29 14:10:21,94313.76,1697.65
912133,711655,Cash on Delivery,Completed,2025-08-26 17:09:20,82039.99,0.0
912134,711656,Debit Card,Completed,2025-08-10 20:07:13,54806.94,986.52
912135,711657,Credit Card,Completed,2025-01-14 19:01:14,7204.6,129.68
912136,711658,Debit Card,Refunded,2024-08-11 15:40:22,4659.64,83.87
912137,711659,Cash on Delivery,Completed,2023-02-12 23:40:14,526.5,0.0
912138,711660,UPI,Completed,2024-03-20 18:50:00,163325.46,0.0
912139,711661,Net Banking,Refunded,2024-07-22 19:53:43,5266.25,0.0
912140,711662,UPI,Refunded,2024-10-05 18:03:52,2033.28,0.0
912141,711663,Credit Card,Failed,2025-11-06 19:46:14,517.15,9.31
912142,711664,Cash on Delivery,Completed,2023-07-03 19:32:58,207971.45,0.0
912143,711665,Cash on Delivery,Completed,2024-10-23 23:08:45,121048.71,0.0
912144,711666,Cash on Delivery,Failed,2024-05-14 12:18:25,117935.38,0.0
912145,711667,Debit Card,Completed,2025-12-26 20:57:06,10995.67,197.92
912146,711668,UPI,Completed,2025-10-06 14:11:51,35466.27,0.0
912147,711668,UPI,Failed,2025-10-06 13:57:51,35466.27,0.0
912148,711669,Debit Card,Completed,2024-08-11 18:59:04,9135.69,164.44
912149,711670,UPI,Completed,2025-12-31 22:01:05,251778.02,0.0
912150,711671,Net Banking,Completed,2024-10-21 19:38:59,926.36,0.0
912151,711672,UPI,Completed,2023-10-01 19:01:54,5426.4,0.0
912152,711673,Debit Card,Completed,2024-11-13 23:00:55,127425.56,2293.66
912153,711674,Debit Card,Completed,2023-11-10 23:53:58,279346.35,5028.23
912154,711675,Wallet,Failed,2025-02-03 09:31:21,33527.59,0.0
912155,711676,Debit Card,Completed,2025-11-10 20:51:34,3630.16,65.34
912156,711677,Net Banking,Completed,2025-07-26 21:11:12,180604.52,0.0
912157,711678,Credit Card,Completed,2024-01-05 17:56:01,179247.13,3226.45
912158,711679,UPI,Completed,2024-02-03 23:29:46,2991.11,0.0
912159,711680,UPI,Completed,2023-05-03 20:22:31,186656.28,0.0
912160,711681,UPI,Refunded,2024-01-23 18:30:13,833.72,0.0
912161,711682,Debit Card,Completed,2023-06-05 17:55:35,89680.05,1614.24
912162,711683,Debit Card,Completed,2024-10-13 13:10:46,147808.01,2660.54
912163,711684,Wallet,Completed,2025-05-03 12:08:58,2779.08,0.0
912164,711685,UPI,Completed,2025-06-14 21:28:50,12064.0,0.0
912165,711686,Credit Card,Completed,2023-04-16 21:43:18,93007.26,1674.13
912166,711687,Credit Card,Completed,2024-04-07 15:38:26,96182.27,1731.28
912167,711687,Credit Card,Failed,2024-04-07 15:28:26,96182.27,0.0
912168,711688,Credit Card,Completed,2024-01-25 18:01:52,77959.84,1403.28
912169,711689,Debit Card,Completed,2023-06-25 19:33:20,62650.13,1127.7
912170,711690,Wallet,Completed,2024-05-08 21:51:55,80284.49,0.0
912171,711691,Debit Card,Completed,2024-02-07 18:40:18,7874.98,141.75
912172,711692,UPI,Completed,2025-02-01 21:45:56,6396.99,0.0
912173,711693,Credit Card,Completed,2025-10-16 23:47:24,926.36,16.67
912174,711694,Cash on Delivery,Completed,2024-08-31 12:58:34,70715.4,0.0
912175,711695,Credit Card,Completed,2025-06-09 23:03:36,128512.68,2313.23
912176,711696,UPI,Completed,2023-08-28 18:31:39,133419.07,0.0
912177,711697,Wallet,Completed,2025-10-21 17:25:03,97795.29,0.0
912178,711698,UPI,Completed,2023-09-08 15:55:57,186482.42,0.0
912179,711699,UPI,Completed,2023-10-18 11:42:45,193357.17,0.0
912180,711699,UPI,Failed,2023-10-18 11:39:45,193357.17,0.0
912181,711700,UPI,Completed,2023-06-29 18:51:26,119584.72,0.0
912182,711701,UPI,Completed,2024-02-23 16:20:13,146911.52,0.0
912183,711702,UPI,Completed,2024-11-11 21:35:07,177552.04,0.0
912184,711703,Debit Card,Completed,2025-12-24 23:20:52,926.36,16.67
912185,711704,Net Banking,Completed,2025-08-03 17:53:54,833.72,0.0
912186,711705,UPI,Completed,2024-05-28 21:02:13,1968.52,0.0
912187,711706,UPI,Completed,2024-12-05 22:26:11,157183.99,0.0
912188,711707,Credit Card,Completed,2025-01-23 22:02:43,104221.82,1875.99
912189,711708,UPI,Completed,2025-08-29 21:04:15,2856.34,0.0
912190,711709,UPI,Completed,2025-05-29 20:37:39,75507.42,0.0
912191,711710,Cash on Delivery,Completed,2024-11-26 18:11:50,8594.96,0.0
912192,711711,UPI,Completed,2025-03-16 20:39:31,136564.94,0.0
912193,711711,UPI,Failed,2025-03-16 20:28:31,136564.94,0.0
912194,711712,UPI,Failed,2025-06-08 20:21:24,118490.91,0.0
912195,711713,UPI,Refunded,2023-08-10 18:08:31,5771.83,0.0
912196,711714,UPI,Completed,2023-10-23 22:25:36,2527.93,0.0
912197,711715,UPI,Refunded,2025-04-09 14:31:22,136081.59,0.0
912198,711716,UPI,Completed,2025-09-30 17:42:36,1760.08,0.0
912199,711717,UPI,Completed,2024-07-06 16:36:03,58997.63,0.0
912200,711718,UPI,Completed,2025-12-19 18:31:33,279773.37,0.0
912201,711719,Cash on Delivery,Refunded,2023-11-03 23:41:39,8722.79,0.0
912202,711720,Cash on Delivery,Completed,2024-07-17 23:51:27,880.04,0.0
912203,711721,UPI,Completed,2024-05-26 23:55:42,103932.51,0.0
912204,711722,Debit Card,Completed,2025-11-07 23:28:55,101241.2,1822.34
912205,711723,Cash on Delivery,Completed,2024-01-22 13:39:49,4760.66,0.0
912206,711724,UPI,Completed,2024-09-21 18:00:00,9778.95,0.0
912207,711724,UPI,Failed,2024-09-21 17:57:00,9778.95,0.0
912208,711725,Debit Card,Completed,2023-10-15 19:58:12,51234.31,922.22
912209,711726,UPI,Completed,2024-10-25 16:29:29,8400.11,0.0
912210,711727,Wallet,Completed,2025-10-04 20:26:12,122050.38,0.0
912211,711728,UPI,Completed,2024-02-14 17:40:16,160443.09,0.0
912212,711729,UPI,Failed,2025-08-16 16:57:01,9998.0,0.0
912213,711730,Cash on Delivery,Completed,2025-10-29 15:29:33,25804.9,0.0
912214,711731,Debit Card,Completed,2023-05-08 15:51:20,5219.93,93.96
912215,711732,Cash on Delivery,Completed,2025-06-21 23:37:29,8023.81,0.0
912216,711733,UPI,Completed,2023-12-18 18:43:57,10111.72,0.0
912217,711734,UPI,Completed,2023-10-07 15:59:45,8132.63,0.0
912218,711735,Wallet,Completed,2024-12-29 17:09:10,138693.51,0.0
912219,711736,UPI,Completed,2025-04-30 14:49:30,2487.96,0.0
912220,711736,UPI,Failed,2025-04-30 14:44:30,2487.96,0.0
912221,711737,UPI,Completed,2024-06-16 23:19:20,1181.11,0.0
912222,711738,UPI,Completed,2023-03-09 23:08:48,30236.26,0.0
912223,711739,UPI,Completed,2025-10-28 23:40:57,101727.54,0.0
912224,711740,Credit Card,Completed,2025-05-24 13:37:13,5775.75,103.96
912225,711741,Credit Card,Completed,2024-01-03 19:12:00,9267.06,166.81
912226,711742,Credit Card,Completed,2024-10-11 19:26:27,3797.52,68.36
912227,711743,Debit Card,Completed,2023-02-16 19:21:07,1908.96,34.36
912228,711744,UPI,Completed,2024-04-06 22:13:59,10716.53,0.0
912229,711745,Debit Card,Completed,2024-10-26 13:12:56,39506.41,711.12
912230,711746,Debit Card,Completed,2024-10-22 19:22:44,6053.66,108.97
912231,711747,Cash on Delivery,Pending,2023-10-29 23:43:28,86947.39,0.0
912232,711748,Credit Card,Failed,2025-07-14 17:23:53,926.36,16.67
912233,711749,Debit Card,Completed,2024-02-06 19:43:11,119312.9,2147.63
912234,711750,UPI,Completed,2024-12-11 16:34:08,3407.97,0.0
912235,711750,UPI,Failed,2024-12-11 16:29:08,3407.97,0.0
912236,711751,UPI,Failed,2024-01-02 15:45:24,239008.07,0.0
912237,711752,Net Banking,Completed,2024-07-28 23:50:42,112106.21,0.0
912238,711753,Cash on Delivery,Completed,2023-10-28 17:48:48,127997.17,0.0
912239,711754,Cash on Delivery,Pending,2025-01-31 23:13:43,37985.3,0.0
912240,711755,Credit Card,Failed,2024-07-29 14:22:18,56087.61,1009.58
912241,711756,UPI,Pending,2023-01-27 18:53:48,17966.0,0.0
912242,711757,UPI,Completed,2023-02-17 23:59:10,8214.95,0.0
912243,711758,UPI,Completed,2024-09-22 15:44:51,119706.46,0.0
912244,711759,UPI,Completed,2023-10-12 18:56:40,98407.71,0.0
912245,711760,UPI,Completed,2024-12-17 18:58:36,2067.6,0.0
912246,711761,Debit Card,Completed,2024-07-05 21:05:36,787.41,14.17
912247,711762,Wallet,Completed,2025-02-26 19:41:50,45586.72,0.0
912248,711763,Credit Card,Completed,2025-11-19 17:31:33,8463.83,152.35
912249,711764,Credit Card,Completed,2024-10-29 16:52:25,15551.61,279.93
912250,711765,UPI,Completed,2025-07-27 17:28:31,53315.77,0.0
912251,711766,UPI,Completed,2025-06-17 20:06:22,153155.67,0.0
912252,711767,Net Banking,Completed,2025-11-03 20:56:54,42151.81,0.0
912253,711768,Cash on Delivery,Completed,2023-11-02 21:55:38,5839.01,0.0
912254,711769,Cash on Delivery,Pending,2025-09-04 15:34:04,1181.11,0.0
912255,711770,Cash on Delivery,Completed,2025-10-26 05:34:50,198735.44,0.0
912256,711771,UPI,Completed,2024-06-13 17:00:50,6726.87,0.0
912257,711772,Debit Card,Completed,2024-02-29 23:23:22,2948.7,53.08
912258,711773,Debit Card,Completed,2025-11-18 21:28:59,72280.33,1301.05
912259,711774,UPI,Completed,2025-01-26 21:02:51,428.11,0.0
912260,711775,UPI,Completed,2024-05-28 19:40:59,926.36,0.0
912261,711776,Credit Card,Completed,2025-08-01 15:16:27,8467.74,152.42
912262,711777,Credit Card,Completed,2024-02-15 18:46:16,152313.99,2741.65
912263,711778,Wallet,Completed,2023-10-07 23:50:13,15113.31,0.0
912264,711779,UPI,Completed,2024-11-06 14:15:33,202948.93,0.0
912265,711780,Net Banking,Pending,2024-11-23 16:48:37,2738.32,0.0
912266,711781,UPI,Completed,2025-09-02 18:08:25,432.45,0.0
912267,711782,UPI,Completed,2024-09-03 20:59:02,6194.84,0.0
912268,711783,UPI,Completed,2025-08-20 21:52:43,15134.85,0.0
912269,711784,UPI,Pending,2024-02-25 19:05:43,13639.19,0.0
912270,711785,UPI,Completed,2024-12-04 19:46:27,1389.54,0.0
912271,711786,Net Banking,Completed,2023-10-29 18:09:22,29281.71,0.0
912272,711787,Wallet,Failed,2024-06-03 23:48:55,57530.29,0.0
912273,711788,UPI,Pending,2025-10-04 20:10:15,139114.9,0.0
912274,711789,Cash on Delivery,Completed,2023-11-03 20:05:44,4592.89,0.0
912275,711790,UPI,Pending,2025-08-15 20:30:22,133687.6,0.0
912276,711791,UPI,Completed,2024-01-20 17:56:01,8590.95,0.0
912277,711792,Credit Card,Completed,2023-03-01 13:55:34,10433.46,187.8
912278,711793,Credit Card,Completed,2023-07-05 23:19:14,7488.12,134.79
912279,711794,UPI,Refunded,2025-06-08 20:41:17,4928.64,0.0
912280,711795,Wallet,Completed,2023-12-24 23:35:29,2148.74,0.0
912281,711796,Cash on Delivery,Completed,2025-02-26 23:55:49,926.36,0.0
912282,711797,Debit Card,Completed,2025-04-22 22:30:27,10439.85,187.92
912283,711798,Cash on Delivery,Completed,2024-04-15 22:16:41,84553.81,0.0
912284,711799,Credit Card,Completed,2024-09-27 17:07:37,55651.08,1001.72
912285,711800,UPI,Completed,2024-06-29 19:59:42,33773.49,0.0
912286,711801,Cash on Delivery,Completed,2025-11-15 17:25:53,5745.13,0.0
912287,711802,UPI,Completed,2024-03-09 17:44:45,42045.26,0.0
912288,711803,Credit Card,Completed,2023-10-12 23:53:41,89632.67,1613.39
912289,711804,UPI,Completed,2024-05-11 12:25:07,15567.33,0.0
912290,711805,UPI,Completed,2025-03-17 20:57:06,66701.38,0.0
912291,711806,Cash on Delivery,Completed,2025-04-20 11:18:45,92921.16,0.0
912292,711807,Debit Card,Completed,2025-11-04 23:42:51,2084.31,37.52
912293,711808,Cash on Delivery,Completed,2025-10-15 18:03:23,5897.41,0.0
912294,711809,Debit Card,Completed,2024-01-25 23:43:29,202713.99,3648.85
912295,711810,Cash on Delivery,Pending,2024-08-31 18:15:36,1538.42,0.0
912296,711811,Cash on Delivery,Completed,2025-06-10 17:03:40,5939.81,0.0
912297,711812,Wallet,Completed,2025-10-31 18:14:07,19409.15,0.0
912298,711813,UPI,Completed,2024-04-03 16:04:58,787.41,0.0
912299,711814,UPI,Completed,2024-08-17 21:07:37,926.36,0.0
912300,711815,UPI,Completed,2025-10-23 17:31:55,8401.63,0.0
912301,711816,Cash on Delivery,Completed,2024-05-04 14:53:03,233256.24,0.0
912302,711817,UPI,Refunded,2024-10-02 15:21:55,133151.57,0.0
912303,711818,UPI,Completed,2025-10-26 16:48:33,10800.37,0.0
912304,711819,UPI,Completed,2025-08-10 19:51:19,107081.84,0.0
912305,711820,Cash on Delivery,Completed,2023-11-29 21:03:57,10528.58,0.0
912306,711821,Credit Card,Completed,2024-03-16 21:47:32,76108.0,1369.94
912307,711822,Debit Card,Completed,2024-04-27 16:14:32,74186.25,1335.35
912308,711823,UPI,Completed,2025-10-29 18:18:20,438612.15,0.0
912309,711824,Cash on Delivery,Completed,2025-12-31 21:11:31,109218.69,0.0
912310,711825,Net Banking,Completed,2025-07-11 21:28:15,6445.27,0.0
912311,711826,UPI,Completed,2024-10-04 23:53:17,239169.04,0.0
912312,711827,Debit Card,Completed,2023-01-20 17:13:58,3361.65,60.51
912313,711828,Credit Card,Refunded,2025-04-20 15:34:06,41487.08,746.77
912314,711829,Cash on Delivery,Completed,2024-06-08 18:54:25,105147.09,0.0
912315,711830,Cash on Delivery,Pending,2025-01-31 12:33:43,108591.28,0.0
912316,711831,UPI,Completed,2025-01-04 23:44:37,59168.86,0.0
912317,711832,Wallet,Completed,2024-10-02 21:18:23,304744.34,0.0
912318,711833,UPI,Completed,2025-11-13 18:56:35,18092.91,0.0
912319,711834,Debit Card,Completed,2023-02-07 23:19:11,2501.17,45.02
912320,711835,UPI,Completed,2025-05-06 16:11:33,1506.94,0.0
912321,711835,UPI,Failed,2025-05-06 16:09:33,1506.94,0.0
912322,711836,UPI,Completed,2024-07-07 10:21:08,115989.03,0.0
912323,711837,Credit Card,Completed,2025-05-08 23:11:30,1852.72,33.35
912324,711838,UPI,Completed,2025-03-24 22:25:07,159377.42,0.0
912325,711839,Cash on Delivery,Completed,2023-01-20 20:16:00,5754.49,0.0
912326,711840,Credit Card,Completed,2024-01-22 17:46:32,2270.42,40.87
912327,711841,UPI,Completed,2023-10-16 17:22:40,8695.42,0.0
912328,711842,Cash on Delivery,Completed,2023-10-01 21:04:49,158366.16,0.0
912329,711843,UPI,Completed,2025-05-21 23:30:23,8459.92,0.0
912330,711844,UPI,Completed,2023-11-23 23:45:11,81680.57,0.0
912331,711845,Net Banking,Completed,2024-09-27 15:55:41,105324.01,0.0
912332,711846,UPI,Completed,2023-12-05 16:39:22,91451.64,0.0
912333,711847,Cash on Delivery,Completed,2024-12-11 15:30:49,111362.96,0.0
912334,711848,Credit Card,Completed,2025-05-14 18:49:34,33172.39,597.1
912335,711849,Debit Card,Completed,2024-03-25 21:14:40,8324.88,149.85
912336,711850,UPI,Completed,2024-12-31 08:33:40,50535.05,0.0
912337,711851,UPI,Failed,2025-09-01 15:15:51,833.72,0.0
912338,711852,UPI,Refunded,2023-06-08 20:33:19,8791.27,0.0
912339,711853,Credit Card,Completed,2025-05-05 20:04:25,6300.33,113.41
912340,711854,Credit Card,Completed,2024-03-14 21:20:20,49633.66,893.41
912341,711855,Net Banking,Refunded,2023-07-27 19:27:48,109969.71,0.0
912342,711856,Wallet,Completed,2024-11-07 19:41:20,48388.78,0.0
912343,711856,Wallet,Failed,2024-11-07 19:34:20,48388.78,0.0
912344,711857,Wallet,Completed,2023-11-10 15:17:50,2494.29,0.0
912345,711858,UPI,Completed,2025-08-28 18:25:23,118034.83,0.0
912346,711859,Credit Card,Completed,2023-03-16 05:12:15,6691.12,120.44
912347,711860,Credit Card,Completed,2023-06-16 13:27:35,64900.16,1168.2
912348,711861,Net Banking,Refunded,2024-10-25 15:55:17,5119.85,0.0
912349,711862,Wallet,Completed,2024-12-21 18:33:47,6217.91,0.0
912350,711863,Credit Card,Completed,2025-05-23 23:09:30,787.41,14.17
912351,711864,UPI,Pending,2023-12-22 20:01:39,3778.52,0.0
912352,711865,UPI,Completed,2025-09-20 23:04:19,4151.06,0.0
912353,711866,UPI,Completed,2025-11-20 16:43:18,7110.51,0.0
912354,711867,UPI,Completed,2024-10-12 23:31:38,309807.33,0.0
912355,711868,Debit Card,Completed,2025-06-25 17:27:07,5935.9,106.85
912356,711869,UPI,Failed,2024-10-27 19:28:47,11231.65,0.0
912357,711870,UPI,Completed,2023-05-03 23:10:58,106823.2,0.0
912358,711871,UPI,Completed,2024-03-18 20:41:02,1406.06,0.0
912359,711872,UPI,Completed,2023-05-28 16:33:10,63886.47,0.0
912360,711873,Debit Card,Completed,2025-12-25 13:41:20,926.36,16.67
912361,711874,UPI,Completed,2023-11-12 11:05:41,833.72,0.0
912362,711875,UPI,Completed,2025-02-03 10:23:36,5651.88,0.0
912363,711876,Debit Card,Refunded,2024-01-21 16:15:35,529.71,9.53
912364,711877,Credit Card,Refunded,2025-02-25 15:42:34,159275.14,2866.95
912365,711878,UPI,Completed,2023-10-30 17:58:37,3721.59,0.0
912366,711879,Cash on Delivery,Completed,2025-07-25 11:56:24,81114.18,0.0
912367,711880,UPI,Completed,2023-07-07 15:44:51,3071.91,0.0
912368,711881,Debit Card,Completed,2025-10-21 13:29:03,6123.13,110.22
912369,711882,Cash on Delivery,Pending,2025-09-19 21:14:38,3639.56,0.0
912370,711883,Debit Card,Refunded,2025-03-28 20:50:44,6576.04,118.37
912371,711884,Cash on Delivery,Completed,2023-04-30 23:57:16,158846.39,0.0
912372,711885,Debit Card,Completed,2023-10-29 17:27:11,39496.97,710.95
912373,711886,UPI,Completed,2025-10-04 21:03:22,136572.82,0.0
912374,711887,Cash on Delivery,Completed,2023-07-26 22:37:02,6398.2,0.0
912375,711888,Cash on Delivery,Completed,2023-09-13 13:30:07,15980.22,0.0
912376,711889,Debit Card,Completed,2024-11-06 14:34:50,8417.51,151.52
912377,711890,UPI,Completed,2024-01-07 20:26:51,83639.65,0.0
912378,711891,UPI,Completed,2023-11-07 21:51:47,44491.72,0.0
912379,711892,Credit Card,Completed,2024-12-05 21:17:26,10047.19,180.85
912380,711893,UPI,Completed,2024-05-19 23:29:45,5935.9,0.0
912381,711894,Wallet,Completed,2023-08-19 21:30:50,452593.69,0.0
912382,711895,UPI,Completed,2024-11-01 23:17:16,8569.14,0.0
912383,711896,Net Banking,Refunded,2024-06-05 14:21:36,54746.81,0.0
912384,711897,Wallet,Completed,2025-05-27 13:32:24,926.36,0.0
912385,711898,Wallet,Failed,2023-06-23 18:03:00,6963.78,0.0
912386,711898,Wallet,Failed,2023-06-23 17:47:00,6963.78,0.0
912387,711899,Debit Card,Completed,2025-01-21 18:27:17,4733.28,85.2
912388,711900,UPI,Completed,2024-08-10 17:46:31,7279.94,0.0
912389,711901,UPI,Completed,2024-07-02 15:36:26,8594.14,0.0
912390,711902,Cash on Delivery,Completed,2023-11-14 23:16:08,8737.83,0.0
912391,711903,Debit Card,Completed,2023-02-21 23:42:07,12440.43,223.93
912392,711904,UPI,Completed,2025-09-27 18:52:58,18060.66,0.0
912393,711905,Net Banking,Completed,2024-03-18 18:15:29,136207.78,0.0
912394,711906,Debit Card,Completed,2025-03-31 23:51:26,4803.07,86.46
912395,711907,Net Banking,Completed,2025-11-15 17:38:04,138099.81,0.0
912396,711908,UPI,Completed,2024-11-21 17:39:16,3018.1,0.0
912397,711909,Credit Card,Completed,2024-06-19 20:15:08,24277.18,436.99
912398,711910,UPI,Completed,2023-12-30 08:05:24,3630.9,0.0
912399,711911,UPI,Refunded,2025-11-08 15:06:50,4090.55,0.0
912400,711912,Cash on Delivery,Completed,2025-04-01 18:09:21,1852.72,0.0
912401,711913,Cash on Delivery,Completed,2025-03-12 14:20:30,157647.17,0.0
912402,711914,UPI,Completed,2024-07-30 18:55:22,16115.02,0.0
912403,711915,UPI,Pending,2025-09-24 16:03:40,5026.19,0.0
912404,711916,Cash on Delivery,Completed,2025-05-08 16:06:40,8463.83,0.0
912405,711917,Debit Card,Completed,2024-01-20 15:21:22,3887.71,69.98
912406,711918,UPI,Completed,2024-12-28 23:00:39,44393.6,0.0
912407,711919,Debit Card,Completed,2024-08-04 18:40:55,46356.5,834.42
912408,711920,Debit Card,Completed,2023-01-13 16:35:36,97428.57,1753.71
912409,711921,UPI,Completed,2025-08-13 17:21:49,163532.04,0.0
912410,711922,UPI,Completed,2023-07-27 18:29:11,84389.07,0.0
912411,711923,Debit Card,Failed,2024-10-19 15:29:22,119602.54,2152.85
912412,711924,UPI,Completed,2024-04-02 14:49:27,9322.38,0.0
912413,711925,Wallet,Completed,2024-04-11 18:45:35,4268.16,0.0
912414,711926,UPI,Failed,2024-09-30 15:08:10,1646591.0,0.0
912415,711927,UPI,Completed,2025-12-30 18:43:10,496.32,0.0
912416,711928,Debit Card,Completed,2024-07-05 18:58:20,85725.83,1543.06
912417,711929,UPI,Completed,2023-10-11 18:16:40,7260.28,0.0
912418,711929,UPI,Failed,2023-10-11 18:14:40,7260.28,0.0
912419,711930,UPI,Completed,2025-01-13 16:55:39,4596.63,0.0
912420,711931,Debit Card,Completed,2023-11-18 19:28:35,139525.72,2511.46
912421,711932,Wallet,Completed,2023-06-28 21:37:23,113488.01,0.0
912422,711933,Credit Card,Completed,2023-03-30 14:14:26,4591.04,82.64
912423,711934,Cash on Delivery,Completed,2023-02-06 19:55:14,3442.21,0.0
912424,711935,UPI,Refunded,2024-08-05 18:51:57,6993.39,0.0
912425,711935,UPI,Failed,2024-08-05 18:38:57,6993.39,0.0
912426,711936,Net Banking,Completed,2024-07-31 22:29:11,926.36,0.0
912427,711937,Cash on Delivery,Completed,2023-10-14 21:28:36,7583.79,0.0
912428,711938,Credit Card,Completed,2025-07-23 11:14:14,4469.13,80.44
912429,711939,UPI,Completed,2023-08-06 23:08:38,9300.89,0.0
912430,711940,Credit Card,Completed,2025-10-31 15:57:44,11038.08,198.69
912431,711941,UPI,Completed,2024-12-20 18:21:19,9100.55,0.0
912432,711942,UPI,Completed,2023-02-16 22:52:08,64092.97,0.0
912433,711943,Debit Card,Completed,2025-11-30 22:58:09,164427.52,2959.7
912434,711943,Debit Card,Failed,2025-11-30 22:50:09,164427.52,0.0
912435,711944,UPI,Completed,2024-02-20 19:42:40,159377.42,0.0
912436,711945,Debit Card,Completed,2024-08-24 18:54:53,11618.88,209.14
912437,711946,UPI,Completed,2024-01-21 18:58:33,57358.83,0.0
912438,711947,UPI,Completed,2025-05-21 16:31:05,144892.27,0.0
912439,711948,UPI,Completed,2024-10-05 15:14:29,5687.02,0.0
912440,711949,UPI,Completed,2023-08-09 18:51:47,6825.41,0.0
912441,711950,UPI,Completed,2023-06-25 21:29:55,1250.59,0.0
912442,711951,UPI,Completed,2025-05-18 16:35:31,243270.85,0.0
912443,711952,Credit Card,Completed,2023-11-19 20:29:32,7699.78,138.6
912444,711953,Cash on Delivery,Completed,2023-08-15 21:41:50,67754.21,0.0
912445,711954,UPI,Completed,2024-10-13 23:57:13,84028.7,0.0
912446,711955,Debit Card,Completed,2025-08-10 21:47:47,53056.42,955.02
912447,711956,Net Banking,Completed,2024-01-14 08:31:11,75707.48,0.0
912448,711957,Credit Card,Completed,2024-01-10 16:20:10,7345.38,132.22
912449,711958,Debit Card,Completed,2025-09-11 19:58:06,787.41,14.17
912450,711959,UPI,Completed,2023-08-31 19:26:33,138474.75,0.0
912451,711960,Debit Card,Completed,2025-01-17 15:59:50,3302.51,59.45
912452,711961,Wallet,Completed,2025-11-22 14:04:13,82658.62,0.0
912453,711962,Net Banking,Refunded,2025-09-20 23:42:18,10284.74,0.0
912454,711963,Cash on Delivery,Pending,2023-04-20 17:44:43,103059.27,0.0
912455,711964,UPI,Completed,2024-03-09 15:38:12,158914.24,0.0
912456,711965,UPI,Completed,2023-08-22 23:58:17,38764.62,0.0
912457,711966,Credit Card,Completed,2025-11-15 10:58:35,79873.98,1437.73
912458,711967,UPI,Completed,2025-12-23 18:06:55,9930.36,0.0
912459,711967,UPI,Failed,2025-12-23 18:02:55,9930.36,0.0
912460,711968,UPI,Completed,2023-11-16 10:26:17,154005.96,0.0
912461,711968,UPI,Failed,2023-11-16 10:10:17,154005.96,0.0
912462,711969,Net Banking,Failed,2025-03-17 23:48:42,202610.55,0.0
912463,711970,Wallet,Failed,2025-09-20 18:58:35,80800.43,0.0
912464,711970,Wallet,Failed,2025-09-20 18:49:35,80800.43,0.0
912465,711971,UPI,Refunded,2023-11-15 17:53:58,161958.12,0.0
912466,711972,UPI,Completed,2023-10-15 23:41:32,56196.79,0.0
912467,711973,UPI,Completed,2023-01-21 23:51:07,18314851.0,0.0
912468,711974,UPI,Refunded,2024-07-10 16:16:59,7583.79,0.0
912469,711975,Debit Card,Completed,2025-10-23 19:01:04,1538.81,27.7
912470,711976,UPI,Completed,2025-10-25 23:42:05,264411.89,0.0
912471,711976,UPI,Failed,2025-10-25 23:29:05,264411.89,0.0
912472,711977,UPI,Completed,2023-08-05 21:31:47,202576.64,0.0
912473,711978,Cash on Delivery,Completed,2023-10-26 23:04:41,99609.11,0.0
912474,711979,Net Banking,Completed,2024-07-05 19:04:21,3032.34,0.0
912475,711980,UPI,Completed,2025-07-19 18:53:06,74812.63,0.0
912476,711981,UPI,Completed,2025-01-11 23:57:47,127022.84,0.0
912477,711982,UPI,Completed,2024-10-21 20:13:23,141808.36,0.0
912478,711983,UPI,Completed,2024-12-23 14:57:45,6274.34,0.0
912479,711984,Wallet,Pending,2023-06-11 23:53:27,528.7,0.0
912480,711985,UPI,Completed,2024-09-30 12:38:48,3525.73,0.0
912481,711986,UPI,Failed,2025-12-27 13:57:10,102649.11,0.0
912482,711987,UPI,Pending,2023-05-29 13:28:54,158447.15,0.0
912483,711988,Wallet,Completed,2024-10-24 10:08:43,2148.74,0.0
912484,711989,UPI,Completed,2024-02-01 20:18:33,1111.63,0.0
912485,711990,UPI,Completed,2024-11-04 23:42:22,225940.94,0.0
912486,711991,Credit Card,Completed,2024-12-02 21:57:55,456.16,8.21
912487,711992,Cash on Delivery,Pending,2024-12-07 16:04:31,13102.83,0.0
912488,711993,Debit Card,Completed,2025-10-01 19:31:58,17444.57,314.0
912489,711994,Cash on Delivery,Completed,2024-06-09 20:07:08,833.72,0.0
912490,711995,Credit Card,Failed,2024-10-22 17:20:47,2275.14,40.95
912491,711996,Debit Card,Refunded,2023-01-21 19:16:37,120803.02,2174.45
912492,711997,Cash on Delivery,Refunded,2025-07-29 20:52:23,8709751.0,0.0
912493,711998,Debit Card,Completed,2023-12-22 16:59:35,222069.02,3997.24
912494,711998,Debit Card,Failed,2023-12-22 16:56:35,222069.02,0.0
912495,711999,Debit Card,Completed,2025-08-22 22:37:10,81334.36,1464.02
