customer_id,customer_name,email,phone,gender,date_of_birth,city,state,country,signup_date,cuatomer_segment,is_subscribed_newsletter
100000,Chaman Khurana,chaman.khurana913@outlook.com,07701436349,Female,1978-04-29,Indore,Madhya Pradesh,India,2024-09-19,HIGH,1
100001,Orinder Sandal,orinder.sandal670@yahoo.com,04431351823,Male,1970-12-31,Chandigarh,Chandigarh,India,2023-12-29,HIGH,0
100003,Edhitha Swaminathan,edhitha.swaminathan472@yahoo.com,07752047116,Female,1984-03-20,Pune,Maharashtra,India,2023-02-07,MEDIUN,0
100004,Avni Doshi,avni.doshi247@gmail.com,8699938677,Female,1974-11-20,Indore,Madhya Pradesh,India,2024-02-24,LOW,1
100006,Vrinda Manne,vrinda.manne240@outlook.com,3493618324,Female,2000-04-16,Ahmedabad,Gujarat,India,2025-01-11,MEDIUN,1
100007,Bimala Bhasin,bimala.bhasin310@yahoo.com,7174648877,Female,1964-06-22,Surat,Gujarat,India,2024-03-01,HIGH,1
100009,Hemangini Sarin,hemangini.sarin714@outlook.com,6551256746,Female,1999-08-31,Faridabad,Haryana,India,2023-08-20,HIGH,1
100010,Andrew Sha,andrew.sha879@outlook.com,08087603859,Male,1996-12-02,Pune,Maharashtra,India,2025-01-30,LOW,0
100011,Timothy Behl,timothy.behl398@yahoo.com,1093248086,Male,1965-02-01,Chandigarh,Chandigarh,India,2025-03-09,LOW,0
100012,Deepa Shenoy,deepa.shenoy53@yahoo.com,4677378263,Female,2004-11-11,Bengaluru,Karnataka,India,2024-12-11,HIGH,0
100015,Dev Thakkar,dev.thakkar795@outlook.com,8702621745,Male,1990-07-12,Pune,Maharashtra,India,2024-12-18,HIGH,0
100016,Rushil Buch,rushil.buch101@hotmail.com,00913431611,Male,1981-11-28,Bhopal,Madhya Pradesh,India,2025-10-11,LOW,0
100017,Mason Balakrishnan,mason.balakrishnan47@hotmail.com,6238692221,Male,1989-11-13,Surat,Gujarat,India,2024-01-17,MEDIUN,0
100018,Rayaan Khosla,rayaan.khosla303@hotmail.com,7407482175,Male,2008-01-08,Coimbatore,Tamil Nadu,India,2025-06-15,MEDIUN,0
100019,Mason Samra,mason.samra782@outlook.com,7136959440,Male,2007-07-22,Surat,Gujarat,India,2025-08-18,LOW,0
100021,Urvi Bandi,urvi.bandi860@gmail.com,6232858842,Female,1972-12-12,Delhi,Delhi,India,2025-07-12,HIGH,0
100024,Arin Barad,arin.barad18@outlook.com,8267586926,Male,1992-01-19,Jaipur,Rajasthan,India,2024-04-21,MEDIUN,1
100025,Wishi Reddy,wishi.reddy247@yahoo.com,07735158506,Female,1973-11-08,Hyderabad,Telangana,India,2023-12-08,MEDIUN,1
100026,Divya Sha,divya.sha471@hotmail.com,5329318393,Female,1999-08-22,Patna,Bihar,India,2025-01-31,HIGH,0
100027,Kamala   Narasimhan,kamala.narasimhan416@gmail.com,8421020539,Female,1976-02-26,Delhi,Delhi,India,2024-10-09,HIGH,0
100028,Harita Lanka,harita.lanka661@hotmail.com,07758917839,Female,1962-09-11,Bhopal,Madhya Pradesh,India,2023-01-20,LOW,0
100029,Yoshita Mitra,yoshita.mitra217@yahoo.com,6177115921,Female,1966-09-02,Delhi,Delhi,India,2024-06-16,HIGH,1
100030,Nicholas Raj,nicholas.raj184@gmail.com,06118367365,Male,2000-04-30,Jaipur,Rajasthan,India,2023-12-29,MEDIUN,0
100031,Sudiksha Sagar,sudiksha.sagar307@gmail.com,05271111615,Female,1999-07-30,Faridabad,Haryana,India,2023-09-23,LOW,0
100032,Bhanumati Narayan,bhanumati.narayan774@hotmail.com,4945198327,Female,1971-05-18,Surat,Gujarat,India,2025-08-12,HIGH,0
100033,Chatura Palla,chatura.palla101@gmail.com,3689980940,Male,1969-04-10,Patna,Bihar,India,2024-11-04,HIGH,0
100034,Nilima Nori,nilima.nori31@outlook.com,1201836675,Female,1968-03-02,Faridabad,Haryana,India,2025-04-27,LOW,1
100037,Ekapad Kumer,ekapad.kumer6@gmail.com,02268388516,Male,2001-12-23,Hyderabad,Telangana,India,2024-04-15,HIGH,0
100038,Anvi Sarin,anvi.sarin571@hotmail.com,9664160529,Female,1982-09-12,Indore,Madhya Pradesh,India,2025-01-07,HIGH,0
100039,Pratyush Chakrabarti,pratyush.chakrabarti885@outlook.com,6816453521,Male,1985-02-11,Guwahati,Assam,India,2025-05-26,HIGH,0
100040,Dakshesh Wali,dakshesh.wali702@yahoo.com,1243292127,Male,,Pune,Maharashtra,India,2025-06-19,LOW,1
100041,Vedika Sen,vedika.sen432@outlook.com,1774490581,Female,1975-07-07,Indore,Madhya Pradesh,India,2024-09-05,MEDIUN,1
100042,Upkaar Barad,upkaar.barad469@yahoo.com,09867980793,Male,1976-01-18,Bhopal,Madhya Pradesh,India,2025-01-19,LOW,0
100044,Quincy Mandal,quincy.mandal491@yahoo.com,01518644925,Male,1964-07-10,Guwahati,Assam,India,2023-05-22,LOW,0
100045,Ekavir Palla,ekavir.palla334@yahoo.com,4865281685,Male,1961-06-27,Bhopal,Madhya Pradesh,India,2025-04-14,LOW,0
100046,NILIMA Gole,nilima.gole699@yahoo.com,02214188805,Female,2002-09-05,Coimbatore,Tamil Nadu,India,2024-12-13,MEDIUN,0
100047,Ekaja Puri,ekaja.puri839@gmail.com,0653794738,Female,1972-02-04,Lucknow,Uttar Pradesh,India,2025-02-21,LOW,0
100048,Vrinda Hari,vrinda.hari733@yahoo.com,8862392407,Female,2002-07-28,Jaipur,Rajasthan,India,2025-05-03,LOW,0
100049,Dalaja Varty,dalaja.varty557@hotmail.com,07826137506,Female,1963-03-03,Chandigarh,Chandigarh,India,2024-11-06,MEDIUN,0
100050,Zayan Prakash,zayan.prakash788@gmail.com,5152204727,Male,1982-02-22,Bengaluru,Karnataka,India,2025-03-20,LOW,0
100053,Idika Chada,idika.chada108@hotmail.com,8880670654,Female,1996-06-25,Mumbai,Maharashtra,India,2023-07-10,LOW,0
100054,Pranav Bir,pranav.bir352@outlook.com,0585277221,Male,1994-12-25,Patna,Bihar,India,2023-05-06,HIGH,1
100055,Veer Bansal,veer.bansal69@outlook.com,4868740345,Male,2001-12-30,Nagpur,Maharashtra,India,2023-04-17,LOW,0
100056,Arjun Narula,arjun.narula529@yahoo.com,6527758416,Male,1964-05-26,Chennai,Tamil Nadu,India,2024-04-09,LOW,0
100057,Hemangini Memon,hemangini.memon191@yahoo.com,7962757059,Female,2008-07-10,Faridabad,Haryana,India,2023-04-27,HIGH,0
100058,Laksh Bhandari,,0297021355,Male,1978-12-28,Coimbatore,Tamil Nadu,India,2023-01-28,LOW,0
100059,Anamika Dube,anamika.dube819@gmail.com,9285654310,Female,1995-12-04,Coimbatore,Tamil Nadu,India,2025-08-15,HIGH,0
100061,tristan Chahal,tristan.chahal941@outlook.com,8442258313,Male,1998-08-19,Chennai,Tamil Nadu,India,2023-10-23,HIGH,0
100062,Kashish Tak,kashish.tak711@outlook.com,9114678669,Female,1964-02-25,Chennai,Tamil Nadu,India,2023-01-10,HIGH,0
100063,Nitara Borah,nitara.borah569@yahoo.com,2268018242,Female,1968-05-21,Bhopal,Madhya Pradesh,India,2024-06-13,HIGH,1
100064,Isaiah Pal,isaiah.pal497@gmail.com,08424981829,Male,2005-10-23,Patna,Bihar,India,2023-12-11,LOW,1
100068,Rehaan Sahota,rehaan.sahota560@hotmail.com,03278774701,Male,2005-12-25,Delhi,Delhi,India,2023-04-01,LOW,0
100071,Logan Dani,logan.dani804@yahoo.com,8523986800,Male,1962-06-25,Guwahati,Assam,India,2023-02-16,HIGH,0
100073,Yash Mistry,yash.mistry986@yahoo.com,6940974993,Male,1995-03-29,Hyderabad,Telangana,India,2024-06-22,HIGH,1
100074,Wriddhish Garde,wriddhish.garde150@yahoo.com,09130756263,Male,1980-04-23,Ahmedabad,Gujarat,India,2025-06-24,LOW,0
100075,Vrishti Bhatia,vrishti.bhatia643@outlook.com,8652785854,Female,1989-11-23,Coimbatore,Tamil Nadu,India,2024-09-14,HIGH,0
100076,Gopal Koshy,gopal.koshy712@outlook.com,03757584419,Male,,Kochi,Kerala,India,2024-04-11,LOW,1
100078,Ekantika Chopra,ekantika.chopra507@yahoo.com,3301657120,Female,2006-11-28,Indore,Madhya Pradesh,India,2025-07-25,LOW,1
100079,FARHAN Ray,farhan.ray916@outlook.com,5401938026,Male,2002-12-17,Bhopal,Madhya Pradesh,India,2024-08-26,HIGH,0
100080,Gaurang Bansal,gaurang.bansal452@yahoo.com,0049915478,Male,1985-10-12,Hyderabad,Telangana,India,2025-11-29,HIGH,1
100081,Ekani Thaman,ekani.thaman896@yahoo.com,7420549329,Female,2001-09-15,Lucknow,Uttar Pradesh,India,2024-06-19,HIGH,0
100083,Matthew Apte,matthew.apte219@gmail.com,7426841459,Male,,Hyderabad,Telangana,India,2025-03-29,LOW,1
100086,Wishi Chand,wishi.chand544@gmail.com,8679087406,Female,1972-10-29,Ahmedabad,Gujarat,India,2024-11-24,LOW,1
100088,Sai Sen,sai.sen360@hotmail.com,2512868230,Female,1996-11-28,Coimbatore,Tamil Nadu,India,2025-10-17,LOW,1
100090,Abhiram Khosla,abhiram.khosla766@yahoo.com,09030673830,Male,1967-05-04,Guwahati,Assam,India,2024-03-16,HIGH,0
100091,Mohini Kaur,mohini.kaur247@gmail.com,3428364408,Female,2006-02-21,Faridabad,Haryana,India,2023-10-24,LOW,0
100092,Harita Sane,harita.sane397@yahoo.com,5662462873,Female,2001-05-19,Surat,Gujarat,India,2025-07-05,MEDIUN,1
100094,Charita Wason,charita.wason644@outlook.com,9901398373,Female,2002-05-07,Kochi,Kerala,India,2024-09-21,LOW,1
100095,osha Mitter,osha.mitter285@yahoo.com,07393638546,Female,1982-12-29,Chandigarh,Chandigarh,India,2024-12-15,MEDIUN,0
100096,Rachita Morar,rachita.morar601@hotmail.com,5355609320,Female,1973-02-16,Surat,Gujarat,India,2025-03-29,MEDIUN,0
100097,Sathvik Merchant,sathvik.merchant251@gmail.com,3785477725,Male,1968-09-26,Pune,Maharashtra,India,2024-02-25,MEDIUN,0
100099,Ayushman Subramanian,ayushman.subramanian381@yahoo.com,6008484086,Male,1999-04-23,Jaipur,Rajasthan,India,2024-08-28,LOW,1
100101,Jeevika Mital,jeevika.mital524@hotmail.com,6687002176,Female,1991-07-27,Bhopal,Madhya Pradesh,India,2023-09-06,HIGH,0
100102,NOAH   Chandran,noah.chandran234@gmail.com,07401489025,Male,,Hyderabad,Telangana,India,2025-10-25,HIGH,0
100103,Abhiram Johal,abhiram.johal943@hotmail.com,09396856218,Male,1996-05-24,Patna,Bihar,India,2024-08-02,LOW,0
100105,Riya Sankaran,riya.sankaran184@gmail.com,3114262655,Female,1965-09-23,Hyderabad,Telangana,India,2025-03-03,LOW,0
100107,Charita Nair,charita.nair476@yahoo.com,01839826224,Female,1975-01-25,Guwahati,Assam,India,2025-10-15,LOW,1
100108,Yatin Dhingra,,7154379937,Male,1965-09-30,Chandigarh,Chandigarh,India,2023-01-24,HIGH,1
100111,Agastya Shenoy,agastya.shenoy718@hotmail.com,06724342661,Male,1982-03-03,Pune,Maharashtra,India,2023-12-10,LOW,0
100112,Wriddhish Rattan,wriddhish.rattan607@gmail.com,08911352909,Male,2007-10-29,Faridabad,Haryana,India,2024-07-14,HIGH,0
100113,Sudiksha Narula,sudiksha.narula718@hotmail.com,4388899375,Female,1979-05-22,Surat,Gujarat,India,2023-12-18,LOW,0
100114,Yamini Dora,yamini.dora160@gmail.com,6112545738,Female,1983-10-17,Ahmedabad,Gujarat,India,2025-04-25,LOW,0
100116,Tanay Shere,tanay.shere221@gmail.com,6093796603,Male,1970-06-28,Guwahati,Assam,India,2024-03-25,LOW,0
100117,Bhavika Chaudry,bhavika.chaudry694@gmail.com,7147859696,Female,1988-10-15,Kochi,Kerala,India,2025-09-24,LOW,0
100118,Priya   Pandey,priya.pandey97@yahoo.com,1251341252,Female,1985-02-17,Chandigarh,Chandigarh,India,2024-11-04,MEDIUN,0
100120,Praneel Andra,praneel.andra23@gmail.com,7676772190,Male,1998-10-25,Jaipur,Rajasthan,India,2024-06-25,LOW,1
100122,Qadim Barman,qadim.barman392@gmail.com,1340745171,Male,1997-11-04,Bhopal,Madhya Pradesh,India,2025-09-11,MEDIUN,0
100123,Jagat Kadakia,jagat.kadakia629@gmail.com,9233095849,Male,1986-06-22,Ahmedabad,Gujarat,India,2024-10-22,HIGH,1
100127,Victor Babu,victor.babu829@gmail.com,06324241541,Male,1978-06-18,Jaipur,Rajasthan,India,2025-02-11,HIGH,0
100129,Onveer Dara,onveer.dara364@hotmail.com,3611155426,Male,1997-09-27,Pune,Maharashtra,India,2024-12-26,HIGH,0
100130,Ekani Dhar,ekani.dhar721@gmail.com,5326973112,Female,1996-09-23,Patna,Bihar,India,2024-01-25,MEDIUN,0
100131,rehaan Panchal,rehaan.panchal180@outlook.com,1389994043,Male,1985-06-19,Bhopal,Madhya Pradesh,India,2023-12-17,LOW,0
100132,Yashoda Gulati,yashoda.gulati940@outlook.com,6137918055,Female,1966-12-12,Mumbai,Maharashtra,India,2024-09-29,HIGH,0
100133,Ucchal Pau,ucchal.pau23@gmail.com,04300684,Female,1990-10-14,Surat,Gujarat,India,2025-07-01,HIGH,1
100134,Yamini Sagar,yamini.sagar383@gmail.com,9241418328,Female,1976-04-18,Patna,Bihar,India,2024-06-03,MEDIUN,1
100136,Abdul Gade,abdul.gade229@outlook.com,2524105648,Male,1963-09-05,Guwahati,Assam,India,2024-06-30,LOW,0
100137,Brinda Taneja,brinda.taneja972@gmail.com,02524191380,Female,1962-09-23,Chennai,Tamil Nadu,India,2024-06-15,MEDIUN,0
100138,Abha Konda,abha.konda944@outlook.com,0863536541,Female,1988-01-18,Chennai,Tamil Nadu,India,2025-01-16,HIGH,1
100139,Dipta Thakkar,dipta.thakkar244@gmail.com,0617445187,Female,1960-12-29,Surat,Gujarat,India,2025-08-13,MEDIUN,0
100140,Harish Manne,harish.manne12@hotmail.com,5973832060,Male,1971-10-18,Surat,Gujarat,India,2024-07-24,LOW,0
100141,Oscar Andra,oscar.andra396@gmail.com,3836702410,Male,2004-10-31,Mumbai,Maharashtra,India,2023-12-13,HIGH,1
100143,Leena Murty,leena.murty819@gmail.com,4313291212,Female,,Nagpur,Maharashtra,India,2024-12-04,LOW,0
100144,Varenya Shukla,varenya.shukla165@hotmail.com,07474112490,Female,1970-12-07,Chennai,Tamil Nadu,India,2025-04-15,LOW,0
100146,Dalaja Dey,dalaja.dey211@outlook.com,6519941013,Female,2003-12-07,Hyderabad,Telangana,India,2025-02-10,HIGH,0
100147,Tristan Dave,tristan.dave244@outlook.com,0296670662,Male,,Lucknow,Uttar Pradesh,India,2025-01-31,LOW,1
100149,Bhavani Chahal,bhavani.chahal84@outlook.com,03806578759,Female,1984-09-22,Chennai,Tamil Nadu,India,2024-04-12,MEDIUN,1
100151,Lila Walla,lila.walla477@hotmail.com,5223955905,Female,2006-02-04,Jaipur,Rajasthan,India,2024-10-24,HIGH,0
100152,Ekavir Guha,ekavir.guha685@gmail.com,07010393087,Male,1960-08-23,Hyderabad,Telangana,India,2025-10-06,MEDIUN,0
100155,Aachal Raman,aachal.raman124@yahoo.com,09391725135,Female,2007-10-08,Guwahati,Assam,India,2025-10-11,LOW,1
100156,Fiyaz Chakrabarti,fiyaz.chakrabarti44@yahoo.com,3315410067,Male,1995-10-11,Kolkata,West Bengal,India,2025-10-01,MEDIUN,1
100159,Chandresh Narula,chandresh.narula425@gmail.com,4443106987,Male,1967-12-26,Indore,Madhya Pradesh,India,2025-03-10,LOW,0
100161,Libni Chand,libni.chand39@hotmail.com,5270477434,Female,1987-09-12,Bhopal,Madhya Pradesh,India,2024-08-22,HIGH,1
100162,Faqid Chatterjee,faqid.chatterjee708@outlook.com,03806868793,Male,,Faridabad,Haryana,India,2024-02-01,HIGH,0
100164,Balveer Saran,balveer.saran793@hotmail.com,1168685487,Male,2004-08-20,Lucknow,Uttar Pradesh,India,2025-03-09,HIGH,1
100167,WAZIR Luthra,wazir.luthra858@yahoo.com,4713247546,Male,1989-08-26,Kolkata,West Bengal,India,2025-10-26,HIGH,0
100168,Chaitanya Guha,chaitanya.guha518@hotmail.com,0821486289,Male,1962-01-01,Patna,Bihar,India,2024-06-10,HIGH,1
100169,Inaya Iyer,inaya.iyer984@yahoo.com,5345786103,Female,1978-06-29,Nagpur,Maharashtra,India,2024-11-01,MEDIUN,1
100170,Vansha Goel,vansha.goel29@outlook.com,5241406029,Female,1998-01-16,Bengaluru,Karnataka,India,2025-11-16,HIGH,0
100171,Jalsa Kant,jalsa.kant276@yahoo.com,00072290349,Female,1999-04-04,Pune,Maharashtra,India,2024-08-24,HIGH,1
100173,Rachit Mandal,rachit.mandal917@hotmail.com,4544432830,Male,1999-04-10,Jaipur,Rajasthan,India,2025-04-10,MEDIUN,0
100176,Mitesh Salvi,mitesh.salvi672@outlook.com,4717099917,Male,2003-04-22,Jaipur,Rajasthan,India,2023-10-14,HIGH,0
100177,Zashil Dar,zashil.dar677@hotmail.com,0223569725,Male,2002-01-03,Delhi,Delhi,India,2024-11-12,LOW,0
100178,Hemangini Buch,hemangini.buch398@hotmail.com,07432927129,Female,1981-06-06,Indore,Madhya Pradesh,India,2023-06-27,LOW,1
100180,Orinder Muni,orinder.muni301@yahoo.com,2104478985,Male,1981-06-06,Chandigarh,Chandigarh,India,2023-02-16,MEDIUN,0
100182,Anjali Prashad,anjali.prashad267@outlook.com,9010016761,Female,1986-11-18,Surat,Gujarat,India,2024-11-15,MEDIUN,0
100183,Vritti Dua,vritti.dua484@gmail.com,08499261891,Female,1974-03-08,Coimbatore,Tamil Nadu,India,2023-03-16,LOW,0
100185,Agastya Chakraborty,agastya.chakraborty884@outlook.com,1143744701,Other,1999-08-24,Ahmedabad,Gujarat,India,2025-10-29,LOW,1
100187,Onveer Goswami,onveer.goswami630@yahoo.com,7621202169,Male,,Bengaluru,Karnataka,India,2025-02-07,HIGH,1
100188,WYATT Sarma,wyatt.sarma749@yahoo.com,2771670145,Male,1961-03-16,Chandigarh,Chandigarh,India,2024-03-07,LOW,1
100191,Balveer Sharaf,balveer.sharaf351@yahoo.com,05170166088,Male,1960-08-14,Indore,Madhya Pradesh,India,2023-06-11,LOW,1
100193,INDRAJIT Agate,indrajit.agate729@outlook.com,01027261493,Male,1969-08-13,Hyderabad,Telangana,India,2025-04-24,MEDIUN,0
100194,Ronith Kale,ronith.kale678@gmail.com,0917798270,Male,1986-01-26,Delhi,Delhi,India,2024-06-15,HIGH,1
100195,Arunima   Sant,arunima.sant486@outlook.com,2216995866,Female,2007-08-18,Hyderabad,Telangana,India,2023-11-02,LOW,1
100196,Jeet Mahal,jeet.mahal638@outlook.com,02698485833,Male,1970-09-05,Hyderabad,Telangana,India,2024-05-25,HIGH,1
100197,Mohini Pai,mohini.pai117@outlook.com,5158799684,Female,2002-09-24,Hyderabad,Telangana,India,2023-12-02,HIGH,0
100200,Avi Arya,avi.arya799@gmail.com,5989334721,Male,1969-08-03,Ahmedabad,Gujarat,India,2025-09-05,HIGH,1
100201,Harini Varkey,harini.varkey476@outlook.com,04229405720,Female,1967-12-28,Lucknow,Uttar Pradesh,India,2023-02-13,HIGH,0
100203,Tamanna Chanda,tamanna.chanda367@outlook.com,4398780157,Female,1972-02-24,Chennai,Tamil Nadu,India,2025-04-27,HIGH,0
100207,Samaksh Sant,samaksh.sant943@hotmail.com,9190158144,Male,1989-09-23,Ahmedabad,Gujarat,India,2024-04-25,LOW,0
100208,Megha Sarma,megha.sarma979@yahoo.com,3268424508,Female,2002-08-08,Mumbai,Maharashtra,India,2025-05-08,MEDIUN,0
100209,Ekavir Dasgupta,ekavir.dasgupta355@hotmail.com,4353682223,Male,1990-03-23,Pune,Maharashtra,India,2024-01-16,LOW,1
100211,Jacob Chaudhry,jacob.chaudhry329@hotmail.com,7594929955,Male,2006-08-18,Bengaluru,Karnataka,India,2025-04-05,HIGH,0
100212,Frado Agrawal,frado.agrawal81@yahoo.com,2577754781,Male,1969-01-18,Faridabad,Haryana,India,2023-04-25,HIGH,1
100213,Banjeet Mand,banjeet.mand764@hotmail.com,1108099693,Male,,Hyderabad,Telangana,India,2025-10-13,HIGH,1
100214,Anita Lad,anita.lad912@outlook.com,3942788165,Female,1984-09-18,Bengaluru,Karnataka,India,2023-07-17,HIGH,0
100216,Kamala Basak,kamala.basak100@gmail.com,0051844989,Female,1968-12-15,Nagpur,Maharashtra,India,2023-09-01,LOW,1
100217,Saanvi Pau,saanvi.pau719@outlook.com,3865577908,Female,2002-12-13,Lucknow,Uttar Pradesh,India,2025-07-15,MEDIUN,0
100218,Urvi Gandhi,urvi.gandhi261@gmail.com,02591365177,Female,1983-08-10,Indore,Madhya Pradesh,India,2025-03-18,HIGH,1
100219,FARIS Roy,faris.roy111@outlook.com,2280920242,Male,1985-05-30,Kolkata,West Bengal,India,2024-01-09,HIGH,0
100221,Yashodhara Lalla,yashodhara.lalla859@hotmail.com,01366210388,Female,1993-06-18,Chandigarh,Chandigarh,India,2024-03-02,HIGH,1
100222,Falan Char,falan.char107@yahoo.com,01729806865,Male,2002-08-09,Chennai,Tamil Nadu,India,2024-03-05,HIGH,1
100223,Zilmil Sanghvi,zilmil.sanghvi281@yahoo.com,62473149,Female,2002-09-12,Guwahati,Assam,India,2025-03-18,HIGH,0
100224,Samarth Kurian,samarth.kurian864@outlook.com,08063565126,Male,1991-11-21,Guwahati,Assam,India,2025-03-04,LOW,1
100225,Jonathan Lal,jonathan.lal640@yahoo.com,04636887258,Male,1987-04-01,Kolkata,West Bengal,India,2025-10-12,HIGH,1
100226,Jonathan Mohanty,jonathan.mohanty728@outlook.com,7213865890,Male,1968-04-30,Chennai,Tamil Nadu,India,2025-07-12,LOW,1
100229,Andrew Parsa,andrew.parsa772@yahoo.com,6566938011,Male,1986-12-29,Lucknow,Uttar Pradesh,India,2024-03-28,HIGH,1
100231,Nandini Oak,nandini.oak397@hotmail.com,7697357790,Female,,Delhi,Delhi,India,2023-12-11,HIGH,0
100232,Wridesh Dada,wridesh.dada636@yahoo.com,6588043416,Male,1992-12-13,Jaipur,Rajasthan,India,2024-04-04,HIGH,0
100233,Onveer Borra,onveer.borra795@yahoo.com,3942373334,Male,,Patna,Bihar,India,2025-07-04,LOW,1
100235,Xiti Maharaj,xiti.maharaj478@outlook.com,2086780856,Female,,Mumbai,Maharashtra,India,2024-06-28,HIGH,1
100236,Gagan Shankar,gagan.shankar503@outlook.com,3691559428,Male,1973-03-25,Guwahati,Assam,India,2025-11-22,HIGH,1
100237,Krish Sinha,krish.sinha806@gmail.com,6365564729,Male,1966-11-28,Chennai,Tamil Nadu,India,2025-11-16,LOW,1
100239,Nisha Sur,nisha.sur685@gmail.com,0347175455,Female,1987-07-06,Mumbai,Maharashtra,India,2023-04-20,MEDIUN,1
100240,Kabir Padmanabhan,kabir.padmanabhan391@outlook.com,9982455877,Male,2003-04-26,Delhi,Delhi,India,2024-01-08,LOW,0
100241,Sai Mangat,sai.mangat527@outlook.com,9961125355,Female,1991-12-16,Kochi,Kerala,India,2024-06-18,LOW,1
100242,Lila Rana,lila.rana971@gmail.com,07622023413,Female,1968-08-16,Kochi,Kerala,India,2024-04-09,LOW,0
100244,MEGHANA Savant,meghana.savant765@gmail.com,00557784872,Female,,Indore,Madhya Pradesh,India,2025-07-28,LOW,1
100245,Gaurang Shan,gaurang.shan572@outlook.com,05783174564,Male,1968-02-02,Chennai,Tamil Nadu,India,2025-07-30,LOW,1
100246,Aashi Acharya,,8077406493,Female,1998-11-09,Faridabad,Haryana,India,2025-06-24,HIGH,0
100248,Krish Sachar,krish.sachar289@gmail.com,1797497350,Male,1967-12-01,Guwahati,Assam,India,2023-03-10,LOW,0
100249,Alka Grewal,alka.grewal140@yahoo.com,00312073564,Female,1998-04-30,Chandigarh,Chandigarh,India,2024-12-20,MEDIUN,0
100250,Zaid Prabhu,zaid.prabhu981@outlook.com,0461872346,Male,,Lucknow,Uttar Pradesh,India,2025-06-04,MEDIUN,1
100251,abha Dara,abha.dara551@hotmail.com,0371837645,Female,1968-03-23,Guwahati,Assam,India,2024-12-21,HIGH,1
100252,Ansh Verma,ansh.verma928@hotmail.com,0313650249,Male,1966-05-10,Kolkata,West Bengal,India,2025-02-10,HIGH,0
100253,Jairaj Andra,jairaj.andra186@gmail.com,1327195005,Male,1991-07-21,Kolkata,West Bengal,India,2025-11-19,MEDIUN,0
100254,Damyanti Dass,damyanti.dass661@hotmail.com,3065240778,Female,1974-10-04,Chandigarh,Chandigarh,India,2024-06-27,HIGH,0
100257,Lohit Naidu,,1022031731,Male,1962-02-20,Surat,Gujarat,India,2023-05-30,HIGH,1
100258,Sara Suri,sara.suri696@yahoo.com,9103717058,Female,1996-04-19,Patna,Bihar,India,2024-07-10,MEDIUN,0
100259,triya Pillay,triya.pillay180@gmail.com,0141381138,Female,1979-02-09,Chandigarh,Chandigarh,India,2024-10-16,LOW,1
100260,inaya   Vora,inaya.vora752@outlook.com,1957612286,Female,1984-11-02,Kolkata,West Bengal,India,2025-08-07,HIGH,0
100261,Gaurangi Walla,gaurangi.walla788@hotmail.com,5566593983,Female,1978-08-13,Mumbai,Maharashtra,India,2025-11-29,HIGH,0
100262,Joshua Parsa,joshua.parsa375@yahoo.com,4908240433,Male,2001-09-08,Bhopal,Madhya Pradesh,India,2025-11-17,LOW,1
100263,ALKA Majumdar,alka.majumdar407@gmail.com,5224593344,Female,1965-01-09,Kochi,Kerala,India,2023-12-01,HIGH,1
100266,Yashasvi Kant,yashasvi.kant398@outlook.com,8136462251,Female,1983-06-15,Kolkata,West Bengal,India,2023-02-25,LOW,0
100267,Arya Rastogi,arya.rastogi855@outlook.com,2783769389,Female,2008-06-21,Kochi,Kerala,India,2023-04-06,LOW,0
100271,Ekta Badami,ekta.badami738@outlook.com,4394070164,Female,1992-06-08,Indore,Madhya Pradesh,India,2025-05-06,HIGH,0
100272,Radha Chokshi,radha.chokshi250@gmail.com,1579812387,Female,,Indore,Madhya Pradesh,India,2025-01-07,LOW,0
100273,Alka Baral,alka.baral58@yahoo.com,2055543840,Female,1990-08-26,Coimbatore,Tamil Nadu,India,2024-03-31,HIGH,1
100274,Sara Balan,sara.balan970@outlook.com,06216893639,Female,1967-12-11,Mumbai,Maharashtra,India,2023-12-10,MEDIUN,1
100275,Nimrat Narayan,nimrat.narayan814@yahoo.com,8324826292,Female,1975-11-08,Indore,Madhya Pradesh,India,2024-06-12,LOW,0
100276,Daniel Gour,daniel.gour611@hotmail.com,6474231220,Male,1997-03-18,Surat,Gujarat,India,2024-04-25,LOW,0
100278,Ekantika Gade,ekantika.gade96@gmail.com,6333127975,Female,2002-03-21,Chandigarh,Chandigarh,India,2025-03-06,HIGH,1
100279,Krishna Sane,krishna.sane380@hotmail.com,6999880817,Female,1982-07-18,Indore,Madhya Pradesh,India,2025-05-15,HIGH,0
100281,Avi Varughese,avi.varughese785@hotmail.com,1298266570,Male,1969-03-14,Jaipur,Rajasthan,India,2023-11-25,MEDIUN,0
100283,Anya Garde,anya.garde419@outlook.com,0644742123,Female,1960-10-12,Kolkata,West Bengal,India,2024-11-28,LOW,1
100284,Lajita Arora,lajita.arora627@outlook.com,07339776719,Female,1989-06-01,Indore,Madhya Pradesh,India,2024-06-16,HIGH,0
100287,Bahadurjit Sane,bahadurjit.sane521@yahoo.com,1458683390,Male,1965-11-10,Hyderabad,Telangana,India,2025-10-08,HIGH,1
100288,Zarna Chahal,zarna.chahal988@hotmail.com,04899529978,Female,1995-08-13,Chennai,Tamil Nadu,India,2025-06-11,LOW,0
100289,yuvraj Tailor,yuvraj.tailor270@gmail.com,1071396605,Male,1977-05-25,Bengaluru,Karnataka,India,2025-09-27,LOW,0
100290,jagvi Apte,jagvi.apte729@outlook.com,04885015569,Female,1990-03-07,Guwahati,Assam,India,2024-08-21,HIGH,0
100291,Akshay Gill,akshay.gill871@yahoo.com,2727857608,Male,1974-12-25,Mumbai,Maharashtra,India,2023-03-12,HIGH,1
100292,NISHA   Wason,nisha.wason630@yahoo.com,4056829962,Female,1989-03-07,Kochi,Kerala,India,2024-01-07,LOW,1
100293,Mitesh   Murty,mitesh.murty362@hotmail.com,3574384215,Male,1998-04-16,Jaipur,Rajasthan,India,2025-08-25,LOW,1
100295,Andrew Sharaf,andrew.sharaf466@yahoo.com,57018409,Male,1997-01-07,Guwahati,Assam,India,2025-05-10,LOW,1
100296,Henry Nagi,henry.nagi349@outlook.com,07142241098,Male,1985-04-15,Bengaluru,Karnataka,India,2024-03-14,MEDIUN,0
100299,Viraj   Deep,viraj.deep820@yahoo.com,7733294562,Male,1994-03-12,Pune,Maharashtra,India,2024-02-03,HIGH,1
100301,Damyanti Nanda,damyanti.nanda224@outlook.com,06963938276,Female,1963-10-14,Surat,Gujarat,India,2025-07-05,HIGH,0
100303,Vamakshi Goda,vamakshi.goda160@outlook.com,9657013290,Female,1996-12-14,Guwahati,Assam,India,2024-04-22,LOW,0
100305,Yashodhara Raval,yashodhara.raval188@hotmail.com,0085140369,Female,1979-07-16,Jaipur,Rajasthan,India,2023-11-05,HIGH,0
100306,NITARA Raja,nitara.raja490@hotmail.com,7238656242,Female,1967-01-22,Delhi,Delhi,India,2025-05-16,MEDIUN,0
100307,Balendra Babu,balendra.babu716@gmail.com,2679692786,Male,1987-02-10,Nagpur,Maharashtra,India,2024-02-22,MEDIUN,0
100311,Leena Bhat,leena.bhat569@yahoo.com,9047128144,Female,1966-12-22,Jaipur,Rajasthan,India,2025-07-29,HIGH,1
100314,Geetika Shetty,geetika.shetty860@hotmail.com,6674286047,Female,1978-12-13,Jaipur,Rajasthan,India,2023-05-26,LOW,1
100315,Nakul Wagle,nakul.wagle21@outlook.com,6945441496,Male,1982-09-30,Jaipur,Rajasthan,India,2025-08-16,LOW,0
100317,Ladli Hans,ladli.hans629@hotmail.com,11926921,Female,1994-01-02,Bengaluru,Karnataka,India,2024-01-13,HIGH,1
100319,Kevin Gokhale,kevin.gokhale669@outlook.com,2712863917,Male,1994-12-14,Surat,Gujarat,India,2023-06-10,HIGH,0
100320,Charan Banerjee,charan.banerjee424@hotmail.com,2006425690,Male,1985-05-08,Patna,Bihar,India,2023-01-27,MEDIUN,1
100323,Urvashi   Gupta,urvashi.gupta454@outlook.com,07618478700,Female,1976-11-24,Pune,Maharashtra,India,2025-02-16,LOW,1
100324,Pahal Basak,pahal.basak479@hotmail.com,2931027079,Female,1962-10-23,Surat,Gujarat,India,2025-05-16,HIGH,0
100325,Eiravati Atwal,eiravati.atwal606@yahoo.com,9291117993,Female,1963-08-23,Chandigarh,Chandigarh,India,2023-03-04,HIGH,0
100326,Isha Sandhu,isha.sandhu931@outlook.com,08253092511,Female,1973-10-04,Chandigarh,Chandigarh,India,2025-04-23,MEDIUN,0
100328,Chaitanya   Mander,chaitanya.mander705@gmail.com,4876329092,Male,1995-01-14,Chandigarh,Chandigarh,India,2025-05-19,LOW,0
100331,Atharv Yogi,atharv.yogi292@outlook.com,1379956353,Male,,Guwahati,Assam,India,2024-03-05,HIGH,0
100332,Dayamai Nanda,dayamai.nanda114@outlook.com,3179706239,Female,1982-06-14,Ahmedabad,Gujarat,India,2025-03-17,HIGH,0
100334,PAVANI Kannan,pavani.kannan239@gmail.com,8316873977,Female,1974-01-05,Nagpur,Maharashtra,India,2023-11-19,MEDIUN,0
100335,TANISH Koshy,tanish.koshy475@outlook.com,2906007806,Male,1986-02-08,Bhopal,Madhya Pradesh,India,2024-03-31,HIGH,0
100337,Veda Bajwa,veda.bajwa998@gmail.com,05701658046,Female,1996-10-01,Mumbai,Maharashtra,India,2024-12-22,HIGH,1
100338,hemang Buch,hemang.buch472@yahoo.com,0165790552,Male,1991-09-22,Delhi,Delhi,India,2024-08-14,HIGH,1
100339,BAHADURJIT Jayaraman,bahadurjit.jayaraman163@outlook.com,07933554864,Male,1963-03-24,Lucknow,Uttar Pradesh,India,2024-02-20,LOW,1
100340,Ria Pai,ria.pai370@yahoo.com,4795137116,Female,2003-09-18,Lucknow,Uttar Pradesh,India,2025-05-31,LOW,1
100341,Mitali Bose,mitali.bose172@gmail.com,2380468275,Female,1980-10-11,Surat,Gujarat,India,2025-02-06,MEDIUN,0
100345,Udarsh Zacharia,udarsh.zacharia22@yahoo.com,7275208854,Male,1983-05-12,Nagpur,Maharashtra,India,2024-12-22,LOW,0
100346,Mohini Din,mohini.din556@outlook.com,0281406937,Female,1977-10-07,Nagpur,Maharashtra,India,2025-09-24,HIGH,0
100348,AYAAN Patel,ayaan.patel752@hotmail.com,00455478137,Male,1996-03-16,Kochi,Kerala,India,2025-05-13,HIGH,0
100351,NIDHI Modi,nidhi.modi498@gmail.com,2447146273,Female,1961-12-23,Kolkata,West Bengal,India,2023-06-29,HIGH,0
100352,Manya Tailor,manya.tailor51@outlook.com,7964715890,Female,2001-03-09,Guwahati,Assam,India,2023-12-28,HIGH,0
100353,finn Bhardwaj,finn.bhardwaj480@gmail.com,0456504481,Male,1985-04-12,Bhopal,Madhya Pradesh,India,2024-02-23,MEDIUN,0
100354,Hemani Chandra,hemani.chandra844@gmail.com,04451895202,Female,,Patna,Bihar,India,2024-08-06,LOW,1
100355,Lohit Pradhan,lohit.pradhan104@gmail.com,3283389888,Male,1994-04-28,Kolkata,West Bengal,India,2024-10-11,LOW,0
100356,Dakshesh Sahni,dakshesh.sahni765@hotmail.com,7545279852,Male,1994-09-08,Chennai,Tamil Nadu,India,2024-06-17,LOW,1
100357,Akshay Dani,akshay.dani812@yahoo.com,3216110760,Male,1970-01-14,Hyderabad,Telangana,India,2025-03-16,LOW,1
100359,Amrita Chana,amrita.chana624@outlook.com,2893891190,Female,1985-12-30,Indore,Madhya Pradesh,India,2024-02-23,LOW,0
100360,REHAAN Manda,rehaan.manda459@hotmail.com,7592712566,Other,,Patna,Bihar,India,2023-03-04,LOW,1
100362,Reyansh Mander,reyansh.mander97@yahoo.com,6463175207,Male,1992-11-15,Jaipur,Rajasthan,India,2023-06-16,HIGH,0
100363,Rudra Sarma,rudra.sarma831@outlook.com,6912153539,Male,,Pune,Maharashtra,India,2024-07-09,HIGH,0
100366,Chanakya Bose,chanakya.bose953@hotmail.com,7784858800,Male,2008-03-02,Indore,Madhya Pradesh,India,2024-08-29,HIGH,0
100367,DANIEL Rajagopal,daniel.rajagopal56@hotmail.com,0284276246,Male,1984-01-05,Mumbai,Maharashtra,India,2025-05-30,LOW,0
100368,Christopher Swaminathan,christopher.swaminathan52@yahoo.com,08064796954,Male,1975-12-30,Pune,Maharashtra,India,2025-08-08,HIGH,0
100369,Amrita Bath,amrita.bath443@yahoo.com,5616556503,Female,1972-07-01,Bengaluru,Karnataka,India,2024-02-16,LOW,0
100370,Nachiket Chad,nachiket.chad269@hotmail.com,02085076986,Male,1973-05-30,Delhi,Delhi,India,2025-10-31,MEDIUN,1
100371,Vrinda Bains,vrinda.bains500@yahoo.com,9171357852,Female,1990-02-15,Chandigarh,Chandigarh,India,2024-12-25,HIGH,1
100372,Qabil Sarin,qabil.sarin273@gmail.com,04049639191,Male,1989-01-08,Pune,Maharashtra,India,2025-03-09,HIGH,1
100373,Madhavi Bhavsar,madhavi.bhavsar357@outlook.com,1484685366,Female,1972-09-03,Indore,Madhya Pradesh,India,2023-07-26,MEDIUN,1
100377,Hema Basak,hema.basak560@yahoo.com,5941651623,Female,1965-12-26,Kolkata,West Bengal,India,2025-11-17,HIGH,1
100380,Qarin Morar,qarin.morar20@gmail.com,8645183760,Male,2004-04-13,Patna,Bihar,India,2024-01-08,HIGH,0
100384,Omisha Manda,omisha.manda912@hotmail.com,06930089317,Female,1970-02-17,Jaipur,Rajasthan,India,2024-03-13,LOW,0
100386,Harsh Halder,harsh.halder247@hotmail.com,2639343626,Male,1998-08-26,Pune,Maharashtra,India,2025-11-12,HIGH,0
100387,Akshay Mannan,akshay.mannan669@yahoo.com,05971072563,Male,1994-11-08,Ahmedabad,Gujarat,India,2025-11-22,HIGH,1
100388,Siddharth Kunda,siddharth.kunda441@yahoo.com,7599004896,Male,1975-02-18,Kochi,Kerala,India,2024-01-27,MEDIUN,0
100390,Devika Munshi,devika.munshi902@outlook.com,6449485625,Female,1995-12-25,Mumbai,Maharashtra,India,2024-01-17,LOW,0
100391,Yatan Dora,yatan.dora798@yahoo.com,0320742761,Male,2008-05-19,Jaipur,Rajasthan,India,2024-07-21,MEDIUN,0
100393,Hitesh Agrawal,hitesh.agrawal730@hotmail.com,7150416591,Male,2000-10-14,Kochi,Kerala,India,2024-07-10,HIGH,0
100394,GANGA Balakrishnan,ganga.balakrishnan419@gmail.com,0509759230,Female,1999-02-01,Pune,Maharashtra,India,2025-01-27,LOW,1
100396,TAMANNA Mane,tamanna.mane438@yahoo.com,06492515837,Female,1981-12-29,Nagpur,Maharashtra,India,2024-08-24,HIGH,1
100399,Balvan Bath,balvan.bath906@hotmail.com,9454918017,Male,1969-03-25,Nagpur,Maharashtra,India,2024-07-06,LOW,0
100400,Hemani Ramaswamy,hemani.ramaswamy475@yahoo.com,07794523219,Female,1973-01-22,Delhi,Delhi,India,2024-01-17,HIGH,1
100401,Damyanti Saraf,damyanti.saraf403@yahoo.com,2776974995,Female,1993-10-06,Chandigarh,Chandigarh,India,2025-06-27,LOW,1
100403,Vincent Divan,vincent.divan117@gmail.com,7770793349,Male,2000-06-04,Hyderabad,Telangana,India,2024-06-22,LOW,1
100404,ROHAN Behl,rohan.behl388@yahoo.com,9984076789,Male,1995-05-24,Kochi,Kerala,India,2024-05-01,LOW,1
100405,Yagnesh Kata,yagnesh.kata890@yahoo.com,8146717957,Male,1994-02-03,Ahmedabad,Gujarat,India,2025-08-26,HIGH,0
100406,Advaith   Edwin,advaith.edwin642@outlook.com,03839597246,Male,2006-09-07,Nagpur,Maharashtra,India,2025-04-06,HIGH,0
100408,xiti Mitter,xiti.mitter465@hotmail.com,5228015619,Female,1971-06-30,Coimbatore,Tamil Nadu,India,2023-03-27,MEDIUN,0
100409,isaac Sur,isaac.sur51@yahoo.com,4289107711,Male,,Guwahati,Assam,India,2025-03-27,LOW,0
100411,Isha Sarna,isha.sarna990@yahoo.com,04821456532,Female,1996-10-07,Guwahati,Assam,India,2024-12-19,HIGH,1
100415,Dev Venkatesh,dev.venkatesh539@outlook.com,08485200894,Male,1972-03-13,Surat,Gujarat,India,2023-12-28,LOW,0
100416,Nidra Sami,nidra.sami828@hotmail.com,08510174907,Female,,Bhopal,Madhya Pradesh,India,2023-12-26,HIGH,1
100418,Radha Sha,radha.sha359@outlook.com,0627371586,Female,1988-11-06,Delhi,Delhi,India,2024-02-05,MEDIUN,1
100420,Vasatika Solanki,vasatika.solanki853@gmail.com,9611594082,Female,1966-04-07,Coimbatore,Tamil Nadu,India,2025-01-11,HIGH,0
100422,Bahadurjit Basu,bahadurjit.basu856@gmail.com,6792287772,Male,,Indore,Madhya Pradesh,India,2025-05-20,HIGH,1
100423,Nicholas Chakraborty,nicholas.chakraborty819@outlook.com,5807412094,Male,1987-07-18,Coimbatore,Tamil Nadu,India,2024-10-18,HIGH,0
100424,Diya Chada,diya.chada642@hotmail.com,7801820433,Female,2000-06-09,Surat,Gujarat,India,2024-03-11,LOW,0
100429,Dev Modi,dev.modi742@yahoo.com,02582386870,Male,1960-08-29,Ahmedabad,Gujarat,India,2024-07-26,HIGH,1
100430,VEDIKA Mann,vedika.mann342@gmail.com,4946539840,Female,1968-05-11,Delhi,Delhi,India,2025-08-06,HIGH,0
100431,Bhavya Mital,bhavya.mital655@outlook.com,6398554743,Female,1992-05-27,Coimbatore,Tamil Nadu,India,2024-02-02,LOW,1
100432,Naveen Om,naveen.om280@gmail.com,9700268768,Male,1964-07-04,Nagpur,Maharashtra,India,2024-03-17,LOW,1
100434,Advaith   Mand,advaith.mand628@outlook.com,4337504793,Male,1960-12-15,Bengaluru,Karnataka,India,2024-09-05,MEDIUN,1
100436,Ishaan Virk,ishaan.virk320@outlook.com,09487060566,Male,,Nagpur,Maharashtra,India,2025-08-31,HIGH,0
100437,Mahika Dara,mahika.dara96@yahoo.com,0304687506,Female,1969-12-14,Nagpur,Maharashtra,India,2023-09-05,LOW,0
100438,Chaitaly Bakshi,chaitaly.bakshi238@hotmail.com,03254110760,Female,1989-01-20,Nagpur,Maharashtra,India,2025-11-26,HIGH,0
100439,Oliver Krishna,oliver.krishna808@outlook.com,5831997179,Male,1966-08-09,Chennai,Tamil Nadu,India,2024-03-31,LOW,1
100440,Bhavani Bandi,bhavani.bandi867@hotmail.com,0496110804,Female,2001-05-29,Bhopal,Madhya Pradesh,India,2023-05-18,LOW,0
100441,Sai Char,sai.char570@outlook.com,0767699150,Male,1982-05-29,Hyderabad,Telangana,India,2024-08-13,LOW,1
100443,Ekapad Basu,ekapad.basu581@hotmail.com,5498227495,Male,,Indore,Madhya Pradesh,India,2023-01-23,HIGH,0
100447,Maanav Sarraf,maanav.sarraf464@yahoo.com,3423425832,Male,1970-01-08,Ahmedabad,Gujarat,India,2024-03-11,LOW,1
100448,Gaurang Lala,gaurang.lala584@outlook.com,05347355289,Male,2002-12-07,Surat,Gujarat,India,2024-11-28,MEDIUN,0
100449,Bhavini Dani,,6559630993,Female,2001-08-16,Patna,Bihar,India,2025-02-18,HIGH,0
100450,Manan Dixit,manan.dixit1@gmail.com,9731791286,Male,1996-09-03,Patna,Bihar,India,2025-04-20,MEDIUN,1
100451,Yashoda Prasad,yashoda.prasad720@hotmail.com,08777496903,Female,1971-02-24,Pune,Maharashtra,India,2024-06-30,LOW,0
100453,Patrick Karpe,,6776657546,Male,1961-10-19,Lucknow,Uttar Pradesh,India,2025-07-14,LOW,0
100454,Vaishnavi Kaur,vaishnavi.kaur141@gmail.com,8881431115,Female,1962-06-14,Ahmedabad,Gujarat,India,2025-03-30,LOW,0
100455,Harish Nath,harish.nath466@yahoo.com,3928404456,Male,2006-01-05,Indore,Madhya Pradesh,India,2025-03-07,LOW,0
100456,Abha Sodhi,abha.sodhi592@gmail.com,03738987751,Female,1975-08-22,Guwahati,Assam,India,2023-08-27,LOW,0
100457,Raghav Sanghvi,raghav.sanghvi35@outlook.com,08052924075,Other,1976-12-03,Coimbatore,Tamil Nadu,India,2025-09-14,LOW,0
100459,Shivani Raj,shivani.raj252@gmail.com,03715974121,Female,1993-01-03,Bengaluru,Karnataka,India,2024-03-15,LOW,1
100461,Aashi Garg,aashi.garg432@outlook.com,2867163234,Female,1981-05-11,Bhopal,Madhya Pradesh,India,2024-04-29,LOW,0
100462,Wazir Dutt,wazir.dutt745@outlook.com,7430271693,Male,1985-11-08,Guwahati,Assam,India,2025-07-21,HIGH,1
100463,Yatan Sharma,yatan.sharma294@gmail.com,5469263296,Male,1982-08-03,Lucknow,Uttar Pradesh,India,2024-06-17,HIGH,0
100468,arjun Virk,arjun.virk774@outlook.com,0900633533,Male,1964-12-31,Delhi,Delhi,India,2025-08-02,HIGH,0
100469,Shivansh Bala,shivansh.bala389@yahoo.com,1220681558,Male,1990-09-12,Chandigarh,Chandigarh,India,2024-12-27,LOW,0
100471,Liam Pillay,liam.pillay626@hotmail.com,7189241956,Male,1993-02-24,Patna,Bihar,India,2023-01-16,HIGH,0
100473,Diya   More,diya.more321@yahoo.com,00257432630,Female,1972-01-15,Surat,Gujarat,India,2024-03-27,LOW,1
100474,Vamakshi   Narasimhan,vamakshi.narasimhan360@hotmail.com,4035533803,Female,1999-01-31,Hyderabad,Telangana,India,2023-02-18,HIGH,0
100475,Janya Raj,janya.raj974@yahoo.com,07130232129,Female,1986-12-16,Guwahati,Assam,India,2023-07-09,HIGH,1
100476,Harsh Keer,harsh.keer918@yahoo.com,3362934497,Male,,Faridabad,Haryana,India,2023-07-04,HIGH,0
100477,Isha Magar,isha.magar788@outlook.com,06277689627,Female,1961-07-25,Nagpur,Maharashtra,India,2023-11-10,HIGH,1
100478,Sai Sane,sai.sane796@outlook.com,08246747468,Female,1989-09-13,Bengaluru,Karnataka,India,2025-10-12,HIGH,1
100480,Balendra Rege,balendra.rege224@hotmail.com,3645875066,Male,,Ahmedabad,Gujarat,India,2025-10-22,MEDIUN,0
100481,Krishna Kibe,krishna.kibe796@outlook.com,9724399201,Female,1997-08-14,Bengaluru,Karnataka,India,2025-06-09,HIGH,0
100483,Chaitanya Chopra,chaitanya.chopra447@hotmail.com,06402701168,Male,1980-08-15,Bhopal,Madhya Pradesh,India,2025-07-31,LOW,0
100484,Mitali Sankar,mitali.sankar125@hotmail.com,7281793230,Female,1996-08-10,Faridabad,Haryana,India,2025-02-26,LOW,1
100486,Waida Sundaram,waida.sundaram568@yahoo.com,0901380698,Female,2007-12-26,Kolkata,West Bengal,India,2025-08-13,MEDIUN,0
100487,Lila Sunder,lila.sunder87@hotmail.com,5553566905,Female,,Patna,Bihar,India,2023-06-22,LOW,0
100488,Oni Chaudhry,oni.chaudhry501@yahoo.com,1843579786,Female,1992-04-21,Coimbatore,Tamil Nadu,India,2024-01-02,MEDIUN,0
100490,Nandini Hayer,nandini.hayer963@hotmail.com,4872717833,Female,1970-10-09,Kochi,Kerala,India,2023-09-17,HIGH,0
100491,Chaitanya Cherian,chaitanya.cherian501@yahoo.com,04347128715,Male,2002-06-19,Delhi,Delhi,India,2024-06-07,LOW,0
100494,Indrajit Chhabra,indrajit.chhabra346@hotmail.com,3772942095,Male,1975-06-10,Kolkata,West Bengal,India,2025-05-12,HIGH,1
100496,Gauri Bains,gauri.bains145@outlook.com,6618443861,Female,1966-11-23,Hyderabad,Telangana,India,2024-07-18,MEDIUN,0
100497,Avi Modi,avi.modi137@gmail.com,7423330591,Male,,Coimbatore,Tamil Nadu,India,2025-06-02,MEDIUN,1
100498,Ethan Puri,,05720185962,Male,1990-09-16,Bhopal,Madhya Pradesh,India,2024-12-12,LOW,0
100502,Daniel Golla,daniel.golla476@yahoo.com,5102932184,Male,2001-06-25,Chandigarh,Chandigarh,India,2025-10-15,HIGH,0
100503,Anay Chad,anay.chad181@hotmail.com,6034084872,Male,1988-04-24,Bhopal,Madhya Pradesh,India,2023-12-23,HIGH,1
100504,Naksh Virk,naksh.virk632@outlook.com,3103032432,Male,1989-07-07,Jaipur,Rajasthan,India,2023-11-28,LOW,1
100506,Krish Hans,krish.hans430@outlook.com,6609314181,Male,1993-06-11,Coimbatore,Tamil Nadu,India,2025-08-26,HIGH,1
100508,Niharika Suri,niharika.suri149@hotmail.com,4910256258,Female,1987-02-03,Delhi,Delhi,India,2024-02-04,LOW,0
100510,Hemani Sarna,hemani.sarna470@hotmail.com,6834146511,Female,1964-04-17,Hyderabad,Telangana,India,2024-12-25,LOW,1
100511,Jagdish Chander,jagdish.chander592@yahoo.com,7068277881,Male,1980-01-28,Guwahati,Assam,India,2025-02-24,LOW,0
100514,Meera Kalla,meera.kalla482@gmail.com,0509754510,Other,1977-05-26,Delhi,Delhi,India,2025-11-04,LOW,1
100515,Idika Ratti,idika.ratti508@hotmail.com,1882617024,Female,1971-06-19,Hyderabad,Telangana,India,2023-05-10,LOW,0
100518,Sudiksha Thaker,sudiksha.thaker882@gmail.com,0225803056,Female,2007-06-25,Nagpur,Maharashtra,India,2025-08-30,HIGH,0
100519,Aayush Saraf,aayush.saraf807@yahoo.com,3928234143,Male,1992-08-06,Jaipur,Rajasthan,India,2025-06-09,HIGH,0
100520,Tanish Issac,tanish.issac114@gmail.com,3923126043,Male,2005-03-17,Patna,Bihar,India,2023-06-22,HIGH,1
100521,Unni Badami,unni.badami142@yahoo.com,8433567086,Female,1991-07-09,Bengaluru,Karnataka,India,2025-07-25,LOW,0
100523,Chandresh Sankar,chandresh.sankar65@gmail.com,1108255598,Male,1989-08-21,Jaipur,Rajasthan,India,2025-03-03,LOW,1
100524,Kashish Majumdar,kashish.majumdar463@outlook.com,09109337118,Female,1990-04-29,Chandigarh,Chandigarh,India,2024-03-17,LOW,0
100526,Bahadurjit Subramanian,bahadurjit.subramanian169@gmail.com,2409036788,Male,2007-04-01,Bengaluru,Karnataka,India,2025-05-20,HIGH,1
100527,Gayathri Sarma,gayathri.sarma427@outlook.com,9432029390,Female,2002-10-24,Mumbai,Maharashtra,India,2025-09-07,LOW,1
100528,Vedant Thakur,vedant.thakur194@outlook.com,4812308340,Male,1991-04-25,Mumbai,Maharashtra,India,2025-08-24,LOW,0
100530,Manan Nair,manan.nair312@hotmail.com,2408916498,Male,1970-07-05,Nagpur,Maharashtra,India,2025-11-25,HIGH,0
100531,Timothy Kannan,timothy.kannan789@outlook.com,7365271727,Male,1969-06-29,Patna,Bihar,India,2024-04-28,HIGH,1
100533,Saksham Chaudhry,saksham.chaudhry43@gmail.com,6601002314,Male,1967-06-17,Pune,Maharashtra,India,2024-09-21,HIGH,0
100534,Abha Andra,abha.andra353@outlook.com,03279724572,Female,1972-04-25,Delhi,Delhi,India,2024-12-15,HIGH,1
100535,Amara Dasgupta,amara.dasgupta954@hotmail.com,1862030366,Other,,Mumbai,Maharashtra,India,2025-01-08,LOW,1
100536,Ethan Pandit,ethan.pandit663@outlook.com,2131451951,Male,1977-12-01,Chandigarh,Chandigarh,India,2023-08-27,LOW,1
100537,Chaman Bassi,chaman.bassi819@yahoo.com,9262494514,Female,2004-08-04,Coimbatore,Tamil Nadu,India,2025-07-21,HIGH,0
100540,Xiti Walia,xiti.walia86@gmail.com,6893135030,Female,1978-01-03,Kolkata,West Bengal,India,2023-07-15,HIGH,1
100541,Vritti Deol,vritti.deol326@hotmail.com,4728633302,Female,1966-03-29,Kolkata,West Bengal,India,2025-11-03,HIGH,0
100542,Eshana Purohit,eshana.purohit396@outlook.com,79202521,Female,1972-05-17,Indore,Madhya Pradesh,India,2024-09-24,LOW,0
100546,Unnati Hayer,unnati.hayer180@hotmail.com,05034281139,Female,1961-02-20,Jaipur,Rajasthan,India,2024-04-08,LOW,1
100551,Nilima Chahal,nilima.chahal383@gmail.com,02149551127,Female,,Bhopal,Madhya Pradesh,India,2024-07-01,LOW,0
100553,Naksh Prakash,naksh.prakash297@gmail.com,0903802146,Male,1968-03-16,Patna,Bihar,India,2025-01-28,MEDIUN,1
100555,Bachittar Nadig,bachittar.nadig548@gmail.com,4708272359,Male,1962-02-12,Patna,Bihar,India,2025-04-25,LOW,0
100557,chaitaly Misra,chaitaly.misra428@gmail.com,04201654235,Female,2005-10-29,Chandigarh,Chandigarh,India,2024-11-14,HIGH,0
100558,Wridesh Soman,wridesh.soman143@outlook.com,6089319925,Male,1992-06-27,Lucknow,Uttar Pradesh,India,2025-06-28,LOW,1
100559,Edhitha Atwal,edhitha.atwal763@gmail.com,01648072791,Other,1962-05-13,Lucknow,Uttar Pradesh,India,2024-02-24,HIGH,0
100561,ZAYAN Dash,zayan.dash44@hotmail.com,5868512765,Male,1969-02-07,Bhopal,Madhya Pradesh,India,2025-08-21,HIGH,0
100564,Siya Amble,siya.amble361@outlook.com,04463060002,Female,1998-07-23,Coimbatore,Tamil Nadu,India,2024-12-08,MEDIUN,0
100565,Yochana Nadkarni,yochana.nadkarni542@gmail.com,3960962626,Female,2004-01-05,Hyderabad,Telangana,India,2023-05-02,LOW,1
100566,Fariq Sarkar,fariq.sarkar943@yahoo.com,6482531106,Male,1961-03-02,Hyderabad,Telangana,India,2025-03-18,HIGH,0
100567,Ganga Bala,ganga.bala855@yahoo.com,2752334383,Female,1995-06-23,Hyderabad,Telangana,India,2024-08-13,HIGH,1
100568,Ranbir Lad,ranbir.lad478@gmail.com,09117911244,Male,2003-07-22,Surat,Gujarat,India,2025-08-08,HIGH,0
100569,Chakradhar Brahmbhatt,chakradhar.brahmbhatt336@gmail.com,7061713665,Male,1991-01-09,Delhi,Delhi,India,2024-06-29,HIGH,1
100571,Lakshmi Dara,,8235130523,Female,1964-08-13,Bhopal,Madhya Pradesh,India,2023-03-12,LOW,0
100572,Dev Loyal,dev.loyal147@gmail.com,04776863423,Male,1993-08-04,Bengaluru,Karnataka,India,2025-04-02,HIGH,1
100573,Meera Ramaswamy,meera.ramaswamy373@gmail.com,6769459196,Female,1981-03-21,Chennai,Tamil Nadu,India,2025-02-04,LOW,0
100574,Qushi Prakash,qushi.prakash286@hotmail.com,8496498560,Female,1966-02-12,Indore,Madhya Pradesh,India,2025-10-26,HIGH,1
100576,Naveen Kaul,naveen.kaul126@gmail.com,8318491966,Male,1975-11-13,Nagpur,Maharashtra,India,2025-07-07,LOW,0
100580,Charan Balakrishnan,charan.balakrishnan902@hotmail.com,6321358004,Male,2003-01-05,Delhi,Delhi,India,2023-03-23,HIGH,0
100582,Triveni Sekhon,triveni.sekhon500@hotmail.com,4573144158,Female,2000-09-19,Lucknow,Uttar Pradesh,India,2025-08-11,MEDIUN,1
100583,Keya Jha,keya.jha576@hotmail.com,0376371539,Female,1997-03-03,Bhopal,Madhya Pradesh,India,2024-09-10,MEDIUN,1
100585,Maya Sampath,maya.sampath784@gmail.com,7113072407,Female,1992-05-20,Patna,Bihar,India,2024-02-29,LOW,0
100586,Upkaar Pandey,upkaar.pandey678@gmail.com,2686850745,Male,1965-04-22,Patna,Bihar,India,2025-03-30,LOW,0
100587,Rayaan Sami,rayaan.sami346@gmail.com,4897861031,Male,1971-02-25,Lucknow,Uttar Pradesh,India,2025-03-06,LOW,0
100588,Avni Banik,avni.banik274@hotmail.com,4396661347,Female,1970-06-27,Kochi,Kerala,India,2023-07-29,HIGH,0
100589,Ishani Palan,ishani.palan828@gmail.com,8974325122,Female,1976-07-22,Surat,Gujarat,India,2024-08-20,HIGH,0
100590,Vedant Dhar,vedant.dhar630@yahoo.com,2412095790,Male,1984-01-20,Surat,Gujarat,India,2023-12-17,HIGH,0
100591,Krishna Sodhi,krishna.sodhi295@yahoo.com,8822114577,Female,1995-11-19,Bengaluru,Karnataka,India,2025-02-06,MEDIUN,1
100592,lavanya Sur,lavanya.sur607@gmail.com,05897148026,Female,2001-09-18,Bengaluru,Karnataka,India,2023-04-03,HIGH,1
100593,Ekavir Parikh,ekavir.parikh517@outlook.com,3136148782,Male,1973-05-07,Bengaluru,Karnataka,India,2024-06-30,HIGH,0
100594,Priya Narula,priya.narula688@hotmail.com,0985916795,Female,1974-06-16,Guwahati,Assam,India,2025-05-11,HIGH,1
100596,Ikbal Mandal,ikbal.mandal958@hotmail.com,0650042548,Male,1992-07-19,Guwahati,Assam,India,2025-10-02,HIGH,0
100597,Garima Chadha,garima.chadha865@outlook.com,01430753666,Female,2007-01-09,Ahmedabad,Gujarat,India,2024-09-17,LOW,1
100598,Chavvi Lal,chavvi.lal844@outlook.com,5923426834,Female,1975-04-03,Indore,Madhya Pradesh,India,2023-12-01,LOW,0
100599,Neha Shenoy,neha.shenoy29@yahoo.com,8758575676,Female,2006-10-06,Ahmedabad,Gujarat,India,2023-07-18,MEDIUN,0
100600,VIHAAN Bala,vihaan.bala164@yahoo.com,09439852989,Male,2002-09-30,Delhi,Delhi,India,2023-11-29,LOW,0
100604,Hiral Keer,hiral.keer615@yahoo.com,1620223288,Female,1970-03-25,Bengaluru,Karnataka,India,2023-11-03,MEDIUN,0
100606,Robert Apte,robert.apte503@gmail.com,5277402588,Male,1970-09-24,Coimbatore,Tamil Nadu,India,2024-07-30,LOW,0
100608,Yashica Vora,yashica.vora862@gmail.com,9961002311,Female,1984-08-02,Guwahati,Assam,India,2024-04-04,LOW,0
100610,Amruta Ghosh,,08334774332,Female,1981-06-12,Pune,Maharashtra,India,2025-04-17,HIGH,1
100611,Zarna Handa,zarna.handa216@outlook.com,2056981528,Female,1984-06-05,Pune,Maharashtra,India,2025-01-29,LOW,1
100615,Omya Bhatia,omya.bhatia411@gmail.com,5169918724,Female,1995-05-02,Ahmedabad,Gujarat,India,2024-03-27,MEDIUN,0
100616,Damini Banik,damini.banik812@hotmail.com,04300038960,Female,1987-02-18,Ahmedabad,Gujarat,India,2024-06-30,HIGH,0
100617,atharv Ram,atharv.ram819@outlook.com,2171955356,Male,2004-09-05,Coimbatore,Tamil Nadu,India,2025-09-12,MEDIUN,0
100618,Jagat Kata,jagat.kata22@yahoo.com,9003010272,Male,1974-03-06,Coimbatore,Tamil Nadu,India,2024-02-03,LOW,0
100620,Imaran Sawhney,imaran.sawhney175@outlook.com,08458810569,Male,1983-12-14,Bengaluru,Karnataka,India,2024-09-17,HIGH,1
100626,Naveen Lalla,naveen.lalla954@outlook.com,00705783609,Male,2005-09-04,Delhi,Delhi,India,2024-11-05,HIGH,0
100627,Lakshit Murthy,lakshit.murthy6@gmail.com,4723229031,Male,1992-01-13,Guwahati,Assam,India,2025-11-14,HIGH,1
100629,Yashica Sawhney,yashica.sawhney728@outlook.com,9561642059,Female,1998-06-12,Bengaluru,Karnataka,India,2023-02-11,LOW,0
100630,Oliver Reddy,oliver.reddy949@outlook.com,0250429019,Male,1970-10-06,Jaipur,Rajasthan,India,2025-10-26,HIGH,1
100631,Nirja Vaidya,nirja.vaidya447@outlook.com,00261139898,Female,1995-11-04,Kochi,Kerala,India,2024-09-18,HIGH,0
100633,DALBIR Khosla,dalbir.khosla917@gmail.com,8815793763,Male,1987-12-10,Indore,Madhya Pradesh,India,2024-06-11,LOW,1
100634,Dev Yogi,dev.yogi867@gmail.com,4455116682,Male,1988-04-05,Bhopal,Madhya Pradesh,India,2025-03-23,LOW,0
100635,Hardik Gole,hardik.gole577@outlook.com,4871206021,Male,1966-12-19,Chennai,Tamil Nadu,India,2025-10-19,LOW,0
100636,Rishi Sami,rishi.sami427@yahoo.com,1559991015,Male,2006-03-17,Coimbatore,Tamil Nadu,India,2025-04-29,LOW,0
100637,Nilima Sengupta,nilima.sengupta404@gmail.com,2981209957,Other,,Lucknow,Uttar Pradesh,India,2024-09-27,LOW,0
100638,Ranveer Nagi,ranveer.nagi465@hotmail.com,7509889864,Male,,Nagpur,Maharashtra,India,2023-06-09,LOW,1
100640,Laksh Sur,laksh.sur331@outlook.com,1342138820,Male,1989-05-03,Delhi,Delhi,India,2024-06-09,LOW,1
100642,Dipta Saxena,dipta.saxena663@outlook.com,4151315285,Female,1973-11-12,Faridabad,Haryana,India,2023-11-20,LOW,1
100644,libni Singhal,libni.singhal577@outlook.com,3183061789,Female,1970-08-16,Bhopal,Madhya Pradesh,India,2025-02-20,LOW,0
100645,Gaurav Barad,gaurav.barad42@gmail.com,3578243477,Male,1998-11-09,Indore,Madhya Pradesh,India,2023-06-02,LOW,0
100646,shivani Parikh,shivani.parikh298@gmail.com,04675361275,Female,1992-04-27,Bhopal,Madhya Pradesh,India,2023-07-17,HIGH,0
100649,Fiyaz Wason,fiyaz.wason117@gmail.com,02980061558,Male,,Bengaluru,Karnataka,India,2023-03-17,HIGH,1
100650,Bhavika Bawa,bhavika.bawa322@outlook.com,8634255638,Female,1995-10-24,Indore,Madhya Pradesh,India,2025-06-22,LOW,1
100651,Abha Banik,abha.banik190@yahoo.com,0244033041,Female,1999-08-21,Chennai,Tamil Nadu,India,2023-11-04,HIGH,1
100654,LIAM   Subramanian,liam.subramanian90@outlook.com,6581739063,Male,1982-01-27,Faridabad,Haryana,India,2023-04-14,LOW,1
100656,Jackson Bhargava,jackson.bhargava309@gmail.com,2059960438,Male,1998-10-04,Kolkata,West Bengal,India,2024-10-07,LOW,0
100657,Zaid Munshi,,8811616202,Male,1985-07-27,Nagpur,Maharashtra,India,2023-12-16,MEDIUN,1
100658,Divya Ganesan,,02872866041,Female,1981-07-07,Faridabad,Haryana,India,2023-03-13,HIGH,1
100659,Nandini Madan,nandini.madan38@outlook.com,4839589477,Female,1970-09-21,Coimbatore,Tamil Nadu,India,2023-07-10,LOW,0
100660,ONI Deshmukh,oni.deshmukh732@yahoo.com,2271043318,Female,1982-08-17,Bhopal,Madhya Pradesh,India,2024-02-29,HIGH,1
100662,Tamanna Kumar,tamanna.kumar481@yahoo.com,1342491289,Female,1991-07-26,Lucknow,Uttar Pradesh,India,2025-07-06,LOW,0
100663,Rehaan Narayanan,rehaan.narayanan135@hotmail.com,2033192227,Male,2002-08-05,Guwahati,Assam,India,2024-07-29,HIGH,0
100664,Neel Brahmbhatt,neel.brahmbhatt819@hotmail.com,6754813866,Male,1997-10-05,Patna,Bihar,India,2023-11-23,MEDIUN,0
100665,Warjas Pant,warjas.pant178@yahoo.com,3242687741,Male,1987-05-24,Bhopal,Madhya Pradesh,India,2025-04-14,MEDIUN,0
100666,Teerth Pall,teerth.pall215@yahoo.com,3983652037,Male,1977-12-09,Lucknow,Uttar Pradesh,India,2025-03-01,HIGH,1
100667,Gunbir Ahluwalia,gunbir.ahluwalia827@gmail.com,8094047604,Male,1973-10-09,Chennai,Tamil Nadu,India,2024-08-01,HIGH,1
100669,Dominic Butala,dominic.butala724@gmail.com,05184390552,Male,2004-02-02,Kochi,Kerala,India,2025-05-20,LOW,0
100670,Qadim Varty,qadim.varty844@gmail.com,3824127049,Male,1970-02-24,Hyderabad,Telangana,India,2024-01-06,LOW,1
100671,Zayyan Rout,zayyan.rout746@yahoo.com,5157919711,Male,2004-09-04,Patna,Bihar,India,2025-02-27,MEDIUN,0
100672,Gavin Chadha,gavin.chadha839@outlook.com,5713432406,Male,1994-07-01,Patna,Bihar,India,2024-03-08,HIGH,1
100673,Hemal Mallick,hemal.mallick350@hotmail.com,4324474175,Female,1988-05-22,Pune,Maharashtra,India,2023-02-21,HIGH,0
100674,Priya Virk,priya.virk772@yahoo.com,2893654358,Female,1987-02-02,Pune,Maharashtra,India,2024-06-13,LOW,0
100675,Lipika   Chana,lipika.chana975@hotmail.com,4018272795,Female,1978-06-25,Indore,Madhya Pradesh,India,2024-07-06,MEDIUN,1
100676,Ranbir Bandi,ranbir.bandi87@gmail.com,06755125427,Male,1986-11-10,Mumbai,Maharashtra,India,2025-04-18,LOW,0
100679,Eiravati Nath,eiravati.nath847@gmail.com,05762702324,Female,1975-05-17,Patna,Bihar,India,2025-09-20,HIGH,0
100680,George Keer,george.keer715@hotmail.com,8507251786,Male,1994-02-26,Kolkata,West Bengal,India,2025-10-13,LOW,0
100683,Ijaya Basu,ijaya.basu248@outlook.com,2624467046,Female,1969-03-25,Chandigarh,Chandigarh,India,2025-03-12,HIGH,0
100684,Sneha Varughese,sneha.varughese643@outlook.com,06025298670,Female,1983-12-12,Patna,Bihar,India,2023-10-31,MEDIUN,1
100685,Suhani Sami,suhani.sami465@gmail.com,09785758512,Female,2007-09-09,Coimbatore,Tamil Nadu,India,2023-10-08,HIGH,0
100687,Yash Sharma,yash.sharma108@yahoo.com,04084245607,Male,1976-03-12,Faridabad,Haryana,India,2024-05-13,HIGH,0
100688,Andrew Choudhury,andrew.choudhury84@hotmail.com,2181227645,Male,,Indore,Madhya Pradesh,India,2025-04-29,LOW,1
100689,Vasudha Kohli,vasudha.kohli603@hotmail.com,05029168154,Female,1980-11-22,Kochi,Kerala,India,2025-11-02,MEDIUN,0
100690,Advay Gour,advay.gour750@hotmail.com,3944988305,Male,1988-02-18,Nagpur,Maharashtra,India,2024-12-12,HIGH,0
100692,Mahika Loke,mahika.loke113@hotmail.com,0531949796,Female,1991-01-30,Hyderabad,Telangana,India,2025-06-03,HIGH,1
100695,Faras Ganesan,faras.ganesan493@hotmail.com,08736826911,Male,1979-08-11,Delhi,Delhi,India,2025-07-27,HIGH,1
100696,Jagvi Choudhry,jagvi.choudhry781@yahoo.com,06536945515,Female,1984-09-21,Guwahati,Assam,India,2025-07-10,LOW,1
100697,Rohan Kar,rohan.kar820@gmail.com,2264085721,Male,1979-01-05,Surat,Gujarat,India,2025-10-14,LOW,1
100698,ubika   Sahota,ubika.sahota754@hotmail.com,9981996059,Female,1972-08-10,Delhi,Delhi,India,2024-05-29,HIGH,0
100699,Vrishti Chand,vrishti.chand660@gmail.com,8327532735,Female,,Lucknow,Uttar Pradesh,India,2024-12-13,HIGH,0
100700,Dominic Memon,dominic.memon769@yahoo.com,7397327819,Male,2000-10-30,Coimbatore,Tamil Nadu,India,2024-01-24,HIGH,0
100701,Gauri Konda,gauri.konda806@outlook.com,08761648198,Female,1994-12-03,Mumbai,Maharashtra,India,2024-06-17,LOW,0
100702,Urvashi Srivastava,urvashi.srivastava412@outlook.com,05687611249,Female,1996-10-13,Chandigarh,Chandigarh,India,2024-10-29,HIGH,1
100704,Vamakshi Narayanan,vamakshi.narayanan158@gmail.com,0228403595,Female,1994-11-16,Jaipur,Rajasthan,India,2023-10-14,HIGH,0
100705,Mitesh Dutt,mitesh.dutt306@gmail.com,2229464303,Male,1988-08-10,Mumbai,Maharashtra,India,2024-07-26,HIGH,1
100707,Wridesh   Gill,wridesh.gill63@outlook.com,3433249135,Male,1984-07-21,Hyderabad,Telangana,India,2024-06-25,HIGH,1
100709,Jatin Konda,jatin.konda457@hotmail.com,2094841312,Male,1985-09-11,Lucknow,Uttar Pradesh,India,2024-04-03,LOW,0
100710,Azaan Johal,azaan.johal551@yahoo.com,0513717173,Male,1965-05-29,Chennai,Tamil Nadu,India,2023-03-24,HIGH,0
100711,HRITIK Sur,hritik.sur669@outlook.com,07399704694,Male,1984-04-04,Guwahati,Assam,India,2024-04-19,HIGH,0
100712,Hema Narasimhan,hema.narasimhan863@outlook.com,3548847127,Female,1960-12-04,Faridabad,Haryana,India,2025-06-18,HIGH,0
100722,Anamika Thaman,anamika.thaman891@gmail.com,9511918182,Female,1998-12-11,Faridabad,Haryana,India,2025-10-18,HIGH,1
100723,Caleb Sidhu,caleb.sidhu67@yahoo.com,7725129578,Male,1998-02-08,Guwahati,Assam,India,2025-07-23,HIGH,0
100725,Irya Pant,irya.pant3@hotmail.com,04210890285,Female,2006-06-09,Chandigarh,Chandigarh,India,2023-11-22,HIGH,1
100727,Amara Sawhney,amara.sawhney285@gmail.com,7633691128,Female,2004-06-13,Pune,Maharashtra,India,2024-11-12,HIGH,0
100728,Darsh Gaba,darsh.gaba756@gmail.com,05633185748,Male,1965-12-27,Coimbatore,Tamil Nadu,India,2024-10-03,LOW,0
100730,Laksh Naik,laksh.naik254@outlook.com,2822700934,Male,1978-06-15,Surat,Gujarat,India,2024-01-17,MEDIUN,0
100731,Triya Dugar,triya.dugar795@gmail.com,5120734654,Female,1990-06-19,Pune,Maharashtra,India,2025-05-20,HIGH,0
100732,Akshay Bal,akshay.bal387@gmail.com,0869822105,Male,2003-09-05,Delhi,Delhi,India,2025-04-21,LOW,1
100733,Charita Saini,charita.saini309@gmail.com,8729047742,Female,,Nagpur,Maharashtra,India,2024-12-26,MEDIUN,1
100739,Manbir Date,manbir.date151@yahoo.com,1826832303,Male,1995-10-26,Coimbatore,Tamil Nadu,India,2024-11-14,HIGH,1
100741,Jeevika Doshi,jeevika.doshi805@yahoo.com,6468677524,Female,1960-08-18,Kolkata,West Bengal,India,2025-06-30,MEDIUN,0
100742,Ladli Muni,ladli.muni631@outlook.com,2723626693,Female,1972-07-17,Surat,Gujarat,India,2024-03-17,MEDIUN,0
100743,Pushti Bobal,,9237245018,Female,1975-07-20,Bhopal,Madhya Pradesh,India,2024-03-23,HIGH,1
100744,Charan   Sinha,charan.sinha211@hotmail.com,9721540641,Male,1990-09-14,Surat,Gujarat,India,2024-03-25,HIGH,1
100745,Tanay Ganguly,tanay.ganguly146@gmail.com,1199537660,Male,,Chandigarh,Chandigarh,India,2025-10-19,LOW,1
100746,Damini Mammen,damini.mammen203@yahoo.com,6451017397,Female,1971-03-29,Mumbai,Maharashtra,India,2024-11-03,HIGH,0
100747,Teerth   Lata,teerth.lata201@yahoo.com,06986091919,Male,1965-03-03,Pune,Maharashtra,India,2023-02-07,HIGH,0
100748,Kashvi Patel,kashvi.patel347@gmail.com,7798066039,Female,1969-04-15,Faridabad,Haryana,India,2025-07-13,HIGH,0
100749,Nitesh Chaudhary,nitesh.chaudhary900@hotmail.com,05553470574,Male,1997-07-04,Kochi,Kerala,India,2025-04-08,LOW,1
100752,Nilima Toor,nilima.toor215@hotmail.com,06913119642,Female,1994-12-22,Ahmedabad,Gujarat,India,2024-09-12,HIGH,0
100754,Jasmit Kanda,jasmit.kanda275@hotmail.com,00430977688,Female,2008-07-14,Bhopal,Madhya Pradesh,India,2025-03-23,LOW,0
100756,Ekani Nagy,ekani.nagy564@outlook.com,1878519358,Female,2000-01-10,Patna,Bihar,India,2025-10-14,HIGH,0
100758,Waida Divan,waida.divan392@outlook.com,4097626374,Female,1986-06-16,Surat,Gujarat,India,2024-01-24,MEDIUN,0
100759,Max Narayanan,max.narayanan805@gmail.com,5090591191,Male,1986-01-15,Lucknow,Uttar Pradesh,India,2023-03-26,HIGH,0
100760,Gaurika Hayer,gaurika.hayer692@yahoo.com,01511696667,Female,1967-04-06,Surat,Gujarat,India,2024-03-31,HIGH,0
100761,Pavani   Goswami,pavani.goswami876@yahoo.com,07124633515,Female,1982-04-18,Guwahati,Assam,India,2025-02-01,HIGH,1
100762,Champak Viswanathan,champak.viswanathan969@hotmail.com,1208005640,Male,1999-01-06,Patna,Bihar,India,2023-04-04,HIGH,0
100763,Rachit Boase,rachit.boase234@hotmail.com,8351295927,Male,1994-07-09,Ahmedabad,Gujarat,India,2024-12-14,HIGH,1
100764,Gaurang Tripathi,gaurang.tripathi349@hotmail.com,8144152982,Male,2003-10-28,Nagpur,Maharashtra,India,2025-02-19,LOW,1
100765,YUVRAJ Hans,yuvraj.hans461@hotmail.com,7181535237,Male,1969-08-26,Kolkata,West Bengal,India,2024-08-08,LOW,1
100766,Saksham Barman,saksham.barman830@hotmail.com,1589988683,Male,1974-03-05,Mumbai,Maharashtra,India,2025-04-30,LOW,0
100767,Ekanta Sem,ekanta.sem334@outlook.com,6170715879,Female,1979-04-11,Chandigarh,Chandigarh,India,2025-09-12,HIGH,0
100768,Yuvraj Mani,yuvraj.mani391@hotmail.com,1499825080,Male,1962-11-17,Surat,Gujarat,India,2025-09-14,HIGH,0
100769,nidra Rajan,nidra.rajan655@hotmail.com,2850317235,Female,,Coimbatore,Tamil Nadu,India,2024-03-09,LOW,1
100770,bina Jani,bina.jani28@hotmail.com,01403526356,Female,1962-10-05,Guwahati,Assam,India,2025-06-14,LOW,0
100775,Ijaya Kade,ijaya.kade539@yahoo.com,5425730662,Female,,Faridabad,Haryana,India,2025-08-30,MEDIUN,1
100776,Madhav Tiwari,madhav.tiwari662@outlook.com,00713984822,Male,1986-11-16,Bengaluru,Karnataka,India,2024-01-24,LOW,0
100778,AYUSH Ram,ayush.ram403@gmail.com,08107964967,Male,2004-04-21,Chennai,Tamil Nadu,India,2025-09-13,HIGH,0
100779,Jagat Swaminathan,jagat.swaminathan683@outlook.com,07853242642,Male,1978-04-13,Chandigarh,Chandigarh,India,2024-08-11,LOW,1
100780,Aishani Sankaran,aishani.sankaran378@gmail.com,08362536667,Female,1995-10-26,Chandigarh,Chandigarh,India,2024-10-20,LOW,1
100781,TRISTAN Rama,tristan.rama519@yahoo.com,8333393957,Male,1986-12-05,Jaipur,Rajasthan,India,2024-06-18,LOW,0
100782,TARA Prasad,tara.prasad877@hotmail.com,1874960335,Female,1987-02-04,Surat,Gujarat,India,2023-08-23,MEDIUN,0
100785,Naksh Parikh,naksh.parikh688@gmail.com,5959775244,Male,1965-06-26,Chennai,Tamil Nadu,India,2023-03-15,MEDIUN,0
100788,chaman Pingle,chaman.pingle931@outlook.com,2135415970,Female,1990-06-18,Pune,Maharashtra,India,2023-01-26,HIGH,1
100789,turvi Gara,turvi.gara226@gmail.com,08075203447,Female,2008-06-05,Kolkata,West Bengal,India,2023-05-13,LOW,0
100790,Pahal Baria,pahal.baria525@hotmail.com,0290904637,Female,1978-11-08,Delhi,Delhi,India,2024-04-09,HIGH,1
100791,Anita Madan,anita.madan962@hotmail.com,6525483744,Female,,Chandigarh,Chandigarh,India,2025-08-21,LOW,0
100792,Chakrika Sengupta,chakrika.sengupta399@gmail.com,0213125129,Female,1999-01-31,Surat,Gujarat,India,2023-12-01,MEDIUN,0
100793,Caleb Borra,caleb.borra907@gmail.com,2975191023,Male,2004-09-04,Delhi,Delhi,India,2024-01-04,MEDIUN,1
100796,Bishakha Guha,bishakha.guha624@gmail.com,9496843645,Female,1995-11-30,Surat,Gujarat,India,2024-03-09,HIGH,1
100797,Aarush Krishnamurthy,aarush.krishnamurthy22@yahoo.com,7509617015,Male,1988-11-04,Mumbai,Maharashtra,India,2025-04-04,LOW,0
100798,Radhika Bhatti,radhika.bhatti62@gmail.com,5747583392,Female,1962-08-30,Guwahati,Assam,India,2025-07-09,HIGH,1
100799,Qushi Rout,qushi.rout757@hotmail.com,7722660256,Female,,Pune,Maharashtra,India,2024-06-18,HIGH,1
100800,Falan Ratta,falan.ratta769@outlook.com,2310672453,Male,1961-08-27,Indore,Madhya Pradesh,India,2024-05-13,HIGH,0
100801,Rohan Dutt,rohan.dutt623@yahoo.com,9766270511,Male,,Pune,Maharashtra,India,2025-04-12,HIGH,0
100802,Neel Sood,neel.sood977@gmail.com,3670425496,Male,1989-12-21,Bhopal,Madhya Pradesh,India,2023-08-10,LOW,1
100803,Eiravati Wagle,eiravati.wagle242@yahoo.com,7107563353,Female,2004-04-19,Coimbatore,Tamil Nadu,India,2023-04-13,HIGH,1
100804,Naksh Soni,naksh.soni621@yahoo.com,2593993379,Male,1983-02-28,Indore,Madhya Pradesh,India,2025-09-20,HIGH,1
100805,Aditya Munshi,aditya.munshi974@gmail.com,5187794176,Male,1997-12-05,Bhopal,Madhya Pradesh,India,2024-07-05,MEDIUN,0
100807,Irya Guha,irya.guha567@yahoo.com,8843660443,Female,1967-07-12,Lucknow,Uttar Pradesh,India,2024-12-15,HIGH,0
100808,Advik Balakrishnan,advik.balakrishnan74@hotmail.com,2768297514,Male,,Guwahati,Assam,India,2023-08-26,LOW,0
100810,Riya Bal,riya.bal419@gmail.com,9045990802,Female,1984-06-14,Lucknow,Uttar Pradesh,India,2025-07-29,HIGH,1
100812,Rudra Dubey,rudra.dubey949@hotmail.com,1433080037,Male,1962-08-25,Delhi,Delhi,India,2025-07-02,HIGH,1
100813,Imaran Kaul,imaran.kaul268@yahoo.com,6608470681,Male,1962-07-16,Mumbai,Maharashtra,India,2025-11-13,LOW,0
100814,Anita Joshi,anita.joshi120@gmail.com,09582632809,Female,1974-02-13,Chennai,Tamil Nadu,India,2025-03-18,HIGH,1
100816,Samaksh Jayaraman,samaksh.jayaraman752@outlook.com,03943945703,Male,1987-10-27,Faridabad,Haryana,India,2024-03-08,LOW,1
100817,Jonathan Kalla,jonathan.kalla276@yahoo.com,5376576927,Male,1983-08-30,Patna,Bihar,India,2023-07-06,MEDIUN,1
100818,Mekhala Kothari,mekhala.kothari100@gmail.com,0040476921,Female,1963-03-08,Bhopal,Madhya Pradesh,India,2024-01-29,LOW,1
100819,Janaki Halder,janaki.halder384@yahoo.com,0401424731,Female,2004-09-29,Chennai,Tamil Nadu,India,2025-11-20,LOW,0
100825,Elijah Om,elijah.om345@hotmail.com,06161880819,Male,1960-10-21,Guwahati,Assam,India,2025-06-29,HIGH,1
100826,Gayathri Karan,gayathri.karan626@hotmail.com,5868639561,Female,1971-06-14,Faridabad,Haryana,India,2023-09-06,HIGH,1
100828,Ikshita Bajwa,ikshita.bajwa634@hotmail.com,1147165609,Female,,Patna,Bihar,India,2023-01-06,LOW,0
100829,NETRA Oza,netra.oza649@gmail.com,09799070755,Female,1962-02-07,Surat,Gujarat,India,2024-05-21,HIGH,0
100830,Vritti Rajagopal,vritti.rajagopal410@hotmail.com,5706071748,Female,1965-01-11,Guwahati,Assam,India,2024-10-01,LOW,0
100831,Jason Chandra,jason.chandra752@gmail.com,00548739610,Male,1993-06-08,Bhopal,Madhya Pradesh,India,2025-06-01,HIGH,0
100832,akshay Toor,akshay.toor131@gmail.com,06804918727,Male,1974-09-11,Kochi,Kerala,India,2024-06-11,HIGH,0
100834,JASMIT Oak,jasmit.oak446@gmail.com,01222990775,Female,1998-09-28,Bengaluru,Karnataka,India,2025-10-16,LOW,1
100836,Rachita Soman,rachita.soman93@hotmail.com,2192378584,Female,1983-07-21,Chandigarh,Chandigarh,India,2024-05-26,MEDIUN,1
100838,Zilmil Andra,zilmil.andra229@yahoo.com,3377731268,Female,1991-01-06,Indore,Madhya Pradesh,India,2023-04-21,LOW,0
100839,Balendra Dhingra,balendra.dhingra587@gmail.com,01923653460,Male,,Kolkata,West Bengal,India,2025-08-11,LOW,1
100842,Panini Mitter,panini.mitter697@hotmail.com,7698999275,Female,1964-12-24,Pune,Maharashtra,India,2024-11-01,HIGH,1
100844,Gopal Nayak,gopal.nayak299@hotmail.com,06392435885,Male,1970-06-05,Kolkata,West Bengal,India,2025-06-22,HIGH,1
100846,Elijah Kumar,elijah.kumar23@yahoo.com,6013477894,Male,1985-02-22,Lucknow,Uttar Pradesh,India,2025-07-21,LOW,0
100848,Bakhshi Mall,bakhshi.mall332@yahoo.com,03090015944,Male,1981-03-30,Hyderabad,Telangana,India,2024-02-09,HIGH,1
100849,Jack Kannan,jack.kannan592@yahoo.com,2089532638,Male,1990-03-12,Nagpur,Maharashtra,India,2023-08-14,HIGH,0
100850,Gaurika Chand,gaurika.chand371@gmail.com,3633792234,Female,1965-10-07,Kolkata,West Bengal,India,2025-07-10,LOW,0
100851,Jagdish Morar,jagdish.morar949@yahoo.com,1167726960,Male,1986-08-05,Indore,Madhya Pradesh,India,2024-06-07,HIGH,1
100852,Laban Jha,laban.jha608@outlook.com,05078967935,Male,1967-07-20,Kochi,Kerala,India,2024-11-17,MEDIUN,0
100853,Brinda Purohit,brinda.purohit310@hotmail.com,5643436970,Female,1993-07-25,Faridabad,Haryana,India,2025-02-26,HIGH,1
100854,Keya Bhattacharyya,keya.bhattacharyya886@hotmail.com,5607676164,Female,,Bengaluru,Karnataka,India,2024-06-14,HIGH,1
100855,Priya   Karnik,priya.karnik125@gmail.com,3989830650,Female,1997-02-15,Hyderabad,Telangana,India,2025-03-31,HIGH,1
100857,Bahadurjit Kata,bahadurjit.kata586@outlook.com,08762303911,Male,1997-09-16,Indore,Madhya Pradesh,India,2025-10-18,LOW,1
100858,Krish Gola,krish.gola404@gmail.com,02823052480,Male,1984-08-28,Faridabad,Haryana,India,2024-07-13,HIGH,0
100859,Ayush Ramesh,ayush.ramesh772@gmail.com,03959473721,Male,1994-11-09,Coimbatore,Tamil Nadu,India,2025-02-14,HIGH,0
100860,Gaurika Basak,gaurika.basak569@gmail.com,7876886878,Female,1977-08-08,Chennai,Tamil Nadu,India,2025-01-23,HIGH,0
100862,Mason Prakash,mason.prakash968@hotmail.com,6279246320,Male,2003-11-02,Chennai,Tamil Nadu,India,2024-01-09,MEDIUN,0
100864,Reyansh Sant,reyansh.sant705@yahoo.com,7071553482,Male,1961-02-21,Chandigarh,Chandigarh,India,2024-01-29,LOW,1
100867,Kiaan Dhawan,kiaan.dhawan549@yahoo.com,4630040236,Male,1987-12-09,Indore,Madhya Pradesh,India,2024-02-21,HIGH,1
100869,Veda Oommen,veda.oommen277@gmail.com,8855829849,Female,1997-12-21,Pune,Maharashtra,India,2024-08-13,LOW,1
100870,Jason   Kara,jason.kara797@outlook.com,8476094412,Male,1987-04-03,Patna,Bihar,India,2025-09-29,LOW,0
100872,Bhavini Murthy,bhavini.murthy542@gmail.com,2670551437,Female,2002-10-23,Bhopal,Madhya Pradesh,India,2025-11-05,HIGH,1
100873,Xalak Randhawa,xalak.randhawa326@yahoo.com,3925295961,Female,1965-06-11,Delhi,Delhi,India,2023-08-03,LOW,1
100875,fitan Mukherjee,fitan.mukherjee582@hotmail.com,09032671494,Male,1990-02-25,Ahmedabad,Gujarat,India,2024-04-30,LOW,0
100876,Zansi Bora,zansi.bora724@hotmail.com,9428179340,Female,1979-06-30,Pune,Maharashtra,India,2023-10-30,HIGH,1
100877,pallavi Gaba,pallavi.gaba313@yahoo.com,4663453372,Female,1994-05-15,Indore,Madhya Pradesh,India,2023-09-10,HIGH,0
100879,Matthew Kadakia,matthew.kadakia986@gmail.com,03510046277,Male,1992-03-18,Bhopal,Madhya Pradesh,India,2025-10-26,LOW,1
100880,Rushil   Naik,,02024617520,Male,2003-01-21,Chandigarh,Chandigarh,India,2024-06-13,LOW,0
100883,Vedant Basu,vedant.basu376@gmail.com,07679935937,Male,1973-04-26,Chennai,Tamil Nadu,India,2025-04-05,LOW,1
100884,Anjali Karnik,anjali.karnik347@gmail.com,8303736060,Female,2006-08-17,Patna,Bihar,India,2025-08-11,HIGH,1
100885,MAHIKA Wason,mahika.wason301@hotmail.com,9079388413,Female,2005-01-16,Lucknow,Uttar Pradesh,India,2025-09-29,LOW,1
100886,Saumya Narasimhan,saumya.narasimhan958@gmail.com,5370124244,Female,1980-07-23,Kochi,Kerala,India,2024-03-05,HIGH,0
100887,Tanay Jani,tanay.jani363@outlook.com,08811210314,Male,,Surat,Gujarat,India,2025-08-31,HIGH,0
100888,Gaurav Comar,gaurav.comar203@hotmail.com,7817941515,Male,1969-01-29,Indore,Madhya Pradesh,India,2023-10-06,HIGH,0
100889,Girindra Krishna,girindra.krishna232@outlook.com,5288375056,Male,1998-08-30,Ahmedabad,Gujarat,India,2025-08-30,LOW,0
100890,Tarak Chawla,tarak.chawla450@gmail.com,9791378765,Male,,Jaipur,Rajasthan,India,2023-10-21,HIGH,0
100891,Qarin Issac,qarin.issac195@gmail.com,9505560571,Male,,Kolkata,West Bengal,India,2025-10-27,HIGH,1
100892,Ekalinga Char,ekalinga.char983@hotmail.com,7885190534,Male,1986-05-24,Kolkata,West Bengal,India,2024-08-05,MEDIUN,0
100893,Unnati Memon,unnati.memon770@outlook.com,4624561851,Female,1984-07-12,Ahmedabad,Gujarat,India,2023-01-15,LOW,1
100894,Mason Ray,mason.ray113@yahoo.com,2899151145,Male,,Faridabad,Haryana,India,2024-01-09,HIGH,0
100895,Nitara   Dasgupta,nitara.dasgupta695@gmail.com,0448818984,Female,2004-02-12,Pune,Maharashtra,India,2025-03-02,MEDIUN,0
100897,Pranit Ravi,pranit.ravi718@outlook.com,3152291073,Male,1995-08-05,Hyderabad,Telangana,India,2024-07-16,MEDIUN,0
100898,Dev Gara,dev.gara194@yahoo.com,4937830639,Male,1992-08-15,Kochi,Kerala,India,2023-09-26,HIGH,1
100899,Inaya Wable,inaya.wable197@outlook.com,9443916497,Female,,Delhi,Delhi,India,2024-04-16,LOW,1
100900,Aadi Contractor,aadi.contractor717@outlook.com,2913203301,Male,1993-06-13,Indore,Madhya Pradesh,India,2025-05-16,MEDIUN,0
100901,Ekalinga Kamdar,ekalinga.kamdar113@outlook.com,1061537221,Male,2002-04-25,Delhi,Delhi,India,2024-04-10,MEDIUN,0
100902,Nicholas Roy,,3653377460,Male,1972-09-18,Delhi,Delhi,India,2023-05-18,HIGH,1
100903,Tarak Sheth,tarak.sheth442@gmail.com,3614244260,Male,1983-04-30,Guwahati,Assam,India,2024-02-27,LOW,0
100904,Zilmil Bhattacharyya,zilmil.bhattacharyya340@yahoo.com,03476427372,Female,1961-06-08,Mumbai,Maharashtra,India,2024-08-02,HIGH,0
100905,jacob Sunder,jacob.sunder216@outlook.com,8414846019,Male,2006-07-22,Pune,Maharashtra,India,2023-05-20,HIGH,0
100907,PANINI Agarwal,panini.agarwal547@yahoo.com,4493699951,Female,1978-11-06,Bhopal,Madhya Pradesh,India,2025-06-10,MEDIUN,0
100908,Guneet Konda,guneet.konda917@outlook.com,8573680119,Male,2003-08-14,Chandigarh,Chandigarh,India,2023-04-29,HIGH,0
100911,Lakshit Ganesh,lakshit.ganesh411@hotmail.com,5118939406,Male,1994-01-14,Faridabad,Haryana,India,2025-08-07,MEDIUN,0
100912,Rachana Sethi,rachana.sethi516@hotmail.com,0432230233,Female,1970-02-06,Mumbai,Maharashtra,India,2023-07-22,HIGH,0
100914,harinakshi Prasad,harinakshi.prasad277@yahoo.com,02312616324,Female,1994-11-14,Jaipur,Rajasthan,India,2023-01-13,HIGH,0
100916,Vidhi Chand,vidhi.chand740@outlook.com,8187692082,Female,1986-06-27,Chandigarh,Chandigarh,India,2024-11-15,HIGH,0
100917,Kala   Date,kala.date225@outlook.com,1388158814,Female,1973-02-23,Mumbai,Maharashtra,India,2025-03-22,LOW,0
100918,Ekanta Gokhale,ekanta.gokhale740@gmail.com,1829716815,Female,1982-09-26,Coimbatore,Tamil Nadu,India,2024-01-17,LOW,0
100919,Manya Nazareth,manya.nazareth837@yahoo.com,1529113717,Female,1998-03-24,Chandigarh,Chandigarh,India,2024-01-11,HIGH,1
100920,Ria Bhandari,ria.bhandari457@yahoo.com,6184442182,Female,1989-06-06,Faridabad,Haryana,India,2024-10-14,LOW,0
100922,Aryan Agate,aryan.agate318@gmail.com,1584826691,Male,,Lucknow,Uttar Pradesh,India,2024-08-29,LOW,0
100925,Arunima   Das,arunima.das789@yahoo.com,8044287738,Female,1969-12-01,Ahmedabad,Gujarat,India,2025-10-16,LOW,0
100926,Ijaya Wadhwa,ijaya.wadhwa874@outlook.com,1269428946,Female,1974-11-24,Hyderabad,Telangana,India,2024-08-24,HIGH,0
100927,Advaith Kibe,advaith.kibe340@outlook.com,3144170646,Male,1968-02-18,Chennai,Tamil Nadu,India,2023-11-17,HIGH,1
100928,Ridhi Mannan,ridhi.mannan106@gmail.com,05582430176,Female,,Mumbai,Maharashtra,India,2024-11-12,LOW,1
100930,Manya Narula,manya.narula504@gmail.com,5040433335,Female,1969-12-09,Faridabad,Haryana,India,2025-08-30,MEDIUN,1
100932,Ira Khosla,ira.khosla615@outlook.com,06530601198,Female,1984-06-14,Indore,Madhya Pradesh,India,2025-07-17,HIGH,1
100933,Nihal Ramachandran,nihal.ramachandran897@outlook.com,0230091561,Male,1987-01-01,Lucknow,Uttar Pradesh,India,2024-02-04,HIGH,1
100935,Ekani Bhardwaj,ekani.bhardwaj116@gmail.com,4184336875,Female,2000-11-02,Bhopal,Madhya Pradesh,India,2024-01-28,MEDIUN,1
100936,Ekaraj Reddy,ekaraj.reddy362@hotmail.com,8213745561,Male,1965-01-14,Chennai,Tamil Nadu,India,2025-03-06,LOW,1
100937,Andrew Menon,andrew.menon822@yahoo.com,5376660811,Male,1996-06-08,Surat,Gujarat,India,2024-02-17,MEDIUN,0
100938,Unni Badami,unni.badami394@yahoo.com,5669106271,Female,1975-12-28,Bhopal,Madhya Pradesh,India,2025-11-09,LOW,0
100939,Jagvi Chaudhry,jagvi.chaudhry241@gmail.com,00688269177,Female,1980-12-26,Pune,Maharashtra,India,2025-11-14,HIGH,0
100940,Ekbal Kade,ekbal.kade62@gmail.com,03480873543,Male,1983-07-03,Ahmedabad,Gujarat,India,2025-11-24,MEDIUN,0
100943,Neelima Shan,neelima.shan719@gmail.com,9693259140,Female,1997-09-06,Patna,Bihar,India,2024-02-02,LOW,0
100944,nilima Hayer,nilima.hayer145@outlook.com,4266980690,Female,2008-02-19,Ahmedabad,Gujarat,India,2025-11-14,HIGH,0
100945,Warjas Dubey,warjas.dubey762@hotmail.com,07234838935,Male,1992-10-12,Chennai,Tamil Nadu,India,2025-05-13,HIGH,1
100948,Warda Sandhu,warda.sandhu727@outlook.com,9514346823,Female,1988-10-25,Coimbatore,Tamil Nadu,India,2024-02-05,LOW,0
100949,Nachiket Upadhyay,nachiket.upadhyay411@yahoo.com,3008696610,Male,1966-03-21,Ahmedabad,Gujarat,India,2024-04-09,HIGH,1
100950,Sara Thakur,sara.thakur489@hotmail.com,00016809414,Female,1990-11-05,Bengaluru,Karnataka,India,2024-03-14,HIGH,0
100951,bina Nagy,bina.nagy277@yahoo.com,9762053440,Female,,Indore,Madhya Pradesh,India,2025-01-19,MEDIUN,0
100952,Yachana Sastry,yachana.sastry555@yahoo.com,7266292508,Female,1998-12-13,Lucknow,Uttar Pradesh,India,2025-05-28,HIGH,1
100953,Xalak Som,xalak.som247@gmail.com,1406884133,Female,1970-05-05,Kolkata,West Bengal,India,2023-12-02,LOW,0
100955,Balveer Gade,balveer.gade323@yahoo.com,08527789561,Male,1969-10-01,Kochi,Kerala,India,2025-01-01,LOW,1
100956,Udarsh Borde,udarsh.borde515@gmail.com,0295026480,Male,2007-04-28,Indore,Madhya Pradesh,India,2023-11-21,LOW,0
100958,Girik Borde,girik.borde788@yahoo.com,8213486298,Male,1976-12-09,Kolkata,West Bengal,India,2025-01-05,LOW,0
100959,Yatan Sarma,yatan.sarma459@outlook.com,1828560539,Male,1996-08-16,Kochi,Kerala,India,2025-03-19,MEDIUN,1
100961,Raghav Zachariah,raghav.zachariah147@gmail.com,05216505871,Male,1993-07-30,Hyderabad,Telangana,India,2023-02-22,LOW,0
100963,Mitali Babu,mitali.babu184@gmail.com,09386948424,Female,2002-12-21,Bengaluru,Karnataka,India,2025-11-14,LOW,1
100964,Om Vala,om.vala963@yahoo.com,7887071523,Male,2003-08-01,Nagpur,Maharashtra,India,2025-07-04,HIGH,1
100965,Sai Sem,sai.sem452@yahoo.com,09746191779,Male,1986-02-27,Guwahati,Assam,India,2025-05-11,LOW,0
100966,Rehaan Doctor,rehaan.doctor270@hotmail.com,2589370858,Male,,Kochi,Kerala,India,2023-11-08,LOW,1
100967,Aadi Rastogi,aadi.rastogi159@gmail.com,0566957900,Male,,Pune,Maharashtra,India,2025-08-03,HIGH,0
100968,Diya Ganesh,diya.ganesh686@hotmail.com,4286796325,Female,2000-04-13,Faridabad,Haryana,India,2025-04-04,HIGH,0
100969,Manan Grewal,manan.grewal750@yahoo.com,6338915624,Male,1964-06-07,Bengaluru,Karnataka,India,2024-08-20,HIGH,0
100970,Omisha Grover,omisha.grover351@outlook.com,06292693358,Female,1989-10-17,Bengaluru,Karnataka,India,2023-07-14,HIGH,0
100971,Reva Chaudry,reva.chaudry972@yahoo.com,5078468509,Female,1975-12-29,Delhi,Delhi,India,2025-03-16,LOW,1
100974,Gabriel Pau,gabriel.pau538@hotmail.com,1367500942,Male,1994-01-28,Nagpur,Maharashtra,India,2025-07-26,LOW,1
100976,Dominic Sridhar,dominic.sridhar364@hotmail.com,08856225866,Male,1963-06-01,Chennai,Tamil Nadu,India,2025-01-03,HIGH,0
100978,Udyati Patla,udyati.patla155@gmail.com,8249116502,Female,2005-05-17,Surat,Gujarat,India,2023-10-17,LOW,0
100979,Aarush Baral,aarush.baral534@outlook.com,03132155130,Male,1976-02-29,Indore,Madhya Pradesh,India,2025-01-15,LOW,0
100980,Warda Bandi,warda.bandi38@gmail.com,4448896699,Female,2008-05-18,Coimbatore,Tamil Nadu,India,2023-07-09,LOW,0
100981,Xalak Dhawan,xalak.dhawan357@yahoo.com,4620258254,Female,1970-08-26,Faridabad,Haryana,India,2025-06-16,HIGH,1
100982,Bhavya Vora,bhavya.vora310@gmail.com,03123920491,Female,1963-06-12,Patna,Bihar,India,2025-03-14,LOW,1
100983,Aarna Chana,aarna.chana421@hotmail.com,3875082768,Female,1994-07-05,Nagpur,Maharashtra,India,2024-07-08,HIGH,0
100984,Vedant Goel,vedant.goel439@hotmail.com,4584726290,Male,1976-03-26,Chennai,Tamil Nadu,India,2025-09-20,MEDIUN,0
100985,Chakradev Vaidya,chakradev.vaidya719@outlook.com,01608271721,Male,1982-07-23,Indore,Madhya Pradesh,India,2025-09-29,LOW,0
100986,Janaki Issac,,0522299936,Female,2002-12-05,Hyderabad,Telangana,India,2023-06-11,LOW,0
100987,Chandresh Sane,chandresh.sane649@gmail.com,8232553983,Male,1975-12-25,Chandigarh,Chandigarh,India,2024-10-18,LOW,1
100991,RUSHIL Bhagat,rushil.bhagat922@gmail.com,8797888975,Male,1993-06-04,Pune,Maharashtra,India,2024-07-19,LOW,0
100992,Ria Varkey,ria.varkey344@outlook.com,0304436199,Female,1976-01-04,Kochi,Kerala,India,2025-04-30,HIGH,1
100993,Veda Bhavsar,veda.bhavsar849@hotmail.com,0292950143,Female,1983-07-22,Guwahati,Assam,India,2025-04-26,HIGH,1
100995,Faqid Doshi,faqid.doshi864@hotmail.com,07201911166,Male,1965-08-18,Hyderabad,Telangana,India,2024-02-12,LOW,1
100996,Hemangini   Barman,hemangini.barman27@gmail.com,8733930493,Female,1981-04-28,Bengaluru,Karnataka,India,2024-02-14,HIGH,1
100997,Pahal Joshi,pahal.joshi26@hotmail.com,1242114086,Female,1990-08-18,Bengaluru,Karnataka,India,2025-06-28,LOW,0
100998,Ekaraj Nazareth,ekaraj.nazareth305@yahoo.com,04620935561,Male,1999-07-08,Pune,Maharashtra,India,2023-11-09,MEDIUN,0
101001,Kala   Talwar,kala.talwar935@outlook.com,7166906322,Female,,Bhopal,Madhya Pradesh,India,2024-04-11,MEDIUN,1
101002,Lohit Wali,lohit.wali704@yahoo.com,2034030109,Male,1978-01-17,Bengaluru,Karnataka,India,2024-08-25,HIGH,1
101004,LADLI Srinivasan,ladli.srinivasan629@hotmail.com,0108018103,Female,1961-11-22,Patna,Bihar,India,2025-10-08,LOW,0
101005,Samuel Karpe,samuel.karpe549@gmail.com,2680808157,Male,1965-10-07,Guwahati,Assam,India,2023-02-06,HIGH,1
101007,Arjun Mani,arjun.mani357@gmail.com,6213009625,Male,1986-02-18,Kolkata,West Bengal,India,2025-05-01,MEDIUN,0
101011,Karan Keer,karan.keer172@hotmail.com,0531520499,Male,1984-09-13,Bengaluru,Karnataka,India,2025-07-01,LOW,0
101013,Madhav   Chaudry,madhav.chaudry673@yahoo.com,7407794332,Male,1997-03-13,Bengaluru,Karnataka,India,2025-05-17,HIGH,0
101014,Tejas Goswami,tejas.goswami477@yahoo.com,9701426203,Male,1983-01-16,Surat,Gujarat,India,2025-03-12,LOW,0
101015,Yasti Sharma,yasti.sharma106@yahoo.com,00204181359,Female,1988-01-18,Kolkata,West Bengal,India,2024-10-26,HIGH,0
101016,Zayyan Sen,zayyan.sen699@hotmail.com,8894801864,Male,1975-03-18,Coimbatore,Tamil Nadu,India,2024-11-24,LOW,1
101017,Ekapad Dyal,ekapad.dyal282@gmail.com,3978570820,Male,1999-08-01,Bhopal,Madhya Pradesh,India,2025-09-10,LOW,0
101018,Kai   Zachariah,,2369149611,Male,2005-06-14,Coimbatore,Tamil Nadu,India,2023-01-18,LOW,0
101019,Zaid Madan,zaid.madan38@hotmail.com,7697040953,Male,,Ahmedabad,Gujarat,India,2025-09-21,LOW,1
101020,Daniel Kuruvilla,daniel.kuruvilla741@hotmail.com,5607832748,Male,1987-05-29,Hyderabad,Telangana,India,2024-11-26,LOW,0
101024,LEELA Rana,leela.rana266@gmail.com,6091141319,Female,2003-08-16,Mumbai,Maharashtra,India,2025-06-09,LOW,0
101025,Jeet Parmar,jeet.parmar277@hotmail.com,3376052304,Male,1976-01-12,Guwahati,Assam,India,2023-08-29,HIGH,0
101027,Maanav Mahal,maanav.mahal792@outlook.com,7182498980,Male,1986-11-08,Jaipur,Rajasthan,India,2025-01-10,HIGH,0
101028,Aadhya Rattan,aadhya.rattan676@yahoo.com,7468135926,Female,1990-09-09,Chandigarh,Chandigarh,India,2023-06-18,HIGH,1
101029,Kevin Sami,kevin.sami687@gmail.com,8748694155,Male,1988-11-07,Kolkata,West Bengal,India,2023-08-13,HIGH,0
101030,Naksh Bawa,naksh.bawa779@outlook.com,7536051171,Male,1980-11-21,Coimbatore,Tamil Nadu,India,2024-02-10,HIGH,1
101031,Bhavani Karan,bhavani.karan939@yahoo.com,03621894559,Female,1963-04-17,Ahmedabad,Gujarat,India,2023-10-31,LOW,0
101034,Nikita Nagar,nikita.nagar361@hotmail.com,6235466226,Female,1976-10-06,Kochi,Kerala,India,2023-12-18,HIGH,0
101035,Mohini Bhagat,mohini.bhagat521@hotmail.com,3006221224,Female,1969-04-21,Kochi,Kerala,India,2024-02-09,HIGH,1
101036,Upkaar Sangha,upkaar.sangha302@yahoo.com,2591601124,Male,1994-08-26,Indore,Madhya Pradesh,India,2025-11-18,HIGH,1
101037,Daksha Chanda,daksha.chanda662@gmail.com,0080179867,Female,1994-09-27,Hyderabad,Telangana,India,2024-05-15,LOW,0
101038,Devansh Hayre,devansh.hayre545@gmail.com,7047264261,Male,1967-09-07,Pune,Maharashtra,India,2024-11-15,HIGH,0
101041,Raksha Mangal,raksha.mangal323@yahoo.com,1232748979,Female,1995-10-26,Pune,Maharashtra,India,2023-08-26,HIGH,0
101042,Chaman Seshadri,chaman.seshadri343@hotmail.com,02720388621,Female,2003-09-15,Bhopal,Madhya Pradesh,India,2024-06-09,LOW,1
101043,PETER Arora,peter.arora993@outlook.com,03045306935,Male,,Mumbai,Maharashtra,India,2023-08-27,HIGH,1
101045,Bahadurjit Sandal,bahadurjit.sandal503@hotmail.com,5446083851,Male,1983-06-02,Surat,Gujarat,India,2025-04-25,MEDIUN,0
101047,Simon Wable,simon.wable116@hotmail.com,5792714724,Male,1978-09-13,Guwahati,Assam,India,2025-06-21,HIGH,0
101048,Andrew Chakraborty,andrew.chakraborty366@yahoo.com,02383972833,Male,1987-11-17,Pune,Maharashtra,India,2023-11-10,HIGH,0
101049,Dalaja Dora,dalaja.dora943@yahoo.com,09328809832,Female,1967-08-10,Bengaluru,Karnataka,India,2023-12-22,LOW,0
101050,Chaitanya Dada,chaitanya.dada272@yahoo.com,1867661008,Other,2000-12-29,Nagpur,Maharashtra,India,2025-01-05,LOW,1
101051,Warda Raju,warda.raju196@outlook.com,6140384531,Female,1988-11-30,Jaipur,Rajasthan,India,2025-02-10,HIGH,0
101055,Vrinda Barman,vrinda.barman258@gmail.com,06683482689,Female,1987-09-18,Mumbai,Maharashtra,India,2023-07-10,HIGH,0
101056,Samaksh Dutta,samaksh.dutta977@yahoo.com,08688891787,Male,1998-02-16,Chandigarh,Chandigarh,India,2023-05-22,LOW,0
101057,Balhaar Patla,balhaar.patla225@outlook.com,1976093201,Male,1966-12-25,Bengaluru,Karnataka,India,2025-01-11,HIGH,1
101058,Praneel Sha,praneel.sha915@gmail.com,1809521755,Male,1985-02-12,Faridabad,Haryana,India,2023-11-06,LOW,0
101059,Dhriti Sharma,dhriti.sharma700@yahoo.com,4692118824,Female,1965-01-09,Surat,Gujarat,India,2025-06-12,LOW,1
101060,Saksham Devi,saksham.devi559@hotmail.com,07589170454,Male,2004-08-04,Lucknow,Uttar Pradesh,India,2025-05-26,HIGH,1
101062,Adya Bawa,adya.bawa91@hotmail.com,4072324728,Female,1968-06-07,Mumbai,Maharashtra,India,2024-01-24,HIGH,1
101064,ridhi Ahuja,ridhi.ahuja860@hotmail.com,01195092711,Female,1975-09-25,Kochi,Kerala,India,2024-06-24,HIGH,1
101065,Unni Buch,unni.buch580@outlook.com,0923007169,Female,1975-09-06,Hyderabad,Telangana,India,2025-09-06,HIGH,0
101066,Abhimanyu Agrawal,abhimanyu.agrawal529@yahoo.com,4854329876,Male,1989-01-30,Delhi,Delhi,India,2023-12-15,LOW,0
101068,Balendra Banik,balendra.banik1@gmail.com,9632174357,Male,1972-11-25,Hyderabad,Telangana,India,2024-04-04,HIGH,1
101069,Kavya Nazareth,kavya.nazareth401@hotmail.com,6486067398,Female,1971-02-16,Mumbai,Maharashtra,India,2024-11-14,LOW,0
101071,Vamakshi Malhotra,vamakshi.malhotra146@yahoo.com,5515623920,Female,1989-02-16,Mumbai,Maharashtra,India,2023-09-14,MEDIUN,0
101072,Ojas Nair,ojas.nair297@hotmail.com,1311178619,Male,2007-12-15,Bhopal,Madhya Pradesh,India,2024-02-09,HIGH,0
101073,Aditya Dhar,aditya.dhar476@gmail.com,2206953541,Male,1993-05-18,Faridabad,Haryana,India,2023-04-30,LOW,1
101074,Aachal Butala,aachal.butala35@outlook.com,5002601515,Female,1970-11-30,Mumbai,Maharashtra,India,2025-08-11,HIGH,1
101075,Gavin Palan,gavin.palan904@hotmail.com,00740717327,Male,1989-03-03,Ahmedabad,Gujarat,India,2023-12-18,LOW,1
101076,Aryan Pandya,aryan.pandya358@yahoo.com,0064934039,Male,1966-04-20,Kochi,Kerala,India,2025-08-24,LOW,1
101077,Liam Pall,liam.pall471@outlook.com,8941184913,Male,2008-02-27,Coimbatore,Tamil Nadu,India,2024-02-16,HIGH,1
101078,Pahal Ghosh,pahal.ghosh939@gmail.com,09520561006,Female,2006-11-15,Faridabad,Haryana,India,2023-12-16,LOW,1
101079,Abha Bahl,abha.bahl133@outlook.com,8677403784,Female,1993-12-11,Kochi,Kerala,India,2024-05-25,MEDIUN,0
101080,Edhitha Kamdar,edhitha.kamdar31@gmail.com,3006776255,Female,1960-12-31,Bengaluru,Karnataka,India,2024-08-29,MEDIUN,0
101081,Faris Pall,faris.pall779@outlook.com,05426241784,Male,1969-06-07,Bhopal,Madhya Pradesh,India,2024-10-29,LOW,0
101082,Azaan Grover,azaan.grover774@hotmail.com,5110090605,Male,,Chennai,Tamil Nadu,India,2025-08-09,HIGH,0
101083,Yash Ahluwalia,yash.ahluwalia782@hotmail.com,0211667329,Other,2005-02-18,Bengaluru,Karnataka,India,2025-08-01,LOW,0
101084,Lohit Natt,lohit.natt137@hotmail.com,8759212996,Male,1975-07-29,Nagpur,Maharashtra,India,2024-12-15,HIGH,0
101088,Chaitaly Munshi,chaitaly.munshi513@hotmail.com,6880053789,Female,,Kolkata,West Bengal,India,2023-07-27,LOW,0
101089,hritik Bhavsar,hritik.bhavsar895@hotmail.com,09728454018,Male,1967-03-30,Indore,Madhya Pradesh,India,2024-07-18,LOW,0
101090,WAIDA Gaba,waida.gaba616@gmail.com,04823220414,Female,1973-12-28,Pune,Maharashtra,India,2023-01-01,LOW,0
101091,Liam Kakar,liam.kakar70@outlook.com,9930202030,Male,1973-11-28,Faridabad,Haryana,India,2024-09-23,LOW,1
101092,Falan Kanda,falan.kanda409@outlook.com,02135302816,Male,1976-09-18,Kochi,Kerala,India,2024-11-07,HIGH,0
101093,Arunima Ray,arunima.ray34@gmail.com,9377756919,Female,1986-05-27,Jaipur,Rajasthan,India,2024-04-02,LOW,0
101095,Akshay Lall,akshay.lall355@gmail.com,6229131670,Male,1984-08-31,Coimbatore,Tamil Nadu,India,2024-03-31,LOW,0
101098,AARNA Mittal,aarna.mittal699@hotmail.com,2262611424,Female,1971-01-01,Kolkata,West Bengal,India,2025-08-04,LOW,1
101099,Samesh Devan,samesh.devan719@hotmail.com,2188087991,Male,1996-02-17,Ahmedabad,Gujarat,India,2024-12-01,MEDIUN,0
101102,Rachit Loke,rachit.loke45@outlook.com,07576945353,Male,1981-07-27,Chennai,Tamil Nadu,India,2023-05-15,LOW,0
101103,vrishti Madan,vrishti.madan674@hotmail.com,4212545080,Female,1988-02-07,Faridabad,Haryana,India,2024-05-23,LOW,1
101105,Jagdish Arya,jagdish.arya327@outlook.com,42614048,Male,1988-08-15,Kochi,Kerala,India,2024-06-14,LOW,0
101106,Jatin Dugar,jatin.dugar287@hotmail.com,03079637310,Male,1962-01-19,Guwahati,Assam,India,2025-11-10,MEDIUN,0
101108,LOGAN Goda,logan.goda22@gmail.com,0173208652,Male,1971-04-18,Nagpur,Maharashtra,India,2023-06-07,HIGH,1
101112,Prisha Panchal,prisha.panchal776@yahoo.com,2973525953,Female,2004-04-09,Coimbatore,Tamil Nadu,India,2025-08-25,HIGH,1
101114,Jhalak Sampath,jhalak.sampath587@hotmail.com,1087082697,Female,1998-06-07,Nagpur,Maharashtra,India,2025-05-23,LOW,0
101116,HEMANI Chakraborty,hemani.chakraborty346@outlook.com,4673574223,Female,2007-08-21,Chandigarh,Chandigarh,India,2024-12-17,LOW,1
101117,Hritik Dua,hritik.dua128@gmail.com,09442589222,Male,1995-11-09,Guwahati,Assam,India,2024-02-21,LOW,0
101118,Raagini Ravel,raagini.ravel10@hotmail.com,5063731180,Female,1973-08-24,Mumbai,Maharashtra,India,2025-01-20,HIGH,1
101119,Xalak Majumdar,xalak.majumdar284@gmail.com,03841852013,Female,1997-10-20,Delhi,Delhi,India,2024-02-08,HIGH,0
101120,Harita Rattan,harita.rattan890@outlook.com,7561547055,Female,1972-09-06,Jaipur,Rajasthan,India,2023-08-29,LOW,0
101121,Balhaar Ghosh,balhaar.ghosh671@gmail.com,04119556409,Male,,Pune,Maharashtra,India,2024-12-07,LOW,0
101122,Chakradev Prashad,chakradev.prashad975@gmail.com,8752070204,Male,1968-09-17,Pune,Maharashtra,India,2025-07-17,LOW,1
101123,Fariq Aurora,fariq.aurora615@gmail.com,2413936967,Male,,Patna,Bihar,India,2025-01-24,LOW,0
101125,Akshay Sharma,akshay.sharma335@gmail.com,03394319165,Male,1975-06-08,Ahmedabad,Gujarat,India,2023-12-16,LOW,1
101127,Madhavi Mandal,madhavi.mandal524@outlook.com,00026876448,Female,1992-07-20,Kolkata,West Bengal,India,2024-07-24,LOW,1
101128,Teerth Taneja,teerth.taneja673@gmail.com,01636560450,Male,,Faridabad,Haryana,India,2025-05-14,LOW,0
101129,Alka Ray,alka.ray552@hotmail.com,0964969277,Female,1964-05-29,Pune,Maharashtra,India,2023-03-30,HIGH,0
101130,Praneel Devan,praneel.devan325@hotmail.com,0597025512,Male,1986-01-02,Kochi,Kerala,India,2023-07-27,LOW,0
101131,Vihaan Sachdev,vihaan.sachdev467@yahoo.com,5948989596,Male,1977-05-08,Patna,Bihar,India,2025-08-13,HIGH,1
101132,Megha Sachdev,megha.sachdev82@outlook.com,04344149169,Female,2005-02-26,Indore,Madhya Pradesh,India,2025-08-07,HIGH,1
101133,Krisha Kibe,krisha.kibe236@hotmail.com,4394640882,Female,1967-08-17,Nagpur,Maharashtra,India,2023-10-31,MEDIUN,0
101136,Dominic Dass,dominic.dass784@outlook.com,09646129390,Male,,Indore,Madhya Pradesh,India,2024-01-14,LOW,1
101137,amrita Dhaliwal,amrita.dhaliwal707@gmail.com,3756589635,Female,1988-07-25,Indore,Madhya Pradesh,India,2025-10-26,HIGH,0
101138,Vrishti Agate,vrishti.agate131@outlook.com,03145843456,Female,1979-03-26,Indore,Madhya Pradesh,India,2024-07-21,HIGH,1
101141,Ekta Mand,ekta.mand156@gmail.com,7417430435,Female,1963-06-02,Kochi,Kerala,India,2024-05-19,LOW,0
101142,Ishaan Yadav,ishaan.yadav521@yahoo.com,08946652752,Male,1970-03-01,Nagpur,Maharashtra,India,2025-09-22,LOW,0
101143,Ekalinga Venkatesh,ekalinga.venkatesh293@hotmail.com,2569133030,Male,1971-02-23,Delhi,Delhi,India,2024-12-28,LOW,0
101147,Samuel Lad,samuel.lad983@gmail.com,5461992406,Male,1977-11-18,Guwahati,Assam,India,2024-08-29,LOW,0
101150,Vasudha Varghese,vasudha.varghese750@outlook.com,00170740392,Female,1977-07-14,Ahmedabad,Gujarat,India,2025-01-14,HIGH,0
101152,Aishani Patel,aishani.patel444@gmail.com,2654963308,Female,1999-10-21,Surat,Gujarat,India,2024-11-08,HIGH,1
101153,Harrison Mann,harrison.mann252@gmail.com,08789950470,Male,1999-03-24,Delhi,Delhi,India,2025-04-09,MEDIUN,0
101154,Aashi Prasad,aashi.prasad834@hotmail.com,9537749266,Female,1991-01-28,Ahmedabad,Gujarat,India,2024-08-12,MEDIUN,0
101155,Jagrati Dutta,jagrati.dutta4@yahoo.com,2777522592,Female,,Kochi,Kerala,India,2025-11-12,HIGH,0
101156,Abhiram Sahota,abhiram.sahota647@hotmail.com,2920592294,Male,1966-03-25,Jaipur,Rajasthan,India,2025-01-27,LOW,0
101157,Ojasvi Roy,ojasvi.roy897@yahoo.com,09636372629,Female,1995-04-21,Lucknow,Uttar Pradesh,India,2023-03-21,HIGH,1
101160,Urishilla Sahni,urishilla.sahni793@yahoo.com,09185488064,Female,2008-01-29,Faridabad,Haryana,India,2024-07-14,HIGH,1
101161,Ekani Acharya,ekani.acharya275@outlook.com,07787358566,Female,1974-02-19,Mumbai,Maharashtra,India,2023-01-16,MEDIUN,0
101162,Ryan Mukhopadhyay,ryan.mukhopadhyay422@outlook.com,3421926221,Male,1969-11-22,Jaipur,Rajasthan,India,2025-09-16,HIGH,0
101163,Adweta Mody,adweta.mody652@outlook.com,4831478911,Female,1983-03-23,Pune,Maharashtra,India,2024-09-08,HIGH,0
101164,Udant Dube,udant.dube971@gmail.com,9498128318,Male,1961-07-26,Kolkata,West Bengal,India,2024-10-28,HIGH,0
101166,Chanakya Aggarwal,chanakya.aggarwal371@yahoo.com,03838058269,Male,1968-10-25,Delhi,Delhi,India,2023-04-28,HIGH,0
101167,Bhavani Bhasin,bhavani.bhasin933@yahoo.com,3328389633,Female,,Lucknow,Uttar Pradesh,India,2024-06-13,LOW,0
101168,Wyatt Reddy,wyatt.reddy514@gmail.com,8626713684,Male,2006-12-09,Mumbai,Maharashtra,India,2024-11-24,HIGH,1
101169,Chatura Acharya,chatura.acharya279@gmail.com,3392188352,Male,1982-09-29,Pune,Maharashtra,India,2023-12-21,HIGH,0
101170,Azad Wadhwa,azad.wadhwa79@gmail.com,06106592088,Male,,Jaipur,Rajasthan,India,2025-06-08,LOW,0
101171,Harish Lata,harish.lata98@yahoo.com,9761781596,Other,1988-06-06,Chandigarh,Chandigarh,India,2024-03-31,HIGH,0
101172,Jatin Mistry,jatin.mistry525@hotmail.com,6656862959,Male,2000-06-04,Surat,Gujarat,India,2025-04-27,MEDIUN,0
101174,Ekanta Bajaj,,6941799670,Female,1987-08-11,Chandigarh,Chandigarh,India,2024-06-11,MEDIUN,0
101176,Daksh Roy,daksh.roy341@outlook.com,3698816498,Male,1961-12-15,Hyderabad,Telangana,India,2025-06-03,MEDIUN,0
101178,Bhavani Badami,bhavani.badami786@gmail.com,05813088983,Female,,Pune,Maharashtra,India,2023-11-02,HIGH,0
101179,Ansh Narayan,,04185630275,Male,2004-07-17,Coimbatore,Tamil Nadu,India,2024-06-25,HIGH,0
101180,Arjun Acharya,arjun.acharya330@yahoo.com,9953056418,Male,1973-02-21,Surat,Gujarat,India,2025-03-12,MEDIUN,1
101181,Inaya Sarma,inaya.sarma717@hotmail.com,0870187260,Female,1962-02-10,Hyderabad,Telangana,India,2023-12-23,LOW,0
101182,HARSH Sane,harsh.sane891@hotmail.com,4442990674,Male,1992-07-18,Kolkata,West Bengal,India,2024-05-15,LOW,1
101184,Unnati Gokhale,unnati.gokhale630@outlook.com,5334704747,Female,2003-11-07,Jaipur,Rajasthan,India,2023-03-09,LOW,0
101185,Max Mani,max.mani532@outlook.com,9652138350,Male,1984-02-02,Guwahati,Assam,India,2024-09-06,HIGH,0
101187,Ekbal Sheth,ekbal.sheth719@outlook.com,3958558522,Male,,Mumbai,Maharashtra,India,2023-06-30,LOW,0
101188,Michael Garde,michael.garde69@yahoo.com,6185759171,Male,1963-03-29,Nagpur,Maharashtra,India,2025-08-15,LOW,1
101190,Ekavir Mishra,ekavir.mishra80@yahoo.com,5949734493,Male,1962-05-16,Jaipur,Rajasthan,India,2025-05-26,HIGH,0
101192,Anjali Varghese,anjali.varghese215@hotmail.com,02787304862,Female,1975-10-12,Guwahati,Assam,India,2023-06-22,HIGH,0
101194,William Guha,william.guha681@hotmail.com,07629691433,Male,1999-09-01,Nagpur,Maharashtra,India,2025-04-08,LOW,0
101195,Ekansh Kurian,ekansh.kurian364@hotmail.com,9999001089,Male,1987-03-18,Faridabad,Haryana,India,2024-11-20,LOW,0
101197,MANTHAN Shankar,manthan.shankar668@hotmail.com,7595828190,Male,1969-03-18,Hyderabad,Telangana,India,2024-07-31,HIGH,1
101201,Fiyaz Cheema,fiyaz.cheema641@outlook.com,8669335158,Male,1986-06-17,Jaipur,Rajasthan,India,2024-06-11,LOW,1
101202,Advaith Shetty,advaith.shetty503@hotmail.com,6011939103,Male,2006-08-15,Guwahati,Assam,India,2024-12-16,HIGH,1
101203,Dev Som,dev.som628@gmail.com,06090858181,Male,1962-08-30,Patna,Bihar,India,2024-04-22,LOW,0
101204,Omisha Bhat,omisha.bhat58@gmail.com,6158736627,Female,1964-05-25,Indore,Madhya Pradesh,India,2024-11-16,MEDIUN,1
101205,Owen Upadhyay,owen.upadhyay341@gmail.com,5390058561,Male,1978-03-20,Kolkata,West Bengal,India,2024-09-20,LOW,0
101208,Onveer Krish,onveer.krish651@yahoo.com,1610197535,Male,1986-04-24,Indore,Madhya Pradesh,India,2024-04-17,HIGH,1
101209,netra Rout,netra.rout582@hotmail.com,03880273042,Female,1983-12-21,Surat,Gujarat,India,2023-10-29,HIGH,0
101210,Ishita Sami,ishita.sami191@gmail.com,7189395309,Female,,Chennai,Tamil Nadu,India,2025-02-14,HIGH,0
101212,Parth Choudhury,parth.choudhury318@yahoo.com,2717430688,Male,2007-11-25,Kolkata,West Bengal,India,2024-11-08,HIGH,0
101214,Praneel Vala,praneel.vala593@outlook.com,7704130909,Male,2004-06-11,Bhopal,Madhya Pradesh,India,2023-03-22,HIGH,1
101215,Priya Hans,priya.hans973@gmail.com,2625420412,Female,2002-01-02,Chennai,Tamil Nadu,India,2025-06-20,LOW,1
101217,Fariq Madan,fariq.madan265@yahoo.com,09794122487,Male,1961-12-18,Kochi,Kerala,India,2023-05-16,LOW,1
101218,Wazir Dora,wazir.dora479@yahoo.com,2251742240,Male,,Bhopal,Madhya Pradesh,India,2023-09-28,LOW,1
101219,Libni Kala,libni.kala891@outlook.com,0034686163,Female,1963-01-10,Hyderabad,Telangana,India,2024-03-03,MEDIUN,0
101222,Janaki Shenoy,janaki.shenoy42@outlook.com,01138690871,Female,1992-01-21,Faridabad,Haryana,India,2025-01-30,HIGH,0
101223,Yachana Dhar,yachana.dhar793@hotmail.com,6171928170,Female,1982-06-11,Indore,Madhya Pradesh,India,2025-03-03,MEDIUN,0
101224,Niharika Konda,niharika.konda975@yahoo.com,2252160252,Female,1970-12-01,Lucknow,Uttar Pradesh,India,2023-05-29,HIGH,1
101225,Krishna Butala,krishna.butala812@outlook.com,7726903265,Male,,Bengaluru,Karnataka,India,2024-02-21,HIGH,0
101227,Daksh Raja,daksh.raja702@yahoo.com,5891268649,Male,1999-02-15,Pune,Maharashtra,India,2024-01-14,MEDIUN,0
101228,Samuel Kumer,samuel.kumer716@hotmail.com,3760088447,Male,1973-01-13,Chandigarh,Chandigarh,India,2024-06-23,HIGH,0
101229,Jack Sarma,jack.sarma132@hotmail.com,0749921640,Male,1963-01-11,Hyderabad,Telangana,India,2024-10-26,LOW,0
101230,Zarna Jaggi,zarna.jaggi547@hotmail.com,04848647082,Female,1966-03-29,Indore,Madhya Pradesh,India,2024-05-23,MEDIUN,1
101231,Zarna   Roy,zarna.roy787@yahoo.com,2123720550,Female,2002-10-15,Guwahati,Assam,India,2025-04-17,MEDIUN,1
101232,Ikbal Agate,ikbal.agate662@gmail.com,3467391900,Male,1985-05-22,Faridabad,Haryana,India,2025-01-21,HIGH,1
101233,Gautam Dara,gautam.dara436@yahoo.com,1692327379,Other,1992-12-05,Faridabad,Haryana,India,2023-04-02,MEDIUN,0
101234,Victor Basu,victor.basu168@yahoo.com,8674630009,Male,1999-10-11,Indore,Madhya Pradesh,India,2024-05-21,LOW,0
101235,Lakshit Kanda,lakshit.kanda823@hotmail.com,1181519854,Male,1976-06-09,Hyderabad,Telangana,India,2024-03-31,LOW,1
101237,Jeremiah Mander,jeremiah.mander515@hotmail.com,2010824028,Male,2004-04-21,Hyderabad,Telangana,India,2023-07-31,MEDIUN,0
101239,Nicholas Deshpande,nicholas.deshpande203@outlook.com,02357004129,Male,1965-02-27,Coimbatore,Tamil Nadu,India,2025-06-05,LOW,1
101240,Ekiya Narula,ekiya.narula889@gmail.com,05590461007,Female,1989-06-28,Delhi,Delhi,India,2025-02-05,HIGH,0
101243,Kai Muni,kai.muni548@gmail.com,7634601915,Male,1971-12-21,Chennai,Tamil Nadu,India,2024-05-19,HIGH,0
101244,Qadim Tata,qadim.tata941@yahoo.com,04358617682,Male,1968-06-11,Nagpur,Maharashtra,India,2024-09-19,HIGH,1
101246,Balvan   Sathe,balvan.sathe346@gmail.com,4947712903,Male,1977-12-20,Kochi,Kerala,India,2023-11-18,MEDIUN,0
101247,Anita Sachar,anita.sachar857@gmail.com,09742235434,Female,1963-03-10,Jaipur,Rajasthan,India,2025-11-21,HIGH,1
101249,Lakshit Mandal,lakshit.mandal514@outlook.com,07388182730,Male,2001-10-03,Chennai,Tamil Nadu,India,2025-08-03,MEDIUN,0
101252,Alexander Dani,alexander.dani603@hotmail.com,6037218600,Male,1970-05-04,Guwahati,Assam,India,2024-09-15,LOW,0
101254,Jai Chhabra,jai.chhabra262@hotmail.com,8601625908,Male,1973-01-05,Chennai,Tamil Nadu,India,2025-09-07,HIGH,0
101255,Meghana Shukla,meghana.shukla213@gmail.com,1375358210,Female,1983-04-18,Patna,Bihar,India,2023-10-27,LOW,0
101256,Fiyaz Wadhwa,fiyaz.wadhwa160@gmail.com,2790371616,Male,1961-12-06,Nagpur,Maharashtra,India,2023-09-04,LOW,0
101258,Ishaan Baria,ishaan.baria406@gmail.com,2480855780,Male,1961-04-27,Hyderabad,Telangana,India,2023-06-12,HIGH,0
101259,Kabir Memon,kabir.memon361@hotmail.com,2169069685,Male,2001-04-07,Faridabad,Haryana,India,2024-03-11,LOW,0
101261,Devika Ray,devika.ray947@yahoo.com,7033508424,Female,2001-05-05,Nagpur,Maharashtra,India,2025-10-25,HIGH,1
101262,Daksh Yohannan,daksh.yohannan393@gmail.com,8130041691,Male,,Chennai,Tamil Nadu,India,2024-11-11,LOW,1
101263,Abhimanyu Mutti,abhimanyu.mutti625@yahoo.com,1675864633,Male,1992-08-30,Pune,Maharashtra,India,2023-11-09,LOW,0
101264,Omya Kaul,omya.kaul171@yahoo.com,0147642789,Female,1998-05-26,Surat,Gujarat,India,2023-04-23,LOW,0
101265,Divya Nagarajan,divya.nagarajan871@yahoo.com,08177512395,Female,1997-05-03,Faridabad,Haryana,India,2023-06-21,HIGH,0
101267,Qasim Mammen,qasim.mammen248@hotmail.com,5171073087,Male,1966-06-29,Guwahati,Assam,India,2025-05-21,HIGH,1
101269,Manbir Bora,manbir.bora883@hotmail.com,00292546862,Male,2003-07-02,Kochi,Kerala,India,2025-10-07,HIGH,0
101270,Girik Varty,girik.varty450@gmail.com,4207632713,Male,2005-11-18,Guwahati,Assam,India,2025-10-05,MEDIUN,0
101271,Ishita Rattan,ishita.rattan410@outlook.com,3868790604,Female,1985-06-06,Delhi,Delhi,India,2024-06-22,HIGH,0
101275,Eiravati   Shah,eiravati.shah609@outlook.com,2711175769,Female,1966-05-28,Jaipur,Rajasthan,India,2024-09-22,HIGH,1
101277,Harita Chawla,harita.chawla159@outlook.com,2026980142,Female,1993-03-09,Nagpur,Maharashtra,India,2024-10-31,LOW,0
101281,Imaran Kar,imaran.kar685@gmail.com,1291635049,Male,1999-11-01,Faridabad,Haryana,India,2023-02-16,HIGH,1
101284,Charan Garg,charan.garg567@outlook.com,4390448909,Male,1971-06-03,Bengaluru,Karnataka,India,2024-08-05,HIGH,0
101285,Farhan Pall,farhan.pall251@yahoo.com,2351025550,Male,1966-01-23,Nagpur,Maharashtra,India,2025-11-15,LOW,1
101286,Jeevika Nazareth,jeevika.nazareth42@yahoo.com,8884393332,Female,1974-10-01,Nagpur,Maharashtra,India,2023-04-14,LOW,0
101288,ayush Sawhney,ayush.sawhney327@gmail.com,9201237631,Male,1983-09-16,Hyderabad,Telangana,India,2024-10-11,LOW,0
101290,Siya   Sekhon,siya.sekhon604@yahoo.com,3626475286,Female,1972-09-13,Nagpur,Maharashtra,India,2025-01-26,LOW,1
101291,Charan Dhar,charan.dhar505@outlook.com,0099284524,Male,1963-07-18,Guwahati,Assam,India,2024-09-12,MEDIUN,1
101293,Arya Varughese,arya.varughese7@hotmail.com,4792542218,Female,,Chennai,Tamil Nadu,India,2025-10-11,LOW,0
101294,Jacob Kumar,jacob.kumar97@outlook.com,2048770676,Male,2000-06-06,Indore,Madhya Pradesh,India,2025-07-29,HIGH,0
101295,Hardik Joshi,hardik.joshi219@yahoo.com,06515902578,Male,1992-07-22,Hyderabad,Telangana,India,2025-10-21,HIGH,0
101297,Kiaan Rao,kiaan.rao334@yahoo.com,5519628222,Male,2002-05-09,Chennai,Tamil Nadu,India,2024-06-25,LOW,0
101299,Frado   Gaba,frado.gaba461@outlook.com,09290096627,Male,1962-07-10,Patna,Bihar,India,2025-03-23,LOW,0
101300,Samarth Rastogi,samarth.rastogi363@hotmail.com,6321740039,Male,1964-03-16,Delhi,Delhi,India,2024-01-01,HIGH,0
101302,Ubika Bail,ubika.bail817@yahoo.com,05646160762,Female,1979-05-18,Surat,Gujarat,India,2025-11-07,LOW,0
101303,Ikbal Vora,ikbal.vora965@hotmail.com,05372346176,Male,1992-03-31,Surat,Gujarat,India,2025-08-26,LOW,1
101304,Isaac Choudhry,isaac.choudhry287@yahoo.com,9441642316,Male,1977-05-13,Bhopal,Madhya Pradesh,India,2024-03-16,HIGH,1
101305,Mitali Dada,mitali.dada449@outlook.com,7685760634,Female,1989-08-16,Chandigarh,Chandigarh,India,2023-11-30,HIGH,0
101308,Pooja Sangha,pooja.sangha927@outlook.com,4790254853,Female,1978-10-12,Surat,Gujarat,India,2025-09-18,LOW,0
101310,Zashil Nazareth,zashil.nazareth438@hotmail.com,1643599009,Male,1998-02-06,Hyderabad,Telangana,India,2025-07-28,MEDIUN,0
101311,William Walla,william.walla17@outlook.com,06143788443,Male,1982-07-20,Kochi,Kerala,India,2023-01-29,MEDIUN,0
101312,Siya Prashad,siya.prashad290@hotmail.com,06726368154,Female,2002-12-17,Chandigarh,Chandigarh,India,2024-01-31,HIGH,0
101313,Caleb Venkataraman,caleb.venkataraman818@yahoo.com,7291084507,Male,1991-10-21,Hyderabad,Telangana,India,2024-05-16,HIGH,0
101314,Reyansh Bahri,reyansh.bahri786@gmail.com,0503374698,Male,1972-05-27,Kolkata,West Bengal,India,2024-04-15,LOW,0
101315,Amara Randhawa,amara.randhawa75@outlook.com,7182226679,Female,1991-06-13,Ahmedabad,Gujarat,India,2023-06-25,HIGH,0
101316,CHAITALY   Babu,chaitaly.babu412@gmail.com,05385906739,Female,1980-07-08,Indore,Madhya Pradesh,India,2023-10-08,HIGH,0
101318,Udyati Brahmbhatt,udyati.brahmbhatt915@outlook.com,6320162907,Female,1969-10-24,Kolkata,West Bengal,India,2023-07-18,HIGH,0
101319,Gaurang Upadhyay,gaurang.upadhyay27@gmail.com,7182653371,Male,1982-07-29,Chennai,Tamil Nadu,India,2024-11-02,LOW,1
101322,Theodore Gupta,theodore.gupta27@hotmail.com,04388430217,Male,1995-05-26,Hyderabad,Telangana,India,2024-01-01,LOW,0
101323,Daksh Sachdeva,daksh.sachdeva211@yahoo.com,3158901649,Male,2004-10-27,Faridabad,Haryana,India,2024-06-21,HIGH,0
101324,Ekavir Vaidya,ekavir.vaidya167@gmail.com,1709264070,Male,1970-05-21,Coimbatore,Tamil Nadu,India,2023-02-03,HIGH,1
101325,amol Vasa,amol.vasa196@hotmail.com,2829682448,Male,1976-04-09,Surat,Gujarat,India,2023-08-22,HIGH,0
101327,Sanya Choudhary,sanya.choudhary445@gmail.com,0808203917,Female,1963-05-05,Lucknow,Uttar Pradesh,India,2024-03-03,LOW,1
101328,Harita Sama,harita.sama17@hotmail.com,5962458701,Female,1969-03-09,Faridabad,Haryana,India,2024-03-12,HIGH,1
101330,Lila Seth,lila.seth888@yahoo.com,7024365240,Female,1977-07-04,Guwahati,Assam,India,2024-05-27,LOW,0
101332,Varsha Tara,varsha.tara209@hotmail.com,02323606679,Female,1997-11-01,Mumbai,Maharashtra,India,2024-03-31,HIGH,0
101333,SAMAR Mander,samar.mander30@outlook.com,09722042986,Male,,Mumbai,Maharashtra,India,2023-08-02,LOW,1
101334,George Gandhi,george.gandhi162@yahoo.com,6179962356,Male,,Faridabad,Haryana,India,2023-12-16,LOW,1
101335,Garima Kota,garima.kota426@hotmail.com,7779256041,Female,1972-06-21,Bhopal,Madhya Pradesh,India,2023-03-20,LOW,0
101338,ishani Varty,ishani.varty676@yahoo.com,7209986564,Female,1968-04-13,Ahmedabad,Gujarat,India,2023-10-23,MEDIUN,1
101339,Ekanta Minhas,ekanta.minhas190@outlook.com,08235309766,Female,1989-10-29,Pune,Maharashtra,India,2024-11-27,LOW,0
101341,Aadhya Sen,aadhya.sen648@hotmail.com,9572404347,Female,,Delhi,Delhi,India,2023-08-13,LOW,0
101342,Lavanya Dara,lavanya.dara407@yahoo.com,7956100777,Female,1970-01-16,Pune,Maharashtra,India,2025-08-25,LOW,1
101343,Hamsini Borah,hamsini.borah463@hotmail.com,1920259991,Female,1988-12-20,Coimbatore,Tamil Nadu,India,2025-06-15,LOW,0
101346,Pranav Chakraborty,pranav.chakraborty97@yahoo.com,5145634091,Male,1987-05-31,Mumbai,Maharashtra,India,2025-06-10,HIGH,1
101347,Raagini Upadhyay,raagini.upadhyay464@outlook.com,5744965391,Female,2004-11-10,Patna,Bihar,India,2025-01-01,HIGH,0
101349,Kritika Doctor,kritika.doctor577@yahoo.com,06203858864,Female,1990-10-10,Guwahati,Assam,India,2024-03-06,LOW,0
101350,Advaith Saxena,advaith.saxena384@yahoo.com,2951646933,Male,1995-04-15,Kochi,Kerala,India,2025-06-27,LOW,0
101351,PAVANI Sahni,pavani.sahni879@hotmail.com,04408806708,Female,1995-03-02,Ahmedabad,Gujarat,India,2023-02-18,LOW,1
101352,Warhi Basak,warhi.basak916@hotmail.com,01843113266,Female,,Kochi,Kerala,India,2023-08-06,HIGH,0
101354,Vasana Dutt,vasana.dutt843@hotmail.com,00774544708,Female,1993-03-14,Ahmedabad,Gujarat,India,2025-02-18,LOW,1
101357,Udarsh Ahuja,udarsh.ahuja12@outlook.com,5063066360,Male,1978-06-02,Jaipur,Rajasthan,India,2024-03-19,HIGH,1
101358,Dhruv Wali,dhruv.wali306@hotmail.com,9891039091,Male,2008-01-22,Pune,Maharashtra,India,2025-10-23,LOW,0
101359,Ayushman Khalsa,ayushman.khalsa973@outlook.com,09452375979,Male,1978-03-19,Surat,Gujarat,India,2025-08-01,LOW,0
101360,Daksh Grover,daksh.grover898@yahoo.com,6027574544,Male,2007-09-22,Coimbatore,Tamil Nadu,India,2023-12-19,HIGH,1
101361,Ekapad Bassi,ekapad.bassi248@outlook.com,08118081896,Male,1977-04-23,Bengaluru,Karnataka,India,2025-04-17,HIGH,0
101362,Parth Wagle,parth.wagle863@outlook.com,2295217970,Male,1975-09-23,Hyderabad,Telangana,India,2023-03-18,LOW,0
101363,Tanvi Rai,,4860704726,Female,2003-11-25,Jaipur,Rajasthan,India,2025-01-05,LOW,0
101365,Champak Mutti,champak.mutti44@hotmail.com,00522441339,Male,1976-04-12,Guwahati,Assam,India,2025-05-21,HIGH,1
101366,Timothy Lanka,timothy.lanka370@yahoo.com,1579057191,Male,1997-01-07,Hyderabad,Telangana,India,2023-01-21,LOW,1
101367,Rushil Saran,rushil.saran663@outlook.com,6561833597,Male,1973-04-11,Delhi,Delhi,India,2024-12-18,HIGH,0
101369,Gautami Bal,gautami.bal870@hotmail.com,3297323964,Female,1973-01-18,Mumbai,Maharashtra,India,2024-08-08,LOW,1
101370,Idika Deol,idika.deol803@hotmail.com,09924277392,Female,1971-05-11,Jaipur,Rajasthan,India,2025-04-18,HIGH,0
101371,Omkaar Dhaliwal,omkaar.dhaliwal759@outlook.com,01401693328,Male,1973-12-31,Kolkata,West Bengal,India,2023-01-18,MEDIUN,0
101372,Ekapad Kala,ekapad.kala632@outlook.com,08290755154,Male,1993-09-25,Surat,Gujarat,India,2024-12-16,LOW,1
101373,Edhitha Ramachandran,edhitha.ramachandran321@hotmail.com,09913831006,Female,1998-06-19,Bengaluru,Karnataka,India,2023-01-21,LOW,0
101376,Nidra Deshmukh,nidra.deshmukh634@hotmail.com,0274067582,Female,1981-02-27,Chennai,Tamil Nadu,India,2024-08-18,HIGH,0
101377,Shivansh Devi,shivansh.devi150@outlook.com,0363856461,Male,1974-03-08,Faridabad,Haryana,India,2024-05-15,LOW,0
101378,Vanya Loke,vanya.loke332@gmail.com,8399798491,Female,1972-12-24,Lucknow,Uttar Pradesh,India,2024-04-24,HIGH,1
101380,Lavanya Raj,lavanya.raj13@yahoo.com,08115948534,Female,1961-05-24,Kolkata,West Bengal,India,2023-02-06,HIGH,0
101382,Xalak Bhatt,xalak.bhatt724@outlook.com,08870584168,Female,1962-12-27,Faridabad,Haryana,India,2024-11-05,LOW,1
101384,Tristan Luthra,tristan.luthra99@yahoo.com,0972361080,Male,1988-02-29,Pune,Maharashtra,India,2023-07-26,MEDIUN,0
101385,Ekavir Sahni,ekavir.sahni738@yahoo.com,06555786457,Male,1992-07-22,Guwahati,Assam,India,2024-01-31,HIGH,0
101386,Ryan Naidu,ryan.naidu472@gmail.com,2476400068,Male,1982-01-15,Jaipur,Rajasthan,India,2025-04-20,HIGH,0
101387,Yoshita Sachdeva,yoshita.sachdeva573@hotmail.com,1665451224,Female,,Chandigarh,Chandigarh,India,2025-09-27,MEDIUN,1
101388,Matthew Lad,matthew.lad978@gmail.com,03386860835,Male,2000-01-01,Patna,Bihar,India,2024-01-26,LOW,0
101389,Anvi Bhatt,anvi.bhatt722@hotmail.com,9442386020,Female,1998-11-19,Bhopal,Madhya Pradesh,India,2025-05-31,HIGH,0
101390,Ojas Bava,ojas.bava239@outlook.com,01349096197,Male,1989-03-28,Lucknow,Uttar Pradesh,India,2024-07-16,HIGH,0
101391,Yagnesh Deshmukh,,01356948045,Male,2004-07-02,Coimbatore,Tamil Nadu,India,2024-11-02,HIGH,1
101392,Vedika Jayaraman,vedika.jayaraman543@gmail.com,0957394059,Female,2000-05-17,Bengaluru,Karnataka,India,2025-04-28,LOW,1
101393,Arin Dey,arin.dey31@yahoo.com,4420315892,Male,1976-07-21,Chennai,Tamil Nadu,India,2025-08-08,HIGH,1
101394,Meera Badal,meera.badal825@hotmail.com,1977748675,Female,1989-11-16,Coimbatore,Tamil Nadu,India,2023-06-20,LOW,0
101395,Dakshesh More,dakshesh.more725@yahoo.com,3088295868,Male,1999-04-20,Patna,Bihar,India,2025-01-23,HIGH,0
101397,Wridesh Master,wridesh.master700@gmail.com,00662931518,Male,,Chandigarh,Chandigarh,India,2025-11-06,MEDIUN,0
101399,Kamya Deol,kamya.deol187@hotmail.com,7989022379,Female,1963-05-01,Guwahati,Assam,India,2024-06-16,HIGH,1
101400,Tanish Mutti,tanish.mutti913@yahoo.com,07795417675,Male,1975-09-05,Patna,Bihar,India,2024-10-27,HIGH,0
101401,Balvan Zachariah,balvan.zachariah638@gmail.com,08159157908,Male,1988-07-02,Nagpur,Maharashtra,India,2024-08-15,LOW,0
101402,Qasim Uppal,qasim.uppal111@outlook.com,3848876380,Male,2001-12-14,Lucknow,Uttar Pradesh,India,2024-12-26,LOW,1
101403,Abhiram Srinivas,abhiram.srinivas628@yahoo.com,01219051881,Male,1968-01-14,Guwahati,Assam,India,2025-05-13,HIGH,0
101404,Yutika Ram,yutika.ram685@gmail.com,7066901079,Female,1966-12-12,Nagpur,Maharashtra,India,2023-11-05,LOW,0
101405,Wridesh Din,wridesh.din43@hotmail.com,03348649703,Male,1994-11-17,Kolkata,West Bengal,India,2024-08-03,MEDIUN,1
101406,Anthony Salvi,anthony.salvi869@gmail.com,8335570773,Male,1996-02-14,Coimbatore,Tamil Nadu,India,2024-06-28,LOW,1
101407,Onkar Kamdar,onkar.kamdar776@hotmail.com,7052187993,Other,1985-05-29,Chandigarh,Chandigarh,India,2024-02-06,HIGH,1
101409,Ojasvi Bawa,ojasvi.bawa510@outlook.com,08910977978,Female,1963-03-06,Faridabad,Haryana,India,2025-03-08,HIGH,1
101411,Tanay Misra,tanay.misra548@gmail.com,9573783159,Male,2005-12-20,Surat,Gujarat,India,2024-10-24,LOW,1
101412,Rajeshri Sethi,rajeshri.sethi521@yahoo.com,03186830291,Female,1976-07-09,Indore,Madhya Pradesh,India,2024-09-14,HIGH,1
101413,Raksha Modi,raksha.modi75@outlook.com,1651854839,Female,,Pune,Maharashtra,India,2024-08-22,LOW,0
101414,Tarak Ramachandran,tarak.ramachandran922@yahoo.com,6746215958,Male,1974-03-21,Faridabad,Haryana,India,2025-01-08,MEDIUN,0
101415,Benjamin Sur,benjamin.sur400@yahoo.com,00502218169,Male,1987-02-06,Surat,Gujarat,India,2025-03-31,LOW,0
101417,Dev Wason,,6509962183,Male,1980-07-24,Jaipur,Rajasthan,India,2025-05-15,HIGH,1
101418,Varsha Sharaf,,1025634202,Female,1998-09-12,Bhopal,Madhya Pradesh,India,2025-02-10,MEDIUN,1
101419,Eesha Deol,eesha.deol653@gmail.com,08013768367,Female,1977-10-19,Pune,Maharashtra,India,2025-08-15,LOW,1
101420,Abhiram Chandra,abhiram.chandra979@outlook.com,2446144092,Male,1970-10-03,Chennai,Tamil Nadu,India,2024-06-22,LOW,1
101422,PRANAV Raj,pranav.raj131@yahoo.com,2776414900,Male,,Bhopal,Madhya Pradesh,India,2023-11-22,LOW,0
101424,Jyoti Acharya,jyoti.acharya612@hotmail.com,5461574932,Female,1977-10-11,Ahmedabad,Gujarat,India,2025-04-11,HIGH,1
101425,Dakshesh Lad,,09531204095,Male,1974-04-24,Surat,Gujarat,India,2025-08-20,HIGH,0
101426,Urvi Tandon,urvi.tandon924@yahoo.com,0858001873,Female,,Nagpur,Maharashtra,India,2025-08-05,LOW,1
101427,Brijesh Muni,brijesh.muni344@yahoo.com,04367862107,Male,1998-12-09,Chennai,Tamil Nadu,India,2024-03-16,HIGH,1
101428,Brinda Shan,brinda.shan571@outlook.com,4257068026,Female,,Kochi,Kerala,India,2023-02-05,HIGH,0
101433,Nikita Kadakia,nikita.kadakia942@hotmail.com,05286132394,Female,1976-09-19,Nagpur,Maharashtra,India,2023-03-23,MEDIUN,0
101435,Upadhriti Hans,upadhriti.hans728@hotmail.com,06773498529,Female,1983-04-07,Nagpur,Maharashtra,India,2025-03-31,HIGH,0
101436,Jack Parekh,jack.parekh432@hotmail.com,6559147625,Male,1998-06-01,Kolkata,West Bengal,India,2024-05-27,HIGH,0
101437,Yashodhara Bhat,yashodhara.bhat682@outlook.com,4753369524,Female,2002-10-06,Surat,Gujarat,India,2024-08-14,LOW,0
101438,Krishna Ramesh,krishna.ramesh922@outlook.com,08962985324,Male,1970-05-03,Kolkata,West Bengal,India,2024-06-07,MEDIUN,1
101440,Luke Roy,luke.roy53@hotmail.com,06168249793,Male,1990-03-06,Guwahati,Assam,India,2025-07-02,LOW,0
101441,Brinda Sagar,brinda.sagar966@yahoo.com,6837103073,Female,1983-05-13,Indore,Madhya Pradesh,India,2025-02-02,HIGH,1
101442,Sachi Bhargava,sachi.bhargava657@yahoo.com,8967808264,Female,1988-02-27,Coimbatore,Tamil Nadu,India,2025-06-07,LOW,0
101443,Daniel Deep,daniel.deep324@hotmail.com,4762542926,Male,,Ahmedabad,Gujarat,India,2023-12-23,LOW,0
101445,Chaaya Choudhary,chaaya.choudhary762@yahoo.com,07196706833,Female,1976-05-21,Patna,Bihar,India,2025-03-02,LOW,0
101448,Libni Chakrabarti,libni.chakrabarti117@yahoo.com,3014811604,Female,1988-05-16,Jaipur,Rajasthan,India,2023-09-23,LOW,0
101449,Benjamin Bakshi,benjamin.bakshi389@hotmail.com,8866168019,Male,1989-07-09,Faridabad,Haryana,India,2024-01-18,MEDIUN,0
101450,Jatin Manne,jatin.manne459@yahoo.com,04842035316,Male,1963-07-24,Nagpur,Maharashtra,India,2025-02-18,LOW,0
101451,Waida Char,waida.char71@outlook.com,0157117132,Female,1998-03-08,Bengaluru,Karnataka,India,2023-06-26,LOW,0
101452,Chavvi More,chavvi.more300@outlook.com,0288141128,Female,1982-08-30,Kolkata,West Bengal,India,2025-11-05,LOW,0
101453,Netra Nadig,netra.nadig174@hotmail.com,6785764639,Female,1964-01-21,Mumbai,Maharashtra,India,2025-02-15,HIGH,0
101454,balveer Barad,balveer.barad327@hotmail.com,6194232154,Male,2002-09-16,Mumbai,Maharashtra,India,2024-12-01,HIGH,0
101455,Baljiwan Khanna,baljiwan.khanna42@outlook.com,6962616845,Male,1976-10-17,Indore,Madhya Pradesh,India,2024-01-31,MEDIUN,1
101456,Ojasvi   Gill,ojasvi.gill893@yahoo.com,02547179899,Female,1973-11-09,Delhi,Delhi,India,2023-10-03,LOW,0
101457,Praneel Sandhu,praneel.sandhu398@hotmail.com,3005195675,Male,2005-09-08,Bhopal,Madhya Pradesh,India,2024-05-22,LOW,1
101461,hamsini Handa,hamsini.handa798@yahoo.com,02328222824,Female,1961-03-30,Coimbatore,Tamil Nadu,India,2025-06-17,MEDIUN,1
101462,Liam Sinha,liam.sinha160@gmail.com,09994004108,Male,1973-06-23,Guwahati,Assam,India,2025-04-19,LOW,0
101464,Aarini Sarkar,aarini.sarkar444@gmail.com,9783028010,Female,2003-07-28,Bengaluru,Karnataka,India,2025-04-07,LOW,0
101465,Dalaja Mani,dalaja.mani488@yahoo.com,9528144786,Female,1999-01-03,Kochi,Kerala,India,2025-10-31,HIGH,1
101467,Dalbir Dhingra,dalbir.dhingra717@yahoo.com,9905585575,Male,1989-01-17,Chandigarh,Chandigarh,India,2025-02-02,LOW,0
101468,Michael Bail,michael.bail405@yahoo.com,6969045289,Male,1999-01-23,Pune,Maharashtra,India,2025-07-01,LOW,0
101471,Ryan Dyal,ryan.dyal691@gmail.com,7725084232,Male,2003-11-10,Indore,Madhya Pradesh,India,2025-08-02,HIGH,1
101472,Gagan Kala,gagan.kala715@outlook.com,7241553691,Male,1976-05-03,Coimbatore,Tamil Nadu,India,2025-04-11,LOW,1
101473,Pallavi Murty,pallavi.murty761@outlook.com,9602425703,Female,2008-06-16,Nagpur,Maharashtra,India,2024-06-16,HIGH,0
101474,Hredhaan Kant,hredhaan.kant602@yahoo.com,2315828630,Male,1974-01-11,Kolkata,West Bengal,India,2025-08-07,LOW,0
101476,Gaurang Dar,gaurang.dar808@yahoo.com,6937063250,Male,,Mumbai,Maharashtra,India,2025-04-30,HIGH,0
101478,Kashvi Kohli,kashvi.kohli510@gmail.com,01900002956,Female,1965-05-21,Kolkata,West Bengal,India,2024-03-18,LOW,1
101481,Jason Sawhney,,3911776665,Male,1963-06-02,Kolkata,West Bengal,India,2023-01-05,HIGH,0
101482,Gaurang Sinha,gaurang.sinha614@gmail.com,09281578061,Male,1998-11-16,Indore,Madhya Pradesh,India,2025-08-04,HIGH,1
101484,Xavier Dasgupta,xavier.dasgupta806@hotmail.com,08485637114,Male,2001-03-18,Surat,Gujarat,India,2025-06-29,MEDIUN,0
101486,Yashasvi Rai,yashasvi.rai524@outlook.com,4178376591,Female,2002-12-19,Mumbai,Maharashtra,India,2024-05-18,LOW,0
101487,Onkar Kade,onkar.kade69@outlook.com,04065266426,Male,1981-12-23,Nagpur,Maharashtra,India,2024-12-01,MEDIUN,0
101491,JACK Nagarajan,jack.nagarajan718@hotmail.com,4212914650,Male,,Faridabad,Haryana,India,2023-09-13,LOW,0
101492,Girik Din,girik.din378@gmail.com,0457972518,Male,1974-08-06,Indore,Madhya Pradesh,India,2025-09-20,LOW,1
101493,Ati Shanker,ati.shanker777@hotmail.com,1478233720,Female,2005-01-30,Guwahati,Assam,India,2024-01-09,MEDIUN,1
101494,Krishna Nadig,krishna.nadig601@yahoo.com,0636328630,Male,1966-01-11,Lucknow,Uttar Pradesh,India,2023-01-24,HIGH,0
101496,RAYAAN Bajaj,rayaan.bajaj628@outlook.com,7136054946,Male,2002-09-11,Chennai,Tamil Nadu,India,2025-11-12,MEDIUN,0
101497,Ekani Bajwa,ekani.bajwa741@gmail.com,0132495193,Female,1978-07-29,Kochi,Kerala,India,2024-07-24,HIGH,0
101498,aachal Brahmbhatt,aachal.brahmbhatt963@yahoo.com,7580803889,Female,1991-04-13,Kochi,Kerala,India,2025-02-06,HIGH,1
101499,andrew Mangal,andrew.mangal505@gmail.com,4315668513,Male,2000-08-17,Surat,Gujarat,India,2024-04-03,MEDIUN,0
101502,Dalaja Ravel,dalaja.ravel513@yahoo.com,1158668611,Female,1987-11-30,Ahmedabad,Gujarat,India,2024-11-23,LOW,0
101506,Isha Ahuja,isha.ahuja164@hotmail.com,2766983451,Female,1991-03-27,Patna,Bihar,India,2025-02-20,HIGH,0
101507,AZAAN Gala,azaan.gala667@gmail.com,3087308972,Male,2003-02-21,Faridabad,Haryana,India,2024-04-26,HIGH,1
101508,Aayush Shan,aayush.shan190@yahoo.com,7771184252,Male,1993-11-21,Faridabad,Haryana,India,2025-09-12,LOW,1
101510,Maanav Suresh,maanav.suresh223@outlook.com,7196199716,Male,1978-02-14,Pune,Maharashtra,India,2023-03-20,HIGH,1
101511,Urishilla Palla,urishilla.palla738@hotmail.com,0996833440,Female,1961-06-14,Bhopal,Madhya Pradesh,India,2025-09-15,HIGH,0
101518,ranbir Badal,ranbir.badal720@gmail.com,3271630335,Male,2003-09-30,Jaipur,Rajasthan,India,2025-04-17,HIGH,0
101519,Janani Raj,janani.raj39@gmail.com,0090899318,Female,1981-11-23,Faridabad,Haryana,India,2023-08-06,HIGH,0
101520,Deepa Aggarwal,deepa.aggarwal983@gmail.com,8354158929,Female,1993-05-24,Delhi,Delhi,India,2023-10-22,LOW,0
101521,Ishwar   Bawa,ishwar.bawa987@outlook.com,1366280812,Male,2007-11-23,Mumbai,Maharashtra,India,2024-12-03,LOW,1
101522,Upadhriti Venkatesh,upadhriti.venkatesh573@hotmail.com,0531105833,Female,,Coimbatore,Tamil Nadu,India,2024-01-25,HIGH,0
101523,Aayush Sant,aayush.sant613@gmail.com,8421891426,Male,1989-09-20,Patna,Bihar,India,2025-06-15,HIGH,1
101524,Vritti Reddy,vritti.reddy329@yahoo.com,7671877628,Female,1986-08-30,Chandigarh,Chandigarh,India,2024-09-24,HIGH,1
101528,Ijaya Pingle,ijaya.pingle872@yahoo.com,04171657893,Female,1988-01-20,Chandigarh,Chandigarh,India,2023-12-16,MEDIUN,1
101531,Falan Oak,falan.oak536@hotmail.com,7429069522,Male,1968-05-23,Patna,Bihar,India,2025-07-30,MEDIUN,1
101532,Girindra Reddy,girindra.reddy656@yahoo.com,2007302426,Male,1991-11-14,Hyderabad,Telangana,India,2025-07-21,HIGH,0
101533,udyati Dewan,udyati.dewan508@gmail.com,04057144695,Female,2003-11-16,Kochi,Kerala,India,2024-04-04,HIGH,0
101534,YUG Kumer,yug.kumer975@gmail.com,5445345146,Male,1992-01-26,Kolkata,West Bengal,India,2023-01-19,HIGH,1
101535,Shaurya Pandya,shaurya.pandya260@gmail.com,04835862673,Male,,Bengaluru,Karnataka,India,2025-11-05,LOW,1
101536,Urishilla Ramanathan,urishilla.ramanathan352@outlook.com,7758708943,Female,1968-03-31,Guwahati,Assam,India,2025-10-04,LOW,0
101537,SAMARTH Kamdar,samarth.kamdar696@gmail.com,9580504505,Male,2008-05-08,Guwahati,Assam,India,2025-08-07,LOW,1
101538,Amol Gill,amol.gill433@gmail.com,0734293907,Male,1982-01-22,Faridabad,Haryana,India,2025-06-27,HIGH,1
101539,Yash Dhar,yash.dhar40@hotmail.com,3801625851,Male,1977-08-15,Mumbai,Maharashtra,India,2025-10-09,MEDIUN,1
101540,Ekaja Agrawal,ekaja.agrawal466@gmail.com,1435312794,Female,1997-08-28,Pune,Maharashtra,India,2024-04-19,LOW,0
101541,jackson Kapur,jackson.kapur222@hotmail.com,1235904265,Male,1969-06-23,Chandigarh,Chandigarh,India,2024-09-30,LOW,0
101543,Onveer Buch,onveer.buch600@outlook.com,9351174555,Male,1996-11-21,Delhi,Delhi,India,2024-04-04,HIGH,0
101544,Januja Setty,januja.setty616@outlook.com,8167337461,Female,2008-07-02,Delhi,Delhi,India,2023-09-12,LOW,0
101546,Timothy Ramanathan,timothy.ramanathan229@yahoo.com,01963039951,Male,1981-07-13,Lucknow,Uttar Pradesh,India,2025-02-23,LOW,0
101547,Xiti Bhargava,xiti.bhargava169@gmail.com,08226731234,Female,1998-02-17,Hyderabad,Telangana,India,2024-04-23,LOW,1
101548,Zilmil Wali,zilmil.wali22@hotmail.com,4202593645,Female,1962-10-30,Patna,Bihar,India,2024-12-15,LOW,1
101549,Eta Gill,eta.gill447@outlook.com,2755767299,Female,1963-09-06,Delhi,Delhi,India,2024-10-13,LOW,1
101550,Noah Master,noah.master411@hotmail.com,08343695310,Male,,Patna,Bihar,India,2023-08-03,LOW,0
101551,Gaurangi Sule,gaurangi.sule681@yahoo.com,2917926517,Female,1970-11-13,Bengaluru,Karnataka,India,2024-06-25,HIGH,0
101552,Gaurika Upadhyay,gaurika.upadhyay119@hotmail.com,0873922198,Female,1972-06-06,Chennai,Tamil Nadu,India,2025-02-07,MEDIUN,1
101555,Anay Kala,anay.kala102@yahoo.com,9586760304,Male,,Bhopal,Madhya Pradesh,India,2025-09-06,HIGH,1
101558,Hamsini Pathak,hamsini.pathak198@gmail.com,1681636038,Female,1987-10-01,Faridabad,Haryana,India,2024-10-17,HIGH,1
101560,Chaitaly Kurian,chaitaly.kurian510@outlook.com,7163485089,Female,1976-01-02,Pune,Maharashtra,India,2025-08-21,LOW,1
101561,Gautam Kalita,gautam.kalita379@gmail.com,1944545697,Male,1967-06-02,Ahmedabad,Gujarat,India,2024-06-16,HIGH,0
101562,Megha Padmanabhan,megha.padmanabhan942@outlook.com,6713771886,Other,1996-08-13,Chandigarh,Chandigarh,India,2024-05-03,LOW,1
101563,Simon Khosla,simon.khosla481@yahoo.com,06783055737,Male,1965-05-03,Coimbatore,Tamil Nadu,India,2024-08-01,HIGH,0
101564,William Mangat,william.mangat645@outlook.com,4614466276,Male,1970-06-11,Bengaluru,Karnataka,India,2025-10-02,HIGH,1
101565,Janani Acharya,janani.acharya580@yahoo.com,1421524831,Female,1989-06-17,Surat,Gujarat,India,2025-04-09,HIGH,0
101568,Eta Comar,eta.comar121@yahoo.com,5934104062,Female,1988-05-28,Kochi,Kerala,India,2025-08-09,HIGH,0
101569,Banjeet Seth,banjeet.seth909@yahoo.com,8301817960,Male,2001-04-25,Surat,Gujarat,India,2023-03-04,MEDIUN,0
101572,Nirja Ray,nirja.ray524@outlook.com,2975572616,Female,1989-04-03,Chandigarh,Chandigarh,India,2025-10-14,LOW,1
101573,Tripti Kamdar,tripti.kamdar488@gmail.com,8999068201,Female,1997-04-07,Guwahati,Assam,India,2025-06-12,HIGH,1
101574,Abeer Tata,abeer.tata868@gmail.com,1633613179,Male,2001-12-09,Delhi,Delhi,India,2025-01-26,HIGH,0
101575,Nitesh Loyal,nitesh.loyal41@yahoo.com,3729545858,Male,1971-05-30,Indore,Madhya Pradesh,India,2023-07-30,HIGH,0
101576,Ucchal Keer,ucchal.keer441@outlook.com,3922551741,Female,2000-08-17,Jaipur,Rajasthan,India,2025-08-15,MEDIUN,1
101577,Hiral Naidu,hiral.naidu156@yahoo.com,02123601863,Female,1988-01-16,Patna,Bihar,India,2024-07-22,LOW,1
101579,Yoshita Nazareth,yoshita.nazareth128@hotmail.com,5987240899,Female,2002-03-11,Jaipur,Rajasthan,India,2024-10-09,MEDIUN,0
101580,Darika Sharma,darika.sharma287@yahoo.com,6811339736,Female,1982-05-07,Chennai,Tamil Nadu,India,2025-06-10,MEDIUN,1
101581,Waida Deshpande,waida.deshpande219@hotmail.com,4222419830,Female,1980-05-18,Faridabad,Haryana,India,2024-02-14,HIGH,0
101583,Alexander Dugar,alexander.dugar330@outlook.com,4765118615,Male,1980-08-09,Kochi,Kerala,India,2025-08-19,HIGH,0
101584,Mahika Anand,mahika.anand616@gmail.com,5398913705,Female,1975-07-18,Ahmedabad,Gujarat,India,2025-07-24,LOW,1
101585,Ekalinga Mital,ekalinga.mital281@hotmail.com,2611035659,Male,1973-06-08,Patna,Bihar,India,2024-11-02,LOW,1
101589,Rayaan Sarin,rayaan.sarin867@yahoo.com,5424382692,Male,1987-03-25,Guwahati,Assam,India,2024-11-25,HIGH,0
101591,Tanay Sami,tanay.sami880@yahoo.com,7650471883,Male,1960-10-30,Lucknow,Uttar Pradesh,India,2025-04-05,LOW,0
101593,Vasatika   Babu,vasatika.babu562@outlook.com,9014971103,Female,1998-12-08,Chennai,Tamil Nadu,India,2024-05-29,MEDIUN,0
101594,Leena Sem,leena.sem69@gmail.com,06505188601,Female,1979-01-23,Guwahati,Assam,India,2025-02-04,HIGH,1
101595,Madhav Lal,madhav.lal741@outlook.com,5969850450,Male,1991-08-10,Chandigarh,Chandigarh,India,2024-07-24,HIGH,0
101596,Samarth Rege,samarth.rege526@outlook.com,00242861789,Male,1968-09-01,Chennai,Tamil Nadu,India,2024-11-08,HIGH,1
101599,Ekavir Sarna,ekavir.sarna1@yahoo.com,9304852775,Male,1985-10-09,Faridabad,Haryana,India,2025-07-02,HIGH,1
101600,Wazir Bava,wazir.bava986@hotmail.com,00363444394,Male,1979-12-15,Faridabad,Haryana,India,2025-10-24,LOW,0
101601,Saanvi Konda,saanvi.konda537@outlook.com,05761707317,Female,,Faridabad,Haryana,India,2024-03-25,LOW,1
101602,Matthew Mammen,matthew.mammen863@outlook.com,6263678508,Male,1990-02-05,Bengaluru,Karnataka,India,2023-11-12,LOW,1
101603,Yash Tandon,yash.tandon204@hotmail.com,04348529537,Male,1996-08-10,Surat,Gujarat,India,2023-04-07,HIGH,0
101604,Jonathan Bala,jonathan.bala665@yahoo.com,6874042076,Male,1983-01-15,Coimbatore,Tamil Nadu,India,2025-11-17,HIGH,1
101605,Chaitaly Morar,chaitaly.morar409@hotmail.com,01573309900,Female,1991-06-30,Jaipur,Rajasthan,India,2024-08-05,LOW,1
101606,Arin Mall,arin.mall971@yahoo.com,8234453856,Male,1978-02-26,Delhi,Delhi,India,2024-09-26,MEDIUN,0
101608,Pratyush   Sama,pratyush.sama361@gmail.com,8158374661,Male,1975-08-03,Bhopal,Madhya Pradesh,India,2025-01-26,LOW,1
101610,Abhiram Pradhan,abhiram.pradhan356@hotmail.com,9508914233,Male,1960-10-14,Guwahati,Assam,India,2025-08-26,LOW,0
101612,Janaki Chakrabarti,janaki.chakrabarti956@yahoo.com,04733891478,Female,1976-11-29,Bengaluru,Karnataka,India,2024-07-13,HIGH,0
101613,kalpit Shah,kalpit.shah781@yahoo.com,5944102387,Male,,Ahmedabad,Gujarat,India,2024-04-19,LOW,0
101615,Raagini Varkey,raagini.varkey939@outlook.com,1539885217,Female,1987-01-12,Indore,Madhya Pradesh,India,2023-05-17,HIGH,1
101620,Naveen Kapoor,naveen.kapoor975@gmail.com,7781109659,Male,1986-12-19,Faridabad,Haryana,India,2024-01-15,HIGH,1
101621,Naksh Nagarajan,naksh.nagarajan476@yahoo.com,4182991269,Male,2001-10-12,Pune,Maharashtra,India,2025-06-02,LOW,0
101622,kiaan Om,kiaan.om581@hotmail.com,1061669100,Male,2003-08-01,Faridabad,Haryana,India,2024-02-25,LOW,1
101623,Zansi Deo,zansi.deo949@outlook.com,08268221756,Female,1968-10-18,Bengaluru,Karnataka,India,2025-02-23,HIGH,0
101624,Sai Raj,sai.raj961@outlook.com,7910059325,Female,1984-03-29,Mumbai,Maharashtra,India,2023-12-14,LOW,1
101625,Dominic Shah,dominic.shah416@yahoo.com,0748597243,Male,1987-04-29,Faridabad,Haryana,India,2024-01-18,MEDIUN,0
101626,darsh Dhillon,darsh.dhillon608@outlook.com,0580286060,Male,,Guwahati,Assam,India,2023-08-11,HIGH,0
101627,Mitali Balakrishnan,mitali.balakrishnan505@hotmail.com,05474769509,Female,1961-09-24,Chandigarh,Chandigarh,India,2024-03-04,HIGH,0
101628,Benjamin Thakkar,benjamin.thakkar483@gmail.com,03016556238,Male,1987-06-10,Delhi,Delhi,India,2023-12-20,LOW,0
101629,Zilmil Trivedi,zilmil.trivedi42@gmail.com,9931360622,Female,2001-02-03,Patna,Bihar,India,2024-12-04,LOW,0
101630,Advay Chakrabarti,advay.chakrabarti842@gmail.com,04794719903,Male,1985-01-15,Delhi,Delhi,India,2023-12-28,LOW,0
101631,hemang Narayan,hemang.narayan631@outlook.com,3829441914,Male,1982-09-03,Jaipur,Rajasthan,India,2025-02-10,HIGH,0
101636,Wazir Natt,wazir.natt153@yahoo.com,7555928974,Male,1986-05-30,Nagpur,Maharashtra,India,2024-02-23,HIGH,0
101638,Jasmit Loyal,jasmit.loyal672@hotmail.com,6419678963,Female,,Kolkata,West Bengal,India,2024-08-11,HIGH,0
101639,Aarna Bedi,aarna.bedi192@hotmail.com,00163015972,Female,1968-11-23,Jaipur,Rajasthan,India,2024-07-25,MEDIUN,0
101640,Logan Dhillon,logan.dhillon836@yahoo.com,9276680984,Male,1981-07-15,Nagpur,Maharashtra,India,2025-02-12,LOW,0
101641,Arya Butala,arya.butala8@yahoo.com,3480153735,Female,1998-10-02,Coimbatore,Tamil Nadu,India,2024-10-20,HIGH,0
101642,Zansi Rastogi,zansi.rastogi44@yahoo.com,4460539260,Female,1990-02-19,Surat,Gujarat,India,2024-05-26,LOW,0
101643,Urmi Sundaram,urmi.sundaram40@hotmail.com,00536499119,Female,1993-10-10,Chennai,Tamil Nadu,India,2025-10-12,HIGH,1
101644,Owen Rege,owen.rege495@gmail.com,2155383077,Male,1976-12-10,Mumbai,Maharashtra,India,2025-05-29,HIGH,0
101645,Nathaniel Dewan,nathaniel.dewan544@outlook.com,4395678446,Male,1960-09-25,Kochi,Kerala,India,2025-01-30,LOW,0
101646,Alka Srivastava,alka.srivastava988@hotmail.com,9817755129,Female,,Delhi,Delhi,India,2024-10-29,HIGH,1
101648,Pahal Soni,pahal.soni946@yahoo.com,5907055494,Female,1991-09-30,Nagpur,Maharashtra,India,2024-04-09,LOW,1
101649,Henry Mohan,henry.mohan685@yahoo.com,1569220949,Male,,Delhi,Delhi,India,2023-03-23,LOW,1
101650,AVNI Sur,,3597710011,Female,2006-03-14,Nagpur,Maharashtra,India,2025-05-15,HIGH,0
101651,Jonathan Shere,jonathan.shere17@hotmail.com,03148722557,Male,2006-10-14,Chandigarh,Chandigarh,India,2025-06-01,LOW,0
101652,Pahal Rattan,pahal.rattan509@gmail.com,4168557395,Female,1967-11-22,Guwahati,Assam,India,2024-04-02,LOW,0
101653,Eta   Yadav,eta.yadav575@hotmail.com,9579475816,Female,1979-12-06,Pune,Maharashtra,India,2025-05-03,LOW,1
101654,faras Wali,faras.wali970@yahoo.com,02334704071,Male,1972-09-09,Surat,Gujarat,India,2024-10-09,LOW,1
101656,Lucky Pradhan,lucky.pradhan556@outlook.com,0396101759,Male,1993-02-23,Lucknow,Uttar Pradesh,India,2023-09-17,HIGH,1
101658,Chandran Rao,chandran.rao125@outlook.com,3896763536,Male,1983-12-24,Nagpur,Maharashtra,India,2024-11-25,HIGH,1
101660,Jalsa Kashyap,jalsa.kashyap933@gmail.com,01430974274,Female,,Jaipur,Rajasthan,India,2023-10-19,LOW,0
101663,Bahadurjit Dhaliwal,bahadurjit.dhaliwal172@yahoo.com,01223214252,Male,,Faridabad,Haryana,India,2025-10-23,MEDIUN,0
101665,HREDHAAN Golla,hredhaan.golla4@yahoo.com,1818513673,Male,1985-02-24,Nagpur,Maharashtra,India,2025-05-05,LOW,0
101666,Adya Nigam,adya.nigam883@outlook.com,9376841847,Female,2005-09-09,Mumbai,Maharashtra,India,2023-02-22,LOW,0
101667,Leena Raja,leena.raja485@yahoo.com,08333540112,Female,1981-11-15,Coimbatore,Tamil Nadu,India,2025-08-12,HIGH,0
101668,Ishita Ramachandran,ishita.ramachandran252@outlook.com,4770906761,Female,,Delhi,Delhi,India,2025-01-04,HIGH,1
101669,Jagat Shroff,jagat.shroff713@yahoo.com,7162172048,Male,1985-09-28,Lucknow,Uttar Pradesh,India,2023-05-18,LOW,1
101671,Vivaan Misra,vivaan.misra891@gmail.com,3906490970,Male,1971-08-18,Chennai,Tamil Nadu,India,2023-02-09,HIGH,0
101673,Shivani Shetty,shivani.shetty862@outlook.com,05319362526,Female,1998-10-25,Jaipur,Rajasthan,India,2024-12-14,LOW,0
101674,Ekaraj Ghosh,ekaraj.ghosh929@outlook.com,05480293358,Male,,Coimbatore,Tamil Nadu,India,2025-02-07,MEDIUN,0
101676,Janani Pai,janani.pai913@gmail.com,1283319558,Female,2006-04-14,Mumbai,Maharashtra,India,2024-02-14,LOW,1
101677,Wridesh Arora,wridesh.arora84@yahoo.com,07717030568,Male,1982-04-21,Coimbatore,Tamil Nadu,India,2024-12-06,LOW,0
101678,Ayush Mitter,ayush.mitter224@hotmail.com,01648389533,Male,1982-02-16,Mumbai,Maharashtra,India,2025-01-25,HIGH,0
101679,Leela D’Alia,leela.d’alia6@hotmail.com,6006434597,Female,1993-01-28,Pune,Maharashtra,India,2024-10-02,HIGH,0
101681,Aadi Mittal,aadi.mittal998@hotmail.com,3181560542,Male,1983-10-30,Ahmedabad,Gujarat,India,2023-07-17,LOW,0
101682,Utkarsh Parsa,utkarsh.parsa262@hotmail.com,01107976475,Male,1974-07-13,Hyderabad,Telangana,India,2024-10-25,HIGH,0
101683,Parth Sahota,parth.sahota591@yahoo.com,2269348540,Male,1997-01-02,Jaipur,Rajasthan,India,2024-05-04,HIGH,1
101684,Aashi Tripathi,aashi.tripathi256@yahoo.com,0669926138,Female,1966-12-17,Delhi,Delhi,India,2023-04-04,MEDIUN,0
101686,Vinaya Gour,vinaya.gour151@yahoo.com,07351289622,Female,1992-04-29,Nagpur,Maharashtra,India,2023-11-17,HIGH,1
101687,Amol Ray,amol.ray455@outlook.com,3330239934,Male,1974-01-18,Kochi,Kerala,India,2023-07-16,MEDIUN,1
101688,Advay Rattan,advay.rattan501@hotmail.com,3069523578,Male,2002-11-07,Pune,Maharashtra,India,2024-10-24,MEDIUN,0
101689,Neel Dey,neel.dey537@hotmail.com,03700644885,Male,1974-05-27,Delhi,Delhi,India,2025-07-19,MEDIUN,1
101690,Wriddhish Oak,wriddhish.oak485@gmail.com,4255428053,Male,2007-05-21,Indore,Madhya Pradesh,India,2024-03-30,HIGH,1
101697,Ati Karpe,ati.karpe713@outlook.com,5483309587,Female,1967-06-02,Indore,Madhya Pradesh,India,2025-10-16,LOW,1
101698,Jagat Kalita,jagat.kalita99@outlook.com,04579232671,Male,1973-06-21,Coimbatore,Tamil Nadu,India,2024-05-25,LOW,0
101699,Onveer Tella,onveer.tella778@hotmail.com,0196797209,Male,,Patna,Bihar,India,2025-08-23,HIGH,1
101701,Hardik Sood,hardik.sood698@gmail.com,08551163971,Male,1974-03-03,Bengaluru,Karnataka,India,2024-08-01,HIGH,1
101705,Nikita Kapoor,nikita.kapoor815@yahoo.com,0348042479,Female,2002-02-03,Bhopal,Madhya Pradesh,India,2025-10-25,HIGH,0
101706,Aryan Balasubramanian,aryan.balasubramanian438@gmail.com,06573762426,Male,1978-12-12,Jaipur,Rajasthan,India,2025-08-29,MEDIUN,0
101707,Ekapad Dass,ekapad.dass684@gmail.com,9309140152,Male,1983-01-07,Hyderabad,Telangana,India,2024-05-13,LOW,0
101710,Chakrika Pandit,chakrika.pandit486@yahoo.com,2473650032,Female,1989-08-28,Bengaluru,Karnataka,India,2025-03-24,LOW,1
101711,Abhiram Barad,abhiram.barad87@gmail.com,6144278735,Male,1975-11-18,Indore,Madhya Pradesh,India,2025-08-23,LOW,0
101712,Ati Mander,ati.mander731@outlook.com,7920675493,Female,1990-06-20,Chennai,Tamil Nadu,India,2025-02-28,LOW,1
101714,Ira Kothari,ira.kothari177@hotmail.com,7345330236,Female,1975-07-03,Nagpur,Maharashtra,India,2025-10-03,HIGH,1
101715,Gaurav Dua,gaurav.dua416@yahoo.com,8537203350,Male,1976-03-04,Mumbai,Maharashtra,India,2025-04-08,MEDIUN,1
101716,Balhaar Ratta,balhaar.ratta236@gmail.com,00715558709,Male,2006-07-02,Ahmedabad,Gujarat,India,2025-01-17,HIGH,0
101718,yashodhara Banik,yashodhara.banik248@gmail.com,5053494197,Female,1965-11-23,Kochi,Kerala,India,2025-11-10,LOW,0
101720,Bishakha Yadav,bishakha.yadav531@gmail.com,0076150420,Female,1975-09-14,Pune,Maharashtra,India,2025-08-07,HIGH,0
101721,Sanya Tella,sanya.tella169@hotmail.com,1433608090,Female,,Surat,Gujarat,India,2025-09-27,LOW,1
101723,Anirudh Mand,anirudh.mand85@gmail.com,08816878518,Male,1999-11-04,Coimbatore,Tamil Nadu,India,2025-09-24,LOW,0
101724,Qushi Salvi,qushi.salvi807@gmail.com,6568826728,Female,1962-04-04,Patna,Bihar,India,2024-12-05,LOW,1
101725,Wriddhish Dugal,wriddhish.dugal814@gmail.com,04723735640,Male,1982-12-26,Faridabad,Haryana,India,2025-08-26,LOW,1
101726,Jasmit Balakrishnan,jasmit.balakrishnan295@hotmail.com,7899951454,Female,1989-10-10,Ahmedabad,Gujarat,India,2025-11-16,LOW,0
101729,Urvashi Kadakia,urvashi.kadakia415@yahoo.com,5856533777,Female,1998-10-02,Kochi,Kerala,India,2024-08-02,HIGH,1
101730,Aditya Iyengar,aditya.iyengar678@outlook.com,9261548720,Male,2001-07-07,Surat,Gujarat,India,2024-02-06,LOW,0
101731,Ekbal Lala,ekbal.lala641@gmail.com,5005490809,Male,1988-09-30,Chandigarh,Chandigarh,India,2025-08-10,MEDIUN,1
101733,Imaran Bhargava,imaran.bhargava129@yahoo.com,2949307417,Male,2008-03-17,Kochi,Kerala,India,2024-01-11,MEDIUN,0
101734,Samuel Murthy,samuel.murthy912@gmail.com,9735189622,Male,1976-10-12,Kochi,Kerala,India,2024-12-27,LOW,1
101738,Ekiya Som,ekiya.som220@hotmail.com,4202248248,Female,,Kochi,Kerala,India,2024-05-22,LOW,0
101739,Ronith Halder,ronith.halder969@outlook.com,1450311802,Male,1978-11-12,Faridabad,Haryana,India,2025-08-30,HIGH,0
101741,Diya Chaudry,diya.chaudry685@gmail.com,2476883410,Female,1971-03-12,Kolkata,West Bengal,India,2025-09-29,HIGH,1
101744,Bakhshi Bains,bakhshi.bains704@outlook.com,5722757940,Male,1982-06-14,Delhi,Delhi,India,2025-03-07,LOW,1
101745,Krish Bala,krish.bala849@yahoo.com,09987093391,Male,1994-08-06,Patna,Bihar,India,2024-03-22,HIGH,1
101746,Ronith Mani,ronith.mani93@gmail.com,6032675318,Male,1962-10-18,Ahmedabad,Gujarat,India,2023-02-02,HIGH,0
101749,Bakhshi Sibal,bakhshi.sibal777@hotmail.com,0770177375,Male,1988-03-03,Bengaluru,Karnataka,India,2025-01-05,MEDIUN,1
101750,Mohammed Hora,mohammed.hora11@gmail.com,1171960049,Male,1961-09-30,Chandigarh,Chandigarh,India,2025-09-27,HIGH,0
101751,Chakradhar   Loyal,chakradhar.loyal115@hotmail.com,6743338496,Male,2007-11-21,Surat,Gujarat,India,2025-04-06,HIGH,1
101752,Pavani Prasad,pavani.prasad653@hotmail.com,0335300499,Female,1988-08-16,Surat,Gujarat,India,2024-12-09,HIGH,0
101753,Sanaya Raval,sanaya.raval904@gmail.com,7731739462,Female,1973-09-20,Indore,Madhya Pradesh,India,2025-11-23,LOW,0
101754,Yug Doshi,yug.doshi319@gmail.com,06539276871,Male,1973-02-16,Delhi,Delhi,India,2024-12-05,MEDIUN,0
101755,Chaaya   Khurana,chaaya.khurana232@outlook.com,6706055817,Female,2002-07-03,Hyderabad,Telangana,India,2025-04-02,HIGH,1
101756,Odika Shere,odika.shere175@yahoo.com,5069893546,Female,1975-02-14,Indore,Madhya Pradesh,India,2025-07-22,HIGH,0
101757,Ishita Warrior,ishita.warrior282@hotmail.com,5570393427,Female,1994-01-01,Pune,Maharashtra,India,2024-09-10,LOW,1
101758,Chandran Zachariah,chandran.zachariah533@yahoo.com,5290509260,Male,,Lucknow,Uttar Pradesh,India,2024-12-25,LOW,0
101759,Aarini Bava,aarini.bava505@yahoo.com,06161973844,Female,2007-01-27,Surat,Gujarat,India,2025-08-11,LOW,0
101764,Urishilla Mahal,urishilla.mahal782@hotmail.com,1932528267,Female,2004-05-13,Bhopal,Madhya Pradesh,India,2023-01-06,HIGH,0
101765,Harita Rai,harita.rai119@gmail.com,9995225296,Female,1997-03-03,Lucknow,Uttar Pradesh,India,2024-11-20,LOW,0
101769,IKSHITA Naik,ikshita.naik588@outlook.com,09559997737,Female,2007-03-08,Lucknow,Uttar Pradesh,India,2025-06-19,HIGH,1
101770,Guneet Parmer,guneet.parmer775@hotmail.com,02474111736,Male,2006-11-05,Chennai,Tamil Nadu,India,2025-11-22,HIGH,0
101771,Vedant Arora,vedant.arora851@outlook.com,7611258423,Male,1970-08-06,Faridabad,Haryana,India,2024-03-20,HIGH,0
101772,Advika Basak,advika.basak911@gmail.com,09248287321,Female,1962-07-02,Nagpur,Maharashtra,India,2025-05-01,LOW,1
101773,Warinder Vig,warinder.vig151@yahoo.com,6548522072,Male,1960-12-05,Coimbatore,Tamil Nadu,India,2025-06-24,LOW,1
101774,Saumya Bajaj,saumya.bajaj977@yahoo.com,1627963651,Other,1968-02-24,Guwahati,Assam,India,2025-07-03,LOW,1
101775,Omisha Pandit,omisha.pandit795@yahoo.com,0819484226,Female,2002-09-18,Lucknow,Uttar Pradesh,India,2024-05-01,LOW,0
101776,Hemang Batta,hemang.batta159@hotmail.com,02350283034,Male,,Mumbai,Maharashtra,India,2024-01-05,HIGH,0
101777,Ekta Maharaj,ekta.maharaj768@yahoo.com,01692809166,Female,1971-03-24,Nagpur,Maharashtra,India,2023-03-13,MEDIUN,0
101778,Siddharth Sandhu,siddharth.sandhu666@outlook.com,3045441061,Male,1981-07-15,Surat,Gujarat,India,2024-08-11,LOW,1
101779,Kevin Shetty,kevin.shetty919@gmail.com,0151764296,Male,2000-06-16,Lucknow,Uttar Pradesh,India,2024-01-02,LOW,1
101780,Frederick Varty,frederick.varty350@hotmail.com,05050969961,Male,1995-09-10,Coimbatore,Tamil Nadu,India,2023-01-02,MEDIUN,0
101781,indali Das,indali.das445@yahoo.com,3228058837,Female,1991-09-18,Chandigarh,Chandigarh,India,2023-05-01,LOW,0
101782,Nidra Keer,nidra.keer16@yahoo.com,6253950111,Female,2004-07-07,Bengaluru,Karnataka,India,2025-04-27,HIGH,0
101783,Gauri Nair,gauri.nair586@outlook.com,8882603174,Female,1986-02-15,Kolkata,West Bengal,India,2023-04-27,HIGH,0
101784,Adya Khanna,adya.khanna247@yahoo.com,09718614229,Female,2008-03-18,Faridabad,Haryana,India,2025-01-07,MEDIUN,0
101785,IMARAN Pillai,imaran.pillai490@yahoo.com,2055967577,Male,1989-05-23,Mumbai,Maharashtra,India,2025-11-15,MEDIUN,0
101788,Raghav Bhat,raghav.bhat83@outlook.com,01289899307,Male,1974-02-02,Guwahati,Assam,India,2023-01-03,LOW,1
101789,Chatresh Dada,chatresh.dada893@yahoo.com,7156033878,Male,2002-12-11,Chennai,Tamil Nadu,India,2024-09-29,LOW,1
101790,Qushi Dhingra,,4397630900,Female,1983-03-09,Pune,Maharashtra,India,2025-06-20,MEDIUN,1
101791,Yuvraj Mane,yuvraj.mane744@yahoo.com,4441076926,Male,1967-02-11,Nagpur,Maharashtra,India,2024-08-12,LOW,0
101792,Onveer Mane,onveer.mane764@gmail.com,01604359839,Male,1985-05-14,Chandigarh,Chandigarh,India,2023-08-27,MEDIUN,0
101795,Ikbal Rama,ikbal.rama354@yahoo.com,5403369995,Male,1966-11-06,Chennai,Tamil Nadu,India,2025-07-14,HIGH,0
101796,Ojas Bassi,ojas.bassi695@yahoo.com,5327355149,Male,1982-03-27,Kolkata,West Bengal,India,2024-09-22,LOW,0
101798,Orinder Seth,orinder.seth913@gmail.com,6174136445,Male,1987-09-01,Nagpur,Maharashtra,India,2025-11-25,MEDIUN,1
101799,Wahab Ramanathan,wahab.ramanathan49@outlook.com,3912706507,Male,1995-11-22,Coimbatore,Tamil Nadu,India,2025-02-07,LOW,0
101800,Dalaja Dube,dalaja.dube55@outlook.com,5644685304,Female,1978-06-02,Jaipur,Rajasthan,India,2024-03-02,LOW,1
101801,Ojasvi Oak,ojasvi.oak927@yahoo.com,5607778943,Female,1971-10-02,Hyderabad,Telangana,India,2025-07-13,LOW,1
101803,Ekta Samra,ekta.samra532@outlook.com,0975506179,Female,1962-05-24,Kolkata,West Bengal,India,2025-10-24,LOW,0
101806,Aarav Nazareth,aarav.nazareth805@hotmail.com,6008228377,Male,1996-07-18,Mumbai,Maharashtra,India,2024-03-22,HIGH,0
101808,Fariq Vasa,fariq.vasa374@gmail.com,9804466589,Male,1976-03-02,Ahmedabad,Gujarat,India,2025-10-04,HIGH,1
101809,lopa Swaminathan,lopa.swaminathan336@outlook.com,7245257378,Female,1982-12-20,Pune,Maharashtra,India,2024-05-29,MEDIUN,1
101810,Ladli Singh,ladli.singh960@hotmail.com,9465777061,Female,1967-06-11,Surat,Gujarat,India,2023-06-30,LOW,0
101811,Zashil Setty,zashil.setty585@gmail.com,06809282616,Male,1972-12-15,Chennai,Tamil Nadu,India,2024-12-14,LOW,0
101814,Kashish Prakash,kashish.prakash999@hotmail.com,1991984808,Female,1981-09-24,Pune,Maharashtra,India,2023-09-02,LOW,1
101815,Daniel Sinha,daniel.sinha867@outlook.com,2077107404,Male,1971-06-19,Lucknow,Uttar Pradesh,India,2024-01-01,MEDIUN,1
101816,Simon Pradhan,simon.pradhan986@hotmail.com,6105110900,Male,1993-01-27,Nagpur,Maharashtra,India,2024-09-24,HIGH,0
101817,Atharv Cherian,atharv.cherian917@yahoo.com,5025497239,Male,1969-01-16,Chennai,Tamil Nadu,India,2025-06-15,HIGH,0
101818,Chaitaly Arora,chaitaly.arora957@gmail.com,09974753965,Female,,Chennai,Tamil Nadu,India,2024-12-27,LOW,1
101819,Upkaar More,upkaar.more626@hotmail.com,9420416415,Male,1997-12-25,Nagpur,Maharashtra,India,2024-04-02,HIGH,0
101821,Riya Agrawal,riya.agrawal698@outlook.com,7490584968,Female,1985-01-19,Delhi,Delhi,India,2024-11-01,HIGH,0
101822,Laksh Mahajan,laksh.mahajan905@outlook.com,5862405744,Male,1976-06-26,Delhi,Delhi,India,2023-08-03,LOW,0
101824,Jeremiah Roy,jeremiah.roy873@outlook.com,01359618307,Male,1995-04-30,Chennai,Tamil Nadu,India,2024-09-04,MEDIUN,0
101825,Hardik Maharaj,hardik.maharaj362@yahoo.com,6425972055,Male,1974-11-05,Kolkata,West Bengal,India,2024-09-10,HIGH,0
101827,Manan Ghosh,manan.ghosh349@gmail.com,4721461727,Male,1976-09-26,Coimbatore,Tamil Nadu,India,2024-08-01,HIGH,0
101828,Arunima Madan,arunima.madan183@hotmail.com,7698897988,Female,1982-09-28,Surat,Gujarat,India,2024-05-05,LOW,0
101829,Vrinda Narayanan,vrinda.narayanan890@yahoo.com,4134019293,Female,1980-07-30,Coimbatore,Tamil Nadu,India,2024-04-17,MEDIUN,0
101832,Kashvi Bhatia,kashvi.bhatia314@yahoo.com,9480531602,Female,1994-07-12,Mumbai,Maharashtra,India,2025-11-18,LOW,1
101833,UMANG Mistry,umang.mistry614@hotmail.com,7186244756,Male,1969-08-21,Hyderabad,Telangana,India,2023-03-29,HIGH,0
101837,Gagan Yadav,gagan.yadav291@gmail.com,0520313298,Male,1987-04-11,Ahmedabad,Gujarat,India,2023-07-02,MEDIUN,0
101838,Veda Chand,veda.chand713@gmail.com,3668642778,Female,1979-04-18,Guwahati,Assam,India,2024-10-16,HIGH,0
101839,Unni Nigam,unni.nigam279@gmail.com,0320877834,Female,1981-08-14,Bhopal,Madhya Pradesh,India,2023-03-09,MEDIUN,0
101841,Andrew Bhalla,andrew.bhalla885@outlook.com,09730273228,Male,1977-02-21,Delhi,Delhi,India,2023-04-03,LOW,0
101842,Udarsh Bajaj,udarsh.bajaj142@yahoo.com,5554689397,Male,2003-06-13,Lucknow,Uttar Pradesh,India,2025-04-14,LOW,0
101843,Vasudha Barad,vasudha.barad751@outlook.com,08159646738,Female,1979-05-19,Chandigarh,Chandigarh,India,2025-04-08,LOW,1
101844,Onveer Rai,onveer.rai183@outlook.com,6733229124,Male,1986-09-28,Guwahati,Assam,India,2025-07-22,HIGH,1
101845,Noah Pandey,noah.pandey27@outlook.com,02394599426,Male,1973-10-17,Indore,Madhya Pradesh,India,2025-06-28,MEDIUN,0
101847,Raghav Dhawan,raghav.dhawan890@outlook.com,9058108015,Male,1999-11-27,Hyderabad,Telangana,India,2023-07-18,HIGH,0
101848,Harshil Shankar,harshil.shankar699@yahoo.com,00277287156,Male,1978-03-04,Indore,Madhya Pradesh,India,2023-04-12,LOW,0
101849,Upasna Pillai,upasna.pillai148@hotmail.com,09599550553,Female,1993-08-26,Coimbatore,Tamil Nadu,India,2024-06-17,MEDIUN,1
101850,Rishi Desai,rishi.desai659@outlook.com,8541839525,Male,1966-11-25,Nagpur,Maharashtra,India,2025-07-07,LOW,1
101851,Rajeshri Dhar,rajeshri.dhar295@outlook.com,2165119214,Female,2000-07-23,Chennai,Tamil Nadu,India,2025-09-27,LOW,1
101852,Ridhi Swamy,ridhi.swamy755@gmail.com,3027694730,Female,1985-03-26,Chandigarh,Chandigarh,India,2025-04-09,LOW,0
101859,ANITA Varghese,anita.varghese980@yahoo.com,8317236670,Female,2008-03-19,Kolkata,West Bengal,India,2024-02-26,LOW,0
101861,Fariq Bajaj,fariq.bajaj656@gmail.com,5607148765,Male,1963-05-26,Coimbatore,Tamil Nadu,India,2024-10-05,HIGH,0
101863,Charita Bhakta,charita.bhakta501@gmail.com,09630667005,Female,1989-02-11,Indore,Madhya Pradesh,India,2025-04-16,HIGH,0
101864,Logan Rau,logan.rau254@outlook.com,2337007158,Male,1999-12-01,Faridabad,Haryana,India,2025-11-01,HIGH,0
101866,xalak Memon,xalak.memon451@yahoo.com,7590972285,Female,2004-06-14,Coimbatore,Tamil Nadu,India,2025-04-06,LOW,0
101868,Jacob Sangha,jacob.sangha134@yahoo.com,06932380043,Male,1980-05-08,Chandigarh,Chandigarh,India,2025-06-15,HIGH,1
101869,URVASHI Patla,urvashi.patla562@gmail.com,6741637120,Female,1979-10-30,Faridabad,Haryana,India,2025-06-22,MEDIUN,0
101871,Krish Kulkarni,krish.kulkarni243@yahoo.com,1436116861,Male,1965-07-04,Patna,Bihar,India,2025-09-24,LOW,0
101875,Riya Sinha,riya.sinha95@gmail.com,6838509570,Female,2007-08-24,Patna,Bihar,India,2023-11-27,HIGH,0
101876,Gunbir Kuruvilla,,8113640348,Male,1990-10-10,Guwahati,Assam,India,2023-01-11,LOW,0
101880,Jagvi Kari,jagvi.kari741@yahoo.com,7100170781,Female,1966-08-20,Nagpur,Maharashtra,India,2024-10-27,HIGH,0
101882,Falan Jaggi,falan.jaggi667@hotmail.com,05679813026,Male,2003-02-08,Chennai,Tamil Nadu,India,2025-08-02,HIGH,0
101883,RANBIR Mahal,ranbir.mahal103@yahoo.com,8821870894,Male,1964-02-12,Lucknow,Uttar Pradesh,India,2023-08-20,LOW,0
101884,Aarav Sura,aarav.sura591@gmail.com,1464461198,Male,1972-03-09,Surat,Gujarat,India,2023-09-22,MEDIUN,0
101885,Vasudha Patil,vasudha.patil718@yahoo.com,8852377487,Female,1982-08-15,Coimbatore,Tamil Nadu,India,2025-09-24,HIGH,0
101886,Baghyawati Singh,baghyawati.singh733@yahoo.com,2512180822,Female,1980-02-10,Mumbai,Maharashtra,India,2023-07-23,LOW,0
101887,Ayushman Rege,ayushman.rege235@gmail.com,6538395716,Male,1975-05-16,Mumbai,Maharashtra,India,2025-08-10,HIGH,1
101888,Ekalinga   Chopra,ekalinga.chopra397@outlook.com,0907037808,Male,1990-12-04,Surat,Gujarat,India,2024-10-07,LOW,1
101889,Sathvik Saran,sathvik.saran145@gmail.com,0983484926,Male,1984-03-19,Ahmedabad,Gujarat,India,2025-09-08,HIGH,1
101891,Siya Patel,siya.patel883@hotmail.com,8179477950,Female,2001-11-06,Indore,Madhya Pradesh,India,2024-09-04,HIGH,0
101892,Anmol Hari,anmol.hari328@outlook.com,06269303264,Male,1977-03-10,Hyderabad,Telangana,India,2025-04-13,HIGH,1
101894,Laban Shroff,laban.shroff378@hotmail.com,5837990053,Male,1979-10-14,Bhopal,Madhya Pradesh,India,2024-05-25,MEDIUN,0
101895,Samar Joshi,samar.joshi292@outlook.com,4228562837,Male,1967-04-29,Patna,Bihar,India,2025-03-06,LOW,0
101896,JANUJA Tank,,1033700894,Female,1967-06-16,Jaipur,Rajasthan,India,2023-09-03,MEDIUN,0
101898,Ryan Butala,ryan.butala782@outlook.com,7371985176,Male,,Faridabad,Haryana,India,2024-02-16,MEDIUN,1
101899,Sanya Zachariah,sanya.zachariah459@outlook.com,04421578379,Female,1992-09-16,Hyderabad,Telangana,India,2025-01-06,HIGH,0
101900,URISHILLA Mann,urishilla.mann87@hotmail.com,9688593428,Female,2008-03-25,Delhi,Delhi,India,2023-01-11,LOW,1
101901,Hredhaan Barad,hredhaan.barad82@outlook.com,8331503219,Male,1985-01-30,Pune,Maharashtra,India,2024-03-21,LOW,0
101902,Shivansh   Pai,shivansh.pai205@outlook.com,00666860673,Male,2008-02-26,Bhopal,Madhya Pradesh,India,2025-09-23,LOW,0
101904,GEORGE Mukherjee,george.mukherjee210@gmail.com,1559637439,Male,1993-02-03,Bhopal,Madhya Pradesh,India,2024-02-23,MEDIUN,1
101905,Triya Kari,triya.kari161@hotmail.com,4038955465,Female,1981-07-07,Kolkata,West Bengal,India,2025-07-18,MEDIUN,0
101906,Raksha Issac,raksha.issac843@hotmail.com,0021027366,Female,1971-03-30,Faridabad,Haryana,India,2023-01-28,HIGH,0
101908,Aahana Char,aahana.char774@gmail.com,8866073264,Female,1975-03-20,Coimbatore,Tamil Nadu,India,2023-07-31,LOW,1
101909,Udarsh Hora,udarsh.hora21@gmail.com,1760909371,Male,2004-09-12,Jaipur,Rajasthan,India,2024-08-30,LOW,1
101910,Madhav Pau,,07346694473,Male,1993-09-01,Coimbatore,Tamil Nadu,India,2025-08-01,LOW,0
101911,KAMALA Zacharia,kamala.zacharia626@outlook.com,9056651837,Female,1986-08-23,Delhi,Delhi,India,2025-05-27,HIGH,1
101913,Farhan Naik,farhan.naik702@hotmail.com,9646924343,Male,1977-10-24,Coimbatore,Tamil Nadu,India,2024-01-22,MEDIUN,1
101914,Samaksh Narayan,samaksh.narayan153@gmail.com,6038710880,Male,1970-09-03,Faridabad,Haryana,India,2024-03-05,LOW,0
101915,Nilima Saini,nilima.saini781@yahoo.com,09037647476,Female,1995-11-16,Pune,Maharashtra,India,2024-08-14,HIGH,1
101916,Darsh Bumb,darsh.bumb597@outlook.com,0396558681,Male,,Guwahati,Assam,India,2024-06-04,LOW,0
101917,Anya   Basak,anya.basak905@yahoo.com,9333528660,Female,1965-06-07,Jaipur,Rajasthan,India,2025-09-20,LOW,1
101920,Ridhi Bansal,ridhi.bansal923@hotmail.com,09396871867,Female,1964-04-19,Patna,Bihar,India,2023-11-16,LOW,0
101922,Januja Johal,januja.johal312@outlook.com,5220940037,Female,2002-07-04,Faridabad,Haryana,India,2023-10-23,HIGH,0
101925,Divya Deep,divya.deep390@yahoo.com,3025598792,Female,1963-06-22,Chennai,Tamil Nadu,India,2024-11-11,HIGH,0
101926,Forum Kant,forum.kant691@hotmail.com,8891096196,Female,2001-11-25,Chennai,Tamil Nadu,India,2024-02-11,HIGH,1
101928,Abeer Kulkarni,abeer.kulkarni45@outlook.com,9714083469,Male,1976-03-30,Delhi,Delhi,India,2024-04-03,HIGH,0
101933,SARA Devan,sara.devan156@outlook.com,4982468967,Female,1991-11-01,Kochi,Kerala,India,2023-10-07,HIGH,0
101934,Diya   Randhawa,diya.randhawa846@yahoo.com,0215723125,Female,1967-09-19,Patna,Bihar,India,2025-05-04,HIGH,0
101935,Hemal Jain,hemal.jain548@outlook.com,8589496172,Female,1965-10-18,Pune,Maharashtra,India,2025-04-24,HIGH,1
101936,Ayaan Nori,ayaan.nori492@hotmail.com,3131845605,Male,,Jaipur,Rajasthan,India,2023-10-09,MEDIUN,1
101937,Ishwar Mani,ishwar.mani92@gmail.com,00912944314,Male,2004-03-26,Mumbai,Maharashtra,India,2023-08-30,LOW,1
101939,Tanay Wali,tanay.wali239@gmail.com,09818100962,Male,2001-12-19,Indore,Madhya Pradesh,India,2025-02-19,HIGH,1
101940,gautami Rege,gautami.rege329@outlook.com,3558774526,Female,,Delhi,Delhi,India,2025-04-25,MEDIUN,0
101941,Jalsa Mital,jalsa.mital929@outlook.com,5442253511,Female,2003-10-07,Chennai,Tamil Nadu,India,2023-07-02,HIGH,0
101942,Zansi   Grover,zansi.grover666@outlook.com,5538828720,Female,2007-12-28,Indore,Madhya Pradesh,India,2025-07-04,MEDIUN,0
101944,Vrishti Munshi,vrishti.munshi609@outlook.com,9315262107,Female,2000-12-31,Ahmedabad,Gujarat,India,2023-03-17,LOW,0
101945,Benjamin Kurian,benjamin.kurian473@hotmail.com,0614452996,Male,2005-04-26,Mumbai,Maharashtra,India,2024-10-15,HIGH,0
101946,Qushi Shenoy,qushi.shenoy860@yahoo.com,9711533349,Female,2005-05-22,Hyderabad,Telangana,India,2025-04-14,HIGH,1
101948,rachana Sachdev,rachana.sachdev706@outlook.com,0215992794,Female,1971-01-17,Faridabad,Haryana,India,2024-08-16,HIGH,0
101950,Theodore Atwal,theodore.atwal253@outlook.com,3687477740,Male,,Bhopal,Madhya Pradesh,India,2025-04-07,LOW,0
101951,Victor Badami,victor.badami700@hotmail.com,0076228212,Male,1998-05-30,Bengaluru,Karnataka,India,2024-03-21,HIGH,1
101952,Eesha Dara,eesha.dara432@yahoo.com,02784726439,Female,1970-07-02,Faridabad,Haryana,India,2024-07-31,LOW,1
101953,Aashi   Mistry,aashi.mistry382@outlook.com,2066604853,Female,1965-02-23,Jaipur,Rajasthan,India,2025-08-29,LOW,0
101954,Harrison Krishnan,harrison.krishnan827@outlook.com,4981184651,Male,1968-01-03,Coimbatore,Tamil Nadu,India,2025-08-06,LOW,0
101956,Nirja Nigam,nirja.nigam52@hotmail.com,4219379313,Other,1997-03-29,Bhopal,Madhya Pradesh,India,2024-07-30,MEDIUN,1
101957,Samarth Hari,samarth.hari886@hotmail.com,2767687775,Male,1987-11-16,Surat,Gujarat,India,2023-11-28,LOW,0
101958,Radha   Sandal,radha.sandal988@outlook.com,09195380884,Female,1969-03-18,Lucknow,Uttar Pradesh,India,2024-01-27,LOW,0
101962,Rayaan Shenoy,rayaan.shenoy988@hotmail.com,9610237264,Male,1971-05-09,Nagpur,Maharashtra,India,2025-08-10,MEDIUN,0
101963,gabriel Bhandari,gabriel.bhandari400@gmail.com,2459715579,Male,1969-12-29,Guwahati,Assam,India,2025-05-02,HIGH,0
101964,Yash   Sibal,yash.sibal547@outlook.com,01773260968,Male,1976-12-12,Kochi,Kerala,India,2023-01-03,MEDIUN,0
101966,Indali Roy,indali.roy896@yahoo.com,03276765964,Female,1995-11-29,Ahmedabad,Gujarat,India,2024-04-09,MEDIUN,1
101968,Qabil Khurana,qabil.khurana151@gmail.com,4896539450,Male,1971-12-28,Indore,Madhya Pradesh,India,2023-06-11,HIGH,0
101969,Owen Mammen,owen.mammen234@outlook.com,05383385693,Male,1969-07-26,Bhopal,Madhya Pradesh,India,2023-07-21,HIGH,1
101970,Darpan Kota,darpan.kota998@outlook.com,04073730415,Male,1960-09-03,Nagpur,Maharashtra,India,2025-05-16,LOW,1
101971,Sanya Kamdar,sanya.kamdar688@gmail.com,0265838796,Female,1970-07-02,Ahmedabad,Gujarat,India,2023-03-06,HIGH,1
101976,Wahab Natt,wahab.natt174@hotmail.com,8129236139,Male,1965-11-18,Chennai,Tamil Nadu,India,2023-06-07,HIGH,1
101977,Ijaya Swamy,ijaya.swamy363@hotmail.com,4133768705,Female,2004-08-11,Bengaluru,Karnataka,India,2024-06-17,HIGH,0
101981,Nicholas Thakkar,nicholas.thakkar452@hotmail.com,08959303207,Male,1990-09-04,Bengaluru,Karnataka,India,2025-10-03,HIGH,1
101984,Qushi Maharaj,qushi.maharaj16@gmail.com,02012953185,Female,1960-10-27,Chandigarh,Chandigarh,India,2025-09-26,HIGH,0
101985,Mugdha Dave,mugdha.dave151@gmail.com,2048109305,Female,1974-11-19,Guwahati,Assam,India,2024-03-14,LOW,0
101986,Mitali Sen,mitali.sen601@hotmail.com,07398245538,Female,2000-06-12,Faridabad,Haryana,India,2023-03-21,LOW,0
101987,Rachit Chad,rachit.chad493@outlook.com,2642951852,Male,2002-05-31,Lucknow,Uttar Pradesh,India,2024-07-14,LOW,0
101988,Qabil Sibal,qabil.sibal386@outlook.com,00308196954,Male,1973-03-06,Ahmedabad,Gujarat,India,2023-09-07,LOW,0
101990,Mohini Barman,mohini.barman244@yahoo.com,09555935588,Female,1964-05-07,Chennai,Tamil Nadu,India,2024-03-27,HIGH,0
101991,Bhavani Tripathi,bhavani.tripathi402@gmail.com,05477774592,Female,1978-05-15,Bhopal,Madhya Pradesh,India,2025-09-09,HIGH,0
101994,Nitesh Patla,nitesh.patla47@gmail.com,6749064122,Male,1984-03-04,Faridabad,Haryana,India,2023-08-02,MEDIUN,0
101995,wyatt Ranganathan,,3417005455,Male,1987-04-15,Bhopal,Madhya Pradesh,India,2023-05-12,HIGH,0
101996,Maanav Pandit,maanav.pandit940@gmail.com,1683357668,Male,1963-03-16,Lucknow,Uttar Pradesh,India,2025-04-29,LOW,0
101997,Rachana Amble,rachana.amble806@gmail.com,00431715578,Female,1976-01-09,Bengaluru,Karnataka,India,2023-04-20,LOW,1
101998,Gauri Chander,gauri.chander317@outlook.com,6860931608,Female,1988-04-01,Kolkata,West Bengal,India,2023-08-16,LOW,1
102000,Tanmayi Mane,tanmayi.mane967@outlook.com,6379020388,Female,1991-02-26,Patna,Bihar,India,2023-01-18,HIGH,1
102001,Yochana Gara,yochana.gara444@hotmail.com,3844781676,Female,,Delhi,Delhi,India,2025-11-11,HIGH,1
102004,VRITTI Sawhney,vritti.sawhney43@hotmail.com,02468714469,Female,1971-01-15,Jaipur,Rajasthan,India,2023-10-28,HIGH,0
102005,Oviya Krish,oviya.krish302@yahoo.com,04239402690,Female,2001-04-06,Chandigarh,Chandigarh,India,2025-01-31,MEDIUN,1
102006,Raghav Loyal,,1182292324,Male,1979-01-12,Faridabad,Haryana,India,2024-10-06,LOW,0
102008,Yatan Mitra,yatan.mitra823@outlook.com,0455965765,Male,2000-03-30,Mumbai,Maharashtra,India,2024-09-14,LOW,0
102010,Jasmit Gandhi,jasmit.gandhi870@hotmail.com,6534420042,Female,1964-10-28,Patna,Bihar,India,2024-06-19,HIGH,0
102012,Chandresh Keer,chandresh.keer370@hotmail.com,04322987663,Male,1969-07-19,Bengaluru,Karnataka,India,2024-03-22,LOW,1
102014,Jonathan Bumb,jonathan.bumb288@yahoo.com,6599052702,Other,1977-06-23,Chandigarh,Chandigarh,India,2023-07-12,MEDIUN,0
102015,Tanish Chandran,tanish.chandran618@yahoo.com,3040775130,Male,1981-02-28,Chennai,Tamil Nadu,India,2023-12-15,HIGH,0
102016,Aashi Dua,aashi.dua273@outlook.com,9745371473,Female,2007-01-01,Jaipur,Rajasthan,India,2023-11-23,HIGH,0
102017,Faras Bassi,faras.bassi446@outlook.com,04312666560,Male,1969-01-14,Delhi,Delhi,India,2025-04-05,HIGH,1
102020,Aarav Nagar,aarav.nagar516@yahoo.com,8167932353,Male,1988-03-07,Bhopal,Madhya Pradesh,India,2024-06-17,LOW,1
102021,Ishwar Kashyap,ishwar.kashyap92@gmail.com,09516570794,Male,1969-08-27,Mumbai,Maharashtra,India,2024-01-07,LOW,0
102022,Darika Wable,darika.wable247@hotmail.com,4685519020,Female,1975-03-27,Jaipur,Rajasthan,India,2023-03-24,LOW,0
102023,Bachittar Naidu,bachittar.naidu494@gmail.com,09334653363,Male,1997-04-13,Patna,Bihar,India,2025-08-25,HIGH,0
102026,Chakradhar Sen,chakradhar.sen841@gmail.com,7697505917,Male,2006-04-20,Nagpur,Maharashtra,India,2023-08-22,HIGH,0
102027,Jagat Khare,jagat.khare5@gmail.com,09169833179,Male,1970-10-13,Surat,Gujarat,India,2025-01-11,MEDIUN,1
102028,Riya Mani,riya.mani576@outlook.com,4065452593,Female,2005-04-27,Kochi,Kerala,India,2023-08-23,LOW,1
102029,Raksha Sibal,raksha.sibal424@hotmail.com,09462078562,Female,1991-12-08,Kochi,Kerala,India,2024-01-08,LOW,0
102030,Hemani Sengupta,hemani.sengupta980@outlook.com,06118680109,Female,2003-02-24,Jaipur,Rajasthan,India,2024-02-10,LOW,1
102032,Advik Padmanabhan,advik.padmanabhan265@gmail.com,00149726821,Male,1965-08-30,Bengaluru,Karnataka,India,2025-11-06,MEDIUN,1
102033,Oviya Sane,oviya.sane480@gmail.com,07735956919,Female,1999-11-07,Chennai,Tamil Nadu,India,2025-08-04,LOW,1
102034,Falguni Bansal,falguni.bansal346@yahoo.com,3974892500,Female,1984-06-02,Jaipur,Rajasthan,India,2024-05-09,HIGH,0
102035,Chatresh Samra,chatresh.samra40@hotmail.com,3581821774,Male,1985-01-27,Chandigarh,Chandigarh,India,2025-06-05,LOW,1
102036,Megha Tata,megha.tata954@outlook.com,5843835699,Female,1988-12-11,Jaipur,Rajasthan,India,2024-06-13,LOW,0
102037,David Goel,david.goel416@outlook.com,0646912671,Male,1988-04-28,Faridabad,Haryana,India,2025-04-27,HIGH,1
102040,Girik Dugar,girik.dugar506@gmail.com,7392229317,Male,1991-07-25,Hyderabad,Telangana,India,2024-05-27,HIGH,0
102042,Harsh Borah,harsh.borah337@yahoo.com,3538115750,Male,2001-10-01,Mumbai,Maharashtra,India,2025-11-01,HIGH,1
102043,Ekta Sharaf,ekta.sharaf650@yahoo.com,6957562943,Female,1970-03-10,Chennai,Tamil Nadu,India,2024-02-27,LOW,0
102047,Brinda Chaudhuri,brinda.chaudhuri451@outlook.com,7560164262,Female,1975-02-07,Coimbatore,Tamil Nadu,India,2024-02-02,HIGH,0
102048,Oviya Naik,oviya.naik784@gmail.com,3546922394,Female,,Bhopal,Madhya Pradesh,India,2025-04-05,HIGH,1
102049,Aahana Suri,aahana.suri660@outlook.com,03466095470,Female,,Patna,Bihar,India,2024-11-01,HIGH,1
102050,Arya Sahni,arya.sahni981@outlook.com,0795163521,Female,1973-01-30,Faridabad,Haryana,India,2024-01-19,LOW,1
102052,Lajita Chada,lajita.chada66@outlook.com,3366502859,Female,1999-01-07,Guwahati,Assam,India,2025-06-26,HIGH,1
102053,Bahadurjit Narasimhan,bahadurjit.narasimhan983@yahoo.com,09157829052,Male,1996-01-09,Surat,Gujarat,India,2025-10-29,HIGH,1
102054,nidra Gokhale,nidra.gokhale47@yahoo.com,9994814140,Female,1996-08-30,Surat,Gujarat,India,2025-02-26,LOW,1
102055,Janaki Varghese,,09142652012,Female,2000-01-05,Coimbatore,Tamil Nadu,India,2024-12-16,HIGH,0
102056,Azaan Chokshi,azaan.chokshi735@hotmail.com,08446988866,Other,1978-01-31,Bengaluru,Karnataka,India,2024-06-13,LOW,1
102057,Manthan Borah,manthan.borah712@outlook.com,01367591644,Male,1993-12-01,Kochi,Kerala,India,2025-08-19,MEDIUN,0
102061,Unni Rana,unni.rana551@hotmail.com,7210752400,Female,1972-03-08,Hyderabad,Telangana,India,2025-10-31,LOW,0
102065,Vedant Kashyap,vedant.kashyap814@yahoo.com,1699213534,Male,1994-07-22,Nagpur,Maharashtra,India,2023-01-29,LOW,1
102067,Sudiksha Hora,sudiksha.hora90@yahoo.com,06213805951,Female,1989-12-08,Coimbatore,Tamil Nadu,India,2025-09-18,MEDIUN,1
102069,Chanakya Sachdev,chanakya.sachdev534@outlook.com,09674513636,Male,1996-11-30,Patna,Bihar,India,2025-03-11,MEDIUN,0
102071,Anusha Issac,anusha.issac186@gmail.com,2817189935,Female,2005-12-13,Chandigarh,Chandigarh,India,2023-11-18,MEDIUN,0
102072,Nikita Savant,nikita.savant362@gmail.com,2759637311,Female,1975-04-17,Chennai,Tamil Nadu,India,2024-09-27,LOW,0
102073,Ishanvi Khare,ishanvi.khare580@outlook.com,6230659400,Female,1971-11-20,Mumbai,Maharashtra,India,2024-12-27,HIGH,0
102074,Champak Upadhyay,champak.upadhyay748@gmail.com,05100218241,Male,1994-07-09,Surat,Gujarat,India,2025-09-24,HIGH,1
102075,Advik Chahal,advik.chahal570@hotmail.com,01687873214,Male,1987-11-14,Hyderabad,Telangana,India,2025-05-30,HIGH,0
102076,Waida Apte,waida.apte69@yahoo.com,04743344210,Female,1980-05-10,Bhopal,Madhya Pradesh,India,2024-03-17,HIGH,1
102079,yadavi Setty,yadavi.setty679@yahoo.com,3877123981,Female,1986-03-14,Pune,Maharashtra,India,2024-06-28,MEDIUN,0
102080,Isaac Shan,isaac.shan947@yahoo.com,7304519455,Male,1996-02-05,Kolkata,West Bengal,India,2025-08-03,MEDIUN,0
102081,Nimrat   Uppal,,1880796403,Other,,Patna,Bihar,India,2025-09-27,HIGH,0
102082,Damyanti Pall,damyanti.pall284@gmail.com,3918536205,Female,2003-11-03,Kolkata,West Bengal,India,2025-10-19,MEDIUN,0
102083,Michael Halder,michael.halder871@outlook.com,5406385670,Male,1967-05-07,Bhopal,Madhya Pradesh,India,2024-10-07,HIGH,1
102084,AVI Sidhu,avi.sidhu428@gmail.com,8420555535,Male,1973-06-05,Ahmedabad,Gujarat,India,2024-12-17,LOW,0
102085,Anita Sengupta,anita.sengupta733@outlook.com,08892210072,Female,1993-03-18,Delhi,Delhi,India,2025-09-10,HIGH,0
102086,Aayush   Malhotra,aayush.malhotra626@gmail.com,2461757804,Male,1965-02-28,Coimbatore,Tamil Nadu,India,2024-01-08,LOW,0
102087,Advay Mukhopadhyay,advay.mukhopadhyay426@gmail.com,06442624470,Male,1994-01-03,Guwahati,Assam,India,2025-07-03,LOW,0
102088,Triya Singhal,triya.singhal882@gmail.com,07033257044,Female,1971-05-16,Guwahati,Assam,India,2025-01-28,MEDIUN,0
102089,Akshay Sheth,akshay.sheth254@outlook.com,09974903043,Male,1985-04-04,Mumbai,Maharashtra,India,2025-03-23,HIGH,0
102090,Chandresh Shetty,chandresh.shetty582@yahoo.com,02470481130,Male,,Chennai,Tamil Nadu,India,2023-06-11,HIGH,0
102091,Chakradhar Vaidya,chakradhar.vaidya416@outlook.com,01456518127,Male,1978-03-28,Delhi,Delhi,India,2024-06-04,LOW,0
102092,Chaitaly Soman,chaitaly.soman393@gmail.com,4325674053,Female,1978-11-07,Nagpur,Maharashtra,India,2024-01-21,LOW,1
102093,Nisha Chand,nisha.chand62@outlook.com,05411190206,Female,1961-03-03,Patna,Bihar,India,2023-11-15,LOW,0
102094,Dalaja Kota,dalaja.kota401@hotmail.com,2214426735,Female,1999-10-18,Nagpur,Maharashtra,India,2024-09-26,HIGH,1
102095,Kevin Deshpande,kevin.deshpande9@outlook.com,1599944261,Male,1986-03-30,Indore,Madhya Pradesh,India,2024-04-25,HIGH,1
102098,Alexander Nayar,alexander.nayar696@gmail.com,08197354425,Male,1969-04-17,Ahmedabad,Gujarat,India,2023-01-11,LOW,0
102100,Reyansh Wali,reyansh.wali270@hotmail.com,06275537793,Male,1998-04-20,Bengaluru,Karnataka,India,2024-11-14,MEDIUN,0
102101,Patrick Mannan,patrick.mannan998@hotmail.com,2104072545,Male,1995-09-16,Lucknow,Uttar Pradesh,India,2023-08-26,HIGH,0
102102,Teerth Bassi,teerth.bassi973@outlook.com,03247079262,Male,,Pune,Maharashtra,India,2024-02-03,HIGH,0
102104,Zilmil Kuruvilla,zilmil.kuruvilla512@outlook.com,5236179496,Female,1995-06-16,Faridabad,Haryana,India,2025-11-12,HIGH,0
102105,Pahal Mohan,pahal.mohan970@outlook.com,8127317427,Female,1995-08-15,Jaipur,Rajasthan,India,2025-07-21,LOW,0
102106,Ishwar Deo,ishwar.deo396@hotmail.com,9362761764,Male,,Jaipur,Rajasthan,India,2025-10-11,HIGH,0
102107,Alexander Malhotra,alexander.malhotra130@outlook.com,1128638110,Male,1977-06-03,Kolkata,West Bengal,India,2025-11-22,HIGH,1
102108,Ekanta Deep,ekanta.deep948@outlook.com,05952827677,Female,1998-10-02,Coimbatore,Tamil Nadu,India,2025-06-27,MEDIUN,0
102109,Gavin Jhaveri,gavin.jhaveri611@hotmail.com,7327839692,Male,1964-06-11,Chennai,Tamil Nadu,India,2025-07-28,LOW,0
102110,Orinder Dar,orinder.dar116@yahoo.com,7214348696,Male,2007-03-26,Nagpur,Maharashtra,India,2023-01-15,MEDIUN,0
102112,Vasana Kapadia,vasana.kapadia254@yahoo.com,3377312973,Female,2003-04-16,Jaipur,Rajasthan,India,2025-01-11,MEDIUN,0
102113,Laksh Chada,laksh.chada736@yahoo.com,5908268009,Male,1963-06-08,Lucknow,Uttar Pradesh,India,2025-09-05,MEDIUN,0
102114,Faqid Gera,faqid.gera31@gmail.com,8945239596,Male,1997-09-09,Hyderabad,Telangana,India,2023-01-11,LOW,0
102115,Dominic Keer,dominic.keer955@yahoo.com,7517579032,Male,1970-01-19,Chennai,Tamil Nadu,India,2025-03-11,LOW,0
102117,Udyati Tak,udyati.tak266@hotmail.com,05095914504,Female,1990-04-22,Kochi,Kerala,India,2024-08-25,HIGH,0
102120,Isha Mangat,,7886985857,Female,1973-08-10,Kolkata,West Bengal,India,2024-02-08,LOW,0
102122,Hritik Sha,hritik.sha38@gmail.com,03164598243,Male,2007-12-20,Kochi,Kerala,India,2024-06-21,HIGH,0
102123,Urvashi Atwal,urvashi.atwal328@yahoo.com,9365187569,Female,1969-03-06,Lucknow,Uttar Pradesh,India,2025-04-01,LOW,0
102124,Tarak Dewan,tarak.dewan788@gmail.com,5712567212,Male,2001-07-16,Pune,Maharashtra,India,2025-09-10,LOW,0
102125,Aayush Bala,aayush.bala204@gmail.com,5915324256,Other,1978-11-19,Chennai,Tamil Nadu,India,2024-07-20,HIGH,0
102126,Aarini Zacharia,aarini.zacharia929@yahoo.com,3690303413,Female,2000-01-23,Faridabad,Haryana,India,2024-10-13,LOW,1
102127,Tanmayi Nigam,tanmayi.nigam131@outlook.com,6849977070,Female,1981-01-25,Pune,Maharashtra,India,2025-08-06,MEDIUN,1
102129,Theodore Butala,theodore.butala2@yahoo.com,6215774054,Male,2007-04-13,Kolkata,West Bengal,India,2025-08-08,HIGH,0
102132,Gauri Das,gauri.das850@yahoo.com,3204484567,Female,2004-12-12,Hyderabad,Telangana,India,2025-04-15,LOW,0
102134,Suhani Mukherjee,suhani.mukherjee724@yahoo.com,5766647608,Female,1977-07-19,Chandigarh,Chandigarh,India,2025-05-04,LOW,0
102135,Aarna Tella,aarna.tella799@outlook.com,4552175049,Female,1990-07-12,Jaipur,Rajasthan,India,2023-09-02,LOW,1
102136,Yug Wadhwa,yug.wadhwa146@yahoo.com,4422061850,Male,1980-06-28,Kolkata,West Bengal,India,2024-02-19,LOW,0
102138,Finn Chahal,finn.chahal752@yahoo.com,3933011184,Male,1992-09-14,Chennai,Tamil Nadu,India,2024-04-03,LOW,0
102139,Suhani Pandya,suhani.pandya381@yahoo.com,5524529615,Female,1964-03-15,Surat,Gujarat,India,2025-03-25,HIGH,0
102140,Inaya Sabharwal,inaya.sabharwal69@yahoo.com,3517983871,Female,1992-02-19,Bhopal,Madhya Pradesh,India,2024-08-10,LOW,1
102141,Omya Palla,omya.palla848@gmail.com,3895864178,Female,2004-12-08,Jaipur,Rajasthan,India,2024-12-19,LOW,0
102143,Shravya Yadav,shravya.yadav680@outlook.com,07973679901,Female,1999-08-15,Delhi,Delhi,India,2024-04-13,LOW,0
102146,Jacob Kala,jacob.kala439@outlook.com,4326253814,Male,1961-04-23,Surat,Gujarat,India,2023-12-25,LOW,0
102147,Avni Talwar,avni.talwar462@outlook.com,0248435074,Female,,Kolkata,West Bengal,India,2025-04-15,HIGH,0
102148,Raksha Atwal,raksha.atwal260@gmail.com,0999702440,Female,1975-02-14,Ahmedabad,Gujarat,India,2025-09-11,LOW,0
102149,isha Chadha,isha.chadha140@gmail.com,8235327737,Female,1981-07-19,Bhopal,Madhya Pradesh,India,2024-01-09,MEDIUN,0
102150,Onveer Kurian,onveer.kurian474@hotmail.com,5735548147,Male,2005-08-14,Indore,Madhya Pradesh,India,2024-06-09,MEDIUN,0
102151,Hemangini Ramachandran,hemangini.ramachandran169@gmail.com,3929427021,Female,1977-03-17,Kolkata,West Bengal,India,2024-05-28,HIGH,1
102152,Chavvi Johal,chavvi.johal449@yahoo.com,6279895824,Female,1999-08-10,Chennai,Tamil Nadu,India,2024-11-18,MEDIUN,0
102153,Warjas Gulati,warjas.gulati665@hotmail.com,00371912759,Male,1972-04-01,Kochi,Kerala,India,2023-03-20,LOW,1
102154,radhika Murty,radhika.murty208@outlook.com,01622065910,Female,1960-10-18,Coimbatore,Tamil Nadu,India,2023-06-18,HIGH,0
102158,Simon Soni,simon.soni509@hotmail.com,8617284703,Male,1974-07-01,Lucknow,Uttar Pradesh,India,2025-11-07,MEDIUN,1
102160,Harsh Murthy,harsh.murthy24@gmail.com,7696595965,Male,,Surat,Gujarat,India,2023-12-21,HIGH,0
102163,Meghana Dhawan,meghana.dhawan184@gmail.com,9708137229,Female,1987-06-22,Nagpur,Maharashtra,India,2025-11-08,LOW,0
102165,Ekalinga Lad,ekalinga.lad627@outlook.com,9087834767,Male,1993-08-04,Chandigarh,Chandigarh,India,2023-01-10,MEDIUN,0
102166,Advik Bedi,advik.bedi896@outlook.com,04666694836,Male,2005-03-21,Surat,Gujarat,India,2025-11-13,HIGH,0
102169,Lopa Sibal,lopa.sibal150@yahoo.com,6610514961,Female,1986-11-11,Kochi,Kerala,India,2025-02-28,MEDIUN,1
102170,Ranbir Varghese,ranbir.varghese103@outlook.com,9244940395,Male,1964-08-12,Kolkata,West Bengal,India,2023-05-25,HIGH,1
102171,Tanay Naik,tanay.naik708@gmail.com,00883318380,Male,1966-06-08,Ahmedabad,Gujarat,India,2025-05-19,HIGH,1
102172,Girish Loyal,girish.loyal198@outlook.com,7939801220,Male,1964-04-19,Kochi,Kerala,India,2025-06-06,HIGH,0
102174,Rudra Kalla,rudra.kalla741@yahoo.com,02127023189,Male,2004-07-16,Bengaluru,Karnataka,India,2025-08-15,HIGH,1
102177,Dakshesh Pradhan,dakshesh.pradhan945@gmail.com,6911708702,Male,1983-10-12,Indore,Madhya Pradesh,India,2024-11-29,LOW,1
102178,Girik Bali,girik.bali713@outlook.com,8083491232,Male,1966-01-18,Kolkata,West Bengal,India,2025-10-08,LOW,1
102179,Abha Bakshi,abha.bakshi907@gmail.com,8325276252,Female,1992-01-29,Patna,Bihar,India,2024-05-16,LOW,0
102182,Lavanya Gara,lavanya.gara34@gmail.com,00994175304,Female,2005-12-29,Faridabad,Haryana,India,2025-05-24,HIGH,1
102183,Abha Patel,abha.patel391@outlook.com,1050755084,Female,1984-09-12,Ahmedabad,Gujarat,India,2023-10-16,HIGH,0
102185,Ishaan Bajwa,ishaan.bajwa159@gmail.com,05835501727,Male,1968-08-17,Surat,Gujarat,India,2025-08-05,LOW,1
102186,Vaishnavi Kibe,vaishnavi.kibe433@outlook.com,00183205112,Female,1963-08-25,Chandigarh,Chandigarh,India,2025-11-06,LOW,0
102187,Gopal Kumer,gopal.kumer206@yahoo.com,1990502406,Male,1975-09-22,Chennai,Tamil Nadu,India,2024-01-11,MEDIUN,0
102188,Bachittar   Singh,bachittar.singh411@outlook.com,7064857968,Male,,Ahmedabad,Gujarat,India,2025-08-01,HIGH,0
102189,samaksh Hayer,samaksh.hayer419@outlook.com,7904481388,Male,1966-05-25,Kolkata,West Bengal,India,2023-08-18,LOW,1
102190,Azaan Dash,azaan.dash956@outlook.com,6776195249,Male,1979-10-09,Nagpur,Maharashtra,India,2025-02-03,LOW,0
102191,akshay Char,akshay.char256@outlook.com,4517702238,Male,,Patna,Bihar,India,2025-06-11,LOW,0
102193,Patrick Gopal,patrick.gopal48@yahoo.com,7272993357,Male,2003-06-02,Jaipur,Rajasthan,India,2023-07-13,LOW,1
102194,Adweta Gade,adweta.gade466@gmail.com,9866398464,Female,,Mumbai,Maharashtra,India,2024-09-12,HIGH,0
102196,Utkarsh Ravel,utkarsh.ravel852@gmail.com,3340620166,Male,1969-12-11,Nagpur,Maharashtra,India,2024-03-01,MEDIUN,0
102198,Ikbal Hayer,ikbal.hayer808@yahoo.com,5514344211,Male,,Nagpur,Maharashtra,India,2025-05-02,HIGH,1
102200,Christopher Peri,christopher.peri730@outlook.com,07924642998,Male,2008-03-01,Chandigarh,Chandigarh,India,2024-01-28,MEDIUN,0
102201,harini Kulkarni,harini.kulkarni588@hotmail.com,9875915300,Female,1982-12-02,Kolkata,West Bengal,India,2025-05-27,HIGH,0
102202,Darpan Lal,darpan.lal544@gmail.com,7923057824,Male,1976-03-06,Delhi,Delhi,India,2025-05-03,LOW,0
102204,Sarthak Arya,sarthak.arya711@outlook.com,9637491218,Male,2004-06-06,Bhopal,Madhya Pradesh,India,2024-06-04,LOW,0
102205,Andrew Raju,andrew.raju712@outlook.com,01590112502,Male,1995-07-08,Guwahati,Assam,India,2025-04-23,LOW,1
102206,Ikshita Bumb,ikshita.bumb180@yahoo.com,7289868321,Female,2005-01-13,Hyderabad,Telangana,India,2024-05-31,LOW,1
102207,Bhanumati Raman,bhanumati.raman168@yahoo.com,2507966997,Female,1984-11-12,Nagpur,Maharashtra,India,2025-10-23,MEDIUN,0
102208,Kalpit Gade,kalpit.gade606@outlook.com,04424607372,Male,1972-06-14,Surat,Gujarat,India,2023-01-12,LOW,1
102209,Siddharth Bir,siddharth.bir208@yahoo.com,8599475763,Male,,Mumbai,Maharashtra,India,2024-09-19,MEDIUN,0
102210,Wishi Thakur,wishi.thakur521@hotmail.com,7797983676,Female,1961-05-17,Kochi,Kerala,India,2025-02-26,LOW,0
102211,Nachiket Chaudhry,nachiket.chaudhry629@outlook.com,1504390356,Male,1996-03-26,Mumbai,Maharashtra,India,2025-01-14,MEDIUN,0
102212,Ekani Wali,ekani.wali807@yahoo.com,0963547607,Female,1976-04-16,Surat,Gujarat,India,2024-05-09,HIGH,1
102213,Chaitaly Garg,chaitaly.garg971@yahoo.com,6226441802,Female,2001-08-19,Kolkata,West Bengal,India,2025-01-29,LOW,0
102214,Pooja Memon,pooja.memon327@hotmail.com,6535243779,Female,1976-06-29,Bhopal,Madhya Pradesh,India,2023-01-23,LOW,0
102215,Udant Sahni,udant.sahni556@outlook.com,7485251225,Male,2005-08-24,Faridabad,Haryana,India,2025-11-03,MEDIUN,0
102217,Henry Ranganathan,henry.ranganathan156@gmail.com,8540700841,Male,1977-01-19,Kolkata,West Bengal,India,2025-06-15,LOW,0
102218,Chakrika Dave,chakrika.dave685@hotmail.com,5385139763,Female,1976-08-18,Pune,Maharashtra,India,2024-04-13,HIGH,1
102219,Lucky Sahni,lucky.sahni442@gmail.com,4085206334,Male,2003-02-06,Chennai,Tamil Nadu,India,2023-01-26,HIGH,0
102221,Charan Bhatti,charan.bhatti588@outlook.com,03085441843,Male,1980-10-03,Delhi,Delhi,India,2023-06-25,LOW,0
102222,Upasna Bhagat,upasna.bhagat871@yahoo.com,3788021093,Female,2005-03-30,Bengaluru,Karnataka,India,2024-08-30,HIGH,0
102224,Hemang Krishna,,3511026939,Male,1975-09-27,Faridabad,Haryana,India,2025-10-27,LOW,1
102225,Harshil Keer,harshil.keer317@hotmail.com,01351485507,Male,,Delhi,Delhi,India,2024-10-27,HIGH,0
102226,Advay Dhar,advay.dhar584@yahoo.com,0674151448,Male,1983-07-14,Faridabad,Haryana,India,2025-05-06,MEDIUN,1
102227,Farhan Chhabra,farhan.chhabra795@outlook.com,4279730294,Male,1963-03-11,Surat,Gujarat,India,2025-11-07,LOW,1
102228,Omisha Sridhar,omisha.sridhar611@gmail.com,3589377125,Female,1986-10-30,Lucknow,Uttar Pradesh,India,2023-12-01,LOW,0
102230,Ronith Memon,ronith.memon545@outlook.com,3900415242,Male,2007-07-28,Guwahati,Assam,India,2023-12-30,LOW,1
102232,anya Kari,anya.kari590@outlook.com,8004177073,Female,1973-07-26,Guwahati,Assam,India,2025-05-22,MEDIUN,0
102234,Hema Sura,hema.sura6@gmail.com,8678515066,Female,1985-08-16,Mumbai,Maharashtra,India,2024-05-06,LOW,1
102236,Kashvi Rama,kashvi.rama958@gmail.com,05161133956,Female,2007-11-08,Pune,Maharashtra,India,2023-04-02,LOW,1
102238,Varenya Muni,varenya.muni182@yahoo.com,4879896319,Female,1981-01-02,Pune,Maharashtra,India,2025-07-05,LOW,1
102239,Isaac Bhardwaj,isaac.bhardwaj220@yahoo.com,06922591642,Male,1971-11-24,Faridabad,Haryana,India,2025-04-26,MEDIUN,1
102240,Dipta Desai,dipta.desai182@hotmail.com,7631919863,Female,1983-01-06,Chandigarh,Chandigarh,India,2024-06-25,LOW,0
102244,FAQID Arya,faqid.arya395@hotmail.com,08621853111,Male,1992-02-04,Bhopal,Madhya Pradesh,India,2023-12-18,LOW,0
102246,Balhaar Koshy,balhaar.koshy479@yahoo.com,5033790294,Male,2008-01-12,Bengaluru,Karnataka,India,2025-02-22,HIGH,1
102249,Madhav Bora,madhav.bora783@hotmail.com,8820151497,Male,1981-10-25,Faridabad,Haryana,India,2025-06-16,HIGH,0
102250,Samuel Loyal,samuel.loyal632@outlook.com,05765282261,Male,2000-12-01,Kolkata,West Bengal,India,2025-07-11,HIGH,0
102251,Omisha Luthra,omisha.luthra644@hotmail.com,08494345776,Female,2002-01-21,Jaipur,Rajasthan,India,2024-09-15,MEDIUN,0
102252,Balvan Khanna,balvan.khanna456@gmail.com,00915956783,Male,1967-05-31,Guwahati,Assam,India,2024-12-01,LOW,0
102253,Hemang Patla,hemang.patla783@gmail.com,9412706618,Male,1997-10-24,Lucknow,Uttar Pradesh,India,2023-12-16,LOW,0
102254,Jyoti Rout,jyoti.rout315@hotmail.com,2020338811,Female,1968-03-12,Guwahati,Assam,India,2023-01-13,MEDIUN,0
102255,Unni Randhawa,unni.randhawa283@hotmail.com,00373448365,Female,1980-10-18,Lucknow,Uttar Pradesh,India,2024-11-07,HIGH,0
102258,Raagini Varughese,raagini.varughese679@yahoo.com,02531292662,Female,1975-10-17,Guwahati,Assam,India,2025-11-19,LOW,0
102259,Yug Trivedi,yug.trivedi409@yahoo.com,0401461597,Male,1997-07-03,Delhi,Delhi,India,2024-11-22,MEDIUN,1
102260,Abeer Baria,abeer.baria861@gmail.com,08854673474,Male,1972-04-29,Delhi,Delhi,India,2023-01-10,HIGH,0
102261,Suhani Kata,suhani.kata570@gmail.com,1319859671,Female,,Pune,Maharashtra,India,2025-10-01,LOW,0
102262,Zaitra Kanda,zaitra.kanda683@outlook.com,2842511190,Female,1970-01-13,Bhopal,Madhya Pradesh,India,2024-02-22,MEDIUN,0
102263,Patrick Mital,patrick.mital426@outlook.com,9412597999,Male,1962-05-11,Hyderabad,Telangana,India,2025-10-14,LOW,0
102265,Hitesh Singhal,hitesh.singhal661@outlook.com,00818363293,Male,1991-01-10,Coimbatore,Tamil Nadu,India,2025-07-03,LOW,1
102266,Udarsh Anand,udarsh.anand846@yahoo.com,00715481851,Male,1971-04-17,Jaipur,Rajasthan,India,2025-03-02,HIGH,0
102268,ANAY Kari,anay.kari900@hotmail.com,7405892303,Male,1980-08-29,Chennai,Tamil Nadu,India,2025-01-20,LOW,0
102270,Megha Sachdeva,megha.sachdeva496@hotmail.com,5375257448,Female,1986-02-21,Delhi,Delhi,India,2025-06-08,HIGH,0
102271,Ojasvi Dewan,ojasvi.dewan309@yahoo.com,01115673385,Female,1964-03-11,Patna,Bihar,India,2025-08-28,LOW,1
102272,Veda Sangha,veda.sangha894@hotmail.com,0680983831,Female,2001-11-13,Patna,Bihar,India,2024-04-14,HIGH,0
102274,Forum Konda,forum.konda511@outlook.com,7051557826,Female,1969-11-05,Mumbai,Maharashtra,India,2023-04-20,HIGH,1
102276,Hemangini Kale,hemangini.kale501@gmail.com,4787268193,Female,2004-09-04,Surat,Gujarat,India,2025-07-30,MEDIUN,0
102277,Faras Gola,faras.gola4@gmail.com,2806253941,Male,2004-05-12,Chennai,Tamil Nadu,India,2025-08-30,MEDIUN,0
102278,Radha Maharaj,radha.maharaj243@hotmail.com,2588314003,Female,1977-04-11,Bengaluru,Karnataka,India,2025-04-24,LOW,0
102279,Jeevika Bala,jeevika.bala633@yahoo.com,7354904798,Female,2006-04-09,Jaipur,Rajasthan,India,2024-03-15,HIGH,0
102280,Pranit Savant,pranit.savant175@outlook.com,02508628685,Male,1979-02-20,Coimbatore,Tamil Nadu,India,2024-02-06,HIGH,0
102282,Mohini Rana,mohini.rana316@outlook.com,6330846017,Female,1968-03-07,Delhi,Delhi,India,2025-06-05,LOW,0
102283,Ronith Doshi,ronith.doshi366@yahoo.com,04908474911,Male,1981-05-27,Patna,Bihar,India,2025-06-21,LOW,0
102284,Jagdish Kumar,jagdish.kumar854@gmail.com,0166366228,Male,1973-10-08,Lucknow,Uttar Pradesh,India,2025-10-12,LOW,0
102286,Tanay Buch,tanay.buch228@gmail.com,6046901749,Male,,Kochi,Kerala,India,2023-01-14,HIGH,1
102289,Abhimanyu Sharma,abhimanyu.sharma848@outlook.com,9850230506,Male,1981-06-06,Mumbai,Maharashtra,India,2024-01-28,LOW,0
102290,Champak Krishnan,champak.krishnan335@hotmail.com,7147955412,Male,1987-08-19,Lucknow,Uttar Pradesh,India,2024-07-16,MEDIUN,1
102293,Azad Kata,azad.kata318@gmail.com,2502749623,Male,1987-07-20,Faridabad,Haryana,India,2025-10-23,MEDIUN,0
102294,Zayyan Manda,zayyan.manda269@hotmail.com,4399942858,Male,1961-07-13,Faridabad,Haryana,India,2025-04-09,HIGH,0
102295,Jeevika Bal,jeevika.bal50@gmail.com,6329085050,Female,1996-10-20,Delhi,Delhi,India,2023-07-10,HIGH,1
102297,Warhi Kulkarni,warhi.kulkarni667@yahoo.com,01171740034,Female,1977-09-22,Lucknow,Uttar Pradesh,India,2025-04-07,HIGH,0
102299,Ranbir Bhardwaj,ranbir.bhardwaj651@outlook.com,0818036893,Male,1984-08-30,Bhopal,Madhya Pradesh,India,2025-09-13,MEDIUN,1
102300,Ganga Parekh,ganga.parekh184@gmail.com,0439351602,Female,1979-08-14,Coimbatore,Tamil Nadu,India,2024-11-02,LOW,1
102301,Omya Subramanian,omya.subramanian307@yahoo.com,8480316367,Female,1985-09-23,Bengaluru,Karnataka,India,2025-11-21,MEDIUN,1
102302,Victor Murty,victor.murty949@gmail.com,7642983930,Male,1970-08-27,Nagpur,Maharashtra,India,2024-02-24,MEDIUN,0
102305,Veer Walla,veer.walla794@gmail.com,09773961034,Male,1961-08-19,Indore,Madhya Pradesh,India,2024-01-25,MEDIUN,0
102306,Wahab Jha,,00804175694,Male,2003-05-09,Jaipur,Rajasthan,India,2025-10-30,MEDIUN,0
102307,Amol Som,amol.som854@yahoo.com,7716991658,Male,1982-10-26,Coimbatore,Tamil Nadu,India,2024-11-08,MEDIUN,0
102308,Kala Roy,kala.roy600@hotmail.com,8578671265,Female,1999-06-16,Indore,Madhya Pradesh,India,2024-03-31,MEDIUN,1
102312,Aarav Agrawal,aarav.agrawal44@hotmail.com,6023106407,Male,1997-07-06,Pune,Maharashtra,India,2025-01-20,HIGH,1
102313,watika Dutt,watika.dutt44@gmail.com,5427344979,Female,2000-02-09,Kochi,Kerala,India,2024-08-01,MEDIUN,1
102314,Falguni Prasad,falguni.prasad928@gmail.com,05475878371,Female,2004-04-21,Faridabad,Haryana,India,2025-02-08,LOW,1
102315,Ojasvi Guha,ojasvi.guha937@yahoo.com,6771853601,Female,1983-06-08,Faridabad,Haryana,India,2024-12-21,HIGH,0
102317,Aadi Sarma,aadi.sarma376@gmail.com,1763506427,Male,1968-02-29,Indore,Madhya Pradesh,India,2025-02-06,HIGH,0
102318,Advik Menon,advik.menon246@hotmail.com,6227025431,Male,1979-08-20,Faridabad,Haryana,India,2024-03-17,LOW,0
102320,TEJAS Bail,tejas.bail498@hotmail.com,2613409731,Male,2002-02-20,Pune,Maharashtra,India,2023-05-23,LOW,0
102321,Faras Bhakta,faras.bhakta5@hotmail.com,6540532421,Male,1993-10-23,Faridabad,Haryana,India,2025-09-29,LOW,0
102324,Urvi Apte,urvi.apte999@gmail.com,5295086874,Female,,Jaipur,Rajasthan,India,2023-12-28,MEDIUN,0
102325,Mohini Chanda,mohini.chanda9@yahoo.com,8962586926,Female,1972-06-11,Bhopal,Madhya Pradesh,India,2025-02-12,LOW,0
102326,Upasna Bakshi,upasna.bakshi649@outlook.com,5179751937,Female,2002-09-25,Hyderabad,Telangana,India,2025-01-12,HIGH,1
102327,Ladli Natt,ladli.natt949@yahoo.com,04580197621,Female,1970-02-01,Surat,Gujarat,India,2024-03-20,LOW,0
102329,Yashodhara Chandran,yashodhara.chandran893@outlook.com,1297198840,Female,1997-10-13,Nagpur,Maharashtra,India,2023-12-23,HIGH,1
102331,Abha Narayan,abha.narayan808@gmail.com,00334050810,Female,1976-11-21,Indore,Madhya Pradesh,India,2024-11-07,HIGH,0
102332,Janya Om,janya.om313@yahoo.com,02131166946,Female,1961-09-02,Delhi,Delhi,India,2025-11-15,HIGH,0
102333,Ekantika Borde,ekantika.borde454@hotmail.com,4281259836,Female,1997-12-04,Kolkata,West Bengal,India,2025-02-23,HIGH,1
102335,Aachal   Konda,aachal.konda198@outlook.com,5716657813,Female,1961-09-13,Hyderabad,Telangana,India,2025-03-16,LOW,1
102337,JEEVIKA Bajaj,jeevika.bajaj916@yahoo.com,6412613955,Female,1984-02-18,Chennai,Tamil Nadu,India,2024-06-21,LOW,0
102338,Naveen Ranganathan,,9340835442,Male,1993-01-10,Jaipur,Rajasthan,India,2024-02-13,LOW,0
102339,Vritti Varma,vritti.varma164@yahoo.com,6965693259,Female,,Hyderabad,Telangana,India,2024-07-12,MEDIUN,0
102340,triya Dhar,triya.dhar732@hotmail.com,6831275341,Female,1986-03-03,Guwahati,Assam,India,2025-11-13,LOW,1
102343,Ikbal Grewal,ikbal.grewal15@outlook.com,7906674772,Male,1996-09-01,Chennai,Tamil Nadu,India,2024-12-12,LOW,0
102344,Chanakya Buch,chanakya.buch37@gmail.com,3843782601,Male,1991-06-13,Hyderabad,Telangana,India,2024-08-29,LOW,1
102345,Vansha Singh,vansha.singh153@gmail.com,2253939224,Female,1966-10-06,Bhopal,Madhya Pradesh,India,2023-09-17,MEDIUN,0
102346,Yatin Sood,yatin.sood609@gmail.com,5750218852,Male,1965-02-01,Delhi,Delhi,India,2025-05-31,LOW,0
102348,Adweta Mangal,adweta.mangal62@gmail.com,4770693928,Female,1976-12-12,Surat,Gujarat,India,2025-06-03,HIGH,0
102349,eiravati Bhagat,eiravati.bhagat222@hotmail.com,06794677818,Female,2008-04-22,Mumbai,Maharashtra,India,2024-02-24,HIGH,0
102350,Teerth Kale,teerth.kale112@gmail.com,9459211857,Male,1968-11-29,Chennai,Tamil Nadu,India,2024-09-18,HIGH,0
102351,Ojas Behl,ojas.behl508@hotmail.com,07962638965,Male,1974-08-19,Bengaluru,Karnataka,India,2024-02-01,HIGH,1
102352,Xiti Shetty,xiti.shetty812@hotmail.com,0081001428,Female,1999-10-30,Jaipur,Rajasthan,India,2024-07-27,HIGH,0
102353,Turvi Bhardwaj,,5951490967,Female,1965-04-28,Bengaluru,Karnataka,India,2025-05-12,HIGH,1
102354,Advika Vaidya,advika.vaidya301@outlook.com,2422749665,Female,1994-05-24,Pune,Maharashtra,India,2024-01-03,HIGH,1
102356,Jacob Narang,jacob.narang313@outlook.com,07773426587,Male,1976-02-07,Mumbai,Maharashtra,India,2024-03-25,HIGH,1
102358,Wridesh Lalla,wridesh.lalla81@hotmail.com,4721712435,Male,1979-05-03,Bhopal,Madhya Pradesh,India,2024-12-29,MEDIUN,0
102359,Zashil Konda,zashil.konda971@outlook.com,3695255876,Male,1984-02-12,Ahmedabad,Gujarat,India,2025-09-18,MEDIUN,1
102360,Odika Anne,odika.anne109@gmail.com,08394764612,Female,1993-03-31,Ahmedabad,Gujarat,India,2024-06-22,MEDIUN,0
102361,Chanchal Lad,chanchal.lad825@yahoo.com,09627564439,Female,2002-04-02,Bengaluru,Karnataka,India,2025-07-22,MEDIUN,1
102364,Gautami Nadig,gautami.nadig524@gmail.com,0554899071,Female,2007-12-05,Jaipur,Rajasthan,India,2023-07-31,LOW,0
102366,Gunbir Sinha,gunbir.sinha403@yahoo.com,3688415771,Male,1993-11-19,Faridabad,Haryana,India,2023-10-24,HIGH,0
102369,Eshana Sarna,eshana.sarna68@yahoo.com,05964726847,Female,1973-05-20,Mumbai,Maharashtra,India,2025-06-25,LOW,0
102370,Manya   Parsa,manya.parsa925@outlook.com,01018508808,Female,,Mumbai,Maharashtra,India,2024-04-27,LOW,1
102371,Wakeeta Mutti,wakeeta.mutti255@hotmail.com,08105801088,Female,2003-04-26,Chandigarh,Chandigarh,India,2025-05-15,LOW,0
102372,Shivansh Sur,shivansh.sur4@gmail.com,01937886636,Male,1998-05-01,Guwahati,Assam,India,2023-08-05,LOW,0
102373,Manbir Rama,,07749633792,Male,1968-02-10,Hyderabad,Telangana,India,2024-10-05,LOW,1
102374,Upasna Garde,upasna.garde143@yahoo.com,3743873450,Female,1976-02-15,Ahmedabad,Gujarat,India,2023-07-02,HIGH,0
102376,Peter Sur,peter.sur966@gmail.com,8591981747,Male,2007-07-05,Chandigarh,Chandigarh,India,2024-06-13,MEDIUN,1
102377,Jack Ramachandran,jack.ramachandran24@gmail.com,08587489557,Male,1966-03-15,Delhi,Delhi,India,2025-05-26,HIGH,0
102384,Omaja Singhal,omaja.singhal706@gmail.com,6309773983,Female,2002-04-05,Chandigarh,Chandigarh,India,2025-06-17,HIGH,0
102385,Reyansh Sabharwal,reyansh.sabharwal153@gmail.com,5500445072,Male,1989-06-10,Lucknow,Uttar Pradesh,India,2025-01-10,HIGH,1
102386,Farhan Bala,farhan.bala706@outlook.com,2265278254,Male,1979-02-18,Bhopal,Madhya Pradesh,India,2025-08-17,LOW,0
102387,Amol Natarajan,amol.natarajan320@hotmail.com,1177539872,Other,,Kolkata,West Bengal,India,2024-08-14,LOW,0
102388,Maya Mutti,maya.mutti635@yahoo.com,04075538053,Female,1996-03-18,Bengaluru,Karnataka,India,2024-07-21,LOW,0
102391,Daksh Mani,daksh.mani57@yahoo.com,7173063908,Male,1978-06-20,Chennai,Tamil Nadu,India,2024-12-23,LOW,0
102392,Janaki Bandi,janaki.bandi89@hotmail.com,08167238665,Female,1992-08-12,Ahmedabad,Gujarat,India,2025-05-16,HIGH,1
102393,Arin Rastogi,arin.rastogi71@hotmail.com,7354105772,Male,1977-08-05,Ahmedabad,Gujarat,India,2023-06-22,MEDIUN,0
102394,Advik Memon,advik.memon510@gmail.com,8108558723,Other,1977-01-21,Patna,Bihar,India,2024-01-15,MEDIUN,1
102395,Zayan Manne,zayan.manne391@outlook.com,0241041507,Male,1995-11-25,Jaipur,Rajasthan,India,2025-09-09,HIGH,0
102397,Manya Sastry,manya.sastry8@yahoo.com,04584089227,Female,1961-09-21,Surat,Gujarat,India,2024-08-30,HIGH,0
102400,Samar Ratti,samar.ratti464@hotmail.com,05398048867,Male,1990-12-12,Chennai,Tamil Nadu,India,2025-08-22,HIGH,0
102401,Nakul Chawla,nakul.chawla976@hotmail.com,09987317098,Male,2007-02-08,Patna,Bihar,India,2023-04-20,HIGH,0
102402,Rushil Ray,rushil.ray873@hotmail.com,08469128150,Male,1965-06-20,Nagpur,Maharashtra,India,2023-12-16,LOW,0
102404,Yamini Sethi,yamini.sethi513@outlook.com,09474508098,Female,1990-03-23,Hyderabad,Telangana,India,2024-05-24,HIGH,0
102405,Upkaar Dar,upkaar.dar315@yahoo.com,07160426144,Male,1982-02-08,Jaipur,Rajasthan,India,2025-06-05,LOW,0
102407,Raksha Kurian,raksha.kurian263@outlook.com,00498762093,Female,1999-07-10,Chennai,Tamil Nadu,India,2023-02-01,LOW,0
102408,Gopal Sawhney,gopal.sawhney785@gmail.com,2760741464,Male,2001-03-02,Lucknow,Uttar Pradesh,India,2025-03-24,MEDIUN,0
102410,Tanveer Dua,tanveer.dua513@outlook.com,5510954252,Male,2002-03-12,Coimbatore,Tamil Nadu,India,2025-10-04,MEDIUN,0
102411,Pallavi Ahuja,pallavi.ahuja550@hotmail.com,2072712633,Female,1975-05-05,Coimbatore,Tamil Nadu,India,2024-05-14,LOW,0
102412,George Kakar,george.kakar45@gmail.com,07273326277,Male,2004-07-29,Hyderabad,Telangana,India,2024-06-27,HIGH,0
102413,Upadhriti Sarna,upadhriti.sarna822@gmail.com,9468774929,Female,,Jaipur,Rajasthan,India,2025-04-08,LOW,0
102414,Maanav Loyal,maanav.loyal5@hotmail.com,7572668490,Male,2004-04-14,Guwahati,Assam,India,2025-07-22,LOW,1
102415,Oni Karpe,oni.karpe55@hotmail.com,2031613177,Female,1989-04-06,Kochi,Kerala,India,2023-05-28,MEDIUN,0
102416,Harita Kohli,harita.kohli83@gmail.com,03315180166,Other,1974-01-12,Nagpur,Maharashtra,India,2023-04-21,HIGH,0
102417,Abdul Dugar,abdul.dugar247@gmail.com,09388953115,Male,1973-11-11,Bhopal,Madhya Pradesh,India,2025-03-25,MEDIUN,0
102418,Jai Sule,jai.sule47@hotmail.com,4159106608,Male,1980-10-13,Chandigarh,Chandigarh,India,2023-07-18,LOW,0
102420,OM Cheema,om.cheema889@outlook.com,5062108401,Male,1976-02-14,Kochi,Kerala,India,2025-08-01,LOW,1
102421,Wakeeta Taneja,wakeeta.taneja543@outlook.com,8109975268,Female,1979-08-09,Pune,Maharashtra,India,2023-12-03,HIGH,1
102422,Kavya Bawa,kavya.bawa483@gmail.com,06821407373,Other,1963-03-15,Nagpur,Maharashtra,India,2024-12-23,HIGH,0
102424,Wridesh Amble,wridesh.amble916@yahoo.com,05798889213,Male,1968-09-08,Ahmedabad,Gujarat,India,2025-07-30,MEDIUN,0
102425,Ishaan Walia,ishaan.walia794@hotmail.com,3229725401,Male,1974-11-09,Bhopal,Madhya Pradesh,India,2024-02-12,HIGH,0
102426,Jeet   Merchant,jeet.merchant922@gmail.com,8864594780,Male,1963-05-15,Indore,Madhya Pradesh,India,2024-06-27,HIGH,1
102427,Gabriel   Madan,gabriel.madan804@outlook.com,8375550458,Male,1972-04-28,Chandigarh,Chandigarh,India,2025-09-08,LOW,0
102428,Xiti Patel,xiti.patel818@yahoo.com,9031721135,Female,2008-03-13,Lucknow,Uttar Pradesh,India,2024-01-15,MEDIUN,0
102429,Yamini Agate,yamini.agate600@hotmail.com,6964010146,Female,1962-02-06,Hyderabad,Telangana,India,2024-04-13,LOW,0
102430,HARISH Joshi,harish.joshi408@outlook.com,06093164266,Male,2000-10-30,Nagpur,Maharashtra,India,2024-04-29,MEDIUN,1
102431,Utkarsh Kashyap,utkarsh.kashyap252@gmail.com,02310171719,Other,1998-09-21,Indore,Madhya Pradesh,India,2024-02-12,LOW,0
102432,Neelima Nadig,neelima.nadig330@gmail.com,9950819005,Female,1980-06-09,Ahmedabad,Gujarat,India,2024-06-18,MEDIUN,0
102433,Urvi Kaul,urvi.kaul492@gmail.com,9517635241,Female,1972-02-15,Bengaluru,Karnataka,India,2025-08-01,LOW,1
102434,Akshay Doctor,akshay.doctor915@outlook.com,6656024923,Male,1978-03-13,Kochi,Kerala,India,2024-09-14,LOW,1
102435,Vansha Sarraf,vansha.sarraf592@yahoo.com,5717532279,Female,,Chandigarh,Chandigarh,India,2025-05-28,LOW,0
102436,Xiti   Pall,xiti.pall757@gmail.com,8989168317,Female,2007-03-19,Lucknow,Uttar Pradesh,India,2025-02-24,HIGH,1
102437,nathan Comar,nathan.comar104@yahoo.com,2484546731,Male,2004-07-19,Delhi,Delhi,India,2025-02-01,LOW,0
102439,aarnav Handa,aarnav.handa318@yahoo.com,1706130112,Male,1982-04-22,Surat,Gujarat,India,2025-03-26,MEDIUN,0
102440,Indrajit Chana,indrajit.chana431@hotmail.com,3579656400,Male,1963-09-01,Jaipur,Rajasthan,India,2025-08-10,HIGH,0
102441,Bhavika Nadig,bhavika.nadig328@gmail.com,8241164342,Female,1975-02-26,Indore,Madhya Pradesh,India,2025-04-07,HIGH,1
102446,Naveen Sethi,naveen.sethi63@yahoo.com,3041544747,Male,1972-02-26,Nagpur,Maharashtra,India,2024-09-29,HIGH,0
102447,lila Kapoor,lila.kapoor493@yahoo.com,7016852531,Female,1992-07-27,Bhopal,Madhya Pradesh,India,2024-05-15,MEDIUN,0
102448,Wyatt Nagarajan,wyatt.nagarajan795@gmail.com,00118596897,Male,1973-07-05,Kochi,Kerala,India,2025-01-17,LOW,0
102450,Saumya Rao,saumya.rao152@hotmail.com,2416119540,Female,,Faridabad,Haryana,India,2025-06-18,LOW,1
102451,Sai Goel,sai.goel257@hotmail.com,06831121795,Female,1989-07-17,Indore,Madhya Pradesh,India,2024-09-26,HIGH,1
102455,Vedant Bhatti,vedant.bhatti181@yahoo.com,5925309558,Male,,Faridabad,Haryana,India,2023-08-13,LOW,1
102456,Xalak Talwar,xalak.talwar486@yahoo.com,7379572381,Female,1980-11-18,Mumbai,Maharashtra,India,2023-08-10,LOW,0
102457,BIMALA Datta,bimala.datta975@hotmail.com,1133010753,Female,1978-07-07,Nagpur,Maharashtra,India,2025-07-14,LOW,0
102458,Anthony Gokhale,anthony.gokhale755@gmail.com,4123222320,Male,1987-05-20,Nagpur,Maharashtra,India,2024-11-12,LOW,0
102459,Kritika Viswanathan,kritika.viswanathan871@hotmail.com,3913708587,Female,2006-08-20,Chennai,Tamil Nadu,India,2025-09-08,HIGH,0
102460,Harshil Srinivasan,harshil.srinivasan489@yahoo.com,08226080993,Male,1982-01-14,Ahmedabad,Gujarat,India,2023-08-13,LOW,0
102462,Theodore Kashyap,theodore.kashyap437@hotmail.com,0494624554,Male,1962-02-09,Patna,Bihar,India,2024-07-17,HIGH,0
102464,Gaurav Kata,gaurav.kata856@gmail.com,4779825875,Male,1971-02-18,Chennai,Tamil Nadu,India,2025-06-22,LOW,0
102465,Bhavya Prabhu,bhavya.prabhu765@yahoo.com,3070666706,Female,1970-11-05,Mumbai,Maharashtra,India,2025-05-22,LOW,0
102467,Girish Kumer,girish.kumer476@hotmail.com,01703793061,Male,1999-07-13,Bengaluru,Karnataka,India,2023-09-07,HIGH,0
102468,Ekantika Behl,ekantika.behl909@hotmail.com,0721624742,Female,1974-12-11,Kolkata,West Bengal,India,2024-11-23,HIGH,1
102469,Lopa Sridhar,lopa.sridhar190@yahoo.com,5299053679,Female,1991-02-16,Kolkata,West Bengal,India,2023-03-30,LOW,0
102470,Dhruv Bajwa,dhruv.bajwa164@hotmail.com,7890355081,Male,1987-11-23,Hyderabad,Telangana,India,2023-10-24,LOW,0
102471,Sarthak Zacharia,sarthak.zacharia981@yahoo.com,05781744205,Male,,Chandigarh,Chandigarh,India,2024-11-09,MEDIUN,1
102472,Kalpit Bhakta,kalpit.bhakta112@outlook.com,6740920167,Male,1998-12-17,Patna,Bihar,India,2023-12-04,HIGH,1
102474,Joshua Magar,joshua.magar999@outlook.com,0000400464,Male,2001-05-18,Delhi,Delhi,India,2024-12-14,HIGH,0
102477,Harinakshi Chhabra,harinakshi.chhabra309@hotmail.com,0815959043,Female,1965-11-02,Chandigarh,Chandigarh,India,2024-10-16,LOW,0
102478,Anthony Sarna,anthony.sarna46@yahoo.com,06477631032,Other,1994-03-29,Mumbai,Maharashtra,India,2025-10-17,HIGH,0
102479,divya Shanker,divya.shanker170@gmail.com,6168444696,Female,1974-03-11,Chennai,Tamil Nadu,India,2024-05-26,HIGH,1
102480,Zayyan Gole,zayyan.gole287@gmail.com,2811372447,Male,2005-06-03,Pune,Maharashtra,India,2024-04-01,HIGH,1
102481,GAURANGI Shankar,gaurangi.shankar254@yahoo.com,4894009465,Female,,Patna,Bihar,India,2024-09-30,LOW,0
102483,Vrinda Jha,vrinda.jha816@outlook.com,2519187162,Female,2001-04-03,Lucknow,Uttar Pradesh,India,2025-05-31,HIGH,0
102485,Jonathan Oommen,jonathan.oommen404@yahoo.com,9708567591,Other,,Lucknow,Uttar Pradesh,India,2025-07-12,LOW,0
102487,Varenya Sidhu,varenya.sidhu455@gmail.com,1554494099,Female,2002-10-05,Coimbatore,Tamil Nadu,India,2025-11-11,LOW,1
102488,Naveen Shanker,naveen.shanker975@yahoo.com,07448455576,Male,,Guwahati,Assam,India,2023-10-23,LOW,1
102489,Tara Kade,tara.kade603@outlook.com,05095307277,Female,1966-11-21,Nagpur,Maharashtra,India,2023-03-30,LOW,1
102490,Ekbal Soman,ekbal.soman580@gmail.com,0894266036,Male,2005-01-07,Jaipur,Rajasthan,India,2025-05-10,MEDIUN,0
102491,Alexander Grover,alexander.grover458@hotmail.com,2943500796,Male,1999-02-09,Chennai,Tamil Nadu,India,2023-10-11,LOW,1
102492,Tarak Pant,tarak.pant485@outlook.com,2471649191,Male,1979-04-25,Indore,Madhya Pradesh,India,2024-03-22,HIGH,0
102493,Tanish Nath,tanish.nath719@yahoo.com,2501691569,Male,1983-06-25,Hyderabad,Telangana,India,2023-01-08,LOW,0
102494,Azaan Srinivasan,azaan.srinivasan676@yahoo.com,0081334902,Male,1970-08-15,Mumbai,Maharashtra,India,2025-07-28,LOW,1
102496,Daniel Dalal,daniel.dalal215@outlook.com,4031182879,Male,2004-02-01,Hyderabad,Telangana,India,2024-08-23,MEDIUN,0
102498,Jonathan Dube,jonathan.dube881@outlook.com,7542884637,Male,1995-02-24,Patna,Bihar,India,2024-03-20,HIGH,1
102499,Jai Mohan,jai.mohan605@gmail.com,2772179316,Male,1968-03-19,Surat,Gujarat,India,2023-08-17,MEDIUN,0
102500,Aradhana Narayan,aradhana.narayan505@hotmail.com,9244837268,Female,1995-02-10,Delhi,Delhi,India,2025-04-28,LOW,1
102502,chakrika Ben,chakrika.ben984@outlook.com,6965241573,Female,1964-03-06,Chandigarh,Chandigarh,India,2024-04-17,HIGH,1
102503,Aryan Dhaliwal,aryan.dhaliwal850@yahoo.com,07191294337,Male,1963-04-24,Patna,Bihar,India,2023-01-07,HIGH,0
102505,Amruta Comar,amruta.comar372@yahoo.com,03137001749,Female,1969-10-04,Coimbatore,Tamil Nadu,India,2024-09-19,MEDIUN,0
102506,Varenya   Parsa,varenya.parsa173@hotmail.com,02173733970,Female,1964-08-13,Bengaluru,Karnataka,India,2024-05-31,LOW,1
102507,Aahana Chaudhari,aahana.chaudhari747@outlook.com,2189224006,Female,1964-04-29,Chennai,Tamil Nadu,India,2023-08-29,MEDIUN,1
102509,azad Balasubramanian,azad.balasubramanian252@yahoo.com,1531195960,Male,,Chennai,Tamil Nadu,India,2024-12-28,LOW,0
102511,Nathan Sodhi,nathan.sodhi986@gmail.com,6406948617,Male,1976-10-24,Surat,Gujarat,India,2024-05-07,LOW,0
102513,Zaid Narayanan,zaid.narayanan552@yahoo.com,6786504441,Male,2003-12-04,Patna,Bihar,India,2023-05-09,LOW,1
102514,Liam   Devan,liam.devan392@yahoo.com,0880501513,Male,1981-08-25,Coimbatore,Tamil Nadu,India,2023-08-16,LOW,0
102516,Falan Ahluwalia,falan.ahluwalia447@hotmail.com,0068143659,Male,1983-04-16,Delhi,Delhi,India,2024-06-11,HIGH,0
102518,Vasudha Pall,vasudha.pall878@yahoo.com,07784284557,Female,1981-07-30,Indore,Madhya Pradesh,India,2023-10-03,HIGH,0
102520,Abdul Dora,abdul.dora733@yahoo.com,09783367408,Male,1993-02-24,Ahmedabad,Gujarat,India,2023-02-10,LOW,1
102521,Charan Garde,charan.garde183@hotmail.com,4476988012,Male,1992-10-30,Kolkata,West Bengal,India,2023-09-08,LOW,1
102524,Saanvi Bose,saanvi.bose635@hotmail.com,5863602536,Female,1985-04-04,Bengaluru,Karnataka,India,2025-05-26,HIGH,1
102525,Ijaya Dhawan,ijaya.dhawan456@yahoo.com,5080694097,Female,1987-06-15,Lucknow,Uttar Pradesh,India,2025-09-27,LOW,0
102526,Vedika Jayaraman,vedika.jayaraman800@hotmail.com,04100066584,Female,1985-05-06,Patna,Bihar,India,2025-10-01,LOW,0
102528,Krisha Singhal,krisha.singhal573@hotmail.com,9058304702,Female,1984-01-24,Ahmedabad,Gujarat,India,2023-05-16,HIGH,0
102529,Advik Dutta,,3005019857,Male,1976-05-17,Jaipur,Rajasthan,India,2024-11-05,LOW,0
102531,Orinder Murty,orinder.murty856@gmail.com,5155013524,Male,1983-01-30,Coimbatore,Tamil Nadu,India,2023-03-23,LOW,1
102532,Chakradhar Sarma,chakradhar.sarma313@gmail.com,1391841805,Male,1996-07-19,Indore,Madhya Pradesh,India,2025-07-04,LOW,0
102533,maanav Chaudry,maanav.chaudry283@outlook.com,04515699332,Male,1983-04-23,Kochi,Kerala,India,2025-02-12,LOW,1
102534,Elijah Raja,elijah.raja263@hotmail.com,7930925239,Male,1962-12-09,Patna,Bihar,India,2023-07-24,LOW,0
102535,Ati Peri,ati.peri377@gmail.com,2413739491,Female,1967-03-09,Faridabad,Haryana,India,2023-05-31,LOW,1
102536,Naksh Wason,naksh.wason961@gmail.com,06943643653,Male,1964-08-24,Guwahati,Assam,India,2024-12-26,HIGH,0
102537,Michael Murty,michael.murty343@outlook.com,01508951463,Male,,Mumbai,Maharashtra,India,2025-08-19,LOW,1
102538,Darika Walla,darika.walla422@outlook.com,0230423338,Female,1985-10-26,Pune,Maharashtra,India,2025-05-30,HIGH,0
102539,Kashvi Chawla,kashvi.chawla937@outlook.com,0927040043,Female,1997-10-20,Nagpur,Maharashtra,India,2025-08-09,LOW,1
102540,Teerth Raghavan,teerth.raghavan838@gmail.com,02602757896,Male,2006-04-29,Kolkata,West Bengal,India,2025-05-23,LOW,1
102545,Vasatika Savant,vasatika.savant143@yahoo.com,8348098544,Female,2004-03-18,Lucknow,Uttar Pradesh,India,2025-01-03,HIGH,0
102547,Daksha Kalita,daksha.kalita782@hotmail.com,4059974308,Female,1984-07-20,Bengaluru,Karnataka,India,2024-01-26,LOW,0
102548,Aayush Kakar,aayush.kakar786@yahoo.com,1268870415,Male,1998-05-14,Coimbatore,Tamil Nadu,India,2025-05-29,HIGH,0
102549,Odika Sur,odika.sur123@hotmail.com,1421756247,Female,1989-02-18,Chennai,Tamil Nadu,India,2024-07-16,MEDIUN,1
102550,Manya Krishnan,manya.krishnan93@hotmail.com,7305976620,Female,1985-12-13,Pune,Maharashtra,India,2024-03-30,LOW,0
102551,Advika Sastry,advika.sastry176@outlook.com,5774662199,Female,1994-02-11,Guwahati,Assam,India,2025-06-23,LOW,1
102560,Ryan Cherian,,01171340250,Male,,Kochi,Kerala,India,2024-01-17,LOW,0
102561,ADVAY Ray,advay.ray423@yahoo.com,03494652650,Male,2001-04-15,Guwahati,Assam,India,2025-03-31,HIGH,1
102562,Gopal Mane,gopal.mane531@gmail.com,06028595388,Male,1995-03-25,Chandigarh,Chandigarh,India,2024-07-01,MEDIUN,1
102564,Chavvi Rastogi,chavvi.rastogi771@outlook.com,2977444332,Female,1989-01-30,Kochi,Kerala,India,2023-12-03,HIGH,1
102566,Yashodhara Kakar,yashodhara.kakar434@gmail.com,06710099784,Female,1974-08-10,Chandigarh,Chandigarh,India,2025-08-09,MEDIUN,0
102567,Gabriel Trivedi,gabriel.trivedi820@yahoo.com,2128265859,Male,1983-03-02,Hyderabad,Telangana,India,2024-03-01,MEDIUN,1
102568,arya Gole,arya.gole640@yahoo.com,07999158434,Female,1993-03-08,Mumbai,Maharashtra,India,2025-04-05,HIGH,1
102569,Pushti Radhakrishnan,pushti.radhakrishnan288@outlook.com,3440708063,Female,1964-01-10,Kolkata,West Bengal,India,2025-04-27,LOW,0
102570,Kashvi Narasimhan,kashvi.narasimhan535@outlook.com,08459073128,Female,,Jaipur,Rajasthan,India,2025-07-23,HIGH,1
102571,Gautami Borah,gautami.borah306@yahoo.com,2181544788,Female,1988-08-17,Lucknow,Uttar Pradesh,India,2025-08-01,LOW,1
102573,Lakshmi Jain,lakshmi.jain625@yahoo.com,7980470789,Female,2008-07-21,Delhi,Delhi,India,2023-02-17,HIGH,1
102575,Manya Loyal,manya.loyal514@outlook.com,09282629016,Female,1999-03-03,Indore,Madhya Pradesh,India,2023-02-09,MEDIUN,1
102577,Udant Kari,udant.kari122@yahoo.com,6196176502,Male,1966-01-06,Chandigarh,Chandigarh,India,2023-01-26,MEDIUN,0
102578,Advaith Bahri,advaith.bahri421@hotmail.com,4995870051,Male,1991-03-02,Jaipur,Rajasthan,India,2023-10-14,HIGH,1
102582,Raghav Madan,raghav.madan194@yahoo.com,08409277157,Male,2001-08-04,Indore,Madhya Pradesh,India,2025-04-16,LOW,0
102583,Jyoti Sachdev,jyoti.sachdev221@yahoo.com,1825110318,Female,1981-06-21,Ahmedabad,Gujarat,India,2025-06-25,HIGH,0
102584,Dhruv   Bahl,dhruv.bahl462@hotmail.com,06619667601,Male,1995-03-03,Nagpur,Maharashtra,India,2025-06-08,HIGH,0
102585,Avni Madan,avni.madan51@yahoo.com,6557647566,Female,1978-01-09,Jaipur,Rajasthan,India,2024-03-26,LOW,1
102587,manthan Sandhu,,0616537305,Male,1970-05-25,Faridabad,Haryana,India,2024-10-04,HIGH,0
102591,Shivansh Biswas,shivansh.biswas660@hotmail.com,0878847798,Male,1985-01-06,Chandigarh,Chandigarh,India,2023-11-11,HIGH,1
102594,Forum Chahal,forum.chahal573@outlook.com,01408282464,Female,2005-08-24,Hyderabad,Telangana,India,2025-01-22,LOW,1
102596,Jasmit Dalal,jasmit.dalal644@yahoo.com,1369004790,Female,1975-03-14,Patna,Bihar,India,2023-11-18,LOW,0
102597,Michael Manda,michael.manda492@outlook.com,05193942789,Male,2003-03-04,Coimbatore,Tamil Nadu,India,2025-07-19,LOW,1
102598,Bina Dyal,bina.dyal254@outlook.com,6068144166,Female,2002-06-04,Mumbai,Maharashtra,India,2023-06-07,LOW,1
102601,Yoshita Sachdev,yoshita.sachdev990@yahoo.com,06224947641,Female,1989-11-22,Coimbatore,Tamil Nadu,India,2025-01-31,HIGH,1
102602,Prisha Toor,prisha.toor529@yahoo.com,9010263349,Female,2000-09-11,Bengaluru,Karnataka,India,2025-11-07,MEDIUN,1
102606,Jairaj Dalal,jairaj.dalal92@outlook.com,2434213957,Male,1998-08-11,Chandigarh,Chandigarh,India,2023-06-18,LOW,0
102607,Upma Nanda,upma.nanda361@outlook.com,3350064558,Female,1962-09-27,Bengaluru,Karnataka,India,2024-12-10,LOW,1
102608,Michael Vasa,michael.vasa353@gmail.com,02862558729,Male,1969-09-12,Patna,Bihar,India,2024-03-03,LOW,0
102609,Varsha Bajaj,varsha.bajaj278@outlook.com,3608055822,Female,1980-09-05,Nagpur,Maharashtra,India,2025-09-13,LOW,0
102611,Tristan   Sood,tristan.sood327@outlook.com,3713799870,Male,1985-10-24,Mumbai,Maharashtra,India,2025-11-04,HIGH,1
102613,Fariq Narang,fariq.narang245@gmail.com,8346442996,Male,1966-06-21,Chennai,Tamil Nadu,India,2024-12-04,LOW,0
102615,Faqid Dhaliwal,faqid.dhaliwal709@outlook.com,00427857103,Male,1980-11-04,Faridabad,Haryana,India,2025-01-24,HIGH,0
102616,Ikshita Arora,ikshita.arora205@yahoo.com,00969412352,Female,1986-11-16,Indore,Madhya Pradesh,India,2024-05-11,MEDIUN,0
102620,Yagnesh Narayan,yagnesh.narayan99@gmail.com,1818018747,Male,1968-08-02,Faridabad,Haryana,India,2025-11-16,LOW,0
102621,Chakradev Kari,chakradev.kari191@yahoo.com,7460302312,Male,1964-01-29,Faridabad,Haryana,India,2024-02-08,LOW,0
102624,isaiah Chatterjee,isaiah.chatterjee82@yahoo.com,2513622380,Male,1964-03-21,Ahmedabad,Gujarat,India,2025-11-08,HIGH,0
102626,Yatan   Dugar,yatan.dugar255@yahoo.com,8063533350,Male,1965-12-28,Indore,Madhya Pradesh,India,2024-01-14,LOW,0
102628,Indrajit Dass,indrajit.dass7@hotmail.com,9240741359,Male,1990-12-09,Chandigarh,Chandigarh,India,2024-01-11,MEDIUN,1
102630,Zayyan Bahl,zayyan.bahl663@gmail.com,6267501468,Male,1972-03-10,Kochi,Kerala,India,2025-08-22,HIGH,0
102631,Divya Loyal,divya.loyal607@gmail.com,04558464201,Female,,Kolkata,West Bengal,India,2024-05-22,MEDIUN,1
102632,Yashasvi Cherian,yashasvi.cherian24@yahoo.com,0165198890,Female,1980-02-06,Patna,Bihar,India,2025-09-12,HIGH,1
102633,Adweta Choudhury,adweta.choudhury713@hotmail.com,1926775046,Female,1965-02-17,Patna,Bihar,India,2025-10-11,HIGH,1
102634,Rohan Dutta,rohan.dutta51@gmail.com,5688720204,Male,2001-03-10,Faridabad,Haryana,India,2023-08-29,LOW,1
102635,Watika Buch,watika.buch678@outlook.com,04764144271,Female,1993-07-20,Bhopal,Madhya Pradesh,India,2024-11-20,MEDIUN,0
102638,Fariq Lal,fariq.lal291@yahoo.com,07023607417,Male,1963-06-16,Patna,Bihar,India,2024-04-28,LOW,0
102640,Oscar Mistry,oscar.mistry106@hotmail.com,1637905848,Male,1968-07-08,Pune,Maharashtra,India,2025-11-05,HIGH,0
102641,Dakshesh Sehgal,dakshesh.sehgal885@hotmail.com,09108296561,Male,1967-03-04,Lucknow,Uttar Pradesh,India,2025-03-04,HIGH,1
102643,Patrick Bhardwaj,patrick.bhardwaj696@yahoo.com,9925709928,Male,1981-05-06,Nagpur,Maharashtra,India,2025-09-05,MEDIUN,0
102645,Pahal Dalal,pahal.dalal315@outlook.com,05283905306,Female,1984-01-31,Pune,Maharashtra,India,2025-06-28,HIGH,1
102647,Darsh Badal,darsh.badal127@hotmail.com,00957445406,Male,1988-12-26,Surat,Gujarat,India,2023-04-30,HIGH,1
102650,ANMOL Narain,anmol.narain406@hotmail.com,3430768329,Male,1998-01-22,Chandigarh,Chandigarh,India,2023-05-29,HIGH,0
102651,Tristan Rajagopalan,tristan.rajagopalan868@hotmail.com,1917024236,Male,,Pune,Maharashtra,India,2024-10-22,HIGH,0
102653,Warda Dar,warda.dar218@hotmail.com,1476207347,Female,1986-06-21,Ahmedabad,Gujarat,India,2025-09-25,HIGH,0
102655,Tamanna Kashyap,tamanna.kashyap633@hotmail.com,9438301485,Female,1983-05-12,Nagpur,Maharashtra,India,2023-06-22,HIGH,0
102658,Chakradhar Varty,chakradhar.varty301@outlook.com,3804503083,Male,1973-12-01,Chennai,Tamil Nadu,India,2025-01-29,HIGH,0
102660,Gaurika Sura,gaurika.sura919@yahoo.com,5392588302,Female,1964-11-08,Surat,Gujarat,India,2025-09-27,HIGH,0
102661,Rushil Sur,rushil.sur207@gmail.com,4178760287,Male,1975-06-25,Guwahati,Assam,India,2025-01-22,HIGH,1
102662,Advika Sodhi,advika.sodhi219@yahoo.com,00503916781,Female,1968-12-12,Lucknow,Uttar Pradesh,India,2025-02-23,HIGH,1
102666,balvan Dora,balvan.dora139@outlook.com,01208362487,Male,1975-05-18,Guwahati,Assam,India,2023-07-24,MEDIUN,0
102667,Omya Rau,omya.rau136@gmail.com,1732776063,Female,1989-12-13,Lucknow,Uttar Pradesh,India,2024-03-08,HIGH,1
102668,Oni   Bhatti,oni.bhatti439@yahoo.com,0657416984,Female,1991-07-18,Patna,Bihar,India,2024-09-14,LOW,0
102669,Ojasvi Ravel,ojasvi.ravel863@gmail.com,6184535777,Other,1994-11-28,Chennai,Tamil Nadu,India,2025-11-07,HIGH,0
102673,Joshua Chana,joshua.chana834@outlook.com,8655108619,Male,2000-03-28,Delhi,Delhi,India,2024-08-16,LOW,1
102674,Vedhika Aggarwal,vedhika.aggarwal304@hotmail.com,3294027594,Female,1969-05-01,Indore,Madhya Pradesh,India,2024-11-12,LOW,0
102675,Anvi Bhatti,anvi.bhatti104@yahoo.com,05574863281,Female,2007-04-18,Hyderabad,Telangana,India,2023-11-19,HIGH,1
102676,Yug Aggarwal,yug.aggarwal338@gmail.com,7384109600,Male,,Bengaluru,Karnataka,India,2025-09-19,LOW,0
102678,Chakradev Uppal,chakradev.uppal962@outlook.com,07575546068,Male,1969-10-04,Kolkata,West Bengal,India,2023-01-31,LOW,0
102680,Dalbir Varkey,dalbir.varkey60@hotmail.com,04140363487,Male,1973-02-05,Nagpur,Maharashtra,India,2023-06-19,MEDIUN,1
102682,Bhavya Gade,bhavya.gade401@outlook.com,7999007256,Female,1979-03-17,Coimbatore,Tamil Nadu,India,2024-01-31,LOW,0
102683,Watika Deep,watika.deep198@hotmail.com,05783715104,Female,1965-05-14,Coimbatore,Tamil Nadu,India,2024-12-08,HIGH,0
102686,Ishani Wadhwa,ishani.wadhwa974@hotmail.com,01366748868,Female,1989-08-15,Nagpur,Maharashtra,India,2024-02-20,LOW,1
102687,Rohan Anand,rohan.anand361@hotmail.com,41835909,Male,,Patna,Bihar,India,2025-06-22,MEDIUN,1
102688,Mekhala Bera,mekhala.bera537@hotmail.com,02707254452,Female,1983-09-03,Delhi,Delhi,India,2023-09-08,MEDIUN,0
102689,Tripti Bhatt,tripti.bhatt366@gmail.com,8740751939,Female,1966-07-24,Lucknow,Uttar Pradesh,India,2024-01-23,LOW,0
102690,Lajita Raj,lajita.raj267@outlook.com,8035689910,Female,,Jaipur,Rajasthan,India,2025-09-23,LOW,0
102691,Quincy Warrior,quincy.warrior542@yahoo.com,0139939256,Male,2007-02-05,Kolkata,West Bengal,India,2024-06-29,HIGH,0
102695,Om Mani,om.mani218@gmail.com,0801289348,Male,,Jaipur,Rajasthan,India,2025-02-04,HIGH,0
102697,Anusha Barad,anusha.barad157@outlook.com,5240415758,Female,1993-09-16,Jaipur,Rajasthan,India,2023-12-04,LOW,0
102700,Balvan Warrior,balvan.warrior144@gmail.com,5234655461,Male,1966-09-24,Surat,Gujarat,India,2025-04-13,HIGH,1
102704,Ekapad Lad,ekapad.lad526@gmail.com,05120690611,Male,1990-07-30,Lucknow,Uttar Pradesh,India,2025-01-18,HIGH,0
102705,Priya Sha,priya.sha513@gmail.com,00315846439,Female,1998-03-06,Kolkata,West Bengal,India,2023-03-21,LOW,0
102706,Krishna Datta,krishna.datta109@outlook.com,9231950787,Male,1972-04-10,Faridabad,Haryana,India,2025-07-02,HIGH,0
102708,Sai Divan,sai.divan859@hotmail.com,6578339399,Female,1997-09-17,Nagpur,Maharashtra,India,2025-10-23,MEDIUN,0
102709,Ishita Bora,ishita.bora413@hotmail.com,8578782809,Female,1976-12-08,Mumbai,Maharashtra,India,2024-01-11,LOW,1
102711,Aditya Seshadri,aditya.seshadri908@yahoo.com,6703271887,Male,1977-09-25,Lucknow,Uttar Pradesh,India,2025-09-08,HIGH,1
102712,Upkaar Narasimhan,upkaar.narasimhan956@gmail.com,5204690743,Male,1988-07-02,Coimbatore,Tamil Nadu,India,2025-01-18,HIGH,0
102713,Sudiksha Lad,sudiksha.lad462@gmail.com,9202444073,Female,1991-02-11,Bhopal,Madhya Pradesh,India,2023-12-01,HIGH,0
102714,Wyatt Buch,wyatt.buch37@gmail.com,00367291694,Male,2005-02-23,Bhopal,Madhya Pradesh,India,2023-11-27,HIGH,0
102715,Upma Butala,upma.butala57@hotmail.com,07107935275,Female,1980-10-14,Chandigarh,Chandigarh,India,2024-12-23,HIGH,1
102716,Ekanta Bakshi,ekanta.bakshi643@gmail.com,1618321529,Female,2005-06-27,Jaipur,Rajasthan,India,2023-07-17,LOW,0
102717,Bhanumati Tailor,bhanumati.tailor864@gmail.com,0860428316,Female,,Chandigarh,Chandigarh,India,2023-04-18,LOW,0
102719,Utkarsh Wadhwa,utkarsh.wadhwa847@hotmail.com,8100729084,Male,1983-03-21,Chennai,Tamil Nadu,India,2025-06-27,HIGH,1
102720,Zinal Batra,,6476585757,Female,1989-01-20,Mumbai,Maharashtra,India,2024-09-22,MEDIUN,1
102721,Jeevika Kar,jeevika.kar118@yahoo.com,7910999937,Female,1986-01-06,Hyderabad,Telangana,India,2023-05-26,MEDIUN,0
102722,Sai Murty,sai.murty159@gmail.com,5334304982,Male,1961-11-11,Bengaluru,Karnataka,India,2024-02-29,LOW,0
102723,Vedika Bali,vedika.bali836@yahoo.com,5475396416,Female,1970-09-25,Hyderabad,Telangana,India,2023-01-01,MEDIUN,0
102724,Ekiya Om,ekiya.om895@gmail.com,3582172633,Female,2002-02-28,Guwahati,Assam,India,2025-01-27,LOW,1
102725,Avni Kuruvilla,avni.kuruvilla397@yahoo.com,1125804430,Female,1979-09-16,Chandigarh,Chandigarh,India,2024-07-20,LOW,0
102726,Nathaniel Shetty,nathaniel.shetty623@outlook.com,7168109817,Male,2008-07-29,Indore,Madhya Pradesh,India,2023-12-02,MEDIUN,0
102733,Ayush Panchal,ayush.panchal664@yahoo.com,9363568087,Male,1981-11-15,Ahmedabad,Gujarat,India,2023-12-09,HIGH,1
102734,Kritika Mane,kritika.mane839@hotmail.com,7621874309,Female,1980-02-25,Surat,Gujarat,India,2025-06-12,LOW,0
102735,Yahvi Mitra,yahvi.mitra551@hotmail.com,3487092951,Female,1980-10-20,Nagpur,Maharashtra,India,2023-02-17,LOW,0
102736,Frado Baria,frado.baria437@outlook.com,06277331258,Male,1965-03-25,Jaipur,Rajasthan,India,2023-07-22,MEDIUN,1
102737,Vidhi Ramaswamy,vidhi.ramaswamy744@hotmail.com,01974476522,Female,1975-03-05,Pune,Maharashtra,India,2025-11-24,LOW,1
102738,Suhani Varty,suhani.varty492@outlook.com,1751713528,Female,1974-11-15,Ahmedabad,Gujarat,India,2024-10-18,LOW,1
102739,Kalpit Sha,kalpit.sha464@outlook.com,07458076648,Male,1982-09-04,Bhopal,Madhya Pradesh,India,2025-01-10,MEDIUN,0
102740,Manthan Contractor,manthan.contractor522@gmail.com,06078335948,Male,1969-01-30,Pune,Maharashtra,India,2025-03-17,HIGH,1
102741,Eesha Kunda,eesha.kunda573@outlook.com,6035341765,Female,1975-07-24,Bengaluru,Karnataka,India,2025-05-01,MEDIUN,1
102742,Damyanti Lala,damyanti.lala308@yahoo.com,07391298358,Female,1972-08-19,Pune,Maharashtra,India,2024-02-06,LOW,1
102743,Aarna Chaudhary,aarna.chaudhary598@yahoo.com,07156853909,Female,1965-03-24,Jaipur,Rajasthan,India,2024-02-19,LOW,1
102744,Umang Manda,umang.manda727@hotmail.com,3089229064,Male,2000-05-12,Faridabad,Haryana,India,2024-04-09,HIGH,0
102745,Saumya Nanda,saumya.nanda666@outlook.com,3764526587,Female,2006-12-27,Chandigarh,Chandigarh,India,2025-07-05,LOW,1
102746,Abhimanyu Ganguly,abhimanyu.ganguly66@hotmail.com,06008059801,Male,,Hyderabad,Telangana,India,2023-03-28,LOW,0
102747,Yasti Arya,yasti.arya579@hotmail.com,03782868722,Other,1963-01-25,Hyderabad,Telangana,India,2025-01-03,HIGH,1
102748,Ikshita Anne,ikshita.anne684@outlook.com,9223976621,Female,1978-03-12,Lucknow,Uttar Pradesh,India,2025-06-01,LOW,1
102749,BHAVYA Pall,bhavya.pall831@hotmail.com,07027292942,Female,1992-05-25,Kolkata,West Bengal,India,2024-11-06,HIGH,1
102750,Samarth Kalita,samarth.kalita296@hotmail.com,06389874955,Male,,Ahmedabad,Gujarat,India,2024-05-01,MEDIUN,0
102752,Gunbir Saran,gunbir.saran725@hotmail.com,07530296149,Other,1989-06-25,Coimbatore,Tamil Nadu,India,2025-01-28,MEDIUN,1
102754,Chaitaly Bobal,chaitaly.bobal179@outlook.com,4584874940,Female,2001-01-05,Pune,Maharashtra,India,2025-07-07,LOW,0
102755,HARITA Salvi,harita.salvi629@outlook.com,07200805701,Female,1987-12-19,Pune,Maharashtra,India,2024-03-08,HIGH,1
102756,Yadavi Mangal,yadavi.mangal913@yahoo.com,09255568084,Female,1980-12-24,Indore,Madhya Pradesh,India,2024-11-11,LOW,1
102758,Pooja D’Alia,pooja.d’alia217@yahoo.com,4460957724,Female,1986-03-07,Guwahati,Assam,India,2025-07-10,LOW,1
102759,Xavier Mani,xavier.mani903@hotmail.com,5728909100,Male,1994-12-26,Patna,Bihar,India,2025-06-02,HIGH,1
102760,Sathvik Krish,sathvik.krish770@hotmail.com,0420223059,Male,1983-07-01,Pune,Maharashtra,India,2023-04-08,HIGH,1
102761,Pooja Shan,pooja.shan365@outlook.com,7657555258,Female,1980-06-19,Faridabad,Haryana,India,2025-03-24,LOW,1
102763,Charan Bhagat,charan.bhagat3@outlook.com,5334798529,Other,1973-05-10,Chandigarh,Chandigarh,India,2025-02-28,LOW,0
102764,Yashoda Mangat,yashoda.mangat799@outlook.com,05056337069,Female,2004-04-08,Kolkata,West Bengal,India,2025-04-06,HIGH,0
102766,Charan Halder,charan.halder388@outlook.com,9771180167,Male,1994-01-28,Patna,Bihar,India,2025-03-23,HIGH,0
102767,Veda Menon,veda.menon367@yahoo.com,08909859271,Female,2008-05-12,Kolkata,West Bengal,India,2023-12-09,LOW,0
102768,Isaac   Sagar,isaac.sagar219@outlook.com,3476889386,Male,1964-07-10,Coimbatore,Tamil Nadu,India,2025-07-10,MEDIUN,1
102769,Chakradev Vyas,chakradev.vyas508@hotmail.com,8084319652,Male,1995-06-11,Pune,Maharashtra,India,2025-08-10,LOW,0
102771,nidhi Nayar,nidhi.nayar333@gmail.com,5912681307,Female,1985-07-01,Coimbatore,Tamil Nadu,India,2023-08-15,HIGH,0
102772,varenya Kadakia,varenya.kadakia498@gmail.com,1234592325,Female,1993-11-17,Hyderabad,Telangana,India,2024-02-09,MEDIUN,1
102773,Baghyawati Golla,baghyawati.golla434@outlook.com,6274351492,Female,1985-04-20,Kochi,Kerala,India,2023-04-16,MEDIUN,1
102774,Tripti Iyer,tripti.iyer885@yahoo.com,7402810607,Female,1979-03-26,Mumbai,Maharashtra,India,2023-02-18,LOW,1
102775,Neelima Mahal,neelima.mahal184@outlook.com,6335641629,Female,1999-03-28,Patna,Bihar,India,2023-03-17,HIGH,1
102776,Yug Barad,yug.barad896@hotmail.com,01435172368,Male,,Chennai,Tamil Nadu,India,2025-09-28,HIGH,0
102777,rajeshri Bassi,rajeshri.bassi173@yahoo.com,6023547224,Female,1962-04-26,Surat,Gujarat,India,2024-04-06,LOW,1
102778,Nathaniel Parsa,nathaniel.parsa106@gmail.com,01390045892,Male,,Bhopal,Madhya Pradesh,India,2024-10-20,LOW,0
102779,Warjas Patla,warjas.patla915@hotmail.com,8705683355,Male,2006-03-19,Faridabad,Haryana,India,2024-11-04,HIGH,1
102780,Suhani Khatri,suhani.khatri33@gmail.com,04399748698,Female,1962-08-24,Jaipur,Rajasthan,India,2025-06-19,HIGH,0
102781,POOJA Parsa,pooja.parsa387@outlook.com,07926609404,Female,1972-09-13,Delhi,Delhi,India,2024-06-27,LOW,1
102782,Qasim Bal,qasim.bal777@gmail.com,6558990658,Male,2005-05-30,Bengaluru,Karnataka,India,2025-02-04,HIGH,0
102783,Yadavi Deol,yadavi.deol186@outlook.com,4300631910,Female,2000-04-16,Chennai,Tamil Nadu,India,2025-02-24,LOW,0
102784,Vrinda Chaudhuri,vrinda.chaudhuri344@outlook.com,14202861,Female,1967-01-09,Guwahati,Assam,India,2025-09-04,HIGH,0
102785,Ekbal Kalita,ekbal.kalita306@hotmail.com,2454224922,Male,1974-05-26,Kochi,Kerala,India,2025-02-22,HIGH,0
102786,Advay Dixit,advay.dixit440@hotmail.com,1327892824,Male,1992-05-27,Coimbatore,Tamil Nadu,India,2025-03-19,HIGH,0
102787,Ojas Bhat,ojas.bhat769@hotmail.com,5329561762,Male,1988-11-08,Pune,Maharashtra,India,2025-08-02,LOW,1
102788,Yochana Maharaj,yochana.maharaj182@outlook.com,8977953614,Female,1960-10-11,Coimbatore,Tamil Nadu,India,2025-05-16,HIGH,1
102791,Gavin Mital,gavin.mital273@gmail.com,2922228338,Male,1995-03-17,Lucknow,Uttar Pradesh,India,2025-03-06,LOW,0
102792,Chakrika Hegde,chakrika.hegde296@yahoo.com,05906270940,Female,2002-09-24,Patna,Bihar,India,2025-06-16,MEDIUN,1
102793,Chanakya Mall,chanakya.mall347@yahoo.com,2924567089,Male,1971-03-14,Surat,Gujarat,India,2023-04-19,HIGH,0
102798,Rayaan Deshpande,rayaan.deshpande304@yahoo.com,5254110556,Male,1969-02-25,Chandigarh,Chandigarh,India,2024-08-30,HIGH,0
102800,UNNATI Loke,unnati.loke712@yahoo.com,0654326143,Female,1974-12-08,Kochi,Kerala,India,2025-02-26,LOW,0
102802,Qabil Khosla,qabil.khosla835@hotmail.com,02649747870,Male,1981-06-27,Guwahati,Assam,India,2024-09-22,LOW,0
102805,Bhavya Bhagat,bhavya.bhagat863@hotmail.com,1492049930,Female,1994-11-01,Chennai,Tamil Nadu,India,2025-08-08,LOW,1
102806,Sarthak Mann,sarthak.mann143@hotmail.com,00704310550,Male,1971-01-11,Hyderabad,Telangana,India,2024-01-21,MEDIUN,1
102807,Rajata Vig,rajata.vig841@hotmail.com,0675141483,Female,1977-03-14,Kolkata,West Bengal,India,2025-06-21,HIGH,0
102810,Ucchal Nanda,ucchal.nanda117@gmail.com,5310737122,Female,1960-12-10,Patna,Bihar,India,2025-01-04,HIGH,0
102811,Eta Nagy,eta.nagy232@yahoo.com,0886096925,Female,1997-05-15,Bengaluru,Karnataka,India,2024-09-24,HIGH,0
102812,Jyoti Keer,jyoti.keer980@yahoo.com,9319140099,Female,1993-05-25,Bhopal,Madhya Pradesh,India,2025-05-16,HIGH,1
102813,dakshesh Gala,dakshesh.gala746@gmail.com,2887415949,Male,,Jaipur,Rajasthan,India,2023-10-31,HIGH,1
102814,Falguni Parekh,falguni.parekh107@gmail.com,2664273869,Female,2001-08-13,Jaipur,Rajasthan,India,2025-03-30,LOW,0
102815,Tejas Mallick,tejas.mallick49@gmail.com,02927243067,Male,,Bengaluru,Karnataka,India,2024-07-19,LOW,0
102816,Warinder Tank,warinder.tank874@hotmail.com,08107082408,Male,1989-11-16,Kochi,Kerala,India,2024-08-13,MEDIUN,0
102817,Isaac Parmer,isaac.parmer253@gmail.com,07920823661,Male,2000-05-21,Bengaluru,Karnataka,India,2024-01-31,HIGH,0
102818,Rishi Gade,rishi.gade567@outlook.com,1266086961,Male,,Surat,Gujarat,India,2025-01-06,HIGH,0
102819,chameli Bahri,chameli.bahri580@hotmail.com,09276736086,Female,1971-08-01,Delhi,Delhi,India,2024-07-21,MEDIUN,1
102820,Ishanvi Kamdar,ishanvi.kamdar61@hotmail.com,6760550800,Female,1976-12-02,Chandigarh,Chandigarh,India,2025-09-29,HIGH,1
102821,Arjun Bera,arjun.bera209@gmail.com,5098055644,Male,1999-01-05,Bhopal,Madhya Pradesh,India,2023-07-19,HIGH,1
102823,Dhriti Thaman,dhriti.thaman95@outlook.com,6784903217,Female,1981-11-06,Bengaluru,Karnataka,India,2024-02-09,HIGH,0
102826,Upadhriti Sathe,upadhriti.sathe630@outlook.com,5153474392,Female,1984-06-11,Bhopal,Madhya Pradesh,India,2025-10-11,HIGH,0
102827,Charles Garde,charles.garde657@yahoo.com,08101032082,Male,2001-04-09,Chennai,Tamil Nadu,India,2025-01-19,LOW,0
102828,Lavanya Chatterjee,lavanya.chatterjee340@yahoo.com,0975788516,Female,1979-09-30,Surat,Gujarat,India,2025-09-28,HIGH,0
102829,Adya Tara,adya.tara834@outlook.com,0439461622,Female,1993-09-15,Indore,Madhya Pradesh,India,2025-10-21,LOW,0
102830,Viraj Sawhney,viraj.sawhney3@gmail.com,0260284655,Male,1988-09-05,Lucknow,Uttar Pradesh,India,2025-02-14,LOW,0
102831,Chakradev Wali,chakradev.wali534@outlook.com,4993397453,Male,2002-09-13,Nagpur,Maharashtra,India,2024-08-02,HIGH,1
102832,Bhavika Walia,bhavika.walia60@yahoo.com,07614443373,Female,1978-09-29,Guwahati,Assam,India,2025-01-15,MEDIUN,1
102833,Anita Bhatia,anita.bhatia962@outlook.com,9476318342,Female,1994-09-19,Nagpur,Maharashtra,India,2023-07-06,LOW,0
102835,Aarnav   Virk,aarnav.virk376@hotmail.com,6658978242,Male,,Patna,Bihar,India,2025-11-07,HIGH,0
102837,Zansi Issac,zansi.issac267@yahoo.com,8144986029,Female,1994-09-30,Indore,Madhya Pradesh,India,2025-09-06,MEDIUN,1
102838,oni Kar,oni.kar419@hotmail.com,0707919048,Female,1994-01-08,Mumbai,Maharashtra,India,2023-03-08,LOW,0
102839,Yauvani Sandal,yauvani.sandal550@yahoo.com,3345129829,Female,2008-03-20,Bhopal,Madhya Pradesh,India,2025-11-11,LOW,0
102840,Ladli Palan,ladli.palan144@yahoo.com,7881474250,Female,1982-08-04,Patna,Bihar,India,2025-04-02,HIGH,0
102842,OESHI Gupta,oeshi.gupta2@gmail.com,03673361424,Female,1983-04-04,Lucknow,Uttar Pradesh,India,2023-12-20,LOW,1
102843,Brijesh Parekh,brijesh.parekh382@yahoo.com,9566148243,Male,1980-08-10,Hyderabad,Telangana,India,2024-10-06,MEDIUN,0
102844,Pavani Borde,pavani.borde327@yahoo.com,07306146017,Female,1992-10-04,Surat,Gujarat,India,2025-05-28,LOW,0
102845,Chameli Purohit,chameli.purohit946@yahoo.com,5683596278,Female,1972-08-01,Coimbatore,Tamil Nadu,India,2024-04-21,HIGH,1
102846,Vritti Sridhar,vritti.sridhar570@hotmail.com,3471451374,Female,1992-03-25,Patna,Bihar,India,2024-06-23,HIGH,1
102847,Aarini Datta,aarini.datta872@gmail.com,5293675627,Female,1978-05-13,Chandigarh,Chandigarh,India,2023-07-13,HIGH,1
102848,Jeremiah Om,jeremiah.om309@yahoo.com,09893975955,Male,1971-12-25,Surat,Gujarat,India,2023-09-03,HIGH,1
102849,Manthan Gara,manthan.gara295@outlook.com,0544765839,Male,1992-05-14,Hyderabad,Telangana,India,2025-03-02,HIGH,0
102851,Azad   Pandit,azad.pandit510@outlook.com,00299738544,Male,2002-07-05,Pune,Maharashtra,India,2023-10-08,HIGH,0
102852,Gaurang Mand,gaurang.mand684@gmail.com,6886989087,Male,1979-11-03,Nagpur,Maharashtra,India,2025-01-21,LOW,0
102854,Darsh   Raval,darsh.raval804@hotmail.com,1387314031,Male,1987-12-07,Patna,Bihar,India,2024-02-27,LOW,0
102857,YOCHANA Parmer,yochana.parmer381@outlook.com,5235298009,Female,1969-09-09,Nagpur,Maharashtra,India,2025-06-03,LOW,0
102858,Bhavya Kapoor,bhavya.kapoor680@hotmail.com,02471155822,Female,2006-02-23,Pune,Maharashtra,India,2025-09-16,LOW,1
102859,Daksh Nath,daksh.nath200@outlook.com,0677693131,Male,1998-09-11,Mumbai,Maharashtra,India,2024-01-31,LOW,0
102864,Indali Deo,indali.deo855@yahoo.com,0604294299,Female,2002-01-27,Faridabad,Haryana,India,2024-10-13,MEDIUN,0
102865,Balvan Chakraborty,balvan.chakraborty782@yahoo.com,3506978209,Male,1988-05-28,Delhi,Delhi,India,2025-07-24,LOW,1
102866,ishita Thakkar,ishita.thakkar954@yahoo.com,3829983990,Female,1965-08-24,Patna,Bihar,India,2025-06-09,HIGH,1
102867,Aarav Pillai,aarav.pillai48@yahoo.com,6806803040,Male,1960-11-27,Faridabad,Haryana,India,2024-08-14,MEDIUN,0
102868,Nihal Madan,nihal.madan454@gmail.com,04336057432,Male,1965-07-11,Guwahati,Assam,India,2025-10-17,MEDIUN,1
102871,ADVIK Bala,advik.bala840@yahoo.com,1153609643,Male,1989-10-26,Pune,Maharashtra,India,2023-11-20,LOW,0
102872,Qabil Hayre,qabil.hayre310@gmail.com,0960153530,Male,,Kochi,Kerala,India,2025-08-07,HIGH,0
102874,noah Naidu,noah.naidu619@gmail.com,2405741193,Male,1978-05-09,Bhopal,Madhya Pradesh,India,2023-05-10,LOW,1
102875,Chandran Agarwal,chandran.agarwal386@gmail.com,7095218586,Male,1986-01-31,Indore,Madhya Pradesh,India,2024-03-26,LOW,0
102876,Ansh   Lal,ansh.lal527@gmail.com,9008892585,Male,1983-11-06,Bhopal,Madhya Pradesh,India,2025-08-20,MEDIUN,0
102877,Harish Bath,,3120588694,Male,1985-07-17,Guwahati,Assam,India,2023-03-11,HIGH,1
102878,Ishanvi Bhatia,ishanvi.bhatia986@gmail.com,4095140501,Female,1987-03-08,Pune,Maharashtra,India,2025-06-02,HIGH,0
102879,Jairaj Raju,jairaj.raju386@outlook.com,08541234810,Male,2002-08-07,Lucknow,Uttar Pradesh,India,2024-01-28,HIGH,1
102880,Meghana Nanda,meghana.nanda968@outlook.com,2556144129,Female,1986-08-19,Hyderabad,Telangana,India,2025-02-25,LOW,1
102881,Azaan Bhatnagar,azaan.bhatnagar439@hotmail.com,1529417611,Male,1965-03-26,Nagpur,Maharashtra,India,2024-11-28,HIGH,0
102882,Nikita Varma,nikita.varma129@gmail.com,6526121669,Female,1974-12-11,Indore,Madhya Pradesh,India,2024-12-19,HIGH,1
102883,Chaitanya Bhasin,chaitanya.bhasin417@gmail.com,0167965567,Male,2004-02-01,Bhopal,Madhya Pradesh,India,2025-01-01,HIGH,0
102885,Libni Bhalla,libni.bhalla344@yahoo.com,5950942816,Female,1986-09-11,Indore,Madhya Pradesh,India,2024-04-24,HIGH,0
102888,Nitara Dey,nitara.dey962@gmail.com,4248729802,Female,1961-09-10,Delhi,Delhi,India,2025-02-15,HIGH,1
102889,Faras Borra,faras.borra895@yahoo.com,1342045781,Male,2008-01-06,Chandigarh,Chandigarh,India,2025-08-03,HIGH,0
102890,Krisha Chhabra,krisha.chhabra390@hotmail.com,0302413001,Female,1966-01-16,Kochi,Kerala,India,2025-04-07,HIGH,0
102892,WAIDA Som,waida.som942@yahoo.com,9769799872,Female,1977-06-27,Surat,Gujarat,India,2024-01-09,HIGH,1
102893,Tejas Mohan,tejas.mohan168@outlook.com,6499672763,Male,1971-01-24,Faridabad,Haryana,India,2024-01-29,LOW,1
102894,Tripti Toor,tripti.toor66@outlook.com,09475052201,Female,1963-10-13,Pune,Maharashtra,India,2025-01-09,LOW,0
102898,Eiravati Kade,eiravati.kade994@yahoo.com,8469371478,Female,1984-06-18,Indore,Madhya Pradesh,India,2024-05-27,LOW,1
102899,Amara Venkataraman,amara.venkataraman785@hotmail.com,7844400274,Female,1997-10-04,Delhi,Delhi,India,2025-08-12,LOW,0
102900,Lakshmi Garde,lakshmi.garde720@outlook.com,06660448671,Female,1966-05-08,Pune,Maharashtra,India,2025-04-02,HIGH,0
102901,Zaitra Borra,zaitra.borra135@gmail.com,04774967845,Female,1994-03-23,Ahmedabad,Gujarat,India,2024-05-28,HIGH,0
102903,Patrick Oza,patrick.oza933@outlook.com,0770455300,Male,1964-01-12,Mumbai,Maharashtra,India,2024-08-29,LOW,0
102906,Faras Madan,faras.madan661@hotmail.com,2022041064,Male,2004-01-11,Kolkata,West Bengal,India,2024-03-19,LOW,0
102907,Samaksh Barman,samaksh.barman735@gmail.com,01487609673,Male,1981-09-09,Surat,Gujarat,India,2025-06-02,HIGH,0
102908,Rachit Bandi,rachit.bandi688@yahoo.com,05693205065,Male,1962-08-12,Indore,Madhya Pradesh,India,2025-01-19,HIGH,0
102909,Rishi Comar,rishi.comar142@gmail.com,4523649411,Male,,Hyderabad,Telangana,India,2025-08-13,HIGH,0
102910,Amara Bandi,amara.bandi516@outlook.com,06760406232,Female,1965-04-01,Kochi,Kerala,India,2023-10-17,HIGH,1
102911,Pratyush Dar,pratyush.dar771@yahoo.com,6792960586,Male,1977-08-03,Kolkata,West Bengal,India,2024-09-11,MEDIUN,0
102912,Banjeet Madan,banjeet.madan962@yahoo.com,0704310772,Male,1968-07-30,Kochi,Kerala,India,2025-08-15,MEDIUN,1
102914,Vrishti Wagle,vrishti.wagle25@yahoo.com,1113052923,Female,1986-01-13,Guwahati,Assam,India,2023-06-13,LOW,0
102915,Rajata Gala,rajata.gala150@yahoo.com,04480632448,Female,1993-04-24,Hyderabad,Telangana,India,2025-02-19,LOW,1
102918,Qadim Lall,qadim.lall222@gmail.com,7029670503,Male,1976-01-15,Chandigarh,Chandigarh,India,2023-04-17,LOW,0
102919,Frado Khanna,frado.khanna654@outlook.com,5604851199,Male,1962-02-12,Lucknow,Uttar Pradesh,India,2023-12-12,MEDIUN,1
102920,Samaksh Nagarajan,samaksh.nagarajan78@outlook.com,7911178512,Male,1977-04-19,Kochi,Kerala,India,2025-09-08,HIGH,0
102922,Oni Sridhar,oni.sridhar945@gmail.com,5722458836,Female,1981-05-23,Mumbai,Maharashtra,India,2024-12-18,HIGH,0
102923,Yahvi Kalita,yahvi.kalita37@outlook.com,3783615926,Female,1980-07-07,Nagpur,Maharashtra,India,2023-03-27,MEDIUN,1
102924,Samaksh Raja,samaksh.raja919@hotmail.com,9565300022,Male,1983-11-14,Hyderabad,Telangana,India,2025-08-03,HIGH,1
102925,Qabil Arya,qabil.arya110@gmail.com,0928033714,Male,1967-06-06,Indore,Madhya Pradesh,India,2023-08-13,HIGH,0
102926,Daksh Kalita,daksh.kalita583@gmail.com,9392268949,Male,1976-05-05,Hyderabad,Telangana,India,2025-09-25,HIGH,0
102929,Ronith Goel,ronith.goel433@outlook.com,2759426732,Male,1993-09-16,Coimbatore,Tamil Nadu,India,2024-06-08,LOW,0
102931,Timothy Kulkarni,timothy.kulkarni573@outlook.com,6086249513,Male,1970-03-07,Bhopal,Madhya Pradesh,India,2025-05-01,MEDIUN,1
102932,UNNATI Sandhu,unnati.sandhu620@hotmail.com,02966471181,Female,1970-10-19,Chandigarh,Chandigarh,India,2024-10-23,HIGH,1
102934,Onkar Bhatnagar,onkar.bhatnagar262@yahoo.com,09991966976,Male,1963-07-25,Chandigarh,Chandigarh,India,2023-12-20,LOW,0
102936,Damini Sahota,damini.sahota549@gmail.com,7442221242,Female,,Kolkata,West Bengal,India,2025-02-21,HIGH,0
102937,Darika Srinivasan,darika.srinivasan569@yahoo.com,04731751029,Female,2005-02-28,Nagpur,Maharashtra,India,2024-03-11,HIGH,0
102938,Kashish Narain,kashish.narain900@gmail.com,1045351356,Female,1995-09-29,Hyderabad,Telangana,India,2025-01-05,HIGH,0
102939,Nandini Kar,,6335471543,Female,1972-04-13,Kochi,Kerala,India,2024-01-24,LOW,1
102940,Zehaan Ganesan,zehaan.ganesan734@yahoo.com,9220682994,Male,1976-12-24,Delhi,Delhi,India,2023-04-28,HIGH,1
102941,Ansh Ghose,ansh.ghose757@outlook.com,8691981625,Male,2005-10-20,Delhi,Delhi,India,2024-12-05,LOW,1
102943,Chaitaly Sankar,chaitaly.sankar359@hotmail.com,3707367127,Female,1994-04-02,Guwahati,Assam,India,2024-02-06,HIGH,0
102944,Warhi Agrawal,warhi.agrawal200@yahoo.com,1789406972,Female,2008-01-01,Faridabad,Haryana,India,2025-05-20,HIGH,0
102945,Unni Sekhon,unni.sekhon691@yahoo.com,6293191678,Female,2005-01-15,Lucknow,Uttar Pradesh,India,2025-11-25,MEDIUN,0
102946,upkaar Murthy,upkaar.murthy858@yahoo.com,0192553175,Male,1976-04-09,Chennai,Tamil Nadu,India,2025-09-05,LOW,1
102948,Pooja Sarraf,pooja.sarraf85@gmail.com,04250956360,Female,,Bhopal,Madhya Pradesh,India,2024-06-01,LOW,0
102949,JANANI Upadhyay,janani.upadhyay10@hotmail.com,2313299678,Female,1970-12-28,Ahmedabad,Gujarat,India,2023-05-01,HIGH,0
102950,Mohammed Jain,mohammed.jain932@hotmail.com,9776385869,Male,1967-09-20,Jaipur,Rajasthan,India,2023-12-06,LOW,0
102954,Dhriti Lall,dhriti.lall837@yahoo.com,0967624285,Female,1984-05-09,Bhopal,Madhya Pradesh,India,2025-02-22,MEDIUN,0
102956,Vaishnavi Suresh,vaishnavi.suresh41@gmail.com,05194072346,Female,,Lucknow,Uttar Pradesh,India,2025-04-17,HIGH,0
102959,Kavya Subramaniam,kavya.subramaniam241@yahoo.com,5745684426,Female,1971-09-29,Delhi,Delhi,India,2024-07-02,MEDIUN,1
102960,henry Korpal,henry.korpal92@gmail.com,9034830824,Male,1964-11-22,Kolkata,West Bengal,India,2025-09-16,LOW,0
102961,Ansh Dalal,ansh.dalal68@yahoo.com,09035934177,Male,1996-02-06,Coimbatore,Tamil Nadu,India,2023-06-03,HIGH,1
102962,Gunbir Jani,gunbir.jani178@gmail.com,8218216063,Male,1987-12-04,Chandigarh,Chandigarh,India,2023-04-14,LOW,0
102963,Thomas Bhavsar,thomas.bhavsar640@yahoo.com,1080238836,Other,2008-06-24,Surat,Gujarat,India,2023-07-12,HIGH,1
102966,Vyanjana Pai,vyanjana.pai799@outlook.com,0903957286,Female,,Coimbatore,Tamil Nadu,India,2025-07-27,HIGH,0
102967,Kavya Oak,kavya.oak76@yahoo.com,3338276534,Female,1986-07-18,Patna,Bihar,India,2025-03-20,HIGH,1
102968,Atharv Gokhale,atharv.gokhale9@yahoo.com,09238585520,Male,1964-02-20,Kolkata,West Bengal,India,2024-09-09,HIGH,1
102969,Daksh Patla,daksh.patla97@yahoo.com,07920740518,Male,2001-09-04,Lucknow,Uttar Pradesh,India,2025-08-14,MEDIUN,0
102970,Viraj Atwal,viraj.atwal418@hotmail.com,7599025498,Male,1972-03-09,Pune,Maharashtra,India,2024-12-21,MEDIUN,0
102971,baljiwan Bal,baljiwan.bal491@hotmail.com,1037281029,Male,1982-05-26,Bhopal,Madhya Pradesh,India,2025-11-17,LOW,1
102972,Onkar Sem,onkar.sem419@yahoo.com,3700796330,Male,1998-11-09,Kochi,Kerala,India,2024-04-29,LOW,1
102974,Jalsa   Mitter,jalsa.mitter443@hotmail.com,5656219295,Female,2001-03-04,Chennai,Tamil Nadu,India,2023-05-13,MEDIUN,0
102975,Amol Modi,amol.modi660@hotmail.com,03763782564,Male,1997-07-22,Kolkata,West Bengal,India,2025-10-19,HIGH,0
102976,Raagini Sangha,raagini.sangha475@gmail.com,05577051865,Female,2005-10-13,Guwahati,Assam,India,2025-10-30,LOW,0
102979,Gavin Thaman,gavin.thaman947@gmail.com,07502092252,Male,1965-11-20,Surat,Gujarat,India,2023-05-16,LOW,0
102980,Jasmit Arora,jasmit.arora495@outlook.com,7635148749,Female,2001-07-22,Faridabad,Haryana,India,2025-02-28,LOW,0
102981,Chandani Murty,chandani.murty360@hotmail.com,5893853358,Female,2002-01-26,Patna,Bihar,India,2024-09-01,HIGH,1
102982,Manan   Bhavsar,manan.bhavsar41@hotmail.com,05228751209,Male,1993-11-16,Lucknow,Uttar Pradesh,India,2024-06-07,HIGH,1
102983,Bachittar Chakraborty,bachittar.chakraborty609@outlook.com,01114963360,Male,1987-09-17,Jaipur,Rajasthan,India,2023-06-30,HIGH,1
102984,Chasmum Bhagat,chasmum.bhagat51@hotmail.com,06197400597,Female,,Patna,Bihar,India,2023-04-25,MEDIUN,0
102986,GIRIK Ray,girik.ray586@yahoo.com,2550541519,Male,1962-12-04,Jaipur,Rajasthan,India,2023-04-27,HIGH,0
102987,Harsh Shankar,harsh.shankar233@yahoo.com,9606169413,Male,1997-02-11,Chennai,Tamil Nadu,India,2024-05-14,LOW,0
102988,Daksha Garg,daksha.garg908@yahoo.com,9559582770,Female,1993-11-19,Faridabad,Haryana,India,2024-10-25,HIGH,0
102989,Ekaja Deshpande,ekaja.deshpande927@yahoo.com,4906082761,Female,1961-07-18,Jaipur,Rajasthan,India,2023-06-01,MEDIUN,0
102990,Hamsini   Kar,hamsini.kar481@yahoo.com,4596915734,Female,1989-06-15,Patna,Bihar,India,2024-05-09,HIGH,1
102991,Gunbir Pal,gunbir.pal827@gmail.com,5984913878,Male,1984-07-08,Bhopal,Madhya Pradesh,India,2023-12-04,MEDIUN,1
102992,Aarav Chowdhury,aarav.chowdhury262@hotmail.com,03795233143,Male,1968-08-07,Indore,Madhya Pradesh,India,2023-07-24,LOW,0
102993,Chaitaly Sathe,chaitaly.sathe963@outlook.com,08796338790,Female,2001-01-05,Lucknow,Uttar Pradesh,India,2024-01-05,LOW,0
102994,Bhavya Handa,bhavya.handa363@hotmail.com,2204484351,Female,1989-08-04,Chandigarh,Chandigarh,India,2025-08-13,HIGH,0
102995,Chandran Sagar,chandran.sagar678@yahoo.com,4259900284,Male,1968-06-27,Lucknow,Uttar Pradesh,India,2023-11-17,LOW,0
102997,WARJAS Garde,warjas.garde374@hotmail.com,3581368220,Male,1964-07-14,Nagpur,Maharashtra,India,2024-05-01,HIGH,1
102998,Oliver Dugal,oliver.dugal673@yahoo.com,5462116700,Male,1980-08-18,Indore,Madhya Pradesh,India,2024-08-11,HIGH,0
